metric	condition	nn_quantile	nn_threshold	floor	n_adjudicable	n_fired	n_correct	precision	recall	f1	coverage	mnxr_macro_precision	mnxr_macro_recall	mnxr_macro_f1	mnxr_mean_pred_size
dot	pool	0.0	7.8096	0.0	1288	1285	1066	0.8296	0.8276	0.8286	0.9977	0.4746	0.3116	0.3762	6.648
dot	pool	0.0	7.8096	0.05	1288	1284	1034	0.8053	0.8028	0.804	0.9969	0.5213	0.2922	0.3745	4.125
dot	pool	0.0	7.8096	0.1	1288	1282	970	0.7566	0.7531	0.7549	0.9953	0.5494	0.2657	0.3582	2.866
dot	pool	0.0	7.8096	0.15	1288	1268	900	0.7098	0.6988	0.7042	0.9845	0.5613	0.2461	0.3421	2.172
dot	pool	0.0	7.8096	0.2	1288	1244	847	0.6809	0.6576	0.669	0.9658	0.5727	0.2306	0.3288	1.807
dot	pool	0.0	7.8096	0.25	1288	1212	806	0.665	0.6258	0.6448	0.941	0.5873	0.219	0.3191	1.608
dot	pool	0.0	7.8096	0.3	1288	1179	773	0.6556	0.6002	0.6267	0.9154	0.6014	0.2088	0.31	1.468
dot	pool	0.0	7.8096	0.35	1288	1134	752	0.6631	0.5839	0.621	0.8804	0.6208	0.205	0.3082	1.387
dot	pool	0.0	7.8096	0.4	1288	1072	736	0.6866	0.5714	0.6237	0.8323	0.6497	0.2009	0.3069	1.331
dot	pool	0.0	7.8096	0.45	1288	1022	712	0.6967	0.5528	0.6165	0.7935	0.6687	0.1916	0.2979	1.306
dot	pool	0.0	7.8096	0.5	1288	970	696	0.7175	0.5404	0.6165	0.7531	0.6933	0.1859	0.2931	1.299
dot	pool	0.0	7.8096	0.55	1288	911	677	0.7431	0.5256	0.6157	0.7073	0.72	0.1814	0.2897	1.304
dot	pool	0.0	7.8096	0.6	1288	856	657	0.7675	0.5101	0.6129	0.6646	0.7469	0.1748	0.2833	1.284
dot	pool	0.0	7.8096	0.65	1288	808	638	0.7896	0.4953	0.6088	0.6273	0.7685	0.1718	0.2808	1.295
dot	pool	0.0	7.8096	0.7	1288	768	622	0.8099	0.4829	0.6051	0.5963	0.7881	0.1673	0.2759	1.291
dot	pool	0.0	7.8096	0.75	1288	724	602	0.8315	0.4674	0.5984	0.5621	0.8113	0.1616	0.2695	1.284
dot	pool	0.0	7.8096	0.8	1288	682	582	0.8534	0.4519	0.5909	0.5295	0.8376	0.1564	0.2635	1.261
dot	pool	0.0	7.8096	0.85	1288	648	563	0.8688	0.4371	0.5816	0.5031	0.8535	0.152	0.2581	1.262
dot	pool	0.0	7.8096	0.9	1288	602	544	0.9037	0.4224	0.5757	0.4674	0.887	0.1462	0.251	1.273
dot	pool	0.05	10.7612	0.0	1288	1220	1063	0.8713	0.8253	0.8477	0.9472	0.4989	0.3106	0.3829	6.56
dot	pool	0.05	10.7612	0.05	1288	1219	1031	0.8458	0.8005	0.8225	0.9464	0.5476	0.2913	0.3803	4.052
dot	pool	0.05	10.7612	0.1	1288	1217	967	0.7946	0.7508	0.7721	0.9449	0.5771	0.2647	0.3629	2.854
dot	pool	0.05	10.7612	0.15	1288	1205	897	0.7444	0.6964	0.7196	0.9356	0.5897	0.2451	0.3463	2.161
dot	pool	0.05	10.7612	0.2	1288	1184	844	0.7128	0.6553	0.6828	0.9193	0.6007	0.2296	0.3323	1.795
dot	pool	0.05	10.7612	0.25	1288	1158	805	0.6952	0.625	0.6582	0.8991	0.6149	0.2189	0.3229	1.6
dot	pool	0.05	10.7612	0.3	1288	1126	772	0.6856	0.5994	0.6396	0.8742	0.6298	0.2087	0.3135	1.46
dot	pool	0.05	10.7612	0.35	1288	1086	751	0.6915	0.5831	0.6327	0.8432	0.6485	0.2049	0.3114	1.383
dot	pool	0.05	10.7612	0.4	1288	1027	735	0.7157	0.5707	0.635	0.7974	0.6785	0.2008	0.3098	1.324
dot	pool	0.05	10.7612	0.45	1288	983	711	0.7233	0.552	0.6262	0.7632	0.6958	0.1915	0.3004	1.302
dot	pool	0.05	10.7612	0.5	1288	934	695	0.7441	0.5396	0.6256	0.7252	0.72	0.1858	0.2953	1.295
dot	pool	0.05	10.7612	0.55	1288	880	676	0.7682	0.5248	0.6236	0.6832	0.7456	0.1812	0.2916	1.3
dot	pool	0.05	10.7612	0.6	1288	829	656	0.7913	0.5093	0.6197	0.6436	0.7716	0.1747	0.2849	1.279
dot	pool	0.05	10.7612	0.65	1288	786	637	0.8104	0.4946	0.6143	0.6102	0.7905	0.1717	0.2821	1.288
dot	pool	0.05	10.7612	0.7	1288	750	621	0.828	0.4821	0.6094	0.5823	0.8076	0.1671	0.277	1.283
dot	pool	0.05	10.7612	0.75	1288	709	601	0.8477	0.4666	0.6019	0.5505	0.8292	0.1615	0.2703	1.275
dot	pool	0.05	10.7612	0.8	1288	669	581	0.8685	0.4511	0.5938	0.5194	0.8523	0.1563	0.2641	1.263
dot	pool	0.05	10.7612	0.85	1288	636	562	0.8836	0.4363	0.5842	0.4938	0.8679	0.1519	0.2586	1.263
dot	pool	0.05	10.7612	0.9	1288	592	543	0.9172	0.4216	0.5777	0.4596	0.9003	0.1461	0.2514	1.274
dot	pool	0.1	11.9894	0.0	1288	1156	1048	0.9066	0.8137	0.8576	0.8975	0.5207	0.3063	0.3857	6.413
dot	pool	0.1	11.9894	0.05	1288	1155	1016	0.8797	0.7888	0.8318	0.8967	0.5713	0.287	0.3821	3.976
dot	pool	0.1	11.9894	0.1	1288	1154	954	0.8267	0.7407	0.7813	0.896	0.6014	0.2608	0.3638	2.822
dot	pool	0.1	11.9894	0.15	1288	1143	885	0.7743	0.6871	0.7281	0.8874	0.6145	0.2413	0.3465	2.134
dot	pool	0.1	11.9894	0.2	1288	1125	832	0.7396	0.646	0.6896	0.8734	0.6253	0.226	0.332	1.763
dot	pool	0.1	11.9894	0.25	1288	1101	794	0.7212	0.6165	0.6647	0.8548	0.6394	0.2153	0.3221	1.568
dot	pool	0.1	11.9894	0.3	1288	1071	761	0.7106	0.5908	0.6452	0.8315	0.6545	0.2051	0.3123	1.433
dot	pool	0.1	11.9894	0.35	1288	1034	742	0.7176	0.5761	0.6391	0.8028	0.6749	0.2014	0.3102	1.364
dot	pool	0.1	11.9894	0.4	1288	981	726	0.7401	0.5637	0.6399	0.7616	0.704	0.1973	0.3082	1.307
dot	pool	0.1	11.9894	0.45	1288	940	703	0.7479	0.5458	0.6311	0.7298	0.7209	0.1888	0.2992	1.284
dot	pool	0.1	11.9894	0.5	1288	896	687	0.7667	0.5334	0.6291	0.6957	0.7437	0.183	0.2938	1.276
dot	pool	0.1	11.9894	0.55	1288	845	668	0.7905	0.5186	0.6263	0.6561	0.7693	0.1785	0.2898	1.285
dot	pool	0.1	11.9894	0.6	1288	799	649	0.8123	0.5039	0.6219	0.6203	0.7925	0.1724	0.2831	1.266
dot	pool	0.1	11.9894	0.65	1288	758	630	0.8311	0.4891	0.6158	0.5885	0.8112	0.1693	0.2802	1.274
dot	pool	0.1	11.9894	0.7	1288	724	614	0.8481	0.4767	0.6103	0.5621	0.8277	0.1648	0.2749	1.274
dot	pool	0.1	11.9894	0.75	1288	686	595	0.8673	0.462	0.6028	0.5326	0.8492	0.1594	0.2684	1.267
dot	pool	0.1	11.9894	0.8	1288	646	575	0.8901	0.4464	0.5946	0.5016	0.8743	0.1542	0.2621	1.254
dot	pool	0.1	11.9894	0.85	1288	615	556	0.9041	0.4317	0.5843	0.4775	0.8888	0.1499	0.2565	1.259
dot	pool	0.1	11.9894	0.9	1288	575	537	0.9339	0.4169	0.5765	0.4464	0.9175	0.144	0.249	1.27
dot	pool	0.15	13.2396	0.0	1288	1092	1020	0.9341	0.7919	0.8571	0.8478	0.5401	0.2962	0.3826	6.295
dot	pool	0.15	13.2396	0.05	1288	1092	991	0.9075	0.7694	0.8328	0.8478	0.5932	0.2777	0.3783	3.888
dot	pool	0.15	13.2396	0.1	1288	1092	932	0.8535	0.7236	0.7832	0.8478	0.6238	0.2526	0.3596	2.761
dot	pool	0.15	13.2396	0.15	1288	1083	866	0.7996	0.6724	0.7305	0.8408	0.6386	0.2333	0.3417	2.1
dot	pool	0.15	13.2396	0.2	1288	1065	815	0.7653	0.6328	0.6927	0.8269	0.6509	0.2184	0.327	1.755
dot	pool	0.15	13.2396	0.25	1288	1045	777	0.7435	0.6033	0.6661	0.8113	0.6638	0.2077	0.3164	1.564
dot	pool	0.15	13.2396	0.3	1288	1017	744	0.7316	0.5776	0.6456	0.7896	0.6798	0.1975	0.306	1.431
dot	pool	0.15	13.2396	0.35	1288	982	726	0.7393	0.5637	0.6396	0.7624	0.7015	0.1938	0.3037	1.361
dot	pool	0.15	13.2396	0.4	1288	933	710	0.761	0.5512	0.6394	0.7244	0.7308	0.1897	0.3012	1.303
dot	pool	0.15	13.2396	0.45	1288	894	692	0.774	0.5373	0.6343	0.6941	0.7485	0.184	0.2954	1.283
dot	pool	0.15	13.2396	0.5	1288	851	676	0.7944	0.5248	0.6321	0.6607	0.7732	0.1783	0.2897	1.276
dot	pool	0.15	13.2396	0.55	1288	803	657	0.8182	0.5101	0.6284	0.6234	0.7994	0.1738	0.2855	1.287
dot	pool	0.15	13.2396	0.6	1288	761	638	0.8384	0.4953	0.6227	0.5908	0.8215	0.1676	0.2784	1.265
dot	pool	0.15	13.2396	0.65	1288	723	619	0.8562	0.4806	0.6156	0.5613	0.8394	0.1646	0.2752	1.273
dot	pool	0.15	13.2396	0.7	1288	692	603	0.8714	0.4682	0.6091	0.5373	0.8546	0.16	0.2696	1.273
dot	pool	0.15	13.2396	0.75	1288	658	584	0.8875	0.4534	0.6002	0.5109	0.8721	0.1546	0.2627	1.264
dot	pool	0.15	13.2396	0.8	1288	620	564	0.9097	0.4379	0.5912	0.4814	0.8956	0.1494	0.2561	1.249
dot	pool	0.15	13.2396	0.85	1288	590	545	0.9237	0.4231	0.5804	0.4581	0.9089	0.1451	0.2502	1.253
dot	pool	0.15	13.2396	0.9	1288	551	526	0.9546	0.4084	0.5721	0.4278	0.9387	0.1393	0.2425	1.264
dot	pool	0.2	14.3696	0.0	1288	1029	973	0.9456	0.7554	0.8399	0.7989	0.5521	0.279	0.3706	6.177
dot	pool	0.2	14.3696	0.05	1288	1029	947	0.9203	0.7352	0.8174	0.7989	0.6059	0.2623	0.3661	3.886
dot	pool	0.2	14.3696	0.1	1288	1029	892	0.8669	0.6925	0.77	0.7989	0.6366	0.2399	0.3485	2.772
dot	pool	0.2	14.3696	0.15	1288	1022	834	0.816	0.6475	0.7221	0.7935	0.6527	0.2228	0.3323	2.102
dot	pool	0.2	14.3696	0.2	1288	1007	785	0.7795	0.6095	0.6841	0.7818	0.6628	0.209	0.3178	1.756
dot	pool	0.2	14.3696	0.25	1288	987	748	0.7579	0.5807	0.6576	0.7663	0.6756	0.1984	0.3067	1.567
dot	pool	0.2	14.3696	0.3	1288	960	717	0.7469	0.5567	0.6379	0.7453	0.6938	0.189	0.2971	1.431
dot	pool	0.2	14.3696	0.35	1288	929	700	0.7535	0.5435	0.6315	0.7213	0.7149	0.1856	0.2947	1.363
dot	pool	0.2	14.3696	0.4	1288	886	684	0.772	0.5311	0.6293	0.6879	0.741	0.1815	0.2916	1.305
dot	pool	0.2	14.3696	0.45	1288	849	667	0.7856	0.5179	0.6242	0.6592	0.7595	0.1759	0.2856	1.283
dot	pool	0.2	14.3696	0.5	1288	807	651	0.8067	0.5054	0.6215	0.6266	0.7852	0.1701	0.2797	1.276
dot	pool	0.2	14.3696	0.55	1288	762	632	0.8294	0.4907	0.6166	0.5916	0.8106	0.1656	0.275	1.289
dot	pool	0.2	14.3696	0.6	1288	721	614	0.8516	0.4767	0.6112	0.5598	0.8348	0.1596	0.2679	1.265
dot	pool	0.2	14.3696	0.65	1288	686	596	0.8688	0.4627	0.6039	0.5326	0.8523	0.1566	0.2646	1.272
dot	pool	0.2	14.3696	0.7	1288	657	580	0.8828	0.4503	0.5964	0.5101	0.8663	0.1521	0.2587	1.275
dot	pool	0.2	14.3696	0.75	1288	624	561	0.899	0.4356	0.5868	0.4845	0.8841	0.1467	0.2516	1.272
dot	pool	0.2	14.3696	0.8	1288	590	543	0.9203	0.4216	0.5783	0.4581	0.9071	0.142	0.2455	1.255
dot	pool	0.2	14.3696	0.85	1288	561	524	0.934	0.4068	0.5668	0.4356	0.9201	0.1376	0.2395	1.26
dot	pool	0.2	14.3696	0.9	1288	526	506	0.962	0.3929	0.5579	0.4084	0.947	0.1326	0.2326	1.269
dot	pool	0.25	15.4455	0.0	1288	966	923	0.9555	0.7166	0.819	0.75	0.5642	0.265	0.3606	6.006
dot	pool	0.25	15.4455	0.05	1288	966	902	0.9337	0.7003	0.8004	0.75	0.6187	0.25	0.3561	3.827
dot	pool	0.25	15.4455	0.1	1288	966	848	0.8778	0.6584	0.7524	0.75	0.6475	0.2279	0.3372	2.752
dot	pool	0.25	15.4455	0.15	1288	959	794	0.8279	0.6165	0.7067	0.7446	0.664	0.2123	0.3217	2.085
dot	pool	0.25	15.4455	0.2	1288	947	748	0.7899	0.5807	0.6694	0.7352	0.6742	0.1988	0.3071	1.746
dot	pool	0.25	15.4455	0.25	1288	932	714	0.7661	0.5543	0.6432	0.7236	0.6857	0.1883	0.2954	1.565
dot	pool	0.25	15.4455	0.3	1288	906	686	0.7572	0.5326	0.6253	0.7034	0.7058	0.1805	0.2875	1.431
dot	pool	0.25	15.4455	0.35	1288	877	670	0.764	0.5202	0.6189	0.6809	0.7266	0.1771	0.2848	1.362
dot	pool	0.25	15.4455	0.4	1288	835	654	0.7832	0.5078	0.6161	0.6483	0.7541	0.173	0.2814	1.299
dot	pool	0.25	15.4455	0.45	1288	801	638	0.7965	0.4953	0.6108	0.6219	0.7728	0.1682	0.2762	1.276
dot	pool	0.25	15.4455	0.5	1288	762	623	0.8176	0.4837	0.6078	0.5916	0.7978	0.1632	0.2709	1.271
dot	pool	0.25	15.4455	0.55	1288	720	606	0.8417	0.4705	0.6036	0.559	0.8228	0.159	0.2665	1.282
dot	pool	0.25	15.4455	0.6	1288	684	589	0.8611	0.4573	0.5974	0.5311	0.8446	0.153	0.2591	1.259
dot	pool	0.25	15.4455	0.65	1288	652	572	0.8773	0.4441	0.5897	0.5062	0.8613	0.1504	0.2561	1.265
dot	pool	0.25	15.4455	0.7	1288	626	558	0.8914	0.4332	0.5831	0.486	0.8755	0.1463	0.2506	1.268
dot	pool	0.25	15.4455	0.75	1288	595	541	0.9092	0.42	0.5746	0.462	0.8951	0.1416	0.2446	1.269
dot	pool	0.25	15.4455	0.8	1288	564	523	0.9273	0.4061	0.5648	0.4379	0.915	0.1369	0.2382	1.259
dot	pool	0.25	15.4455	0.85	1288	537	505	0.9404	0.3921	0.5534	0.4169	0.9275	0.1326	0.232	1.263
dot	pool	0.25	15.4455	0.9	1288	506	488	0.9644	0.3789	0.544	0.3929	0.9508	0.1276	0.225	1.271
dot	pool	0.3	16.3493	0.0	1288	901	864	0.9589	0.6708	0.7894	0.6995	0.5729	0.2497	0.3478	5.726
dot	pool	0.3	16.3493	0.05	1288	901	844	0.9367	0.6553	0.7711	0.6995	0.6271	0.2357	0.3426	3.711
dot	pool	0.3	16.3493	0.1	1288	901	795	0.8824	0.6172	0.7264	0.6995	0.6558	0.2161	0.3251	2.683
dot	pool	0.3	16.3493	0.15	1288	896	746	0.8326	0.5792	0.6832	0.6957	0.6729	0.2012	0.3098	2.009
dot	pool	0.3	16.3493	0.2	1288	884	702	0.7941	0.545	0.6464	0.6863	0.6832	0.1888	0.2958	1.683
dot	pool	0.3	16.3493	0.25	1288	870	672	0.7724	0.5217	0.6228	0.6755	0.6932	0.179	0.2845	1.529
dot	pool	0.3	16.3493	0.3	1288	848	646	0.7618	0.5016	0.6049	0.6584	0.7113	0.1715	0.2763	1.397
dot	pool	0.3	16.3493	0.35	1288	823	632	0.7679	0.4907	0.5988	0.639	0.7317	0.1686	0.2741	1.329
dot	pool	0.3	16.3493	0.4	1288	783	618	0.7893	0.4798	0.5968	0.6079	0.7596	0.1646	0.2706	1.278
dot	pool	0.3	16.3493	0.45	1288	750	603	0.804	0.4682	0.5918	0.5823	0.7795	0.1599	0.2653	1.258
dot	pool	0.3	16.3493	0.5	1288	713	589	0.8261	0.4573	0.5887	0.5536	0.8058	0.1553	0.2604	1.253
dot	pool	0.3	16.3493	0.55	1288	674	572	0.8487	0.4441	0.5831	0.5233	0.8295	0.1511	0.2556	1.263
dot	pool	0.3	16.3493	0.6	1288	643	558	0.8678	0.4332	0.5779	0.4992	0.8513	0.1458	0.249	1.243
dot	pool	0.3	16.3493	0.65	1288	613	542	0.8842	0.4208	0.5702	0.4759	0.8682	0.1433	0.246	1.249
dot	pool	0.3	16.3493	0.7	1288	588	529	0.8997	0.4107	0.564	0.4565	0.8838	0.1395	0.241	1.251
dot	pool	0.3	16.3493	0.75	1288	561	513	0.9144	0.3983	0.5549	0.4356	0.9006	0.1349	0.2347	1.25
dot	pool	0.3	16.3493	0.8	1288	534	498	0.9326	0.3866	0.5467	0.4146	0.9209	0.1305	0.2286	1.236
dot	pool	0.3	16.3493	0.85	1288	508	481	0.9469	0.3734	0.5356	0.3944	0.9345	0.1262	0.2224	1.238
dot	pool	0.3	16.3493	0.9	1288	481	465	0.9667	0.361	0.5257	0.3734	0.9537	0.1212	0.215	1.243
dot	pool	0.35	16.9738	0.0	1288	837	806	0.963	0.6258	0.7586	0.6498	0.5879	0.236	0.3368	5.582
dot	pool	0.35	16.9738	0.05	1288	837	789	0.9427	0.6126	0.7426	0.6498	0.6412	0.2234	0.3314	3.651
dot	pool	0.35	16.9738	0.1	1288	837	748	0.8937	0.5807	0.704	0.6498	0.669	0.2054	0.3143	2.664
dot	pool	0.35	16.9738	0.15	1288	833	703	0.8439	0.5458	0.6629	0.6467	0.6856	0.192	0.3	1.99
dot	pool	0.35	16.9738	0.2	1288	825	666	0.8073	0.5171	0.6304	0.6405	0.6971	0.1815	0.288	1.668
dot	pool	0.35	16.9738	0.25	1288	812	637	0.7845	0.4946	0.6067	0.6304	0.707	0.1719	0.2766	1.508
dot	pool	0.35	16.9738	0.3	1288	794	612	0.7708	0.4752	0.5879	0.6165	0.7228	0.1646	0.2681	1.378
dot	pool	0.35	16.9738	0.35	1288	771	598	0.7756	0.4643	0.5809	0.5986	0.7392	0.1617	0.2654	1.312
dot	pool	0.35	16.9738	0.4	1288	733	585	0.7981	0.4542	0.5789	0.5691	0.768	0.1585	0.2628	1.263
dot	pool	0.35	16.9738	0.45	1288	704	572	0.8125	0.4441	0.5743	0.5466	0.7881	0.1544	0.2582	1.241
dot	pool	0.35	16.9738	0.5	1288	668	558	0.8353	0.4332	0.5706	0.5186	0.8156	0.1498	0.2531	1.235
dot	pool	0.35	16.9738	0.55	1288	633	543	0.8578	0.4216	0.5653	0.4915	0.8382	0.1457	0.2483	1.245
dot	pool	0.35	16.9738	0.6	1288	603	529	0.8773	0.4107	0.5595	0.4682	0.8605	0.1405	0.2416	1.236
dot	pool	0.35	16.9738	0.65	1288	576	515	0.8941	0.3998	0.5526	0.4472	0.878	0.1382	0.2388	1.243
dot	pool	0.35	16.9738	0.7	1288	553	503	0.9096	0.3905	0.5464	0.4293	0.8937	0.1348	0.2342	1.244
dot	pool	0.35	16.9738	0.75	1288	529	489	0.9244	0.3797	0.5382	0.4107	0.9107	0.1303	0.228	1.242
dot	pool	0.35	16.9738	0.8	1288	503	475	0.9443	0.3688	0.5304	0.3905	0.9329	0.1259	0.2219	1.227
dot	pool	0.35	16.9738	0.85	1288	480	459	0.9563	0.3564	0.5192	0.3727	0.9443	0.1217	0.2156	1.229
dot	pool	0.35	16.9738	0.9	1288	455	444	0.9758	0.3447	0.5095	0.3533	0.9632	0.1175	0.2094	1.233
dot	pool	0.4	17.6516	0.0	1288	773	750	0.9702	0.5823	0.7278	0.6002	0.6059	0.2183	0.321	5.375
dot	pool	0.4	17.6516	0.05	1288	773	736	0.9521	0.5714	0.7142	0.6002	0.6566	0.2074	0.3152	3.565
dot	pool	0.4	17.6516	0.1	1288	773	699	0.9043	0.5427	0.6783	0.6002	0.6825	0.1914	0.299	2.618
dot	pool	0.4	17.6516	0.15	1288	772	660	0.8549	0.5124	0.6408	0.5994	0.6985	0.1792	0.2852	1.977
dot	pool	0.4	17.6516	0.2	1288	765	629	0.8222	0.4884	0.6128	0.5939	0.7134	0.1698	0.2743	1.661
dot	pool	0.4	17.6516	0.25	1288	754	602	0.7984	0.4674	0.5896	0.5854	0.7217	0.1606	0.2628	1.5
dot	pool	0.4	17.6516	0.3	1288	739	577	0.7808	0.448	0.5693	0.5738	0.7363	0.1533	0.2538	1.373
dot	pool	0.4	17.6516	0.35	1288	718	564	0.7855	0.4379	0.5623	0.5575	0.7513	0.1507	0.251	1.307
dot	pool	0.4	17.6516	0.4	1288	683	551	0.8067	0.4278	0.5591	0.5303	0.7792	0.1475	0.248	1.256
dot	pool	0.4	17.6516	0.45	1288	659	540	0.8194	0.4193	0.5547	0.5116	0.7961	0.1442	0.2442	1.242
dot	pool	0.4	17.6516	0.5	1288	626	527	0.8419	0.4092	0.5507	0.486	0.8216	0.1404	0.2398	1.237
dot	pool	0.4	17.6516	0.55	1288	597	513	0.8593	0.3983	0.5443	0.4635	0.8393	0.1363	0.2345	1.245
dot	pool	0.4	17.6516	0.6	1288	572	501	0.8759	0.389	0.5387	0.4441	0.859	0.132	0.2288	1.237
dot	pool	0.4	17.6516	0.65	1288	546	488	0.8938	0.3789	0.5322	0.4239	0.8777	0.1297	0.2261	1.243
dot	pool	0.4	17.6516	0.7	1288	524	477	0.9103	0.3703	0.5265	0.4068	0.8935	0.1263	0.2214	1.246
dot	pool	0.4	17.6516	0.75	1288	502	465	0.9263	0.361	0.5196	0.3898	0.9119	0.1228	0.2164	1.243
dot	pool	0.4	17.6516	0.8	1288	479	452	0.9436	0.3509	0.5116	0.3719	0.9316	0.1192	0.2113	1.225
dot	pool	0.4	17.6516	0.85	1288	457	437	0.9562	0.3393	0.5009	0.3548	0.9437	0.1152	0.2054	1.228
dot	pool	0.4	17.6516	0.9	1288	434	424	0.977	0.3292	0.4925	0.337	0.9637	0.1113	0.1996	1.23
dot	pool	0.45	18.5537	0.0	1288	708	689	0.9732	0.5349	0.6904	0.5497	0.62	0.2021	0.3048	5.185
dot	pool	0.45	18.5537	0.05	1288	708	677	0.9562	0.5256	0.6784	0.5497	0.6676	0.1928	0.2992	3.48
dot	pool	0.45	18.5537	0.1	1288	708	644	0.9096	0.5	0.6453	0.5497	0.693	0.1793	0.2848	2.586
dot	pool	0.45	18.5537	0.15	1288	708	608	0.8588	0.472	0.6092	0.5497	0.708	0.1681	0.2717	1.939
dot	pool	0.45	18.5537	0.2	1288	701	582	0.8302	0.4519	0.5852	0.5443	0.723	0.1594	0.2612	1.645
dot	pool	0.45	18.5537	0.25	1288	690	558	0.8087	0.4332	0.5642	0.5357	0.7333	0.1513	0.2508	1.489
dot	pool	0.45	18.5537	0.3	1288	677	535	0.7903	0.4154	0.5445	0.5256	0.746	0.1451	0.243	1.358
dot	pool	0.45	18.5537	0.35	1288	658	523	0.7948	0.4061	0.5375	0.5109	0.7601	0.1427	0.2402	1.299
dot	pool	0.45	18.5537	0.4	1288	627	510	0.8134	0.396	0.5326	0.4868	0.7862	0.1395	0.2369	1.247
dot	pool	0.45	18.5537	0.45	1288	608	500	0.8224	0.3882	0.5274	0.472	0.8	0.1365	0.2332	1.237
dot	pool	0.45	18.5537	0.5	1288	578	490	0.8478	0.3804	0.5252	0.4488	0.8289	0.1334	0.2298	1.231
dot	pool	0.45	18.5537	0.55	1288	555	480	0.8649	0.3727	0.5209	0.4309	0.8466	0.1311	0.227	1.237
dot	pool	0.45	18.5537	0.6	1288	533	468	0.878	0.3634	0.514	0.4138	0.8625	0.1267	0.221	1.228
dot	pool	0.45	18.5537	0.65	1288	510	456	0.8941	0.354	0.5072	0.396	0.8779	0.1246	0.2182	1.233
dot	pool	0.45	18.5537	0.7	1288	489	445	0.91	0.3455	0.5008	0.3797	0.893	0.1213	0.2136	1.237
dot	pool	0.45	18.5537	0.75	1288	470	436	0.9277	0.3385	0.496	0.3649	0.9133	0.1184	0.2097	1.232
dot	pool	0.45	18.5537	0.8	1288	451	426	0.9446	0.3307	0.4899	0.3502	0.9318	0.115	0.2048	1.222
dot	pool	0.45	18.5537	0.85	1288	429	411	0.958	0.3191	0.4787	0.3331	0.9446	0.1112	0.199	1.226
dot	pool	0.45	18.5537	0.9	1288	407	398	0.9779	0.309	0.4696	0.316	0.9638	0.1073	0.1931	1.229
dot	pool	0.5	19.3519	0.0	1288	644	629	0.9767	0.4884	0.6511	0.5	0.6327	0.1862	0.2877	5.023
dot	pool	0.5	19.3519	0.05	1288	644	620	0.9627	0.4814	0.6418	0.5	0.6772	0.1776	0.2814	3.443
dot	pool	0.5	19.3519	0.1	1288	644	588	0.913	0.4565	0.6087	0.5	0.7004	0.1644	0.2663	2.567
dot	pool	0.5	19.3519	0.15	1288	644	555	0.8618	0.4309	0.5745	0.5	0.7148	0.1551	0.2548	1.901
dot	pool	0.5	19.3519	0.2	1288	639	530	0.8294	0.4115	0.5501	0.4961	0.7256	0.1472	0.2448	1.619
dot	pool	0.5	19.3519	0.25	1288	630	510	0.8095	0.396	0.5318	0.4891	0.7368	0.1412	0.2371	1.468
dot	pool	0.5	19.3519	0.3	1288	620	491	0.7919	0.3812	0.5147	0.4814	0.7476	0.1363	0.2305	1.341
dot	pool	0.5	19.3519	0.35	1288	603	481	0.7977	0.3734	0.5087	0.4682	0.7642	0.134	0.228	1.287
dot	pool	0.5	19.3519	0.4	1288	574	469	0.8171	0.3641	0.5038	0.4457	0.7901	0.1311	0.2249	1.262
dot	pool	0.5	19.3519	0.45	1288	558	460	0.8244	0.3571	0.4984	0.4332	0.8028	0.1282	0.221	1.25
dot	pool	0.5	19.3519	0.5	1288	530	450	0.8491	0.3494	0.495	0.4115	0.8316	0.1251	0.2174	1.243
dot	pool	0.5	19.3519	0.55	1288	509	441	0.8664	0.3424	0.4908	0.3952	0.8499	0.1228	0.2146	1.25
dot	pool	0.5	19.3519	0.6	1288	489	430	0.8793	0.3339	0.484	0.3797	0.8642	0.1189	0.2091	1.241
dot	pool	0.5	19.3519	0.65	1288	470	421	0.8957	0.3269	0.479	0.3649	0.88	0.1171	0.2066	1.245
dot	pool	0.5	19.3519	0.7	1288	453	412	0.9095	0.3199	0.4733	0.3517	0.8931	0.1139	0.202	1.249
dot	pool	0.5	19.3519	0.75	1288	437	405	0.9268	0.3144	0.4696	0.3393	0.9113	0.1119	0.1994	1.243
dot	pool	0.5	19.3519	0.8	1288	420	396	0.9429	0.3075	0.4637	0.3261	0.9292	0.1088	0.1948	1.231
dot	pool	0.5	19.3519	0.85	1288	399	382	0.9574	0.2966	0.4529	0.3098	0.943	0.105	0.189	1.241
dot	pool	0.5	19.3519	0.9	1288	377	369	0.9788	0.2865	0.4432	0.2927	0.9635	0.1011	0.1831	1.244
dot	pool	0.55	20.0315	0.0	1288	580	567	0.9776	0.4402	0.6071	0.4503	0.6369	0.1647	0.2617	4.974
dot	pool	0.55	20.0315	0.05	1288	580	558	0.9621	0.4332	0.5974	0.4503	0.6794	0.1571	0.2552	3.443
dot	pool	0.55	20.0315	0.1	1288	580	529	0.9121	0.4107	0.5664	0.4503	0.7025	0.1458	0.2415	2.569
dot	pool	0.55	20.0315	0.15	1288	580	501	0.8638	0.389	0.5364	0.4503	0.717	0.1381	0.2316	1.914
dot	pool	0.55	20.0315	0.2	1288	576	478	0.8299	0.3711	0.5129	0.4472	0.7267	0.1312	0.2222	1.634
dot	pool	0.55	20.0315	0.25	1288	567	459	0.8095	0.3564	0.4949	0.4402	0.7371	0.1252	0.2141	1.482
dot	pool	0.55	20.0315	0.3	1288	560	444	0.7929	0.3447	0.4805	0.4348	0.748	0.1217	0.2093	1.355
dot	pool	0.55	20.0315	0.35	1288	544	435	0.7996	0.3377	0.4749	0.4224	0.7657	0.1198	0.2072	1.297
dot	pool	0.55	20.0315	0.4	1288	516	424	0.8217	0.3292	0.4701	0.4006	0.7936	0.1172	0.2043	1.27
dot	pool	0.55	20.0315	0.45	1288	501	415	0.8283	0.3222	0.4639	0.389	0.8063	0.1143	0.2002	1.256
dot	pool	0.55	20.0315	0.5	1288	478	407	0.8515	0.316	0.4609	0.3711	0.8342	0.112	0.1974	1.248
dot	pool	0.55	20.0315	0.55	1288	459	399	0.8693	0.3098	0.4568	0.3564	0.8531	0.1097	0.1945	1.255
dot	pool	0.55	20.0315	0.6	1288	439	388	0.8838	0.3012	0.4493	0.3408	0.8692	0.1059	0.1887	1.251
dot	pool	0.55	20.0315	0.65	1288	422	380	0.9005	0.295	0.4444	0.3276	0.8853	0.1041	0.1863	1.254
dot	pool	0.55	20.0315	0.7	1288	409	373	0.912	0.2896	0.4396	0.3175	0.8963	0.1021	0.1833	1.259
dot	pool	0.55	20.0315	0.75	1288	395	367	0.9291	0.2849	0.4361	0.3067	0.9129	0.1009	0.1818	1.256
dot	pool	0.55	20.0315	0.8	1288	378	358	0.9471	0.278	0.4298	0.2935	0.9328	0.0978	0.177	1.243
dot	pool	0.55	20.0315	0.85	1288	359	346	0.9638	0.2686	0.4202	0.2787	0.9487	0.0945	0.172	1.253
dot	pool	0.55	20.0315	0.9	1288	340	334	0.9824	0.2593	0.4103	0.264	0.9664	0.0915	0.1671	1.256
dot	pool	0.6	20.7367	0.0	1288	515	504	0.9786	0.3913	0.5591	0.3998	0.6429	0.1479	0.2405	4.92
dot	pool	0.6	20.7367	0.05	1288	515	495	0.9612	0.3843	0.5491	0.3998	0.6824	0.1411	0.2339	3.472
dot	pool	0.6	20.7367	0.1	1288	515	469	0.9107	0.3641	0.5202	0.3998	0.7058	0.1312	0.2212	2.604
dot	pool	0.6	20.7367	0.15	1288	515	447	0.868	0.347	0.4958	0.3998	0.7236	0.1244	0.2123	1.913
dot	pool	0.6	20.7367	0.2	1288	512	427	0.834	0.3315	0.4744	0.3975	0.7326	0.1195	0.2055	1.635
dot	pool	0.6	20.7367	0.25	1288	503	411	0.8171	0.3191	0.459	0.3905	0.742	0.1148	0.1988	1.5
dot	pool	0.6	20.7367	0.3	1288	497	397	0.7988	0.3082	0.4448	0.3859	0.7536	0.1113	0.1939	1.36
dot	pool	0.6	20.7367	0.35	1288	481	388	0.8067	0.3012	0.4387	0.3734	0.7728	0.1094	0.1917	1.3
dot	pool	0.6	20.7367	0.4	1288	453	377	0.8322	0.2927	0.4331	0.3517	0.8049	0.1069	0.1887	1.273
dot	pool	0.6	20.7367	0.45	1288	440	369	0.8386	0.2865	0.4271	0.3416	0.8169	0.1041	0.1846	1.26
dot	pool	0.6	20.7367	0.5	1288	422	362	0.8578	0.2811	0.4234	0.3276	0.8418	0.1021	0.1821	1.248
dot	pool	0.6	20.7367	0.55	1288	406	354	0.8719	0.2748	0.4179	0.3152	0.8573	0.0999	0.179	1.256
dot	pool	0.6	20.7367	0.6	1288	388	345	0.8892	0.2679	0.4117	0.3012	0.8752	0.0968	0.1743	1.253
dot	pool	0.6	20.7367	0.65	1288	374	338	0.9037	0.2624	0.4067	0.2904	0.8893	0.0953	0.1721	1.257
dot	pool	0.6	20.7367	0.7	1288	363	333	0.9174	0.2585	0.4034	0.2818	0.9024	0.0937	0.1698	1.262
dot	pool	0.6	20.7367	0.75	1288	350	328	0.9371	0.2547	0.4005	0.2717	0.9217	0.0926	0.1683	1.257
dot	pool	0.6	20.7367	0.8	1288	338	323	0.9556	0.2508	0.3973	0.2624	0.9411	0.091	0.1659	1.257
dot	pool	0.6	20.7367	0.85	1288	325	314	0.9662	0.2438	0.3893	0.2523	0.951	0.0882	0.1614	1.268
dot	pool	0.6	20.7367	0.9	1288	310	304	0.9806	0.236	0.3805	0.2407	0.9648	0.0856	0.1572	1.268
dot	pool	0.65	21.5112	0.0	1288	451	441	0.9778	0.3424	0.5072	0.3502	0.66	0.1302	0.2175	4.741
dot	pool	0.65	21.5112	0.05	1288	451	435	0.9645	0.3377	0.5003	0.3502	0.7005	0.1247	0.2117	3.37
dot	pool	0.65	21.5112	0.1	1288	451	412	0.9135	0.3199	0.4738	0.3502	0.7168	0.1158	0.1995	2.554
dot	pool	0.65	21.5112	0.15	1288	451	392	0.8692	0.3043	0.4508	0.3502	0.7291	0.1094	0.1903	1.907
dot	pool	0.65	21.5112	0.2	1288	448	375	0.8371	0.2911	0.432	0.3478	0.7396	0.1058	0.185	1.624
dot	pool	0.65	21.5112	0.25	1288	439	362	0.8246	0.2811	0.4192	0.3408	0.7551	0.1018	0.1795	1.493
dot	pool	0.65	21.5112	0.3	1288	434	350	0.8065	0.2717	0.4065	0.337	0.7639	0.0986	0.1747	1.362
dot	pool	0.65	21.5112	0.35	1288	420	343	0.8167	0.2663	0.4016	0.3261	0.7826	0.0973	0.1731	1.313
dot	pool	0.65	21.5112	0.4	1288	396	333	0.8409	0.2585	0.3955	0.3075	0.8122	0.0948	0.1698	1.291
dot	pool	0.65	21.5112	0.45	1288	383	325	0.8486	0.2523	0.389	0.2974	0.8262	0.092	0.1655	1.278
dot	pool	0.65	21.5112	0.5	1288	373	320	0.8579	0.2484	0.3853	0.2896	0.8411	0.0906	0.1636	1.262
dot	pool	0.65	21.5112	0.55	1288	359	314	0.8747	0.2438	0.3813	0.2787	0.8596	0.0891	0.1614	1.27
dot	pool	0.65	21.5112	0.6	1288	343	305	0.8892	0.2368	0.374	0.2663	0.8749	0.086	0.1566	1.265
dot	pool	0.65	21.5112	0.65	1288	330	299	0.9061	0.2321	0.3696	0.2562	0.8912	0.0847	0.1547	1.27
dot	pool	0.65	21.5112	0.7	1288	321	295	0.919	0.229	0.3667	0.2492	0.9037	0.0839	0.1536	1.277
dot	pool	0.65	21.5112	0.75	1288	311	292	0.9389	0.2267	0.3652	0.2415	0.9231	0.0833	0.1528	1.273
dot	pool	0.65	21.5112	0.8	1288	301	288	0.9568	0.2236	0.3625	0.2337	0.9421	0.0821	0.151	1.272
dot	pool	0.65	21.5112	0.85	1288	295	284	0.9627	0.2205	0.3588	0.229	0.9477	0.0801	0.1478	1.278
dot	pool	0.65	21.5112	0.9	1288	282	276	0.9787	0.2143	0.3516	0.2189	0.9631	0.078	0.1442	1.28
dot	pool	0.7	22.3969	0.0	1288	387	381	0.9845	0.2958	0.4549	0.3005	0.6808	0.1111	0.191	4.558
dot	pool	0.7	22.3969	0.05	1288	387	375	0.969	0.2911	0.4478	0.3005	0.7173	0.1057	0.1843	3.313
dot	pool	0.7	22.3969	0.1	1288	387	360	0.9302	0.2795	0.4299	0.3005	0.7378	0.1003	0.1766	2.525
dot	pool	0.7	22.3969	0.15	1288	387	344	0.8889	0.2671	0.4107	0.3005	0.7487	0.0951	0.1687	1.879
dot	pool	0.7	22.3969	0.2	1288	385	332	0.8623	0.2578	0.3969	0.2989	0.7632	0.0925	0.165	1.605
dot	pool	0.7	22.3969	0.25	1288	378	321	0.8492	0.2492	0.3854	0.2935	0.7814	0.0888	0.1595	1.47
dot	pool	0.7	22.3969	0.3	1288	374	312	0.8342	0.2422	0.3755	0.2904	0.7898	0.0863	0.1556	1.371
dot	pool	0.7	22.3969	0.35	1288	363	306	0.843	0.2376	0.3707	0.2818	0.8088	0.0853	0.1544	1.32
dot	pool	0.7	22.3969	0.4	1288	344	296	0.8605	0.2298	0.3627	0.2671	0.8307	0.0829	0.1507	1.301
dot	pool	0.7	22.3969	0.45	1288	333	289	0.8679	0.2244	0.3566	0.2585	0.8456	0.0809	0.1476	1.287
dot	pool	0.7	22.3969	0.5	1288	325	285	0.8769	0.2213	0.3534	0.2523	0.8603	0.0803	0.1469	1.283
dot	pool	0.7	22.3969	0.55	1288	314	280	0.8917	0.2174	0.3496	0.2438	0.8745	0.0795	0.1458	1.29
dot	pool	0.7	22.3969	0.6	1288	300	271	0.9033	0.2104	0.3413	0.2329	0.8869	0.0764	0.1407	1.283
dot	pool	0.7	22.3969	0.65	1288	287	265	0.9233	0.2057	0.3365	0.2228	0.9062	0.0751	0.1388	1.289
dot	pool	0.7	22.3969	0.7	1288	280	261	0.9321	0.2026	0.3329	0.2174	0.9146	0.0743	0.1375	1.296
dot	pool	0.7	22.3969	0.75	1288	272	259	0.9522	0.2011	0.3321	0.2112	0.9341	0.0741	0.1373	1.294
dot	pool	0.7	22.3969	0.8	1288	267	256	0.9588	0.1988	0.3293	0.2073	0.9423	0.0732	0.1358	1.288
dot	pool	0.7	22.3969	0.85	1288	263	254	0.9658	0.1972	0.3275	0.2042	0.949	0.072	0.1339	1.293
dot	pool	0.7	22.3969	0.9	1288	253	247	0.9763	0.1918	0.3206	0.1964	0.9588	0.0701	0.1306	1.292
dot	pool	0.75	23.5391	0.0	1288	322	318	0.9876	0.2469	0.395	0.25	0.6965	0.0897	0.159	4.519
dot	pool	0.75	23.5391	0.05	1288	322	315	0.9783	0.2446	0.3913	0.25	0.7377	0.0858	0.1537	3.227
dot	pool	0.75	23.5391	0.1	1288	322	303	0.941	0.2352	0.3764	0.25	0.7578	0.0817	0.1475	2.453
dot	pool	0.75	23.5391	0.15	1288	322	290	0.9006	0.2252	0.3602	0.25	0.7654	0.0779	0.1414	1.823
dot	pool	0.75	23.5391	0.2	1288	320	280	0.875	0.2174	0.3483	0.2484	0.7784	0.0758	0.1382	1.581
dot	pool	0.75	23.5391	0.25	1288	315	271	0.8603	0.2104	0.3381	0.2446	0.7961	0.073	0.1338	1.472
dot	pool	0.75	23.5391	0.3	1288	311	262	0.8424	0.2034	0.3277	0.2415	0.8015	0.0705	0.1297	1.369
dot	pool	0.75	23.5391	0.35	1288	303	259	0.8548	0.2011	0.3256	0.2352	0.8243	0.0698	0.1287	1.32
dot	pool	0.75	23.5391	0.4	1288	291	251	0.8625	0.1949	0.3179	0.2259	0.8336	0.0679	0.1256	1.316
dot	pool	0.75	23.5391	0.45	1288	282	245	0.8688	0.1902	0.3121	0.2189	0.8472	0.0659	0.1224	1.305
dot	pool	0.75	23.5391	0.5	1288	275	242	0.88	0.1879	0.3097	0.2135	0.8621	0.0658	0.1222	1.298
dot	pool	0.75	23.5391	0.55	1288	265	238	0.8981	0.1848	0.3065	0.2057	0.8796	0.0652	0.1215	1.306
dot	pool	0.75	23.5391	0.6	1288	256	233	0.9102	0.1809	0.3018	0.1988	0.891	0.0635	0.1186	1.309
dot	pool	0.75	23.5391	0.65	1288	246	229	0.9309	0.1778	0.2986	0.191	0.9109	0.0626	0.1171	1.317
dot	pool	0.75	23.5391	0.7	1288	239	225	0.9414	0.1747	0.2947	0.1856	0.9209	0.0618	0.1158	1.326
dot	pool	0.75	23.5391	0.75	1288	233	223	0.9571	0.1731	0.2932	0.1809	0.936	0.0615	0.1155	1.322
dot	pool	0.75	23.5391	0.8	1288	228	220	0.9649	0.1708	0.2902	0.177	0.9455	0.0606	0.1139	1.316
dot	pool	0.75	23.5391	0.85	1288	225	219	0.9733	0.17	0.2895	0.1747	0.9537	0.0602	0.1133	1.32
dot	pool	0.75	23.5391	0.9	1288	219	215	0.9817	0.1669	0.2853	0.17	0.9616	0.0585	0.1104	1.315
dot	pool	0.8	24.7688	0.0	1288	258	255	0.9884	0.198	0.3299	0.2003	0.7123	0.0732	0.1327	4.136
dot	pool	0.8	24.7688	0.05	1288	258	252	0.9767	0.1957	0.326	0.2003	0.7447	0.0699	0.1279	3.05
dot	pool	0.8	24.7688	0.1	1288	258	243	0.9419	0.1887	0.3144	0.2003	0.7653	0.0663	0.122	2.314
dot	pool	0.8	24.7688	0.15	1288	258	232	0.8992	0.1801	0.3001	0.2003	0.7715	0.0629	0.1163	1.845
dot	pool	0.8	24.7688	0.2	1288	256	225	0.8789	0.1747	0.2915	0.1988	0.7848	0.0616	0.1143	1.605
dot	pool	0.8	24.7688	0.25	1288	251	217	0.8645	0.1685	0.282	0.1949	0.8032	0.0592	0.1102	1.488
dot	pool	0.8	24.7688	0.3	1288	247	210	0.8502	0.163	0.2736	0.1918	0.8095	0.0572	0.1068	1.391
dot	pool	0.8	24.7688	0.35	1288	241	207	0.8589	0.1607	0.2708	0.1871	0.8295	0.0564	0.1057	1.336
dot	pool	0.8	24.7688	0.4	1288	233	202	0.867	0.1568	0.2656	0.1809	0.838	0.0554	0.1039	1.33
dot	pool	0.8	24.7688	0.45	1288	226	197	0.8717	0.153	0.2602	0.1755	0.8499	0.0542	0.1019	1.319
dot	pool	0.8	24.7688	0.5	1288	221	196	0.8869	0.1522	0.2598	0.1716	0.8669	0.0541	0.1019	1.317
dot	pool	0.8	24.7688	0.55	1288	212	192	0.9057	0.1491	0.256	0.1646	0.8848	0.0536	0.1011	1.325
dot	pool	0.8	24.7688	0.6	1288	207	189	0.913	0.1467	0.2528	0.1607	0.8917	0.0529	0.0999	1.329
dot	pool	0.8	24.7688	0.65	1288	202	187	0.9257	0.1452	0.251	0.1568	0.9039	0.0521	0.0985	1.332
dot	pool	0.8	24.7688	0.7	1288	196	184	0.9388	0.1429	0.248	0.1522	0.9162	0.0514	0.0973	1.342
dot	pool	0.8	24.7688	0.75	1288	192	182	0.9479	0.1413	0.2459	0.1491	0.9249	0.0511	0.0969	1.349
dot	pool	0.8	24.7688	0.8	1288	188	180	0.9574	0.1398	0.2439	0.146	0.9366	0.0506	0.096	1.34
dot	pool	0.8	24.7688	0.85	1288	186	180	0.9677	0.1398	0.2442	0.1444	0.9467	0.0506	0.096	1.344
dot	pool	0.8	24.7688	0.9	1288	181	177	0.9779	0.1374	0.241	0.1405	0.9563	0.0491	0.0934	1.337
dot	pool	0.85	25.9355	0.0	1288	194	192	0.9897	0.1491	0.2591	0.1506	0.7474	0.0571	0.1062	3.876
dot	pool	0.85	25.9355	0.05	1288	194	189	0.9742	0.1467	0.2551	0.1506	0.7726	0.0541	0.1012	3.015
dot	pool	0.85	25.9355	0.1	1288	194	183	0.9433	0.1421	0.247	0.1506	0.7888	0.0515	0.0966	2.294
dot	pool	0.85	25.9355	0.15	1288	194	176	0.9072	0.1366	0.2375	0.1506	0.7949	0.0494	0.093	1.84
dot	pool	0.85	25.9355	0.2	1288	194	172	0.8866	0.1335	0.2321	0.1506	0.7973	0.0486	0.0916	1.588
dot	pool	0.85	25.9355	0.25	1288	189	168	0.8889	0.1304	0.2275	0.1467	0.8272	0.0473	0.0895	1.468
dot	pool	0.85	25.9355	0.3	1288	186	163	0.8763	0.1266	0.2212	0.1444	0.8342	0.0461	0.0874	1.369
dot	pool	0.85	25.9355	0.35	1288	181	160	0.884	0.1242	0.2178	0.1405	0.8504	0.0454	0.0862	1.343
dot	pool	0.85	25.9355	0.4	1288	176	157	0.892	0.1219	0.2145	0.1366	0.8594	0.0447	0.0851	1.33
dot	pool	0.85	25.9355	0.45	1288	173	154	0.8902	0.1196	0.2108	0.1343	0.8646	0.0438	0.0834	1.312
dot	pool	0.85	25.9355	0.5	1288	172	153	0.8895	0.1188	0.2096	0.1335	0.8668	0.0438	0.0833	1.308
dot	pool	0.85	25.9355	0.55	1288	164	150	0.9146	0.1165	0.2066	0.1273	0.8908	0.0433	0.0825	1.317
dot	pool	0.85	25.9355	0.6	1288	161	148	0.9193	0.1149	0.2043	0.125	0.8949	0.0428	0.0816	1.323
dot	pool	0.85	25.9355	0.65	1288	156	146	0.9359	0.1134	0.2022	0.1211	0.9108	0.0419	0.0802	1.327
dot	pool	0.85	25.9355	0.7	1288	153	145	0.9477	0.1126	0.2012	0.1188	0.9221	0.0418	0.08	1.333
dot	pool	0.85	25.9355	0.75	1288	150	144	0.96	0.1118	0.2003	0.1165	0.9339	0.0417	0.0798	1.34
dot	pool	0.85	25.9355	0.8	1288	148	143	0.9662	0.111	0.1992	0.1149	0.9431	0.0415	0.0795	1.331
dot	pool	0.85	25.9355	0.85	1288	147	143	0.9728	0.111	0.1993	0.1141	0.9495	0.0415	0.0795	1.333
dot	pool	0.85	25.9355	0.9	1288	143	141	0.986	0.1095	0.1971	0.111	0.9621	0.0402	0.0772	1.322
dot	pool	0.9	27.9468	0.0	1288	129	128	0.9922	0.0994	0.1807	0.1002	0.7776	0.0401	0.0762	3.395
dot	pool	0.9	27.9468	0.05	1288	129	126	0.9767	0.0978	0.1778	0.1002	0.7981	0.038	0.0725	2.527
dot	pool	0.9	27.9468	0.1	1288	129	123	0.9535	0.0955	0.1736	0.1002	0.8137	0.0368	0.0703	2.008
dot	pool	0.9	27.9468	0.15	1288	129	118	0.9147	0.0916	0.1665	0.1002	0.8186	0.0351	0.0673	1.698
dot	pool	0.9	27.9468	0.2	1288	129	118	0.9147	0.0916	0.1665	0.1002	0.8275	0.0351	0.0673	1.535
dot	pool	0.9	27.9468	0.25	1288	127	117	0.9213	0.0908	0.1654	0.0986	0.8622	0.0343	0.066	1.441
dot	pool	0.9	27.9468	0.3	1288	126	113	0.8968	0.0877	0.1598	0.0978	0.8677	0.0334	0.0643	1.333
dot	pool	0.9	27.9468	0.35	1288	122	110	0.9016	0.0854	0.156	0.0947	0.8743	0.0327	0.063	1.328
dot	pool	0.9	27.9468	0.4	1288	118	108	0.9153	0.0839	0.1536	0.0916	0.887	0.0324	0.0625	1.331
dot	pool	0.9	27.9468	0.45	1288	116	106	0.9138	0.0823	0.151	0.0901	0.8922	0.0315	0.0608	1.31
dot	pool	0.9	27.9468	0.5	1288	116	106	0.9138	0.0823	0.151	0.0901	0.8922	0.0315	0.0608	1.31
dot	pool	0.9	27.9468	0.55	1288	111	104	0.9369	0.0807	0.1487	0.0862	0.9144	0.031	0.06	1.315
dot	pool	0.9	27.9468	0.6	1288	109	103	0.945	0.08	0.1475	0.0846	0.922	0.0306	0.0593	1.321
dot	pool	0.9	27.9468	0.65	1288	107	103	0.9626	0.08	0.1477	0.0831	0.9393	0.0306	0.0593	1.318
dot	pool	0.9	27.9468	0.7	1288	105	102	0.9714	0.0792	0.1464	0.0815	0.9476	0.0305	0.0591	1.324
dot	pool	0.9	27.9468	0.75	1288	103	101	0.9806	0.0784	0.1452	0.08	0.9563	0.0303	0.0588	1.33
dot	pool	0.9	27.9468	0.8	1288	103	101	0.9806	0.0784	0.1452	0.08	0.9612	0.0303	0.0588	1.32
dot	pool	0.9	27.9468	0.85	1288	103	101	0.9806	0.0784	0.1452	0.08	0.9612	0.0303	0.0588	1.32
dot	pool	0.9	27.9468	0.9	1288	100	99	0.99	0.0769	0.1427	0.0776	0.97	0.0291	0.0564	1.31
dot	pool	0.95	31.4331	0.0	1288	65	65	1.0	0.0505	0.0961	0.0505	0.8284	0.0197	0.0385	2.4
dot	pool	0.95	31.4331	0.05	1288	65	64	0.9846	0.0497	0.0946	0.0505	0.8333	0.019	0.0372	2.077
dot	pool	0.95	31.4331	0.1	1288	65	63	0.9692	0.0489	0.0931	0.0505	0.8545	0.0189	0.037	1.738
dot	pool	0.95	31.4331	0.15	1288	65	61	0.9385	0.0474	0.0902	0.0505	0.8646	0.0188	0.0367	1.585
dot	pool	0.95	31.4331	0.2	1288	65	61	0.9385	0.0474	0.0902	0.0505	0.8705	0.0188	0.0368	1.415
dot	pool	0.95	31.4331	0.25	1288	64	61	0.9531	0.0474	0.0902	0.0497	0.8958	0.0188	0.0368	1.344
dot	pool	0.95	31.4331	0.3	1288	63	58	0.9206	0.045	0.0859	0.0489	0.8889	0.0182	0.0358	1.302
dot	pool	0.95	31.4331	0.35	1288	62	58	0.9355	0.045	0.0859	0.0481	0.9032	0.0182	0.0358	1.306
dot	pool	0.95	31.4331	0.4	1288	62	58	0.9355	0.045	0.0859	0.0481	0.9032	0.0182	0.0358	1.306
dot	pool	0.95	31.4331	0.45	1288	62	58	0.9355	0.045	0.0859	0.0481	0.9032	0.0182	0.0358	1.306
dot	pool	0.95	31.4331	0.5	1288	62	58	0.9355	0.045	0.0859	0.0481	0.9032	0.0182	0.0358	1.306
dot	pool	0.95	31.4331	0.55	1288	58	57	0.9828	0.0443	0.0847	0.045	0.9483	0.0179	0.035	1.31
dot	pool	0.95	31.4331	0.6	1288	58	57	0.9828	0.0443	0.0847	0.045	0.9483	0.0179	0.035	1.31
dot	pool	0.95	31.4331	0.65	1288	58	57	0.9828	0.0443	0.0847	0.045	0.9483	0.0179	0.035	1.31
dot	pool	0.95	31.4331	0.7	1288	57	56	0.9825	0.0435	0.0833	0.0443	0.9474	0.0177	0.0348	1.316
dot	pool	0.95	31.4331	0.75	1288	56	56	1.0	0.0435	0.0833	0.0435	0.9643	0.0177	0.0348	1.321
dot	pool	0.95	31.4331	0.8	1288	56	56	1.0	0.0435	0.0833	0.0435	0.9732	0.0177	0.0348	1.304
dot	pool	0.95	31.4331	0.85	1288	56	56	1.0	0.0435	0.0833	0.0435	0.9732	0.0177	0.0348	1.304
dot	pool	0.95	31.4331	0.9	1288	54	54	1.0	0.0419	0.0805	0.0419	0.9722	0.0166	0.0326	1.296
dot	self	0.0	7.8096	0.0	1288	1285	1014	0.7891	0.7873	0.7882	0.9977	0.465	0.2852	0.3535	6.609
dot	self	0.0	7.8096	0.05	1288	1284	973	0.7578	0.7554	0.7566	0.9969	0.5045	0.268	0.3501	4.086
dot	self	0.0	7.8096	0.1	1288	1282	910	0.7098	0.7065	0.7082	0.9953	0.529	0.2492	0.3388	2.807
dot	self	0.0	7.8096	0.15	1288	1267	854	0.674	0.663	0.6685	0.9837	0.5401	0.2333	0.3258	2.146
dot	self	0.0	7.8096	0.2	1288	1245	817	0.6562	0.6343	0.6451	0.9666	0.5542	0.2239	0.319	1.817
dot	self	0.0	7.8096	0.25	1288	1211	780	0.6441	0.6056	0.6242	0.9402	0.5713	0.2105	0.3077	1.604
dot	self	0.0	7.8096	0.3	1288	1177	757	0.6432	0.5877	0.6142	0.9138	0.5895	0.2059	0.3052	1.48
dot	self	0.0	7.8096	0.35	1288	1137	739	0.65	0.5738	0.6095	0.8828	0.6069	0.2019	0.3029	1.385
dot	self	0.0	7.8096	0.4	1288	1076	723	0.6719	0.5613	0.6117	0.8354	0.6356	0.195	0.2985	1.332
dot	self	0.0	7.8096	0.45	1288	1028	701	0.6819	0.5443	0.6054	0.7981	0.6545	0.1872	0.2911	1.309
dot	self	0.0	7.8096	0.5	1288	968	684	0.7066	0.5311	0.6064	0.7516	0.6825	0.1824	0.2878	1.302
dot	self	0.0	7.8096	0.55	1288	923	670	0.7259	0.5202	0.6061	0.7166	0.7025	0.179	0.2854	1.304
dot	self	0.0	7.8096	0.6	1288	853	643	0.7538	0.4992	0.6007	0.6623	0.731	0.1726	0.2793	1.294
dot	self	0.0	7.8096	0.65	1288	812	630	0.7759	0.4891	0.6	0.6304	0.755	0.1689	0.276	1.298
dot	self	0.0	7.8096	0.7	1288	766	614	0.8016	0.4767	0.5979	0.5947	0.7798	0.1643	0.2714	1.292
dot	self	0.0	7.8096	0.75	1288	727	596	0.8198	0.4627	0.5916	0.5644	0.7989	0.1602	0.2669	1.291
dot	self	0.0	7.8096	0.8	1288	685	575	0.8394	0.4464	0.5829	0.5318	0.823	0.1548	0.2605	1.262
dot	self	0.0	7.8096	0.85	1288	650	559	0.86	0.434	0.5769	0.5047	0.8447	0.1503	0.2552	1.259
dot	self	0.0	7.8096	0.9	1288	601	534	0.8885	0.4146	0.5654	0.4666	0.873	0.143	0.2457	1.244
dot	self	0.05	10.5988	0.0	1288	1220	1006	0.8246	0.7811	0.8022	0.9472	0.4877	0.281	0.3566	6.563
dot	self	0.05	10.5988	0.05	1288	1219	966	0.7925	0.75	0.7706	0.9464	0.5286	0.2647	0.3527	4.049
dot	self	0.05	10.5988	0.1	1288	1217	904	0.7428	0.7019	0.7218	0.9449	0.5543	0.2459	0.3406	2.793
dot	self	0.05	10.5988	0.15	1288	1204	848	0.7043	0.6584	0.6806	0.9348	0.5661	0.23	0.327	2.129
dot	self	0.05	10.5988	0.2	1288	1184	812	0.6858	0.6304	0.657	0.9193	0.5807	0.2207	0.3198	1.801
dot	self	0.05	10.5988	0.25	1288	1153	778	0.6748	0.604	0.6374	0.8952	0.5992	0.2096	0.3106	1.597
dot	self	0.05	10.5988	0.3	1288	1122	755	0.6729	0.5862	0.6266	0.8711	0.6176	0.205	0.3078	1.474
dot	self	0.05	10.5988	0.35	1288	1087	737	0.678	0.5722	0.6206	0.8439	0.6341	0.201	0.3052	1.381
dot	self	0.05	10.5988	0.4	1288	1031	721	0.6993	0.5598	0.6218	0.8005	0.6626	0.1941	0.3003	1.325
dot	self	0.05	10.5988	0.45	1288	988	699	0.7075	0.5427	0.6142	0.7671	0.6805	0.1863	0.2925	1.305
dot	self	0.05	10.5988	0.5	1288	931	682	0.7325	0.5295	0.6147	0.7228	0.7086	0.1815	0.289	1.298
dot	self	0.05	10.5988	0.55	1288	891	668	0.7497	0.5186	0.6131	0.6918	0.7268	0.1782	0.2862	1.3
dot	self	0.05	10.5988	0.6	1288	826	641	0.776	0.4977	0.6064	0.6413	0.754	0.1717	0.2797	1.29
dot	self	0.05	10.5988	0.65	1288	790	628	0.7949	0.4876	0.6044	0.6134	0.7752	0.168	0.2761	1.291
dot	self	0.05	10.5988	0.7	1288	748	612	0.8182	0.4752	0.6012	0.5807	0.7979	0.1634	0.2712	1.285
dot	self	0.05	10.5988	0.75	1288	711	594	0.8354	0.4612	0.5943	0.552	0.8162	0.1593	0.2666	1.283
dot	self	0.05	10.5988	0.8	1288	671	573	0.8539	0.4449	0.585	0.521	0.8372	0.1539	0.26	1.264
dot	self	0.05	10.5988	0.85	1288	637	557	0.8744	0.4325	0.5787	0.4946	0.8588	0.1494	0.2546	1.261
dot	self	0.05	10.5988	0.9	1288	590	532	0.9017	0.413	0.5666	0.4581	0.8858	0.1421	0.2449	1.245
dot	self	0.1	11.8202	0.0	1288	1156	993	0.859	0.771	0.8126	0.8975	0.5089	0.2764	0.3582	6.347
dot	self	0.1	11.8202	0.05	1288	1155	954	0.826	0.7407	0.781	0.8967	0.5511	0.2602	0.3535	3.931
dot	self	0.1	11.8202	0.1	1288	1154	893	0.7738	0.6933	0.7314	0.896	0.5778	0.2415	0.3406	2.756
dot	self	0.1	11.8202	0.15	1288	1142	838	0.7338	0.6506	0.6897	0.8866	0.59	0.2263	0.3272	2.108
dot	self	0.1	11.8202	0.2	1288	1127	802	0.7116	0.6227	0.6642	0.875	0.6034	0.2171	0.3193	1.775
dot	self	0.1	11.8202	0.25	1288	1101	768	0.6975	0.5963	0.6429	0.8548	0.6208	0.206	0.3094	1.567
dot	self	0.1	11.8202	0.3	1288	1070	745	0.6963	0.5784	0.6319	0.8307	0.6406	0.2014	0.3064	1.449
dot	self	0.1	11.8202	0.35	1288	1037	727	0.7011	0.5644	0.6254	0.8051	0.6569	0.1973	0.3035	1.362
dot	self	0.1	11.8202	0.4	1288	987	712	0.7214	0.5528	0.6259	0.7663	0.6846	0.1913	0.299	1.31
dot	self	0.1	11.8202	0.45	1288	948	690	0.7278	0.5357	0.6172	0.736	0.7008	0.1834	0.2908	1.288
dot	self	0.1	11.8202	0.5	1288	895	673	0.752	0.5225	0.6166	0.6949	0.7282	0.1786	0.2869	1.283
dot	self	0.1	11.8202	0.55	1288	859	659	0.7672	0.5116	0.6139	0.6669	0.744	0.1753	0.2838	1.289
dot	self	0.1	11.8202	0.6	1288	799	633	0.7922	0.4915	0.6066	0.6203	0.7701	0.1693	0.2775	1.283
dot	self	0.1	11.8202	0.65	1288	764	620	0.8115	0.4814	0.6043	0.5932	0.7919	0.1655	0.2738	1.284
dot	self	0.1	11.8202	0.7	1288	723	604	0.8354	0.4689	0.6007	0.5613	0.8152	0.1609	0.2688	1.278
dot	self	0.1	11.8202	0.75	1288	689	587	0.852	0.4557	0.5938	0.5349	0.833	0.1572	0.2644	1.277
dot	self	0.1	11.8202	0.8	1288	650	566	0.8708	0.4394	0.5841	0.5047	0.8544	0.1517	0.2576	1.257
dot	self	0.1	11.8202	0.85	1288	618	550	0.89	0.427	0.5771	0.4798	0.8749	0.1473	0.2521	1.26
dot	self	0.1	11.8202	0.9	1288	573	525	0.9162	0.4076	0.5642	0.4449	0.901	0.1399	0.2422	1.243
dot	self	0.15	12.865	0.0	1288	1091	969	0.8882	0.7523	0.8146	0.847	0.5299	0.2688	0.3567	6.242
dot	self	0.15	12.865	0.05	1288	1090	930	0.8532	0.722	0.7822	0.8463	0.5734	0.2529	0.351	3.902
dot	self	0.15	12.865	0.1	1288	1090	870	0.7982	0.6755	0.7317	0.8463	0.6004	0.2343	0.3371	2.771
dot	self	0.15	12.865	0.15	1288	1083	818	0.7553	0.6351	0.69	0.8408	0.6127	0.2198	0.3235	2.106
dot	self	0.15	12.865	0.2	1288	1068	783	0.7331	0.6079	0.6647	0.8292	0.6274	0.2106	0.3153	1.763
dot	self	0.15	12.865	0.25	1288	1045	750	0.7177	0.5823	0.6429	0.8113	0.6438	0.1995	0.3047	1.564
dot	self	0.15	12.865	0.3	1288	1019	730	0.7164	0.5668	0.6329	0.7911	0.6658	0.1951	0.3017	1.452
dot	self	0.15	12.865	0.35	1288	988	712	0.7206	0.5528	0.6257	0.7671	0.6825	0.191	0.2985	1.363
dot	self	0.15	12.865	0.4	1288	944	699	0.7405	0.5427	0.6263	0.7329	0.7103	0.1865	0.2955	1.308
dot	self	0.15	12.865	0.45	1288	906	682	0.7528	0.5295	0.6217	0.7034	0.7279	0.1815	0.2905	1.29
dot	self	0.15	12.865	0.5	1288	854	665	0.7787	0.5163	0.6209	0.663	0.7568	0.1767	0.2865	1.284
dot	self	0.15	12.865	0.55	1288	820	651	0.7939	0.5054	0.6176	0.6366	0.7728	0.1734	0.2832	1.29
dot	self	0.15	12.865	0.6	1288	763	625	0.8191	0.4852	0.6095	0.5924	0.7996	0.1673	0.2767	1.283
dot	self	0.15	12.865	0.65	1288	733	612	0.8349	0.4752	0.6056	0.5691	0.8163	0.1636	0.2725	1.282
dot	self	0.15	12.865	0.7	1288	695	596	0.8576	0.4627	0.6011	0.5396	0.8385	0.159	0.2673	1.281
dot	self	0.15	12.865	0.75	1288	664	579	0.872	0.4495	0.5932	0.5155	0.8544	0.1552	0.2627	1.279
dot	self	0.15	12.865	0.8	1288	628	559	0.8901	0.434	0.5835	0.4876	0.8741	0.1498	0.2558	1.257
dot	self	0.15	12.865	0.85	1288	596	543	0.9111	0.4216	0.5764	0.4627	0.8965	0.1454	0.2502	1.259
dot	self	0.15	12.865	0.9	1288	555	518	0.9333	0.4022	0.5621	0.4309	0.9188	0.1381	0.2401	1.241
dot	self	0.2	13.6843	0.0	1288	1028	937	0.9115	0.7275	0.8092	0.7981	0.5491	0.2589	0.3519	6.038
dot	self	0.2	13.6843	0.05	1288	1028	901	0.8765	0.6995	0.7781	0.7981	0.5938	0.2451	0.347	3.781
dot	self	0.2	13.6843	0.1	1288	1028	843	0.82	0.6545	0.728	0.7981	0.6208	0.2269	0.3324	2.675
dot	self	0.2	13.6843	0.15	1288	1022	799	0.7818	0.6203	0.6918	0.7935	0.6356	0.2131	0.3191	2.055
dot	self	0.2	13.6843	0.2	1288	1009	764	0.7572	0.5932	0.6652	0.7834	0.6497	0.2039	0.3103	1.745
dot	self	0.2	13.6843	0.25	1288	989	732	0.7401	0.5683	0.643	0.7679	0.6656	0.1931	0.2993	1.544
dot	self	0.2	13.6843	0.3	1288	965	712	0.7378	0.5528	0.632	0.7492	0.6878	0.1886	0.296	1.433
dot	self	0.2	13.6843	0.35	1288	935	694	0.7422	0.5388	0.6244	0.7259	0.7046	0.1846	0.2925	1.349
dot	self	0.2	13.6843	0.4	1288	894	682	0.7629	0.5295	0.6251	0.6941	0.7339	0.1801	0.2892	1.295
dot	self	0.2	13.6843	0.45	1288	861	665	0.7724	0.5163	0.6189	0.6685	0.7486	0.1751	0.2838	1.279
dot	self	0.2	13.6843	0.5	1288	810	648	0.8	0.5031	0.6177	0.6289	0.7796	0.1702	0.2795	1.275
dot	self	0.2	13.6843	0.55	1288	777	634	0.816	0.4922	0.614	0.6033	0.7966	0.1669	0.276	1.281
dot	self	0.2	13.6843	0.6	1288	722	608	0.8421	0.472	0.605	0.5606	0.8247	0.1609	0.2692	1.274
dot	self	0.2	13.6843	0.65	1288	696	595	0.8549	0.462	0.5998	0.5404	0.8375	0.1571	0.2646	1.27
dot	self	0.2	13.6843	0.7	1288	662	580	0.8761	0.4503	0.5949	0.514	0.8585	0.1529	0.2596	1.272
dot	self	0.2	13.6843	0.75	1288	634	563	0.888	0.4371	0.5858	0.4922	0.8709	0.1492	0.2547	1.275
dot	self	0.2	13.6843	0.8	1288	599	543	0.9065	0.4216	0.5755	0.4651	0.8912	0.1438	0.2476	1.251
dot	self	0.2	13.6843	0.85	1288	569	527	0.9262	0.4092	0.5676	0.4418	0.9108	0.1394	0.2417	1.252
dot	self	0.2	13.6843	0.9	1288	531	504	0.9492	0.3913	0.5542	0.4123	0.9339	0.1336	0.2337	1.231
dot	self	0.25	14.6868	0.0	1288	966	890	0.9213	0.691	0.7897	0.75	0.56	0.2447	0.3405	5.904
dot	self	0.25	14.6868	0.05	1288	966	858	0.8882	0.6661	0.7613	0.75	0.605	0.2323	0.3357	3.732
dot	self	0.25	14.6868	0.1	1288	966	804	0.8323	0.6242	0.7134	0.75	0.6313	0.2161	0.3219	2.659
dot	self	0.25	14.6868	0.15	1288	961	761	0.7919	0.5908	0.6767	0.7461	0.6449	0.2025	0.3082	2.045
dot	self	0.25	14.6868	0.2	1288	951	727	0.7645	0.5644	0.6494	0.7384	0.6563	0.1934	0.2987	1.745
dot	self	0.25	14.6868	0.25	1288	933	698	0.7481	0.5419	0.6285	0.7244	0.6726	0.1834	0.2882	1.539
dot	self	0.25	14.6868	0.3	1288	911	680	0.7464	0.528	0.6185	0.7073	0.6965	0.1792	0.2851	1.429
dot	self	0.25	14.6868	0.35	1288	882	662	0.7506	0.514	0.6101	0.6848	0.7139	0.1752	0.2813	1.342
dot	self	0.25	14.6868	0.4	1288	846	650	0.7683	0.5047	0.6092	0.6568	0.74	0.1707	0.2774	1.287
dot	self	0.25	14.6868	0.45	1288	815	633	0.7767	0.4915	0.602	0.6328	0.754	0.1657	0.2717	1.275
dot	self	0.25	14.6868	0.5	1288	766	616	0.8042	0.4783	0.5998	0.5947	0.7852	0.1609	0.2671	1.271
dot	self	0.25	14.6868	0.55	1288	734	603	0.8215	0.4682	0.5964	0.5699	0.8038	0.1579	0.264	1.277
dot	self	0.25	14.6868	0.6	1288	683	578	0.8463	0.4488	0.5865	0.5303	0.831	0.152	0.257	1.27
dot	self	0.25	14.6868	0.65	1288	660	568	0.8606	0.441	0.5832	0.5124	0.8456	0.1488	0.2531	1.265
dot	self	0.25	14.6868	0.7	1288	628	553	0.8806	0.4293	0.5772	0.4876	0.8655	0.1446	0.2478	1.266
dot	self	0.25	14.6868	0.75	1288	601	537	0.8935	0.4169	0.5686	0.4666	0.8792	0.1412	0.2434	1.271
dot	self	0.25	14.6868	0.8	1288	568	518	0.912	0.4022	0.5582	0.441	0.8998	0.1363	0.2367	1.254
dot	self	0.25	14.6868	0.85	1288	538	502	0.9331	0.3898	0.5498	0.4177	0.9202	0.1318	0.2306	1.257
dot	self	0.25	14.6868	0.9	1288	504	479	0.9504	0.3719	0.5346	0.3913	0.938	0.126	0.2222	1.232
dot	self	0.3	15.6416	0.0	1288	901	842	0.9345	0.6537	0.7693	0.6995	0.5808	0.2336	0.3332	5.528
dot	self	0.3	15.6416	0.05	1288	901	813	0.9023	0.6312	0.7428	0.6995	0.6253	0.222	0.3277	3.627
dot	self	0.3	15.6416	0.1	1288	901	766	0.8502	0.5947	0.6999	0.6995	0.6519	0.2075	0.3148	2.619
dot	self	0.3	15.6416	0.15	1288	897	729	0.8127	0.566	0.6673	0.6964	0.6674	0.1948	0.3016	2.026
dot	self	0.3	15.6416	0.2	1288	888	696	0.7838	0.5404	0.6397	0.6894	0.6791	0.1857	0.2916	1.728
dot	self	0.3	15.6416	0.25	1288	874	669	0.7654	0.5194	0.6189	0.6786	0.6919	0.1765	0.2813	1.554
dot	self	0.3	15.6416	0.3	1288	855	652	0.7626	0.5062	0.6085	0.6638	0.7147	0.1724	0.2778	1.439
dot	self	0.3	15.6416	0.35	1288	829	635	0.766	0.493	0.5999	0.6436	0.7304	0.1684	0.2737	1.35
dot	self	0.3	15.6416	0.4	1288	795	625	0.7862	0.4852	0.6001	0.6172	0.7584	0.1648	0.2707	1.295
dot	self	0.3	15.6416	0.45	1288	767	609	0.794	0.4728	0.5927	0.5955	0.7723	0.1598	0.2648	1.282
dot	self	0.3	15.6416	0.5	1288	722	593	0.8213	0.4604	0.59	0.5606	0.8033	0.1552	0.2602	1.283
dot	self	0.3	15.6416	0.55	1288	696	582	0.8362	0.4519	0.5867	0.5404	0.8175	0.1524	0.2569	1.286
dot	self	0.3	15.6416	0.6	1288	652	559	0.8574	0.434	0.5763	0.5062	0.8414	0.1468	0.25	1.279
dot	self	0.3	15.6416	0.65	1288	632	550	0.8703	0.427	0.5729	0.4907	0.8545	0.144	0.2465	1.272
dot	self	0.3	15.6416	0.7	1288	602	536	0.8904	0.4161	0.5672	0.4674	0.8747	0.1401	0.2415	1.274
dot	self	0.3	15.6416	0.75	1288	576	521	0.9045	0.4045	0.559	0.4472	0.8896	0.1371	0.2376	1.281
dot	self	0.3	15.6416	0.8	1288	547	504	0.9214	0.3913	0.5493	0.4247	0.9087	0.1321	0.2307	1.261
dot	self	0.3	15.6416	0.85	1288	519	489	0.9422	0.3797	0.5412	0.403	0.9289	0.1278	0.2248	1.266
dot	self	0.3	15.6416	0.9	1288	489	469	0.9591	0.3641	0.5279	0.3797	0.9463	0.123	0.2177	1.239
dot	self	0.35	16.4834	0.0	1288	837	786	0.9391	0.6102	0.7398	0.6498	0.5949	0.2216	0.3229	5.257
dot	self	0.35	16.4834	0.05	1288	837	761	0.9092	0.5908	0.7162	0.6498	0.6385	0.2111	0.3173	3.521
dot	self	0.35	16.4834	0.1	1288	837	717	0.8566	0.5567	0.6748	0.6498	0.6631	0.1973	0.3041	2.552
dot	self	0.35	16.4834	0.15	1288	836	686	0.8206	0.5326	0.646	0.6491	0.6787	0.186	0.292	1.961
dot	self	0.35	16.4834	0.2	1288	827	656	0.7932	0.5093	0.6203	0.6421	0.6909	0.1772	0.2821	1.663
dot	self	0.35	16.4834	0.25	1288	814	632	0.7764	0.4907	0.6013	0.632	0.7048	0.1688	0.2724	1.507
dot	self	0.35	16.4834	0.3	1288	799	617	0.7722	0.479	0.5913	0.6203	0.7254	0.1651	0.2689	1.398
dot	self	0.35	16.4834	0.35	1288	776	601	0.7745	0.4666	0.5824	0.6025	0.7401	0.1612	0.2647	1.31
dot	self	0.35	16.4834	0.4	1288	748	593	0.7928	0.4604	0.5825	0.5807	0.7648	0.1577	0.2615	1.27
dot	self	0.35	16.4834	0.45	1288	722	577	0.7992	0.448	0.5741	0.5606	0.7771	0.1527	0.2553	1.257
dot	self	0.35	16.4834	0.5	1288	679	562	0.8277	0.4363	0.5714	0.5272	0.8095	0.1486	0.2511	1.262
dot	self	0.35	16.4834	0.55	1288	656	552	0.8415	0.4286	0.5679	0.5093	0.8226	0.1458	0.2478	1.264
dot	self	0.35	16.4834	0.6	1288	616	532	0.8636	0.413	0.5588	0.4783	0.8478	0.1408	0.2415	1.263
dot	self	0.35	16.4834	0.65	1288	597	524	0.8777	0.4068	0.556	0.4635	0.8622	0.138	0.238	1.254
dot	self	0.35	16.4834	0.7	1288	569	510	0.8963	0.396	0.5493	0.4418	0.8808	0.1341	0.2327	1.256
dot	self	0.35	16.4834	0.75	1288	549	498	0.9071	0.3866	0.5422	0.4262	0.8927	0.1314	0.229	1.26
dot	self	0.35	16.4834	0.8	1288	521	482	0.9251	0.3742	0.5329	0.4045	0.9131	0.1265	0.2222	1.238
dot	self	0.35	16.4834	0.85	1288	494	467	0.9453	0.3626	0.5241	0.3835	0.9327	0.1222	0.2161	1.241
dot	self	0.35	16.4834	0.9	1288	469	451	0.9616	0.3502	0.5134	0.3641	0.9483	0.1177	0.2094	1.245
dot	self	0.4	17.2494	0.0	1288	773	734	0.9495	0.5699	0.7123	0.6002	0.6132	0.206	0.3084	5.154
dot	self	0.4	17.2494	0.05	1288	773	714	0.9237	0.5543	0.6929	0.6002	0.656	0.1976	0.3037	3.47
dot	self	0.4	17.2494	0.1	1288	773	677	0.8758	0.5256	0.657	0.6002	0.6798	0.1855	0.2915	2.532
dot	self	0.4	17.2494	0.15	1288	772	650	0.842	0.5047	0.6311	0.5994	0.6963	0.1763	0.2813	1.944
dot	self	0.4	17.2494	0.2	1288	764	621	0.8128	0.4821	0.6053	0.5932	0.7079	0.168	0.2716	1.651
dot	self	0.4	17.2494	0.25	1288	751	598	0.7963	0.4643	0.5866	0.5831	0.7236	0.1596	0.2616	1.487
dot	self	0.4	17.2494	0.3	1288	738	583	0.79	0.4526	0.5755	0.573	0.7423	0.1559	0.2577	1.382
dot	self	0.4	17.2494	0.35	1288	716	567	0.7919	0.4402	0.5659	0.5559	0.7566	0.152	0.2532	1.293
dot	self	0.4	17.2494	0.4	1288	691	560	0.8104	0.4348	0.5659	0.5365	0.7815	0.1497	0.2513	1.257
dot	self	0.4	17.2494	0.45	1288	669	546	0.8161	0.4239	0.558	0.5194	0.7929	0.1457	0.2462	1.243
dot	self	0.4	17.2494	0.5	1288	633	531	0.8389	0.4123	0.5528	0.4915	0.8201	0.1416	0.2415	1.247
dot	self	0.4	17.2494	0.55	1288	613	522	0.8515	0.4053	0.5492	0.4759	0.8321	0.1389	0.238	1.248
dot	self	0.4	17.2494	0.6	1288	578	504	0.872	0.3913	0.5402	0.4488	0.8559	0.1342	0.232	1.245
dot	self	0.4	17.2494	0.65	1288	561	496	0.8841	0.3851	0.5365	0.4356	0.8685	0.1314	0.2283	1.247
dot	self	0.4	17.2494	0.7	1288	535	483	0.9028	0.375	0.5299	0.4154	0.8873	0.1282	0.2241	1.25
dot	self	0.4	17.2494	0.75	1288	518	473	0.9131	0.3672	0.5238	0.4022	0.8988	0.1257	0.2205	1.255
dot	self	0.4	17.2494	0.8	1288	492	458	0.9309	0.3556	0.5146	0.382	0.9192	0.1216	0.2147	1.23
dot	self	0.4	17.2494	0.85	1288	469	446	0.951	0.3463	0.5077	0.3641	0.9387	0.1184	0.2103	1.232
dot	self	0.4	17.2494	0.9	1288	444	430	0.9685	0.3339	0.4965	0.3447	0.9555	0.1139	0.2035	1.236
dot	self	0.45	17.9345	0.0	1288	708	675	0.9534	0.5241	0.6764	0.5497	0.6272	0.1915	0.2934	4.867
dot	self	0.45	17.9345	0.05	1288	708	659	0.9308	0.5116	0.6603	0.5497	0.667	0.1851	0.2898	3.381
dot	self	0.45	17.9345	0.1	1288	708	625	0.8828	0.4852	0.6263	0.5497	0.6877	0.1737	0.2773	2.476
dot	self	0.45	17.9345	0.15	1288	708	602	0.8503	0.4674	0.6032	0.5497	0.7042	0.1656	0.2682	1.91
dot	self	0.45	17.9345	0.2	1288	700	575	0.8214	0.4464	0.5785	0.5435	0.7156	0.1576	0.2583	1.621
dot	self	0.45	17.9345	0.25	1288	687	553	0.8049	0.4293	0.56	0.5334	0.733	0.1498	0.2488	1.454
dot	self	0.45	17.9345	0.3	1288	675	539	0.7985	0.4185	0.5492	0.5241	0.7527	0.1463	0.245	1.344
dot	self	0.45	17.9345	0.35	1288	654	524	0.8012	0.4068	0.5396	0.5078	0.7672	0.1427	0.2407	1.276
dot	self	0.45	17.9345	0.4	1288	635	519	0.8173	0.403	0.5398	0.493	0.7882	0.1408	0.2389	1.252
dot	self	0.45	17.9345	0.45	1288	617	508	0.8233	0.3944	0.5333	0.479	0.7997	0.1375	0.2346	1.238
dot	self	0.45	17.9345	0.5	1288	584	494	0.8459	0.3835	0.5278	0.4534	0.8264	0.1333	0.2296	1.242
dot	self	0.45	17.9345	0.55	1288	566	487	0.8604	0.3781	0.5254	0.4394	0.8402	0.1309	0.2265	1.244
dot	self	0.45	17.9345	0.6	1288	537	470	0.8752	0.3649	0.5151	0.4169	0.8589	0.1265	0.2205	1.24
dot	self	0.45	17.9345	0.65	1288	521	463	0.8887	0.3595	0.5119	0.4045	0.8728	0.1241	0.2172	1.241
dot	self	0.45	17.9345	0.7	1288	496	451	0.9093	0.3502	0.5056	0.3851	0.8925	0.1209	0.213	1.245
dot	self	0.45	17.9345	0.75	1288	481	442	0.9189	0.3432	0.4997	0.3734	0.9035	0.1185	0.2095	1.249
dot	self	0.45	17.9345	0.8	1288	459	429	0.9346	0.3331	0.4911	0.3564	0.9221	0.1146	0.2039	1.224
dot	self	0.45	17.9345	0.85	1288	439	419	0.9544	0.3253	0.4852	0.3408	0.9413	0.1118	0.1999	1.228
dot	self	0.45	17.9345	0.9	1288	415	403	0.9711	0.3129	0.4733	0.3222	0.9572	0.1073	0.193	1.231
dot	self	0.5	18.8627	0.0	1288	644	617	0.9581	0.479	0.6387	0.5	0.645	0.1779	0.2789	4.717
dot	self	0.5	18.8627	0.05	1288	644	605	0.9394	0.4697	0.6263	0.5	0.6798	0.1733	0.2762	3.323
dot	self	0.5	18.8627	0.1	1288	644	573	0.8898	0.4449	0.5932	0.5	0.7007	0.1628	0.2642	2.439
dot	self	0.5	18.8627	0.15	1288	644	552	0.8571	0.4286	0.5714	0.5	0.716	0.1556	0.2556	1.874
dot	self	0.5	18.8627	0.2	1288	638	528	0.8276	0.4099	0.5483	0.4953	0.7245	0.1481	0.2459	1.6
dot	self	0.5	18.8627	0.25	1288	625	508	0.8128	0.3944	0.5311	0.4852	0.7438	0.141	0.2371	1.447
dot	self	0.5	18.8627	0.3	1288	615	497	0.8081	0.3859	0.5223	0.4775	0.7623	0.138	0.2337	1.342
dot	self	0.5	18.8627	0.35	1288	596	482	0.8087	0.3742	0.5117	0.4627	0.7756	0.1344	0.2291	1.277
dot	self	0.5	18.8627	0.4	1288	579	477	0.8238	0.3703	0.511	0.4495	0.7962	0.1325	0.2272	1.256
dot	self	0.5	18.8627	0.45	1288	565	467	0.8265	0.3626	0.504	0.4387	0.8044	0.1294	0.2229	1.243
dot	self	0.5	18.8627	0.5	1288	534	455	0.8521	0.3533	0.4995	0.4146	0.8347	0.1268	0.2201	1.247
dot	self	0.5	18.8627	0.55	1288	518	448	0.8649	0.3478	0.4961	0.4022	0.847	0.1244	0.2169	1.249
dot	self	0.5	18.8627	0.6	1288	497	436	0.8773	0.3385	0.4885	0.3859	0.8613	0.1205	0.2114	1.241
dot	self	0.5	18.8627	0.65	1288	481	429	0.8919	0.3331	0.485	0.3734	0.8765	0.1181	0.2082	1.243
dot	self	0.5	18.8627	0.7	1288	460	419	0.9109	0.3253	0.4794	0.3571	0.8947	0.1152	0.2042	1.248
dot	self	0.5	18.8627	0.75	1288	448	413	0.9219	0.3207	0.4758	0.3478	0.9053	0.1133	0.2014	1.25
dot	self	0.5	18.8627	0.8	1288	428	402	0.9393	0.3121	0.4685	0.3323	0.9258	0.1096	0.1961	1.231
dot	self	0.5	18.8627	0.85	1288	410	392	0.9561	0.3043	0.4617	0.3183	0.9421	0.1069	0.192	1.234
dot	self	0.5	18.8627	0.9	1288	388	377	0.9716	0.2927	0.4499	0.3012	0.9568	0.1025	0.1852	1.242
dot	self	0.55	19.5895	0.0	1288	580	556	0.9586	0.4317	0.5953	0.4503	0.6614	0.1586	0.2558	4.548
dot	self	0.55	19.5895	0.05	1288	580	546	0.9414	0.4239	0.5846	0.4503	0.6956	0.1546	0.253	3.231
dot	self	0.55	19.5895	0.1	1288	580	523	0.9017	0.4061	0.56	0.4503	0.7201	0.1467	0.2438	2.397
dot	self	0.55	19.5895	0.15	1288	580	505	0.8707	0.3921	0.5407	0.4503	0.7345	0.1411	0.2367	1.841
dot	self	0.55	19.5895	0.2	1288	576	486	0.8438	0.3773	0.5215	0.4472	0.7437	0.1364	0.2305	1.594
dot	self	0.55	19.5895	0.25	1288	566	469	0.8286	0.3641	0.5059	0.4394	0.7625	0.1305	0.2228	1.45
dot	self	0.55	19.5895	0.3	1288	558	459	0.8226	0.3564	0.4973	0.4332	0.7775	0.1276	0.2193	1.353
dot	self	0.55	19.5895	0.35	1288	542	447	0.8247	0.347	0.4885	0.4208	0.7909	0.1247	0.2154	1.294
dot	self	0.55	19.5895	0.4	1288	526	443	0.8422	0.3439	0.4884	0.4084	0.8146	0.1235	0.2145	1.271
dot	self	0.55	19.5895	0.45	1288	514	434	0.8444	0.337	0.4817	0.3991	0.8212	0.1208	0.2106	1.255
dot	self	0.55	19.5895	0.5	1288	489	423	0.865	0.3284	0.4761	0.3797	0.8474	0.1183	0.2076	1.257
dot	self	0.55	19.5895	0.55	1288	475	416	0.8758	0.323	0.4719	0.3688	0.8577	0.1159	0.2042	1.258
dot	self	0.55	19.5895	0.6	1288	456	406	0.8904	0.3152	0.4656	0.354	0.8745	0.1125	0.1994	1.252
dot	self	0.55	19.5895	0.65	1288	443	401	0.9052	0.3113	0.4633	0.3439	0.89	0.111	0.1974	1.255
dot	self	0.55	19.5895	0.7	1288	426	393	0.9225	0.3051	0.4586	0.3307	0.9067	0.1089	0.1945	1.258
dot	self	0.55	19.5895	0.75	1288	416	388	0.9327	0.3012	0.4554	0.323	0.9165	0.1072	0.192	1.26
dot	self	0.55	19.5895	0.8	1288	398	377	0.9472	0.2927	0.4472	0.309	0.9328	0.1036	0.1865	1.244
dot	self	0.55	19.5895	0.85	1288	381	368	0.9659	0.2857	0.441	0.2958	0.9508	0.1008	0.1823	1.247
dot	self	0.55	19.5895	0.9	1288	361	354	0.9806	0.2748	0.4294	0.2803	0.9647	0.0973	0.1767	1.255
dot	self	0.6	20.2983	0.0	1288	515	495	0.9612	0.3843	0.5491	0.3998	0.666	0.1383	0.2291	4.561
dot	self	0.6	20.2983	0.05	1288	515	487	0.9456	0.3781	0.5402	0.3998	0.6996	0.1349	0.2262	3.266
dot	self	0.6	20.2983	0.1	1288	515	467	0.9068	0.3626	0.518	0.3998	0.7255	0.1274	0.2168	2.427
dot	self	0.6	20.2983	0.15	1288	515	451	0.8757	0.3502	0.5003	0.3998	0.7416	0.1233	0.2115	1.845
dot	self	0.6	20.2983	0.2	1288	511	436	0.8532	0.3385	0.4847	0.3967	0.7542	0.1192	0.2059	1.585
dot	self	0.6	20.2983	0.25	1288	501	421	0.8403	0.3269	0.4707	0.389	0.7743	0.1147	0.1999	1.446
dot	self	0.6	20.2983	0.3	1288	494	412	0.834	0.3199	0.4624	0.3835	0.7891	0.1123	0.1966	1.348
dot	self	0.6	20.2983	0.35	1288	478	400	0.8368	0.3106	0.453	0.3711	0.8036	0.1093	0.1925	1.283
dot	self	0.6	20.2983	0.4	1288	462	396	0.8571	0.3075	0.4526	0.3587	0.831	0.1082	0.1915	1.263
dot	self	0.6	20.2983	0.45	1288	451	388	0.8603	0.3012	0.4462	0.3502	0.8376	0.1062	0.1886	1.256
dot	self	0.6	20.2983	0.5	1288	430	379	0.8814	0.2943	0.4412	0.3339	0.8633	0.1041	0.1859	1.255
dot	self	0.6	20.2983	0.55	1288	419	372	0.8878	0.2888	0.4359	0.3253	0.8692	0.1017	0.1821	1.26
dot	self	0.6	20.2983	0.6	1288	405	365	0.9012	0.2834	0.4312	0.3144	0.8854	0.0993	0.1786	1.252
dot	self	0.6	20.2983	0.65	1288	393	360	0.916	0.2795	0.4283	0.3051	0.901	0.0978	0.1764	1.257
dot	self	0.6	20.2983	0.7	1288	379	353	0.9314	0.2741	0.4235	0.2943	0.9158	0.0965	0.1746	1.261
dot	self	0.6	20.2983	0.75	1288	370	348	0.9405	0.2702	0.4198	0.2873	0.9245	0.0948	0.172	1.262
dot	self	0.6	20.2983	0.8	1288	359	341	0.9499	0.2648	0.4141	0.2787	0.9348	0.0926	0.1685	1.251
dot	self	0.6	20.2983	0.85	1288	344	333	0.968	0.2585	0.4081	0.2671	0.9523	0.09	0.1644	1.253
dot	self	0.6	20.2983	0.9	1288	326	320	0.9816	0.2484	0.3965	0.2531	0.965	0.0865	0.1588	1.261
dot	self	0.65	21.0687	0.0	1288	451	434	0.9623	0.337	0.4991	0.3502	0.67	0.1248	0.2104	4.621
dot	self	0.65	21.0687	0.05	1288	451	426	0.9446	0.3307	0.4899	0.3502	0.7019	0.1214	0.2069	3.319
dot	self	0.65	21.0687	0.1	1288	451	408	0.9047	0.3168	0.4692	0.3502	0.7274	0.1144	0.1977	2.477
dot	self	0.65	21.0687	0.15	1288	451	394	0.8736	0.3059	0.4531	0.3502	0.7419	0.1109	0.193	1.847
dot	self	0.65	21.0687	0.2	1288	447	381	0.8523	0.2958	0.4392	0.347	0.7533	0.1072	0.1878	1.593
dot	self	0.65	21.0687	0.25	1288	439	367	0.836	0.2849	0.425	0.3408	0.7713	0.1032	0.182	1.46
dot	self	0.65	21.0687	0.3	1288	432	359	0.831	0.2787	0.4174	0.3354	0.7861	0.101	0.179	1.362
dot	self	0.65	21.0687	0.35	1288	417	348	0.8345	0.2702	0.4082	0.3238	0.802	0.0981	0.1748	1.292
dot	self	0.65	21.0687	0.4	1288	404	344	0.8515	0.2671	0.4066	0.3137	0.8274	0.097	0.1736	1.269
dot	self	0.65	21.0687	0.45	1288	395	338	0.8557	0.2624	0.4017	0.3067	0.8356	0.0956	0.1715	1.26
dot	self	0.65	21.0687	0.5	1288	377	330	0.8753	0.2562	0.3964	0.2927	0.8574	0.0939	0.1692	1.262
dot	self	0.65	21.0687	0.55	1288	366	323	0.8825	0.2508	0.3906	0.2842	0.864	0.0915	0.1654	1.267
dot	self	0.65	21.0687	0.6	1288	354	318	0.8983	0.2469	0.3873	0.2748	0.8816	0.0894	0.1624	1.263
dot	self	0.65	21.0687	0.65	1288	343	313	0.9125	0.243	0.3838	0.2663	0.8967	0.0879	0.1601	1.268
dot	self	0.65	21.0687	0.7	1288	330	307	0.9303	0.2384	0.3795	0.2562	0.9139	0.087	0.1589	1.273
dot	self	0.65	21.0687	0.75	1288	322	303	0.941	0.2352	0.3764	0.25	0.9242	0.0857	0.1569	1.273
dot	self	0.65	21.0687	0.8	1288	316	300	0.9494	0.2329	0.3741	0.2453	0.9338	0.0848	0.1555	1.272
dot	self	0.65	21.0687	0.85	1288	303	293	0.967	0.2275	0.3683	0.2352	0.9508	0.0822	0.1514	1.274
dot	self	0.65	21.0687	0.9	1288	287	282	0.9826	0.2189	0.3581	0.2228	0.9654	0.0792	0.1464	1.282
dot	self	0.7	21.927	0.0	1288	387	376	0.9716	0.2919	0.449	0.3005	0.7024	0.1061	0.1843	4.3
dot	self	0.7	21.927	0.05	1288	387	369	0.9535	0.2865	0.4406	0.3005	0.7321	0.1031	0.1808	3.155
dot	self	0.7	21.927	0.1	1288	387	355	0.9173	0.2756	0.4239	0.3005	0.7513	0.0971	0.172	2.362
dot	self	0.7	21.927	0.15	1288	387	343	0.8863	0.2663	0.4096	0.3005	0.7589	0.094	0.1673	1.827
dot	self	0.7	21.927	0.2	1288	383	333	0.8695	0.2585	0.3986	0.2974	0.7742	0.0917	0.1639	1.577
dot	self	0.7	21.927	0.25	1288	378	322	0.8519	0.25	0.3866	0.2935	0.7956	0.0885	0.1592	1.444
dot	self	0.7	21.927	0.3	1288	371	316	0.8518	0.2453	0.381	0.288	0.8086	0.0868	0.1567	1.369
dot	self	0.7	21.927	0.35	1288	358	305	0.852	0.2368	0.3706	0.278	0.8215	0.0839	0.1522	1.304
dot	self	0.7	21.927	0.4	1288	347	301	0.8674	0.2337	0.3682	0.2694	0.8441	0.0827	0.1507	1.282
dot	self	0.7	21.927	0.45	1288	341	297	0.871	0.2306	0.3646	0.2648	0.8517	0.0826	0.1506	1.279
dot	self	0.7	21.927	0.5	1288	328	291	0.8872	0.2259	0.3601	0.2547	0.8707	0.0819	0.1497	1.277
dot	self	0.7	21.927	0.55	1288	320	285	0.8906	0.2213	0.3545	0.2484	0.8737	0.0799	0.1464	1.281
dot	self	0.7	21.927	0.6	1288	308	280	0.9091	0.2174	0.3509	0.2391	0.8915	0.0779	0.1432	1.276
dot	self	0.7	21.927	0.65	1288	300	276	0.92	0.2143	0.3476	0.2329	0.9036	0.0771	0.1421	1.28
dot	self	0.7	21.927	0.7	1288	289	271	0.9377	0.2104	0.3437	0.2244	0.9207	0.0765	0.1412	1.284
dot	self	0.7	21.927	0.75	1288	285	270	0.9474	0.2096	0.3433	0.2213	0.9301	0.0761	0.1406	1.288
dot	self	0.7	21.927	0.8	1288	279	267	0.957	0.2073	0.3408	0.2166	0.9412	0.0751	0.1392	1.287
dot	self	0.7	21.927	0.85	1288	271	264	0.9742	0.205	0.3387	0.2104	0.9579	0.0738	0.137	1.284
dot	self	0.7	21.927	0.9	1288	261	257	0.9847	0.1995	0.3318	0.2026	0.9678	0.0722	0.1344	1.291
dot	self	0.75	23.1605	0.0	1288	322	314	0.9752	0.2438	0.3901	0.25	0.7288	0.0859	0.1536	4.112
dot	self	0.75	23.1605	0.05	1288	322	308	0.9565	0.2391	0.3826	0.25	0.7536	0.0835	0.1504	2.95
dot	self	0.75	23.1605	0.1	1288	322	300	0.9317	0.2329	0.3727	0.25	0.7746	0.0813	0.1472	2.258
dot	self	0.75	23.1605	0.15	1288	322	292	0.9068	0.2267	0.3627	0.25	0.7823	0.079	0.1436	1.789
dot	self	0.75	23.1605	0.2	1288	320	284	0.8875	0.2205	0.3532	0.2484	0.7945	0.0776	0.1414	1.562
dot	self	0.75	23.1605	0.25	1288	317	274	0.8644	0.2127	0.3414	0.2461	0.8102	0.0746	0.1367	1.432
dot	self	0.75	23.1605	0.3	1288	313	270	0.8626	0.2096	0.3373	0.243	0.8219	0.0734	0.1347	1.358
dot	self	0.75	23.1605	0.35	1288	303	261	0.8614	0.2026	0.3281	0.2352	0.8314	0.0711	0.1309	1.31
dot	self	0.75	23.1605	0.4	1288	295	258	0.8746	0.2003	0.326	0.229	0.8506	0.0707	0.1306	1.298
dot	self	0.75	23.1605	0.45	1288	291	255	0.8763	0.198	0.323	0.2259	0.8554	0.0706	0.1304	1.296
dot	self	0.75	23.1605	0.5	1288	279	249	0.8925	0.1933	0.3178	0.2166	0.8749	0.0699	0.1295	1.294
dot	self	0.75	23.1605	0.55	1288	274	246	0.8978	0.191	0.315	0.2127	0.8799	0.0693	0.1284	1.299
dot	self	0.75	23.1605	0.6	1288	266	243	0.9135	0.1887	0.3127	0.2065	0.8951	0.0676	0.1257	1.297
dot	self	0.75	23.1605	0.65	1288	260	241	0.9269	0.1871	0.3114	0.2019	0.908	0.0672	0.1251	1.304
dot	self	0.75	23.1605	0.7	1288	250	236	0.944	0.1832	0.3069	0.1941	0.9243	0.0665	0.1241	1.312
dot	self	0.75	23.1605	0.75	1288	247	235	0.9514	0.1825	0.3062	0.1918	0.9315	0.0661	0.1235	1.316
dot	self	0.75	23.1605	0.8	1288	242	232	0.9587	0.1801	0.3033	0.1879	0.9404	0.0652	0.122	1.314
dot	self	0.75	23.1605	0.85	1288	236	230	0.9746	0.1786	0.3018	0.1832	0.9559	0.0646	0.1211	1.309
dot	self	0.75	23.1605	0.9	1288	228	225	0.9868	0.1747	0.2968	0.177	0.9675	0.0633	0.1187	1.316
dot	self	0.8	24.4039	0.0	1288	258	252	0.9767	0.1957	0.326	0.2003	0.7361	0.0685	0.1254	3.779
dot	self	0.8	24.4039	0.05	1288	258	248	0.9612	0.1925	0.3208	0.2003	0.7595	0.067	0.1232	2.833
dot	self	0.8	24.4039	0.1	1288	258	241	0.9341	0.1871	0.3118	0.2003	0.781	0.065	0.1201	2.151
dot	self	0.8	24.4039	0.15	1288	258	234	0.907	0.1817	0.3027	0.2003	0.7865	0.0631	0.1169	1.818
dot	self	0.8	24.4039	0.2	1288	257	227	0.8833	0.1762	0.2939	0.1995	0.7925	0.0617	0.1145	1.588
dot	self	0.8	24.4039	0.25	1288	254	219	0.8622	0.17	0.284	0.1972	0.8077	0.0592	0.1103	1.461
dot	self	0.8	24.4039	0.3	1288	250	216	0.864	0.1677	0.2809	0.1941	0.8243	0.058	0.1084	1.38
dot	self	0.8	24.4039	0.35	1288	244	210	0.8607	0.163	0.2742	0.1894	0.8323	0.0569	0.1065	1.324
dot	self	0.8	24.4039	0.4	1288	240	209	0.8708	0.1623	0.2736	0.1863	0.8462	0.0567	0.1063	1.317
dot	self	0.8	24.4039	0.45	1288	236	206	0.8729	0.1599	0.2703	0.1832	0.852	0.0566	0.1061	1.314
dot	self	0.8	24.4039	0.5	1288	225	201	0.8933	0.1561	0.2657	0.1747	0.8737	0.0559	0.1051	1.32
dot	self	0.8	24.4039	0.55	1288	222	199	0.8964	0.1545	0.2636	0.1724	0.8765	0.0554	0.1042	1.324
dot	self	0.8	24.4039	0.6	1288	215	197	0.9163	0.153	0.2621	0.1669	0.8957	0.0545	0.1028	1.321
dot	self	0.8	24.4039	0.65	1288	212	196	0.9245	0.1522	0.2613	0.1646	0.9037	0.0541	0.1022	1.325
dot	self	0.8	24.4039	0.7	1288	203	191	0.9409	0.1483	0.2562	0.1576	0.9191	0.0535	0.1011	1.335
dot	self	0.8	24.4039	0.75	1288	201	191	0.9502	0.1483	0.2565	0.1561	0.9283	0.0535	0.1012	1.338
dot	self	0.8	24.4039	0.8	1288	198	189	0.9545	0.1467	0.2544	0.1537	0.9348	0.0529	0.1002	1.338
dot	self	0.8	24.4039	0.85	1288	192	187	0.974	0.1452	0.2527	0.1491	0.9536	0.0524	0.0993	1.333
dot	self	0.8	24.4039	0.9	1288	187	184	0.984	0.1429	0.2495	0.1452	0.963	0.0512	0.0973	1.337
dot	self	0.85	25.4933	0.0	1288	194	191	0.9845	0.1483	0.2578	0.1506	0.7726	0.0548	0.1023	3.407
dot	self	0.85	25.4933	0.05	1288	194	188	0.9691	0.146	0.2537	0.1506	0.7916	0.0535	0.1002	2.701
dot	self	0.85	25.4933	0.1	1288	194	184	0.9485	0.1429	0.2483	0.1506	0.8151	0.052	0.0977	2.119
dot	self	0.85	25.4933	0.15	1288	194	179	0.9227	0.139	0.2416	0.1506	0.8185	0.0504	0.0949	1.784
dot	self	0.85	25.4933	0.2	1288	194	176	0.9072	0.1366	0.2375	0.1506	0.8174	0.0497	0.0937	1.562
dot	self	0.85	25.4933	0.25	1288	192	170	0.8854	0.132	0.2297	0.1491	0.8303	0.0482	0.0911	1.438
dot	self	0.85	25.4933	0.3	1288	189	168	0.8889	0.1304	0.2275	0.1467	0.8483	0.0474	0.0897	1.354
dot	self	0.85	25.4933	0.35	1288	186	164	0.8817	0.1273	0.2225	0.1444	0.8526	0.0466	0.0884	1.296
dot	self	0.85	25.4933	0.4	1288	182	163	0.8956	0.1266	0.2218	0.1413	0.8686	0.0465	0.0882	1.297
dot	self	0.85	25.4933	0.45	1288	180	161	0.8944	0.125	0.2193	0.1398	0.8699	0.0464	0.0882	1.294
dot	self	0.85	25.4933	0.5	1288	177	158	0.8927	0.1227	0.2157	0.1374	0.8705	0.0459	0.0873	1.294
dot	self	0.85	25.4933	0.55	1288	174	156	0.8966	0.1211	0.2134	0.1351	0.874	0.0454	0.0863	1.299
dot	self	0.85	25.4933	0.6	1288	168	154	0.9167	0.1196	0.2115	0.1304	0.8934	0.0446	0.085	1.304
dot	self	0.85	25.4933	0.65	1288	166	153	0.9217	0.1188	0.2105	0.1289	0.8981	0.0442	0.0843	1.307
dot	self	0.85	25.4933	0.7	1288	160	151	0.9437	0.1172	0.2086	0.1242	0.9193	0.0439	0.0839	1.312
dot	self	0.85	25.4933	0.75	1288	159	151	0.9497	0.1172	0.2087	0.1234	0.9251	0.0439	0.0839	1.314
dot	self	0.85	25.4933	0.8	1288	157	150	0.9554	0.1165	0.2076	0.1219	0.9337	0.0438	0.0836	1.312
dot	self	0.85	25.4933	0.85	1288	153	149	0.9739	0.1157	0.2068	0.1188	0.9515	0.0434	0.083	1.307
dot	self	0.85	25.4933	0.9	1288	148	146	0.9865	0.1134	0.2033	0.1149	0.9634	0.0423	0.081	1.311
dot	self	0.9	27.4986	0.0	1288	129	128	0.9922	0.0994	0.1807	0.1002	0.8219	0.0376	0.0719	2.589
dot	self	0.9	27.4986	0.05	1288	129	127	0.9845	0.0986	0.1793	0.1002	0.8356	0.0369	0.0707	2.14
dot	self	0.9	27.4986	0.1	1288	129	124	0.9612	0.0963	0.175	0.1002	0.8523	0.0363	0.0697	1.791
dot	self	0.9	27.4986	0.15	1288	129	123	0.9535	0.0955	0.1736	0.1002	0.8601	0.0358	0.0688	1.628
dot	self	0.9	27.4986	0.2	1288	129	122	0.9457	0.0947	0.1722	0.1002	0.8656	0.0358	0.0687	1.488
dot	self	0.9	27.4986	0.25	1288	127	117	0.9213	0.0908	0.1654	0.0986	0.8727	0.0344	0.0662	1.394
dot	self	0.9	27.4986	0.3	1288	127	116	0.9134	0.0901	0.164	0.0986	0.8773	0.0339	0.0652	1.339
dot	self	0.9	27.4986	0.35	1288	126	114	0.9048	0.0885	0.1612	0.0978	0.881	0.0338	0.0651	1.294
dot	self	0.9	27.4986	0.4	1288	124	113	0.9113	0.0877	0.1601	0.0963	0.8911	0.0336	0.0648	1.29
dot	self	0.9	27.4986	0.45	1288	123	113	0.9187	0.0877	0.1602	0.0955	0.8984	0.0336	0.0649	1.293
dot	self	0.9	27.4986	0.5	1288	121	111	0.9174	0.0862	0.1576	0.0939	0.8967	0.0332	0.064	1.298
dot	self	0.9	27.4986	0.55	1288	120	110	0.9167	0.0854	0.1562	0.0932	0.8958	0.0328	0.0633	1.3
dot	self	0.9	27.4986	0.6	1288	116	109	0.9397	0.0846	0.1553	0.0901	0.9181	0.0328	0.0633	1.302
dot	self	0.9	27.4986	0.65	1288	115	109	0.9478	0.0846	0.1554	0.0893	0.9261	0.0328	0.0633	1.304
dot	self	0.9	27.4986	0.7	1288	111	107	0.964	0.0831	0.153	0.0862	0.9414	0.0325	0.0628	1.306
dot	self	0.9	27.4986	0.75	1288	111	107	0.964	0.0831	0.153	0.0862	0.9414	0.0325	0.0628	1.306
dot	self	0.9	27.4986	0.8	1288	110	107	0.9727	0.0831	0.1531	0.0854	0.9545	0.0325	0.0628	1.3
dot	self	0.9	27.4986	0.85	1288	108	106	0.9815	0.0823	0.1519	0.0839	0.963	0.0321	0.0621	1.287
dot	self	0.9	27.4986	0.9	1288	103	103	1.0	0.08	0.1481	0.08	0.9806	0.031	0.06	1.291
dot	self	0.95	31.0519	0.0	1288	65	65	1.0	0.0505	0.0961	0.0505	0.8838	0.0202	0.0395	1.754
dot	self	0.95	31.0519	0.05	1288	65	65	1.0	0.0505	0.0961	0.0505	0.8904	0.0198	0.0388	1.677
dot	self	0.95	31.0519	0.1	1288	65	65	1.0	0.0505	0.0961	0.0505	0.9159	0.0198	0.0388	1.508
dot	self	0.95	31.0519	0.15	1288	65	65	1.0	0.0505	0.0961	0.0505	0.9262	0.0198	0.0388	1.477
dot	self	0.95	31.0519	0.2	1288	65	65	1.0	0.0505	0.0961	0.0505	0.9397	0.0198	0.0388	1.385
dot	self	0.95	31.0519	0.25	1288	65	63	0.9692	0.0489	0.0931	0.0505	0.9269	0.0197	0.0386	1.354
dot	self	0.95	31.0519	0.3	1288	65	63	0.9692	0.0489	0.0931	0.0505	0.9385	0.0197	0.0386	1.308
dot	self	0.95	31.0519	0.35	1288	65	63	0.9692	0.0489	0.0931	0.0505	0.9385	0.0197	0.0386	1.308
dot	self	0.95	31.0519	0.4	1288	65	63	0.9692	0.0489	0.0931	0.0505	0.9385	0.0197	0.0386	1.308
dot	self	0.95	31.0519	0.45	1288	65	63	0.9692	0.0489	0.0931	0.0505	0.9385	0.0197	0.0386	1.308
dot	self	0.95	31.0519	0.5	1288	64	62	0.9688	0.0481	0.0917	0.0497	0.9375	0.0193	0.0378	1.312
dot	self	0.95	31.0519	0.55	1288	64	62	0.9688	0.0481	0.0917	0.0497	0.9375	0.0193	0.0378	1.312
dot	self	0.95	31.0519	0.6	1288	62	62	1.0	0.0481	0.0919	0.0481	0.9677	0.0193	0.0379	1.306
dot	self	0.95	31.0519	0.65	1288	62	62	1.0	0.0481	0.0919	0.0481	0.9677	0.0193	0.0379	1.306
dot	self	0.95	31.0519	0.7	1288	61	61	1.0	0.0474	0.0904	0.0474	0.9672	0.0192	0.0376	1.311
dot	self	0.95	31.0519	0.75	1288	61	61	1.0	0.0474	0.0904	0.0474	0.9672	0.0192	0.0376	1.311
dot	self	0.95	31.0519	0.8	1288	61	61	1.0	0.0474	0.0904	0.0474	0.9754	0.0192	0.0376	1.295
dot	self	0.95	31.0519	0.85	1288	60	60	1.0	0.0466	0.089	0.0466	0.975	0.0188	0.0369	1.283
dot	self	0.95	31.0519	0.9	1288	58	58	1.0	0.045	0.0862	0.045	0.9741	0.0179	0.0351	1.293
dot	twin	0.0	7.8096	0.0	1288	1285	982	0.7642	0.7624	0.7633	0.9977	0.434	0.2732	0.3353	6.858
dot	twin	0.0	7.8096	0.05	1288	1284	930	0.7243	0.722	0.7232	0.9969	0.4737	0.2525	0.3294	4.13
dot	twin	0.0	7.8096	0.1	1288	1282	867	0.6763	0.6731	0.6747	0.9953	0.4977	0.2359	0.3201	2.849
dot	twin	0.0	7.8096	0.15	1288	1267	815	0.6433	0.6328	0.638	0.9837	0.5072	0.2211	0.308	2.165
dot	twin	0.0	7.8096	0.2	1288	1241	775	0.6245	0.6017	0.6129	0.9635	0.5219	0.2107	0.3002	1.842
dot	twin	0.0	7.8096	0.25	1288	1208	748	0.6192	0.5807	0.5994	0.9379	0.5429	0.2008	0.2931	1.61
dot	twin	0.0	7.8096	0.3	1288	1174	729	0.621	0.566	0.5922	0.9115	0.5623	0.196	0.2907	1.477
dot	twin	0.0	7.8096	0.35	1288	1130	714	0.6319	0.5543	0.5906	0.8773	0.5831	0.1918	0.2886	1.378
dot	twin	0.0	7.8096	0.4	1288	1065	691	0.6488	0.5365	0.5873	0.8269	0.61	0.1842	0.2829	1.321
dot	twin	0.0	7.8096	0.45	1288	1012	669	0.6611	0.5194	0.5817	0.7857	0.6313	0.175	0.274	1.294
dot	twin	0.0	7.8096	0.5	1288	955	652	0.6827	0.5062	0.5814	0.7415	0.6585	0.1717	0.2724	1.279
dot	twin	0.0	7.8096	0.55	1288	902	635	0.704	0.493	0.5799	0.7003	0.6802	0.1664	0.2674	1.284
dot	twin	0.0	7.8096	0.6	1288	835	608	0.7281	0.472	0.5728	0.6483	0.7049	0.1597	0.2605	1.267
dot	twin	0.0	7.8096	0.65	1288	790	589	0.7456	0.4573	0.5669	0.6134	0.7229	0.1536	0.2533	1.263
dot	twin	0.0	7.8096	0.7	1288	734	573	0.7807	0.4449	0.5668	0.5699	0.7567	0.1507	0.2513	1.264
dot	twin	0.0	7.8096	0.75	1288	701	560	0.7989	0.4348	0.5631	0.5443	0.7786	0.1469	0.2471	1.254
dot	twin	0.0	7.8096	0.8	1288	656	538	0.8201	0.4177	0.5535	0.5093	0.8029	0.1413	0.2403	1.232
dot	twin	0.0	7.8096	0.85	1288	625	526	0.8416	0.4084	0.5499	0.4852	0.8268	0.1383	0.237	1.223
dot	twin	0.0	7.8096	0.9	1288	560	490	0.875	0.3804	0.5303	0.4348	0.8593	0.1284	0.2234	1.222
dot	twin	0.05	10.5448	0.0	1288	1220	973	0.7975	0.7554	0.7759	0.9472	0.4547	0.269	0.338	6.823
dot	twin	0.05	10.5448	0.05	1288	1219	922	0.7564	0.7158	0.7355	0.9464	0.4958	0.2491	0.3316	4.094
dot	twin	0.05	10.5448	0.1	1288	1217	860	0.7067	0.6677	0.6866	0.9449	0.5208	0.2326	0.3216	2.836
dot	twin	0.05	10.5448	0.15	1288	1204	808	0.6711	0.6273	0.6485	0.9348	0.5309	0.2178	0.3089	2.15
dot	twin	0.05	10.5448	0.2	1288	1182	770	0.6514	0.5978	0.6235	0.9177	0.5467	0.2075	0.3008	1.829
dot	twin	0.05	10.5448	0.25	1288	1152	746	0.6476	0.5792	0.6115	0.8944	0.5694	0.1999	0.2959	1.605
dot	twin	0.05	10.5448	0.3	1288	1121	727	0.6485	0.5644	0.6036	0.8703	0.589	0.1951	0.2931	1.472
dot	twin	0.05	10.5448	0.35	1288	1082	712	0.658	0.5528	0.6008	0.8401	0.6093	0.1909	0.2907	1.376
dot	twin	0.05	10.5448	0.4	1288	1022	689	0.6742	0.5349	0.5965	0.7935	0.6361	0.1833	0.2846	1.316
dot	twin	0.05	10.5448	0.45	1288	974	667	0.6848	0.5179	0.5897	0.7562	0.6567	0.1741	0.2752	1.291
dot	twin	0.05	10.5448	0.5	1288	920	650	0.7065	0.5047	0.5888	0.7143	0.6839	0.1709	0.2734	1.276
dot	twin	0.05	10.5448	0.55	1288	872	633	0.7259	0.4915	0.5861	0.677	0.7041	0.1655	0.268	1.281
dot	twin	0.05	10.5448	0.6	1288	810	606	0.7481	0.4705	0.5777	0.6289	0.7274	0.1589	0.2608	1.264
dot	twin	0.05	10.5448	0.65	1288	770	587	0.7623	0.4557	0.5705	0.5978	0.7426	0.1527	0.2533	1.258
dot	twin	0.05	10.5448	0.7	1288	718	571	0.7953	0.4433	0.5693	0.5575	0.7748	0.1498	0.2511	1.259
dot	twin	0.05	10.5448	0.75	1288	687	558	0.8122	0.4332	0.5651	0.5334	0.7937	0.146	0.2466	1.247
dot	twin	0.05	10.5448	0.8	1288	644	536	0.8323	0.4161	0.5549	0.5	0.8147	0.1404	0.2396	1.236
dot	twin	0.05	10.5448	0.85	1288	614	524	0.8534	0.4068	0.551	0.4767	0.8383	0.1374	0.2361	1.227
dot	twin	0.05	10.5448	0.9	1288	551	488	0.8857	0.3789	0.5307	0.4278	0.8697	0.1275	0.2224	1.226
dot	twin	0.1	11.7193	0.0	1288	1156	959	0.8296	0.7446	0.7848	0.8975	0.4737	0.263	0.3382	6.613
dot	twin	0.1	11.7193	0.05	1288	1155	909	0.787	0.7057	0.7442	0.8967	0.5159	0.2435	0.3308	3.994
dot	twin	0.1	11.7193	0.1	1288	1154	849	0.7357	0.6592	0.6953	0.896	0.542	0.2273	0.3203	2.823
dot	twin	0.1	11.7193	0.15	1288	1142	798	0.6988	0.6196	0.6568	0.8866	0.5525	0.2133	0.3077	2.151
dot	twin	0.1	11.7193	0.2	1288	1125	760	0.6756	0.5901	0.6299	0.8734	0.5676	0.2029	0.299	1.823
dot	twin	0.1	11.7193	0.25	1288	1101	736	0.6685	0.5714	0.6162	0.8548	0.5889	0.1954	0.2934	1.592
dot	twin	0.1	11.7193	0.3	1288	1070	717	0.6701	0.5567	0.6081	0.8307	0.6101	0.1906	0.2904	1.459
dot	twin	0.1	11.7193	0.35	1288	1034	702	0.6789	0.545	0.6047	0.8028	0.6298	0.1864	0.2876	1.362
dot	twin	0.1	11.7193	0.4	1288	979	680	0.6946	0.528	0.5999	0.7601	0.6564	0.1795	0.282	1.306
dot	twin	0.1	11.7193	0.45	1288	934	658	0.7045	0.5109	0.5923	0.7252	0.6762	0.1703	0.2721	1.28
dot	twin	0.1	11.7193	0.5	1288	882	641	0.7268	0.4977	0.5908	0.6848	0.7044	0.1671	0.2701	1.265
dot	twin	0.1	11.7193	0.55	1288	837	624	0.7455	0.4845	0.5873	0.6498	0.7234	0.1618	0.2644	1.274
dot	twin	0.1	11.7193	0.6	1288	781	598	0.7657	0.4643	0.5781	0.6064	0.7448	0.1555	0.2573	1.257
dot	twin	0.1	11.7193	0.65	1288	742	579	0.7803	0.4495	0.5704	0.5761	0.7606	0.1494	0.2497	1.253
dot	twin	0.1	11.7193	0.7	1288	691	563	0.8148	0.4371	0.569	0.5365	0.7943	0.1465	0.2473	1.254
dot	twin	0.1	11.7193	0.75	1288	662	550	0.8308	0.427	0.5641	0.514	0.8125	0.1427	0.2427	1.243
dot	twin	0.1	11.7193	0.8	1288	620	528	0.8516	0.4099	0.5535	0.4814	0.8343	0.1371	0.2355	1.231
dot	twin	0.1	11.7193	0.85	1288	592	516	0.8716	0.4006	0.5489	0.4596	0.857	0.1341	0.2319	1.224
dot	twin	0.1	11.7193	0.9	1288	531	480	0.904	0.3727	0.5278	0.4123	0.8885	0.1242	0.2179	1.223
dot	twin	0.15	12.6813	0.0	1288	1091	940	0.8616	0.7298	0.7902	0.847	0.4959	0.2554	0.3372	6.491
dot	twin	0.15	12.6813	0.05	1288	1090	890	0.8165	0.691	0.7485	0.8463	0.5395	0.2361	0.3285	3.948
dot	twin	0.15	12.6813	0.1	1288	1090	831	0.7624	0.6452	0.6989	0.8463	0.5661	0.2208	0.3176	2.808
dot	twin	0.15	12.6813	0.15	1288	1082	783	0.7237	0.6079	0.6608	0.8401	0.576	0.2072	0.3047	2.13
dot	twin	0.15	12.6813	0.2	1288	1065	746	0.7005	0.5792	0.6341	0.8269	0.5928	0.1973	0.2961	1.794
dot	twin	0.15	12.6813	0.25	1288	1044	723	0.6925	0.5613	0.6201	0.8106	0.6136	0.1897	0.2899	1.57
dot	twin	0.15	12.6813	0.3	1288	1017	705	0.6932	0.5474	0.6117	0.7896	0.6347	0.1852	0.2867	1.444
dot	twin	0.15	12.6813	0.35	1288	984	690	0.7012	0.5357	0.6074	0.764	0.6544	0.181	0.2835	1.354
dot	twin	0.15	12.6813	0.4	1288	935	670	0.7166	0.5202	0.6028	0.7259	0.6813	0.1757	0.2793	1.296
dot	twin	0.15	12.6813	0.45	1288	892	652	0.7309	0.5062	0.5982	0.6925	0.7031	0.1685	0.2719	1.272
dot	twin	0.15	12.6813	0.5	1288	843	635	0.7533	0.493	0.596	0.6545	0.7311	0.1653	0.2696	1.257
dot	twin	0.15	12.6813	0.55	1288	801	618	0.7715	0.4798	0.5917	0.6219	0.7498	0.1599	0.2636	1.266
dot	twin	0.15	12.6813	0.6	1288	747	592	0.7925	0.4596	0.5818	0.58	0.7723	0.1537	0.2564	1.254
dot	twin	0.15	12.6813	0.65	1288	714	573	0.8025	0.4449	0.5724	0.5543	0.7837	0.1475	0.2483	1.248
dot	twin	0.15	12.6813	0.7	1288	666	557	0.8363	0.4325	0.5701	0.5171	0.8171	0.1446	0.2458	1.254
dot	twin	0.15	12.6813	0.75	1288	641	544	0.8487	0.4224	0.564	0.4977	0.8319	0.1408	0.2409	1.242
dot	twin	0.15	12.6813	0.8	1288	602	523	0.8688	0.4061	0.5534	0.4674	0.8519	0.1354	0.2336	1.228
dot	twin	0.15	12.6813	0.85	1288	574	511	0.8902	0.3967	0.5489	0.4457	0.8763	0.1324	0.23	1.22
dot	twin	0.15	12.6813	0.9	1288	518	476	0.9189	0.3696	0.5271	0.4022	0.9043	0.1233	0.2169	1.217
dot	twin	0.2	13.5282	0.0	1288	1028	907	0.8823	0.7042	0.7832	0.7981	0.5166	0.2476	0.3347	6.245
dot	twin	0.2	13.5282	0.05	1288	1028	861	0.8375	0.6685	0.7435	0.7981	0.5607	0.2306	0.3268	3.825
dot	twin	0.2	13.5282	0.1	1288	1028	809	0.787	0.6281	0.6986	0.7981	0.5884	0.2164	0.3164	2.722
dot	twin	0.2	13.5282	0.15	1288	1022	766	0.7495	0.5947	0.6632	0.7935	0.5999	0.2034	0.3038	2.086
dot	twin	0.2	13.5282	0.2	1288	1007	730	0.7249	0.5668	0.6362	0.7818	0.6171	0.1935	0.2946	1.783
dot	twin	0.2	13.5282	0.25	1288	990	708	0.7152	0.5497	0.6216	0.7686	0.6372	0.1863	0.2883	1.556
dot	twin	0.2	13.5282	0.3	1288	966	691	0.7153	0.5365	0.6131	0.75	0.6584	0.1817	0.2848	1.436
dot	twin	0.2	13.5282	0.35	1288	935	677	0.7241	0.5256	0.6091	0.7259	0.6793	0.1775	0.2815	1.345
dot	twin	0.2	13.5282	0.4	1288	889	658	0.7402	0.5109	0.6045	0.6902	0.7079	0.1722	0.2771	1.286
dot	twin	0.2	13.5282	0.45	1288	851	641	0.7532	0.4977	0.5993	0.6607	0.7262	0.1659	0.2701	1.267
dot	twin	0.2	13.5282	0.5	1288	805	625	0.7764	0.4852	0.5972	0.625	0.7556	0.163	0.2682	1.252
dot	twin	0.2	13.5282	0.55	1288	765	608	0.7948	0.472	0.5923	0.5939	0.7747	0.1577	0.262	1.26
dot	twin	0.2	13.5282	0.6	1288	713	582	0.8163	0.4519	0.5817	0.5536	0.7982	0.1514	0.2546	1.247
dot	twin	0.2	13.5282	0.65	1288	685	563	0.8219	0.4371	0.5707	0.5318	0.8045	0.1453	0.2461	1.239
dot	twin	0.2	13.5282	0.7	1288	640	547	0.8547	0.4247	0.5674	0.4969	0.8371	0.1424	0.2434	1.245
dot	twin	0.2	13.5282	0.75	1288	618	534	0.8641	0.4146	0.5603	0.4798	0.848	0.1386	0.2382	1.238
dot	twin	0.2	13.5282	0.8	1288	579	513	0.886	0.3983	0.5495	0.4495	0.8698	0.1331	0.2309	1.223
dot	twin	0.2	13.5282	0.85	1288	553	501	0.906	0.389	0.5443	0.4293	0.8914	0.1301	0.2271	1.214
dot	twin	0.2	13.5282	0.9	1288	499	468	0.9379	0.3634	0.5238	0.3874	0.9227	0.1218	0.2152	1.21
dot	twin	0.25	14.5245	0.0	1288	965	866	0.8974	0.6724	0.7688	0.7492	0.5319	0.234	0.325	6.067
dot	twin	0.25	14.5245	0.05	1288	965	824	0.8539	0.6398	0.7315	0.7492	0.5764	0.2184	0.3168	3.741
dot	twin	0.25	14.5245	0.1	1288	965	776	0.8041	0.6025	0.6889	0.7492	0.6049	0.2062	0.3075	2.7
dot	twin	0.25	14.5245	0.15	1288	960	734	0.7646	0.5699	0.653	0.7453	0.6154	0.1932	0.2941	2.062
dot	twin	0.25	14.5245	0.2	1288	950	699	0.7358	0.5427	0.6247	0.7376	0.6287	0.1834	0.284	1.785
dot	twin	0.25	14.5245	0.25	1288	934	679	0.727	0.5272	0.6112	0.7252	0.6485	0.1763	0.2773	1.556
dot	twin	0.25	14.5245	0.3	1288	911	663	0.7278	0.5148	0.603	0.7073	0.6712	0.1718	0.2736	1.433
dot	twin	0.25	14.5245	0.35	1288	882	649	0.7358	0.5039	0.5982	0.6848	0.6912	0.1677	0.2699	1.345
dot	twin	0.25	14.5245	0.4	1288	840	630	0.75	0.4891	0.5921	0.6522	0.7183	0.1624	0.2649	1.285
dot	twin	0.25	14.5245	0.45	1288	804	613	0.7624	0.4759	0.586	0.6242	0.7359	0.1561	0.2575	1.265
dot	twin	0.25	14.5245	0.5	1288	760	598	0.7868	0.4643	0.584	0.5901	0.7664	0.1533	0.2555	1.253
dot	twin	0.25	14.5245	0.55	1288	722	582	0.8061	0.4519	0.5791	0.5606	0.7865	0.1483	0.2496	1.261
dot	twin	0.25	14.5245	0.6	1288	674	559	0.8294	0.434	0.5698	0.5233	0.8121	0.1427	0.2427	1.245
dot	twin	0.25	14.5245	0.65	1288	647	540	0.8346	0.4193	0.5581	0.5023	0.8181	0.1365	0.234	1.237
dot	twin	0.25	14.5245	0.7	1288	607	525	0.8649	0.4076	0.5541	0.4713	0.8485	0.134	0.2315	1.248
dot	twin	0.25	14.5245	0.75	1288	587	514	0.8756	0.3991	0.5483	0.4557	0.8609	0.1311	0.2275	1.243
dot	twin	0.25	14.5245	0.8	1288	551	494	0.8966	0.3835	0.5372	0.4278	0.882	0.1259	0.2203	1.226
dot	twin	0.25	14.5245	0.85	1288	525	482	0.9181	0.3742	0.5317	0.4076	0.9045	0.1229	0.2163	1.219
dot	twin	0.25	14.5245	0.9	1288	480	452	0.9417	0.3509	0.5113	0.3727	0.9278	0.1165	0.207	1.21
dot	twin	0.3	15.2644	0.0	1288	901	822	0.9123	0.6382	0.751	0.6995	0.5524	0.2247	0.3194	5.816
dot	twin	0.3	15.2644	0.05	1288	901	784	0.8701	0.6087	0.7163	0.6995	0.5946	0.2101	0.3105	3.675
dot	twin	0.3	15.2644	0.1	1288	901	740	0.8213	0.5745	0.6761	0.6995	0.6225	0.1991	0.3017	2.677
dot	twin	0.3	15.2644	0.15	1288	898	700	0.7795	0.5435	0.6404	0.6972	0.6318	0.1865	0.288	2.056
dot	twin	0.3	15.2644	0.2	1288	889	667	0.7503	0.5179	0.6128	0.6902	0.6457	0.1768	0.2775	1.778
dot	twin	0.3	15.2644	0.25	1288	877	649	0.74	0.5039	0.5995	0.6809	0.6657	0.1705	0.2715	1.556
dot	twin	0.3	15.2644	0.3	1288	859	634	0.7381	0.4922	0.5906	0.6669	0.6851	0.166	0.2673	1.431
dot	twin	0.3	15.2644	0.35	1288	832	621	0.7464	0.4821	0.5858	0.646	0.7035	0.162	0.2633	1.341
dot	twin	0.3	15.2644	0.4	1288	792	604	0.7626	0.4689	0.5808	0.6149	0.7332	0.1576	0.2594	1.279
dot	twin	0.3	15.2644	0.45	1288	761	588	0.7727	0.4565	0.5739	0.5908	0.7484	0.1512	0.2516	1.266
dot	twin	0.3	15.2644	0.5	1288	723	575	0.7953	0.4464	0.5719	0.5613	0.778	0.1488	0.2498	1.252
dot	twin	0.3	15.2644	0.55	1288	688	560	0.814	0.4348	0.5668	0.5342	0.7956	0.1439	0.2438	1.259
dot	twin	0.3	15.2644	0.6	1288	645	539	0.8357	0.4185	0.5577	0.5008	0.8201	0.1386	0.2371	1.241
dot	twin	0.3	15.2644	0.65	1288	624	524	0.8397	0.4068	0.5481	0.4845	0.8252	0.1334	0.2297	1.232
dot	twin	0.3	15.2644	0.7	1288	586	510	0.8703	0.396	0.5443	0.455	0.8562	0.1309	0.2271	1.242
dot	twin	0.3	15.2644	0.75	1288	566	499	0.8816	0.3874	0.5383	0.4394	0.8694	0.128	0.2231	1.237
dot	twin	0.3	15.2644	0.8	1288	533	481	0.9024	0.3734	0.5283	0.4138	0.8907	0.1228	0.2159	1.227
dot	twin	0.3	15.2644	0.85	1288	509	470	0.9234	0.3649	0.5231	0.3952	0.9111	0.1203	0.2125	1.224
dot	twin	0.3	15.2644	0.9	1288	467	442	0.9465	0.3432	0.5037	0.3626	0.9342	0.1145	0.2041	1.214
dot	twin	0.35	16.0314	0.0	1288	837	767	0.9164	0.5955	0.7219	0.6498	0.5677	0.2111	0.3078	5.381
dot	twin	0.35	16.0314	0.05	1288	837	738	0.8817	0.573	0.6946	0.6498	0.6084	0.1991	0.3	3.526
dot	twin	0.35	16.0314	0.1	1288	837	700	0.8363	0.5435	0.6588	0.6498	0.6372	0.1892	0.2918	2.593
dot	twin	0.35	16.0314	0.15	1288	837	664	0.7933	0.5155	0.6249	0.6498	0.6466	0.1775	0.2786	1.998
dot	twin	0.35	16.0314	0.2	1288	830	634	0.7639	0.4922	0.5987	0.6444	0.6605	0.1689	0.2691	1.724
dot	twin	0.35	16.0314	0.25	1288	818	619	0.7567	0.4806	0.5878	0.6351	0.6796	0.1637	0.2638	1.561
dot	twin	0.35	16.0314	0.3	1288	801	605	0.7553	0.4697	0.5792	0.6219	0.6999	0.1593	0.2596	1.437
dot	twin	0.35	16.0314	0.35	1288	779	593	0.7612	0.4604	0.5738	0.6048	0.716	0.1554	0.2554	1.346
dot	twin	0.35	16.0314	0.4	1288	742	576	0.7763	0.4472	0.5675	0.5761	0.7454	0.151	0.2511	1.279
dot	twin	0.35	16.0314	0.45	1288	711	560	0.7876	0.4348	0.5603	0.552	0.7615	0.1447	0.2431	1.267
dot	twin	0.35	16.0314	0.5	1288	674	547	0.8116	0.4247	0.5576	0.5233	0.7929	0.1422	0.2412	1.261
dot	twin	0.35	16.0314	0.55	1288	641	533	0.8315	0.4138	0.5526	0.4977	0.8118	0.1375	0.2351	1.268
dot	twin	0.35	16.0314	0.6	1288	603	514	0.8524	0.3991	0.5436	0.4682	0.8357	0.1323	0.2285	1.253
dot	twin	0.35	16.0314	0.65	1288	584	500	0.8562	0.3882	0.5342	0.4534	0.8406	0.1276	0.2215	1.242
dot	twin	0.35	16.0314	0.7	1288	552	486	0.8804	0.3773	0.5283	0.4286	0.8654	0.1251	0.2186	1.251
dot	twin	0.35	16.0314	0.75	1288	534	475	0.8895	0.3688	0.5214	0.4146	0.8766	0.1222	0.2144	1.247
dot	twin	0.35	16.0314	0.8	1288	506	460	0.9091	0.3571	0.5128	0.3929	0.8967	0.1172	0.2074	1.235
dot	twin	0.35	16.0314	0.85	1288	485	449	0.9258	0.3486	0.5065	0.3766	0.9129	0.1147	0.2038	1.231
dot	twin	0.35	16.0314	0.9	1288	446	424	0.9507	0.3292	0.489	0.3463	0.9378	0.1092	0.1955	1.22
dot	twin	0.4	16.8909	0.0	1288	773	715	0.925	0.5551	0.6938	0.6002	0.5883	0.1983	0.2966	5.257
dot	twin	0.4	16.8909	0.05	1288	773	689	0.8913	0.5349	0.6686	0.6002	0.6254	0.1873	0.2882	3.479
dot	twin	0.4	16.8909	0.1	1288	773	656	0.8486	0.5093	0.6366	0.6002	0.6536	0.1782	0.2801	2.56
dot	twin	0.4	16.8909	0.15	1288	773	625	0.8085	0.4852	0.6065	0.6002	0.6613	0.1684	0.2684	1.973
dot	twin	0.4	16.8909	0.2	1288	766	597	0.7794	0.4635	0.5813	0.5947	0.6774	0.1607	0.2598	1.695
dot	twin	0.4	16.8909	0.25	1288	754	583	0.7732	0.4526	0.571	0.5854	0.6968	0.1556	0.2544	1.526
dot	twin	0.4	16.8909	0.3	1288	738	569	0.771	0.4418	0.5617	0.573	0.7162	0.1512	0.2498	1.402
dot	twin	0.4	16.8909	0.35	1288	718	557	0.7758	0.4325	0.5553	0.5575	0.7323	0.1476	0.2456	1.306
dot	twin	0.4	16.8909	0.4	1288	685	542	0.7912	0.4208	0.5494	0.5318	0.7592	0.1434	0.2413	1.263
dot	twin	0.4	16.8909	0.45	1288	660	528	0.8	0.4099	0.5421	0.5124	0.7732	0.1387	0.2351	1.247
dot	twin	0.4	16.8909	0.5	1288	631	519	0.8225	0.403	0.5409	0.4899	0.8033	0.1368	0.2338	1.238
dot	twin	0.4	16.8909	0.55	1288	601	507	0.8436	0.3936	0.5368	0.4666	0.8233	0.1323	0.228	1.245
dot	twin	0.4	16.8909	0.6	1288	566	489	0.864	0.3797	0.5275	0.4394	0.847	0.1274	0.2215	1.236
dot	twin	0.4	16.8909	0.65	1288	549	476	0.867	0.3696	0.5182	0.4262	0.8513	0.1227	0.2145	1.236
dot	twin	0.4	16.8909	0.7	1288	520	463	0.8904	0.3595	0.5122	0.4037	0.8754	0.1203	0.2116	1.246
dot	twin	0.4	16.8909	0.75	1288	505	453	0.897	0.3517	0.5053	0.3921	0.8843	0.1175	0.2074	1.24
dot	twin	0.4	16.8909	0.8	1288	478	439	0.9184	0.3408	0.4972	0.3711	0.9064	0.1133	0.2015	1.226
dot	twin	0.4	16.8909	0.85	1288	459	429	0.9346	0.3331	0.4911	0.3564	0.9221	0.1109	0.198	1.227
dot	twin	0.4	16.8909	0.9	1288	424	406	0.9575	0.3152	0.4743	0.3292	0.9452	0.1054	0.1897	1.219
dot	twin	0.45	17.5261	0.0	1288	708	660	0.9322	0.5124	0.6613	0.5497	0.6055	0.1831	0.2811	5.045
dot	twin	0.45	17.5261	0.05	1288	708	639	0.9025	0.4961	0.6403	0.5497	0.6408	0.1745	0.2743	3.4
dot	twin	0.45	17.5261	0.1	1288	708	612	0.8644	0.4752	0.6132	0.5497	0.6709	0.1665	0.2668	2.531
dot	twin	0.45	17.5261	0.15	1288	708	582	0.822	0.4519	0.5832	0.5497	0.6771	0.1567	0.2545	1.932
dot	twin	0.45	17.5261	0.2	1288	701	556	0.7932	0.4317	0.5591	0.5443	0.6939	0.1494	0.2459	1.648
dot	twin	0.45	17.5261	0.25	1288	691	543	0.7858	0.4216	0.5488	0.5365	0.7109	0.1444	0.24	1.496
dot	twin	0.45	17.5261	0.3	1288	676	529	0.7825	0.4107	0.5387	0.5248	0.7284	0.1403	0.2353	1.393
dot	twin	0.45	17.5261	0.35	1288	656	518	0.7896	0.4022	0.5329	0.5093	0.7451	0.1375	0.2322	1.302
dot	twin	0.45	17.5261	0.4	1288	629	505	0.8029	0.3921	0.5269	0.4884	0.7712	0.134	0.2283	1.256
dot	twin	0.45	17.5261	0.45	1288	608	493	0.8109	0.3828	0.52	0.472	0.7831	0.1296	0.2224	1.237
dot	twin	0.45	17.5261	0.5	1288	585	485	0.8291	0.3766	0.5179	0.4542	0.8091	0.1279	0.221	1.229
dot	twin	0.45	17.5261	0.55	1288	557	474	0.851	0.368	0.5138	0.4325	0.8299	0.1242	0.2161	1.235
dot	twin	0.45	17.5261	0.6	1288	524	457	0.8721	0.3548	0.5044	0.4068	0.8547	0.1198	0.2102	1.228
dot	twin	0.45	17.5261	0.65	1288	509	446	0.8762	0.3463	0.4964	0.3952	0.8593	0.1161	0.2046	1.229
dot	twin	0.45	17.5261	0.7	1288	484	435	0.8988	0.3377	0.491	0.3758	0.8826	0.1142	0.2022	1.237
dot	twin	0.45	17.5261	0.75	1288	471	427	0.9066	0.3315	0.4855	0.3657	0.893	0.1115	0.1983	1.229
dot	twin	0.45	17.5261	0.8	1288	449	416	0.9265	0.323	0.479	0.3486	0.9137	0.1077	0.1927	1.22
dot	twin	0.45	17.5261	0.85	1288	432	406	0.9398	0.3152	0.4721	0.3354	0.9265	0.1053	0.1891	1.222
dot	twin	0.45	17.5261	0.9	1288	399	384	0.9624	0.2981	0.4552	0.3098	0.9492	0.0999	0.1808	1.213
dot	twin	0.5	18.4558	0.0	1288	644	605	0.9394	0.4697	0.6263	0.5	0.628	0.1707	0.2684	4.752
dot	twin	0.5	18.4558	0.05	1288	644	587	0.9115	0.4557	0.6077	0.5	0.6576	0.1641	0.2626	3.269
dot	twin	0.5	18.4558	0.1	1288	644	563	0.8742	0.4371	0.5828	0.5	0.6872	0.1571	0.2557	2.46
dot	twin	0.5	18.4558	0.15	1288	644	536	0.8323	0.4161	0.5549	0.5	0.6904	0.1485	0.2444	1.874
dot	twin	0.5	18.4558	0.2	1288	639	516	0.8075	0.4006	0.5355	0.4961	0.7085	0.1419	0.2365	1.607
dot	twin	0.5	18.4558	0.25	1288	630	504	0.8	0.3913	0.5255	0.4891	0.7268	0.1371	0.2307	1.46
dot	twin	0.5	18.4558	0.3	1288	616	491	0.7971	0.3812	0.5158	0.4783	0.7452	0.1332	0.226	1.354
dot	twin	0.5	18.4558	0.35	1288	598	482	0.806	0.3742	0.5111	0.4643	0.762	0.1308	0.2232	1.292
dot	twin	0.5	18.4558	0.4	1288	577	471	0.8163	0.3657	0.5051	0.448	0.7847	0.1276	0.2195	1.258
dot	twin	0.5	18.4558	0.45	1288	560	460	0.8214	0.3571	0.4978	0.4348	0.7943	0.1234	0.2136	1.24
dot	twin	0.5	18.4558	0.5	1288	540	453	0.8389	0.3517	0.4956	0.4193	0.8197	0.1217	0.212	1.232
dot	twin	0.5	18.4558	0.55	1288	515	443	0.8602	0.3439	0.4914	0.3998	0.8399	0.118	0.207	1.237
dot	twin	0.5	18.4558	0.6	1288	488	429	0.8791	0.3331	0.4831	0.3789	0.8621	0.1145	0.2021	1.231
dot	twin	0.5	18.4558	0.65	1288	475	419	0.8821	0.3253	0.4753	0.3688	0.8657	0.1113	0.1972	1.233
dot	twin	0.5	18.4558	0.7	1288	453	410	0.9051	0.3183	0.471	0.3517	0.8898	0.1095	0.195	1.241
dot	twin	0.5	18.4558	0.75	1288	441	402	0.9116	0.3121	0.465	0.3424	0.897	0.1068	0.1909	1.231
dot	twin	0.5	18.4558	0.8	1288	419	391	0.9332	0.3036	0.4581	0.3253	0.9195	0.103	0.1852	1.222
dot	twin	0.5	18.4558	0.85	1288	406	383	0.9433	0.2974	0.4522	0.3152	0.9292	0.1009	0.182	1.222
dot	twin	0.5	18.4558	0.9	1288	377	364	0.9655	0.2826	0.4372	0.2927	0.9516	0.0959	0.1743	1.22
dot	twin	0.55	19.2027	0.0	1288	580	547	0.9431	0.4247	0.5857	0.4503	0.6452	0.1579	0.2537	4.591
dot	twin	0.55	19.2027	0.05	1288	580	534	0.9207	0.4146	0.5717	0.4503	0.6715	0.1532	0.2495	3.24
dot	twin	0.55	19.2027	0.1	1288	580	512	0.8828	0.3975	0.5482	0.4503	0.7022	0.1466	0.2426	2.45
dot	twin	0.55	19.2027	0.15	1288	580	488	0.8414	0.3789	0.5225	0.4503	0.7044	0.1388	0.2319	1.86
dot	twin	0.55	19.2027	0.2	1288	577	471	0.8163	0.3657	0.5051	0.448	0.7181	0.133	0.2245	1.608
dot	twin	0.55	19.2027	0.25	1288	568	459	0.8081	0.3564	0.4946	0.441	0.7359	0.1282	0.2184	1.462
dot	twin	0.55	19.2027	0.3	1288	557	448	0.8043	0.3478	0.4856	0.4325	0.7516	0.1246	0.2138	1.361
dot	twin	0.55	19.2027	0.35	1288	542	441	0.8137	0.3424	0.482	0.4208	0.7705	0.1222	0.211	1.295
dot	twin	0.55	19.2027	0.4	1288	526	434	0.8251	0.337	0.4785	0.4084	0.7928	0.1199	0.2082	1.267
dot	twin	0.55	19.2027	0.45	1288	509	423	0.831	0.3284	0.4708	0.3952	0.8027	0.1157	0.2022	1.253
dot	twin	0.55	19.2027	0.5	1288	491	416	0.8473	0.323	0.4677	0.3812	0.8278	0.114	0.2005	1.243
dot	twin	0.55	19.2027	0.55	1288	469	408	0.8699	0.3168	0.4644	0.3641	0.8494	0.1113	0.1968	1.248
dot	twin	0.55	19.2027	0.6	1288	449	399	0.8886	0.3098	0.4594	0.3486	0.8702	0.1084	0.1928	1.238
dot	twin	0.55	19.2027	0.65	1288	437	390	0.8924	0.3028	0.4522	0.3393	0.8746	0.1055	0.1883	1.24
dot	twin	0.55	19.2027	0.7	1288	420	383	0.9119	0.2974	0.4485	0.3261	0.8954	0.1041	0.1864	1.245
dot	twin	0.55	19.2027	0.75	1288	409	375	0.9169	0.2911	0.442	0.3175	0.9012	0.1014	0.1822	1.237
dot	twin	0.55	19.2027	0.8	1288	388	364	0.9381	0.2826	0.4344	0.3012	0.9233	0.0976	0.1765	1.227
dot	twin	0.55	19.2027	0.85	1288	377	357	0.9469	0.2772	0.4288	0.2927	0.9317	0.0957	0.1736	1.231
dot	twin	0.55	19.2027	0.9	1288	350	339	0.9686	0.2632	0.4139	0.2717	0.9536	0.0908	0.1658	1.229
dot	twin	0.6	19.8518	0.0	1288	515	487	0.9456	0.3781	0.5402	0.3998	0.6648	0.1391	0.2301	4.464
dot	twin	0.6	19.8518	0.05	1288	515	475	0.9223	0.3688	0.5269	0.3998	0.6889	0.135	0.2257	3.163
dot	twin	0.6	19.8518	0.1	1288	515	459	0.8913	0.3564	0.5092	0.3998	0.7189	0.1295	0.2194	2.423
dot	twin	0.6	19.8518	0.15	1288	515	442	0.8583	0.3432	0.4903	0.3998	0.7225	0.1251	0.2132	1.868
dot	twin	0.6	19.8518	0.2	1288	512	428	0.8359	0.3323	0.4756	0.3975	0.7396	0.1205	0.2072	1.615
dot	twin	0.6	19.8518	0.25	1288	503	419	0.833	0.3253	0.4679	0.3905	0.7597	0.1166	0.2022	1.47
dot	twin	0.6	19.8518	0.3	1288	494	408	0.8259	0.3168	0.4579	0.3835	0.7738	0.113	0.1972	1.362
dot	twin	0.6	19.8518	0.35	1288	481	401	0.8337	0.3113	0.4534	0.3734	0.7904	0.1107	0.1942	1.293
dot	twin	0.6	19.8518	0.4	1288	466	395	0.8476	0.3067	0.4504	0.3618	0.8147	0.1091	0.1924	1.267
dot	twin	0.6	19.8518	0.45	1288	452	385	0.8518	0.2989	0.4425	0.3509	0.8255	0.1057	0.1874	1.255
dot	twin	0.6	19.8518	0.5	1288	438	379	0.8653	0.2943	0.4392	0.3401	0.8476	0.1041	0.1854	1.246
dot	twin	0.6	19.8518	0.55	1288	421	371	0.8812	0.288	0.4342	0.3269	0.8628	0.1013	0.1813	1.251
dot	twin	0.6	19.8518	0.6	1288	406	364	0.8966	0.2826	0.4298	0.3152	0.8786	0.099	0.1779	1.243
dot	twin	0.6	19.8518	0.65	1288	395	356	0.9013	0.2764	0.4231	0.3067	0.884	0.0968	0.1745	1.247
dot	twin	0.6	19.8518	0.7	1288	381	351	0.9213	0.2725	0.4206	0.2958	0.9057	0.0956	0.1729	1.252
dot	twin	0.6	19.8518	0.75	1288	371	343	0.9245	0.2663	0.4135	0.288	0.9099	0.0929	0.1686	1.243
dot	twin	0.6	19.8518	0.8	1288	353	333	0.9433	0.2585	0.4059	0.2741	0.928	0.0894	0.163	1.235
dot	twin	0.6	19.8518	0.85	1288	344	328	0.9535	0.2547	0.402	0.2671	0.9377	0.0883	0.1615	1.238
dot	twin	0.6	19.8518	0.9	1288	321	313	0.9751	0.243	0.3891	0.2492	0.9598	0.084	0.1545	1.234
dot	twin	0.65	20.5417	0.0	1288	451	428	0.949	0.3323	0.4922	0.3502	0.6745	0.1214	0.2058	4.379
dot	twin	0.65	20.5417	0.05	1288	451	419	0.929	0.3253	0.4819	0.3502	0.6973	0.1182	0.2021	3.102
dot	twin	0.65	20.5417	0.1	1288	451	403	0.8936	0.3129	0.4635	0.3502	0.7244	0.113	0.1955	2.384
dot	twin	0.65	20.5417	0.15	1288	451	387	0.8581	0.3005	0.4451	0.3502	0.7289	0.1087	0.1891	1.831
dot	twin	0.65	20.5417	0.2	1288	448	375	0.8371	0.2911	0.432	0.3478	0.7436	0.1046	0.1833	1.596
dot	twin	0.65	20.5417	0.25	1288	440	367	0.8341	0.2849	0.4248	0.3416	0.7645	0.1016	0.1794	1.448
dot	twin	0.65	20.5417	0.3	1288	431	357	0.8283	0.2772	0.4154	0.3346	0.7785	0.0989	0.1755	1.356
dot	twin	0.65	20.5417	0.35	1288	420	352	0.8381	0.2733	0.4122	0.3261	0.7982	0.0977	0.1741	1.299
dot	twin	0.65	20.5417	0.4	1288	407	347	0.8526	0.2694	0.4094	0.316	0.825	0.0965	0.1728	1.267
dot	twin	0.65	20.5417	0.45	1288	394	339	0.8604	0.2632	0.4031	0.3059	0.8382	0.0941	0.1692	1.261
dot	twin	0.65	20.5417	0.5	1288	381	334	0.8766	0.2593	0.4002	0.2958	0.8611	0.0926	0.1672	1.255
dot	twin	0.65	20.5417	0.55	1288	366	326	0.8907	0.2531	0.3942	0.2842	0.8745	0.0899	0.163	1.26
dot	twin	0.65	20.5417	0.6	1288	356	323	0.9073	0.2508	0.3929	0.2764	0.8907	0.0887	0.1614	1.258
dot	twin	0.65	20.5417	0.65	1288	346	316	0.9133	0.2453	0.3868	0.2686	0.8976	0.087	0.1586	1.263
dot	twin	0.65	20.5417	0.7	1288	334	311	0.9311	0.2415	0.3835	0.2593	0.9149	0.0857	0.1568	1.269
dot	twin	0.65	20.5417	0.75	1288	328	306	0.9329	0.2376	0.3787	0.2547	0.9179	0.0837	0.1534	1.256
dot	twin	0.65	20.5417	0.8	1288	317	299	0.9432	0.2321	0.3726	0.2461	0.9277	0.0808	0.1486	1.246
dot	twin	0.65	20.5417	0.85	1288	311	295	0.9486	0.229	0.369	0.2415	0.9327	0.0798	0.147	1.251
dot	twin	0.65	20.5417	0.9	1288	289	281	0.9723	0.2182	0.3564	0.2244	0.9553	0.0756	0.1401	1.249
dot	twin	0.7	21.5124	0.0	1288	387	370	0.9561	0.2873	0.4418	0.3005	0.6914	0.1039	0.1806	4.145
dot	twin	0.7	21.5124	0.05	1288	387	363	0.938	0.2818	0.4334	0.3005	0.7131	0.101	0.1769	3.003
dot	twin	0.7	21.5124	0.1	1288	387	350	0.9044	0.2717	0.4179	0.3005	0.7413	0.0968	0.1713	2.318
dot	twin	0.7	21.5124	0.15	1288	387	338	0.8734	0.2624	0.4036	0.3005	0.7462	0.0932	0.1656	1.819
dot	twin	0.7	21.5124	0.2	1288	384	326	0.849	0.2531	0.39	0.2981	0.7608	0.0891	0.1594	1.578
dot	twin	0.7	21.5124	0.25	1288	377	320	0.8488	0.2484	0.3844	0.2927	0.7846	0.0873	0.1571	1.439
dot	twin	0.7	21.5124	0.3	1288	369	310	0.8401	0.2407	0.3742	0.2865	0.7955	0.0846	0.1529	1.354
dot	twin	0.7	21.5124	0.35	1288	361	307	0.8504	0.2384	0.3723	0.2803	0.8153	0.0842	0.1527	1.305
dot	twin	0.7	21.5124	0.4	1288	351	302	0.8604	0.2345	0.3685	0.2725	0.8378	0.083	0.1511	1.271
dot	twin	0.7	21.5124	0.45	1288	342	296	0.8655	0.2298	0.3632	0.2655	0.8482	0.0818	0.1492	1.263
dot	twin	0.7	21.5124	0.5	1288	330	292	0.8848	0.2267	0.3609	0.2562	0.8684	0.0807	0.1476	1.27
dot	twin	0.7	21.5124	0.55	1288	320	285	0.8906	0.2213	0.3545	0.2484	0.8737	0.0782	0.1435	1.275
dot	twin	0.7	21.5124	0.6	1288	311	283	0.91	0.2197	0.354	0.2415	0.8926	0.0778	0.1432	1.273
dot	twin	0.7	21.5124	0.65	1288	302	276	0.9139	0.2143	0.3472	0.2345	0.8976	0.0761	0.1403	1.278
dot	twin	0.7	21.5124	0.7	1288	293	273	0.9317	0.212	0.3454	0.2275	0.915	0.0751	0.1389	1.283
dot	twin	0.7	21.5124	0.75	1288	289	270	0.9343	0.2096	0.3424	0.2244	0.919	0.0743	0.1374	1.266
dot	twin	0.7	21.5124	0.8	1288	280	264	0.9429	0.205	0.3367	0.2174	0.9271	0.0716	0.1329	1.264
dot	twin	0.7	21.5124	0.85	1288	276	261	0.9457	0.2026	0.3338	0.2143	0.9296	0.0707	0.1313	1.268
dot	twin	0.7	21.5124	0.9	1288	255	248	0.9725	0.1925	0.3215	0.198	0.9552	0.0665	0.1243	1.267
dot	twin	0.75	22.5678	0.0	1288	322	312	0.9689	0.2422	0.3876	0.25	0.7201	0.0862	0.154	3.988
dot	twin	0.75	22.5678	0.05	1288	322	306	0.9503	0.2376	0.3801	0.25	0.7414	0.0843	0.1514	2.901
dot	twin	0.75	22.5678	0.1	1288	322	297	0.9224	0.2306	0.3689	0.25	0.7672	0.0815	0.1474	2.255
dot	twin	0.75	22.5678	0.15	1288	322	286	0.8882	0.222	0.3553	0.25	0.7694	0.0781	0.1417	1.783
dot	twin	0.75	22.5678	0.2	1288	320	277	0.8656	0.2151	0.3445	0.2484	0.7822	0.075	0.1369	1.578
dot	twin	0.75	22.5678	0.25	1288	316	274	0.8671	0.2127	0.3416	0.2453	0.8062	0.0746	0.1366	1.449
dot	twin	0.75	22.5678	0.3	1288	310	267	0.8613	0.2073	0.3342	0.2407	0.8183	0.0725	0.1333	1.371
dot	twin	0.75	22.5678	0.35	1288	305	264	0.8656	0.205	0.3315	0.2368	0.8317	0.0722	0.1329	1.318
dot	twin	0.75	22.5678	0.4	1288	298	260	0.8725	0.2019	0.3279	0.2314	0.851	0.0718	0.1324	1.285
dot	twin	0.75	22.5678	0.45	1288	291	255	0.8763	0.198	0.323	0.2259	0.8594	0.0708	0.1308	1.282
dot	twin	0.75	22.5678	0.5	1288	281	251	0.8932	0.1949	0.3199	0.2182	0.8757	0.0697	0.1291	1.292
dot	twin	0.75	22.5678	0.55	1288	275	247	0.8982	0.1918	0.3161	0.2135	0.8803	0.0686	0.1273	1.298
dot	twin	0.75	22.5678	0.6	1288	268	245	0.9142	0.1902	0.3149	0.2081	0.8958	0.0683	0.1269	1.295
dot	twin	0.75	22.5678	0.65	1288	260	239	0.9192	0.1856	0.3088	0.2019	0.9003	0.0667	0.1241	1.304
dot	twin	0.75	22.5678	0.7	1288	252	236	0.9365	0.1832	0.3065	0.1957	0.917	0.0657	0.1227	1.31
dot	twin	0.75	22.5678	0.75	1288	249	234	0.9398	0.1817	0.3045	0.1933	0.922	0.0651	0.1216	1.289
dot	twin	0.75	22.5678	0.8	1288	241	229	0.9502	0.1778	0.2995	0.1871	0.9319	0.0632	0.1184	1.286
dot	twin	0.75	22.5678	0.85	1288	239	228	0.954	0.177	0.2986	0.1856	0.9355	0.0631	0.1182	1.289
dot	twin	0.75	22.5678	0.9	1288	222	217	0.9775	0.1685	0.2874	0.1724	0.9576	0.0591	0.1114	1.284
dot	twin	0.8	23.9506	0.0	1288	258	250	0.969	0.1941	0.3234	0.2003	0.7489	0.0673	0.1236	3.314
dot	twin	0.8	23.9506	0.05	1288	258	246	0.9535	0.191	0.3182	0.2003	0.7687	0.0662	0.1218	2.492
dot	twin	0.8	23.9506	0.1	1288	258	241	0.9341	0.1871	0.3118	0.2003	0.7915	0.0651	0.1203	2.035
dot	twin	0.8	23.9506	0.15	1288	258	235	0.9109	0.1825	0.304	0.2003	0.794	0.0629	0.1166	1.748
dot	twin	0.8	23.9506	0.2	1288	258	228	0.8837	0.177	0.295	0.2003	0.8031	0.06	0.1117	1.566
dot	twin	0.8	23.9506	0.25	1288	256	226	0.8828	0.1755	0.2927	0.1988	0.8262	0.0597	0.1114	1.434
dot	twin	0.8	23.9506	0.3	1288	251	221	0.8805	0.1716	0.2872	0.1949	0.8403	0.0585	0.1093	1.359
dot	twin	0.8	23.9506	0.35	1288	247	219	0.8866	0.17	0.2853	0.1918	0.8509	0.0582	0.1089	1.34
dot	twin	0.8	23.9506	0.4	1288	244	216	0.8852	0.1677	0.282	0.1894	0.863	0.0579	0.1085	1.299
dot	twin	0.8	23.9506	0.45	1288	240	213	0.8875	0.1654	0.2788	0.1863	0.8691	0.0577	0.1082	1.296
dot	twin	0.8	23.9506	0.5	1288	231	209	0.9048	0.1623	0.2752	0.1793	0.8856	0.0566	0.1064	1.307
dot	twin	0.8	23.9506	0.55	1288	226	205	0.9071	0.1592	0.2708	0.1755	0.8875	0.0555	0.1045	1.314
dot	twin	0.8	23.9506	0.6	1288	221	204	0.9231	0.1584	0.2704	0.1716	0.9031	0.0554	0.1045	1.317
dot	twin	0.8	23.9506	0.65	1288	216	200	0.9259	0.1553	0.266	0.1677	0.9055	0.0544	0.1027	1.324
dot	twin	0.8	23.9506	0.7	1288	211	198	0.9384	0.1537	0.2642	0.1638	0.9175	0.0539	0.1018	1.327
dot	twin	0.8	23.9506	0.75	1288	209	197	0.9426	0.153	0.2632	0.1623	0.9238	0.0538	0.1016	1.306
dot	twin	0.8	23.9506	0.8	1288	203	193	0.9507	0.1498	0.2589	0.1576	0.9314	0.0521	0.0986	1.3
dot	twin	0.8	23.9506	0.85	1288	201	192	0.9552	0.1491	0.2579	0.1561	0.9357	0.052	0.0984	1.303
dot	twin	0.8	23.9506	0.9	1288	188	183	0.9734	0.1421	0.248	0.146	0.9526	0.049	0.0931	1.298
dot	twin	0.85	25.1692	0.0	1288	194	191	0.9845	0.1483	0.2578	0.1506	0.7704	0.0547	0.1021	3.098
dot	twin	0.85	25.1692	0.05	1288	194	187	0.9639	0.1452	0.2524	0.1506	0.7851	0.0536	0.1003	2.407
dot	twin	0.85	25.1692	0.1	1288	194	183	0.9433	0.1421	0.247	0.1506	0.8011	0.0526	0.0986	2.052
dot	twin	0.85	25.1692	0.15	1288	194	178	0.9175	0.1382	0.2402	0.1506	0.8042	0.0507	0.0953	1.768
dot	twin	0.85	25.1692	0.2	1288	194	173	0.8918	0.1343	0.2335	0.1506	0.8091	0.0486	0.0917	1.572
dot	twin	0.85	25.1692	0.25	1288	192	171	0.8906	0.1328	0.2311	0.1491	0.8355	0.0485	0.0916	1.422
dot	twin	0.85	25.1692	0.3	1288	188	167	0.8883	0.1297	0.2263	0.146	0.8528	0.0472	0.0895	1.33
dot	twin	0.85	25.1692	0.35	1288	186	165	0.8871	0.1281	0.2239	0.1444	0.8566	0.0469	0.089	1.317
dot	twin	0.85	25.1692	0.4	1288	183	163	0.8907	0.1266	0.2216	0.1421	0.8666	0.0468	0.0887	1.301
dot	twin	0.85	25.1692	0.45	1288	180	161	0.8944	0.125	0.2193	0.1398	0.8727	0.0466	0.0886	1.3
dot	twin	0.85	25.1692	0.5	1288	177	159	0.8983	0.1234	0.2171	0.1374	0.8762	0.0459	0.0872	1.305
dot	twin	0.85	25.1692	0.55	1288	173	156	0.9017	0.1211	0.2136	0.1343	0.8791	0.0449	0.0855	1.312
dot	twin	0.85	25.1692	0.6	1288	169	156	0.9231	0.1211	0.2141	0.1312	0.8999	0.0449	0.0856	1.314
dot	twin	0.85	25.1692	0.65	1288	166	154	0.9277	0.1196	0.2118	0.1289	0.9041	0.044	0.0839	1.319
dot	twin	0.85	25.1692	0.7	1288	162	153	0.9444	0.1188	0.211	0.1258	0.9203	0.0438	0.0837	1.327
dot	twin	0.85	25.1692	0.75	1288	160	152	0.95	0.118	0.2099	0.1242	0.9286	0.0437	0.0836	1.3
dot	twin	0.85	25.1692	0.8	1288	156	149	0.9551	0.1157	0.2064	0.1211	0.9332	0.0424	0.0812	1.288
dot	twin	0.85	25.1692	0.85	1288	154	148	0.961	0.1149	0.2053	0.1196	0.9389	0.0423	0.081	1.292
dot	twin	0.85	25.1692	0.9	1288	146	143	0.9795	0.111	0.1994	0.1134	0.9561	0.0403	0.0773	1.288
dot	twin	0.9	27.0855	0.0	1288	129	128	0.9922	0.0994	0.1807	0.1002	0.7966	0.0376	0.0718	2.721
dot	twin	0.9	27.0855	0.05	1288	129	126	0.9767	0.0978	0.1778	0.1002	0.8137	0.0367	0.0702	2.163
dot	twin	0.9	27.0855	0.1	1288	129	123	0.9535	0.0955	0.1736	0.1002	0.8223	0.0362	0.0693	1.922
dot	twin	0.9	27.0855	0.15	1288	129	121	0.938	0.0939	0.1708	0.1002	0.8291	0.0356	0.0684	1.674
dot	twin	0.9	27.0855	0.2	1288	129	119	0.9225	0.0924	0.168	0.1002	0.8443	0.0348	0.0669	1.496
dot	twin	0.9	27.0855	0.25	1288	128	117	0.9141	0.0908	0.1653	0.0994	0.8626	0.0347	0.0667	1.398
dot	twin	0.9	27.0855	0.3	1288	127	116	0.9134	0.0901	0.164	0.0986	0.874	0.0342	0.0658	1.354
dot	twin	0.9	27.0855	0.35	1288	126	115	0.9127	0.0893	0.1627	0.0978	0.877	0.0341	0.0657	1.341
dot	twin	0.9	27.0855	0.4	1288	125	114	0.912	0.0885	0.1614	0.097	0.886	0.034	0.0654	1.312
dot	twin	0.9	27.0855	0.45	1288	124	114	0.9194	0.0885	0.1615	0.0963	0.8931	0.034	0.0654	1.315
dot	twin	0.9	27.0855	0.5	1288	122	112	0.918	0.087	0.1589	0.0947	0.8914	0.0332	0.064	1.32
dot	twin	0.9	27.0855	0.55	1288	120	110	0.9167	0.0854	0.1562	0.0932	0.8896	0.033	0.0637	1.325
dot	twin	0.9	27.0855	0.6	1288	117	110	0.9402	0.0854	0.1566	0.0908	0.9124	0.033	0.0638	1.325
dot	twin	0.9	27.0855	0.65	1288	115	109	0.9478	0.0846	0.1554	0.0893	0.9196	0.0329	0.0635	1.33
dot	twin	0.9	27.0855	0.7	1288	113	108	0.9558	0.0839	0.1542	0.0877	0.927	0.0327	0.0632	1.336
dot	twin	0.9	27.0855	0.75	1288	112	107	0.9554	0.0831	0.1529	0.087	0.9308	0.0326	0.063	1.295
dot	twin	0.9	27.0855	0.8	1288	108	104	0.963	0.0807	0.149	0.0839	0.9375	0.0313	0.0607	1.296
dot	twin	0.9	27.0855	0.85	1288	107	103	0.9626	0.08	0.1477	0.0831	0.9369	0.0312	0.0605	1.299
dot	twin	0.9	27.0855	0.9	1288	100	99	0.99	0.0769	0.1427	0.0776	0.9625	0.0293	0.0569	1.3
dot	twin	0.95	30.6927	0.0	1288	65	65	1.0	0.0505	0.0961	0.0505	0.8554	0.02	0.0391	1.846
dot	twin	0.95	30.6927	0.05	1288	65	65	1.0	0.0505	0.0961	0.0505	0.8637	0.0199	0.0389	1.754
dot	twin	0.95	30.6927	0.1	1288	65	65	1.0	0.0505	0.0961	0.0505	0.8794	0.0197	0.0385	1.646
dot	twin	0.95	30.6927	0.15	1288	65	65	1.0	0.0505	0.0961	0.0505	0.8954	0.0197	0.0385	1.523
dot	twin	0.95	30.6927	0.2	1288	65	65	1.0	0.0505	0.0961	0.0505	0.9167	0.0197	0.0385	1.431
dot	twin	0.95	30.6927	0.25	1288	65	63	0.9692	0.0489	0.0931	0.0505	0.9269	0.0195	0.0383	1.338
dot	twin	0.95	30.6927	0.3	1288	65	63	0.9692	0.0489	0.0931	0.0505	0.9385	0.0195	0.0383	1.292
dot	twin	0.95	30.6927	0.35	1288	65	63	0.9692	0.0489	0.0931	0.0505	0.9385	0.0195	0.0383	1.292
dot	twin	0.95	30.6927	0.4	1288	65	63	0.9692	0.0489	0.0931	0.0505	0.9385	0.0195	0.0383	1.292
dot	twin	0.95	30.6927	0.45	1288	65	63	0.9692	0.0489	0.0931	0.0505	0.9385	0.0195	0.0383	1.292
dot	twin	0.95	30.6927	0.5	1288	64	62	0.9688	0.0481	0.0917	0.0497	0.9375	0.0192	0.0375	1.297
dot	twin	0.95	30.6927	0.55	1288	63	61	0.9683	0.0474	0.0903	0.0489	0.9365	0.019	0.0373	1.302
dot	twin	0.95	30.6927	0.6	1288	61	61	1.0	0.0474	0.0904	0.0474	0.9672	0.019	0.0373	1.295
dot	twin	0.95	30.6927	0.65	1288	61	61	1.0	0.0474	0.0904	0.0474	0.9672	0.019	0.0373	1.295
dot	twin	0.95	30.6927	0.7	1288	61	61	1.0	0.0474	0.0904	0.0474	0.9672	0.019	0.0373	1.295
dot	twin	0.95	30.6927	0.75	1288	61	61	1.0	0.0474	0.0904	0.0474	0.9754	0.019	0.0373	1.279
dot	twin	0.95	30.6927	0.8	1288	58	58	1.0	0.045	0.0862	0.045	0.9741	0.0178	0.0349	1.276
dot	twin	0.95	30.6927	0.85	1288	57	57	1.0	0.0443	0.0848	0.0443	0.9737	0.0176	0.0347	1.281
dot	twin	0.95	30.6927	0.9	1288	55	55	1.0	0.0427	0.0819	0.0427	0.9727	0.0167	0.0329	1.291
