metric	condition	nn_min	tau	k_max	floor	n_abstained	mean_admitted	n_calls	calls_per_speaking_orf	n_adjudicable	n_fired	n_correct	precision	recall	f1	coverage	mnxr_macro_precision	mnxr_macro_recall	mnxr_macro_f1	mnxr_mean_pred_size
cosine	pool	0.0	0.0	5	0.0	0	5.0	3097	2.405	1288	1281	1087	0.8486	0.8439	0.8462	0.9946	0.6863	0.3095	0.4266	2.405
cosine	pool	0.0	0.0	5	0.05	0	5.0	3097	2.405	1288	1281	1087	0.8486	0.8439	0.8462	0.9946	0.6863	0.3095	0.4266	2.405
cosine	pool	0.0	0.0	5	0.1	0	5.0	3097	2.405	1288	1281	1087	0.8486	0.8439	0.8462	0.9946	0.6863	0.3095	0.4266	2.405
cosine	pool	0.0	0.0	5	0.2	0	5.0	2326	1.806	1288	1278	1087	0.8505	0.8439	0.8472	0.9922	0.752	0.307	0.436	1.806
cosine	pool	0.0	0.0	5	0.3	0	5.0	1941	1.526	1288	1259	1023	0.8125	0.7943	0.8033	0.9775	0.7497	0.2806	0.4084	1.526
cosine	pool	0.0	0.0	5	0.5	0	5.0	1540	1.325	1288	1147	949	0.8274	0.7368	0.7795	0.8905	0.7985	0.2583	0.3903	1.325
cosine	pool	0.0	0.0	10	0.0	0	10.0	4650	3.61	1288	1284	1087	0.8466	0.8439	0.8453	0.9969	0.6128	0.3135	0.4148	3.61
cosine	pool	0.0	0.0	10	0.05	0	10.0	4650	3.61	1288	1284	1087	0.8466	0.8439	0.8453	0.9969	0.6128	0.3135	0.4148	3.61
cosine	pool	0.0	0.0	10	0.1	0	10.0	3223	2.502	1288	1282	1087	0.8479	0.8439	0.8459	0.9953	0.6678	0.3105	0.4239	2.502
cosine	pool	0.0	0.0	10	0.2	0	10.0	2326	1.82	1288	1266	1031	0.8144	0.8005	0.8074	0.9829	0.7064	0.2832	0.4043	1.82
cosine	pool	0.0	0.0	10	0.3	0	10.0	1823	1.492	1288	1208	960	0.7947	0.7453	0.7692	0.9379	0.7338	0.2607	0.3848	1.492
cosine	pool	0.0	0.0	10	0.5	0	10.0	1407	1.311	1288	1059	857	0.8093	0.6654	0.7303	0.8222	0.7817	0.2322	0.358	1.311
cosine	pool	0.0	0.0	30	0.0	0	30.0	9325	7.24	1288	1287	1088	0.8454	0.8447	0.845	0.9992	0.4921	0.3181	0.3864	7.24
cosine	pool	0.0	0.0	30	0.05	0	30.0	5275	4.095	1288	1284	1055	0.8217	0.8191	0.8204	0.9969	0.5435	0.2948	0.3823	4.095
cosine	pool	0.0	0.0	30	0.1	0	30.0	3398	2.638	1288	1282	995	0.7761	0.7725	0.7743	0.9953	0.5822	0.2726	0.3713	2.638
cosine	pool	0.0	0.0	30	0.2	0	30.0	2156	1.737	1288	1226	871	0.7104	0.6762	0.6929	0.9519	0.6093	0.2371	0.3414	1.737
cosine	pool	0.0	0.0	30	0.3	0	30.0	1632	1.419	1288	1131	799	0.7065	0.6203	0.6606	0.8781	0.6482	0.2157	0.3236	1.419
cosine	pool	0.0	0.0	30	0.5	0	30.0	1238	1.278	1288	953	720	0.7555	0.559	0.6426	0.7399	0.7282	0.1917	0.3035	1.278
cosine	pool	0.0	0.9	5	0.0	0	4.1	2406	1.868	1288	1277	1087	0.8512	0.8439	0.8476	0.9915	0.7857	0.3076	0.4421	1.868
cosine	pool	0.0	0.9	5	0.05	0	4.1	2406	1.868	1288	1277	1087	0.8512	0.8439	0.8476	0.9915	0.7857	0.3076	0.4421	1.868
cosine	pool	0.0	0.9	5	0.1	0	4.1	2406	1.868	1288	1277	1087	0.8512	0.8439	0.8476	0.9915	0.7857	0.3076	0.4421	1.868
cosine	pool	0.0	0.9	5	0.2	0	4.1	2154	1.672	1288	1276	1087	0.8519	0.8439	0.8479	0.9907	0.7948	0.3071	0.4431	1.672
cosine	pool	0.0	0.9	5	0.3	0	4.1	1904	1.484	1288	1270	1079	0.8496	0.8377	0.8436	0.986	0.8061	0.3009	0.4382	1.484
cosine	pool	0.0	0.9	5	0.5	0	4.1	1735	1.4	1288	1227	1062	0.8655	0.8245	0.8445	0.9526	0.8341	0.296	0.437	1.4
cosine	pool	0.0	0.9	10	0.0	0	7.22	2731	2.12	1288	1280	1087	0.8492	0.8439	0.8466	0.9938	0.7728	0.3092	0.4417	2.12
cosine	pool	0.0	0.9	10	0.05	0	7.22	2731	2.12	1288	1280	1087	0.8492	0.8439	0.8466	0.9938	0.7728	0.3092	0.4417	2.12
cosine	pool	0.0	0.9	10	0.1	0	7.22	2462	1.911	1288	1278	1087	0.8505	0.8439	0.8472	0.9922	0.7801	0.3088	0.4424	1.911
cosine	pool	0.0	0.9	10	0.2	0	7.22	2068	1.608	1288	1275	1082	0.8486	0.8401	0.8443	0.9899	0.796	0.3037	0.4397	1.608
cosine	pool	0.0	0.9	10	0.3	0	7.22	1888	1.487	1288	1257	1073	0.8536	0.8331	0.8432	0.9759	0.8096	0.2988	0.4365	1.487
cosine	pool	0.0	0.9	10	0.5	0	7.22	1722	1.398	1288	1220	1058	0.8672	0.8214	0.8437	0.9472	0.8361	0.2949	0.436	1.398
cosine	pool	0.0	0.9	30	0.0	0	17.17	3213	2.495	1288	1282	1088	0.8487	0.8447	0.8467	0.9953	0.7601	0.3113	0.4417	2.495
cosine	pool	0.0	0.9	30	0.05	0	17.17	2705	2.1	1288	1279	1087	0.8499	0.8439	0.8469	0.993	0.7735	0.307	0.4395	2.1
cosine	pool	0.0	0.9	30	0.1	0	17.17	2377	1.845	1288	1279	1083	0.8468	0.8408	0.8438	0.993	0.779	0.3048	0.4382	1.845
cosine	pool	0.0	0.9	30	0.2	0	17.17	2087	1.63	1288	1268	1074	0.847	0.8339	0.8404	0.9845	0.79	0.3023	0.4373	1.63
cosine	pool	0.0	0.9	30	0.3	0	17.17	1874	1.484	1288	1247	1062	0.8516	0.8245	0.8379	0.9682	0.8044	0.2964	0.4331	1.484
cosine	pool	0.0	0.9	30	0.5	0	17.17	1694	1.39	1288	1203	1043	0.867	0.8098	0.8374	0.934	0.8342	0.2919	0.4325	1.39
cosine	pool	0.0	0.95	5	0.0	0	3.65	2200	1.708	1288	1275	1087	0.8525	0.8439	0.8482	0.9899	0.8061	0.3069	0.4446	1.708
cosine	pool	0.0	0.95	5	0.05	0	3.65	2200	1.708	1288	1275	1087	0.8525	0.8439	0.8482	0.9899	0.8061	0.3069	0.4446	1.708
cosine	pool	0.0	0.95	5	0.1	0	3.65	2200	1.708	1288	1275	1087	0.8525	0.8439	0.8482	0.9899	0.8061	0.3069	0.4446	1.708
cosine	pool	0.0	0.95	5	0.2	0	3.65	2072	1.609	1288	1275	1087	0.8525	0.8439	0.8482	0.9899	0.8083	0.3066	0.4446	1.609
cosine	pool	0.0	0.95	5	0.3	0	3.65	1894	1.475	1288	1271	1086	0.8544	0.8432	0.8488	0.9868	0.8187	0.3031	0.4424	1.475
cosine	pool	0.0	0.95	5	0.5	0	3.65	1781	1.413	1288	1248	1085	0.8694	0.8424	0.8557	0.9689	0.8366	0.3021	0.4439	1.413
cosine	pool	0.0	0.95	10	0.0	0	6.09	2324	1.804	1288	1276	1087	0.8519	0.8439	0.8479	0.9907	0.8023	0.3079	0.445	1.804
cosine	pool	0.0	0.95	10	0.05	0	6.09	2324	1.804	1288	1276	1087	0.8519	0.8439	0.8479	0.9907	0.8023	0.3079	0.445	1.804
cosine	pool	0.0	0.95	10	0.1	0	6.09	2246	1.744	1288	1276	1087	0.8519	0.8439	0.8479	0.9907	0.8041	0.3076	0.445	1.744
cosine	pool	0.0	0.95	10	0.2	0	6.09	1967	1.53	1288	1273	1086	0.8531	0.8432	0.8481	0.9884	0.815	0.3046	0.4435	1.53
cosine	pool	0.0	0.95	10	0.3	0	6.09	1890	1.475	1288	1268	1086	0.8565	0.8432	0.8498	0.9845	0.821	0.3033	0.443	1.475
cosine	pool	0.0	0.95	10	0.5	0	6.09	1777	1.41	1288	1248	1085	0.8694	0.8424	0.8557	0.9689	0.8366	0.3021	0.4439	1.41
cosine	pool	0.0	0.95	30	0.0	0	13.3	2399	1.863	1288	1276	1088	0.8527	0.8447	0.8487	0.9907	0.8009	0.3091	0.4461	1.863
cosine	pool	0.0	0.95	30	0.05	0	13.3	2266	1.759	1288	1276	1088	0.8527	0.8447	0.8487	0.9907	0.8091	0.306	0.444	1.759
cosine	pool	0.0	0.95	30	0.1	0	13.3	2140	1.661	1288	1276	1088	0.8527	0.8447	0.8487	0.9907	0.8116	0.3059	0.4443	1.661
cosine	pool	0.0	0.95	30	0.2	0	13.3	1965	1.529	1288	1272	1087	0.8546	0.8439	0.8492	0.9876	0.8154	0.3051	0.4441	1.529
cosine	pool	0.0	0.95	30	0.3	0	13.3	1893	1.478	1288	1267	1086	0.8571	0.8432	0.8501	0.9837	0.821	0.3034	0.4431	1.478
cosine	pool	0.0	0.95	30	0.5	0	13.3	1773	1.407	1288	1247	1084	0.8693	0.8416	0.8552	0.9682	0.8365	0.302	0.4438	1.407
cosine	pool	0.0	0.98	5	0.0	0	3.25	2057	1.597	1288	1274	1087	0.8532	0.8439	0.8486	0.9891	0.8095	0.3069	0.4451	1.597
cosine	pool	0.0	0.98	5	0.05	0	3.25	2057	1.597	1288	1274	1087	0.8532	0.8439	0.8486	0.9891	0.8095	0.3069	0.4451	1.597
cosine	pool	0.0	0.98	5	0.1	0	3.25	2057	1.597	1288	1274	1087	0.8532	0.8439	0.8486	0.9891	0.8095	0.3069	0.4451	1.597
cosine	pool	0.0	0.98	5	0.2	0	3.25	2022	1.57	1288	1274	1087	0.8532	0.8439	0.8486	0.9891	0.8099	0.3066	0.4448	1.57
cosine	pool	0.0	0.98	5	0.3	0	3.25	1889	1.469	1288	1272	1087	0.8546	0.8439	0.8492	0.9876	0.8185	0.3043	0.4436	1.469
cosine	pool	0.0	0.98	5	0.5	0	3.25	1820	1.422	1288	1265	1086	0.8585	0.8432	0.8508	0.9821	0.8242	0.3033	0.4435	1.422
cosine	pool	0.0	0.98	10	0.0	0	5.08	2082	1.616	1288	1274	1087	0.8532	0.8439	0.8486	0.9891	0.8073	0.3076	0.4454	1.616
cosine	pool	0.0	0.98	10	0.05	0	5.08	2082	1.616	1288	1274	1087	0.8532	0.8439	0.8486	0.9891	0.8073	0.3076	0.4454	1.616
cosine	pool	0.0	0.98	10	0.1	0	5.08	2071	1.608	1288	1274	1087	0.8532	0.8439	0.8486	0.9891	0.8078	0.3074	0.4454	1.608
cosine	pool	0.0	0.98	10	0.2	0	5.08	1959	1.521	1288	1274	1087	0.8532	0.8439	0.8486	0.9891	0.8153	0.305	0.444	1.521
cosine	pool	0.0	0.98	10	0.3	0	5.08	1894	1.472	1288	1273	1087	0.8539	0.8439	0.8489	0.9884	0.8183	0.3045	0.4438	1.472
cosine	pool	0.0	0.98	10	0.5	0	5.08	1817	1.422	1288	1263	1086	0.8599	0.8432	0.8514	0.9806	0.8255	0.3033	0.4436	1.422
cosine	pool	0.0	0.98	30	0.0	0	10.53	2097	1.628	1288	1274	1087	0.8532	0.8439	0.8486	0.9891	0.8068	0.3083	0.4462	1.628
cosine	pool	0.0	0.98	30	0.05	0	10.53	2023	1.571	1288	1274	1087	0.8532	0.8439	0.8486	0.9891	0.8134	0.3053	0.444	1.571
cosine	pool	0.0	0.98	30	0.1	0	10.53	2004	1.556	1288	1274	1087	0.8532	0.8439	0.8486	0.9891	0.8145	0.3053	0.4441	1.556
cosine	pool	0.0	0.98	30	0.2	0	10.53	1959	1.521	1288	1274	1087	0.8532	0.8439	0.8486	0.9891	0.8153	0.305	0.444	1.521
cosine	pool	0.0	0.98	30	0.3	0	10.53	1895	1.472	1288	1273	1087	0.8539	0.8439	0.8489	0.9884	0.8183	0.3045	0.4438	1.472
cosine	pool	0.0	0.98	30	0.5	0	10.53	1817	1.422	1288	1263	1086	0.8599	0.8432	0.8514	0.9806	0.8255	0.3033	0.4436	1.422
cosine	pool	0.0	0.995	5	0.0	0	2.87	1962	1.523	1288	1273	1087	0.8539	0.8439	0.8489	0.9884	0.8102	0.3064	0.4446	1.523
cosine	pool	0.0	0.995	5	0.05	0	2.87	1962	1.523	1288	1273	1087	0.8539	0.8439	0.8489	0.9884	0.8102	0.3064	0.4446	1.523
cosine	pool	0.0	0.995	5	0.1	0	2.87	1962	1.523	1288	1273	1087	0.8539	0.8439	0.8489	0.9884	0.8102	0.3064	0.4446	1.523
cosine	pool	0.0	0.995	5	0.2	0	2.87	1955	1.518	1288	1273	1087	0.8539	0.8439	0.8489	0.9884	0.8105	0.3061	0.4444	1.518
cosine	pool	0.0	0.995	5	0.3	0	2.87	1874	1.455	1288	1273	1087	0.8539	0.8439	0.8489	0.9884	0.8176	0.3042	0.4434	1.455
cosine	pool	0.0	0.995	5	0.5	0	2.87	1849	1.436	1288	1273	1087	0.8539	0.8439	0.8489	0.9884	0.8182	0.3037	0.443	1.436
cosine	pool	0.0	0.995	10	0.0	0	4.39	1981	1.538	1288	1273	1087	0.8539	0.8439	0.8489	0.9884	0.8079	0.307	0.445	1.538
cosine	pool	0.0	0.995	10	0.05	0	4.39	1981	1.538	1288	1273	1087	0.8539	0.8439	0.8489	0.9884	0.8079	0.307	0.445	1.538
cosine	pool	0.0	0.995	10	0.1	0	4.39	1972	1.531	1288	1273	1087	0.8539	0.8439	0.8489	0.9884	0.8084	0.3069	0.4449	1.531
cosine	pool	0.0	0.995	10	0.2	0	4.39	1910	1.483	1288	1273	1087	0.8539	0.8439	0.8489	0.9884	0.8152	0.3047	0.4436	1.483
cosine	pool	0.0	0.995	10	0.3	0	4.39	1880	1.46	1288	1273	1087	0.8539	0.8439	0.8489	0.9884	0.8176	0.3044	0.4436	1.46
cosine	pool	0.0	0.995	10	0.5	0	4.39	1849	1.436	1288	1273	1087	0.8539	0.8439	0.8489	0.9884	0.8182	0.3037	0.443	1.436
cosine	pool	0.0	0.995	30	0.0	0	8.45	1988	1.543	1288	1273	1087	0.8539	0.8439	0.8489	0.9884	0.8075	0.3077	0.4456	1.543
cosine	pool	0.0	0.995	30	0.05	0	8.45	1929	1.498	1288	1273	1087	0.8539	0.8439	0.8489	0.9884	0.8123	0.3054	0.4439	1.498
cosine	pool	0.0	0.995	30	0.1	0	8.45	1910	1.483	1288	1273	1087	0.8539	0.8439	0.8489	0.9884	0.8152	0.3047	0.4436	1.483
cosine	pool	0.0	0.995	30	0.2	0	8.45	1910	1.483	1288	1273	1087	0.8539	0.8439	0.8489	0.9884	0.8152	0.3047	0.4436	1.483
cosine	pool	0.0	0.995	30	0.3	0	8.45	1880	1.46	1288	1273	1087	0.8539	0.8439	0.8489	0.9884	0.8176	0.3044	0.4436	1.46
cosine	pool	0.0	0.995	30	0.5	0	8.45	1849	1.436	1288	1273	1087	0.8539	0.8439	0.8489	0.9884	0.8182	0.3037	0.443	1.436
cosine	pool	0.6	0.0	5	0.0	80	4.92	2757	2.282	1288	1204	1086	0.902	0.8432	0.8716	0.9348	0.7349	0.3091	0.4352	2.282
cosine	pool	0.6	0.0	5	0.05	80	4.92	2757	2.282	1288	1204	1086	0.902	0.8432	0.8716	0.9348	0.7349	0.3091	0.4352	2.282
cosine	pool	0.6	0.0	5	0.1	80	4.92	2757	2.282	1288	1204	1086	0.902	0.8432	0.8716	0.9348	0.7349	0.3091	0.4352	2.282
cosine	pool	0.6	0.0	5	0.2	80	4.92	2145	1.776	1288	1202	1086	0.9035	0.8432	0.8723	0.9332	0.8004	0.3066	0.4433	1.776
cosine	pool	0.6	0.0	5	0.3	80	4.92	1831	1.526	1288	1191	1026	0.8615	0.7966	0.8278	0.9247	0.7971	0.2813	0.4159	1.526
cosine	pool	0.6	0.0	5	0.5	80	4.92	1482	1.335	1288	1099	954	0.8681	0.7407	0.7993	0.8533	0.84	0.2598	0.3969	1.335
cosine	pool	0.6	0.0	10	0.0	80	9.62	3982	3.296	1288	1204	1086	0.902	0.8432	0.8716	0.9348	0.6651	0.3132	0.4258	3.296
cosine	pool	0.6	0.0	10	0.05	80	9.62	3982	3.296	1288	1204	1086	0.902	0.8432	0.8716	0.9348	0.6651	0.3132	0.4258	3.296
cosine	pool	0.6	0.0	10	0.1	80	9.62	2934	2.429	1288	1204	1086	0.902	0.8432	0.8716	0.9348	0.7147	0.3101	0.4325	2.429
cosine	pool	0.6	0.0	10	0.2	80	9.62	2196	1.825	1288	1194	1036	0.8677	0.8043	0.8348	0.927	0.754	0.2852	0.4138	1.825
cosine	pool	0.6	0.0	10	0.3	80	9.62	1770	1.523	1288	1151	971	0.8436	0.7539	0.7962	0.8936	0.7802	0.2638	0.3942	1.523
cosine	pool	0.6	0.0	10	0.5	80	9.62	1373	1.321	1288	1028	875	0.8512	0.6793	0.7556	0.7981	0.8241	0.2363	0.3673	1.321
cosine	pool	0.6	0.0	30	0.0	80	26.84	7063	5.847	1288	1204	1086	0.902	0.8432	0.8716	0.9348	0.5615	0.3165	0.4048	5.847
cosine	pool	0.6	0.0	30	0.05	80	26.84	4575	3.787	1288	1204	1053	0.8746	0.8175	0.8451	0.9348	0.6054	0.295	0.3967	3.787
cosine	pool	0.6	0.0	30	0.1	80	26.84	3088	2.556	1288	1202	1012	0.8419	0.7857	0.8129	0.9332	0.6451	0.2769	0.3875	2.556
cosine	pool	0.6	0.0	30	0.2	80	26.84	2049	1.735	1288	1170	900	0.7692	0.6988	0.7323	0.9084	0.6638	0.2459	0.3589	1.735
cosine	pool	0.6	0.0	30	0.3	80	26.84	1654	1.466	1288	1113	847	0.761	0.6576	0.7055	0.8641	0.7033	0.228	0.3444	1.466
cosine	pool	0.6	0.0	30	0.5	80	26.84	1282	1.314	1288	965	771	0.799	0.5986	0.6844	0.7492	0.7729	0.2042	0.3231	1.314
cosine	pool	0.6	0.9	5	0.0	80	4.0	2122	1.757	1288	1201	1086	0.9042	0.8432	0.8726	0.9325	0.8369	0.3072	0.4495	1.757
cosine	pool	0.6	0.9	5	0.05	80	4.0	2122	1.757	1288	1201	1086	0.9042	0.8432	0.8726	0.9325	0.8369	0.3072	0.4495	1.757
cosine	pool	0.6	0.9	5	0.1	80	4.0	2122	1.757	1288	1201	1086	0.9042	0.8432	0.8726	0.9325	0.8369	0.3072	0.4495	1.757
cosine	pool	0.6	0.9	5	0.2	80	4.0	1969	1.63	1288	1201	1086	0.9042	0.8432	0.8726	0.9325	0.8466	0.3067	0.4503	1.63
cosine	pool	0.6	0.9	5	0.3	80	4.0	1786	1.48	1288	1199	1078	0.8991	0.837	0.8669	0.9309	0.856	0.3005	0.4448	1.48
cosine	pool	0.6	0.9	5	0.5	80	4.0	1660	1.408	1288	1171	1061	0.9061	0.8238	0.863	0.9092	0.8757	0.2956	0.442	1.408
cosine	pool	0.6	0.9	10	0.0	80	6.94	2326	1.925	1288	1201	1086	0.9042	0.8432	0.8726	0.9325	0.8232	0.3088	0.4492	1.925
cosine	pool	0.6	0.9	10	0.05	80	6.94	2326	1.925	1288	1201	1086	0.9042	0.8432	0.8726	0.9325	0.8232	0.3088	0.4492	1.925
cosine	pool	0.6	0.9	10	0.1	80	6.94	2199	1.82	1288	1201	1086	0.9042	0.8432	0.8726	0.9325	0.8309	0.3084	0.4498	1.82
cosine	pool	0.6	0.9	10	0.2	80	6.94	1897	1.57	1288	1201	1081	0.9001	0.8393	0.8686	0.9325	0.8465	0.3033	0.4466	1.57
cosine	pool	0.6	0.9	10	0.3	80	6.94	1795	1.493	1288	1193	1072	0.8986	0.8323	0.8642	0.9262	0.8546	0.2984	0.4423	1.493
cosine	pool	0.6	0.9	10	0.5	80	6.94	1651	1.405	1288	1167	1057	0.9057	0.8207	0.8611	0.9061	0.8758	0.2945	0.4408	1.405
cosine	pool	0.6	0.9	30	0.0	80	16.24	2554	2.114	1288	1201	1086	0.9042	0.8432	0.8726	0.9325	0.8098	0.3105	0.4489	2.114
cosine	pool	0.6	0.9	30	0.05	80	16.24	2291	1.897	1288	1201	1085	0.9034	0.8424	0.8718	0.9325	0.8239	0.3062	0.4465	1.897
cosine	pool	0.6	0.9	30	0.1	80	16.24	2122	1.757	1288	1201	1081	0.9001	0.8393	0.8686	0.9325	0.8297	0.304	0.445	1.757
cosine	pool	0.6	0.9	30	0.2	80	16.24	1929	1.597	1288	1201	1072	0.8926	0.8323	0.8614	0.9325	0.8363	0.3015	0.4432	1.597
cosine	pool	0.6	0.9	30	0.3	80	16.24	1786	1.491	1288	1187	1061	0.8939	0.8238	0.8574	0.9216	0.8477	0.296	0.4387	1.491
cosine	pool	0.6	0.9	30	0.5	80	16.24	1630	1.399	1288	1155	1042	0.9022	0.809	0.853	0.8967	0.872	0.2916	0.437	1.399
cosine	pool	0.6	0.95	5	0.0	80	3.58	1955	1.618	1288	1201	1086	0.9042	0.8432	0.8726	0.9325	0.8587	0.3065	0.4518	1.618
cosine	pool	0.6	0.95	5	0.05	80	3.58	1955	1.618	1288	1201	1086	0.9042	0.8432	0.8726	0.9325	0.8587	0.3065	0.4518	1.618
cosine	pool	0.6	0.95	5	0.1	80	3.58	1955	1.618	1288	1201	1086	0.9042	0.8432	0.8726	0.9325	0.8587	0.3065	0.4518	1.618
cosine	pool	0.6	0.95	5	0.2	80	3.58	1898	1.571	1288	1201	1086	0.9042	0.8432	0.8726	0.9325	0.8611	0.3062	0.4518	1.571
cosine	pool	0.6	0.95	5	0.3	80	3.58	1765	1.462	1288	1200	1085	0.9042	0.8424	0.8722	0.9317	0.8701	0.3027	0.4491	1.462
cosine	pool	0.6	0.95	5	0.5	80	3.58	1706	1.424	1288	1191	1084	0.9102	0.8416	0.8745	0.9247	0.8791	0.3017	0.4492	1.424
cosine	pool	0.6	0.95	10	0.0	80	5.94	2033	1.683	1288	1201	1086	0.9042	0.8432	0.8726	0.9325	0.8546	0.3075	0.4523	1.683
cosine	pool	0.6	0.95	10	0.05	80	5.94	2033	1.683	1288	1201	1086	0.9042	0.8432	0.8726	0.9325	0.8546	0.3075	0.4523	1.683
cosine	pool	0.6	0.95	10	0.1	80	5.94	1997	1.653	1288	1201	1086	0.9042	0.8432	0.8726	0.9325	0.8565	0.3072	0.4522	1.653
cosine	pool	0.6	0.95	10	0.2	80	5.94	1811	1.5	1288	1200	1085	0.9042	0.8424	0.8722	0.9317	0.8675	0.3042	0.4505	1.5
cosine	pool	0.6	0.95	10	0.3	80	5.94	1769	1.466	1288	1199	1085	0.9049	0.8424	0.8725	0.9309	0.8705	0.3029	0.4494	1.466
cosine	pool	0.6	0.95	10	0.5	80	5.94	1704	1.422	1288	1191	1084	0.9102	0.8416	0.8745	0.9247	0.8791	0.3017	0.4492	1.422
cosine	pool	0.6	0.95	30	0.0	80	13.08	2061	1.706	1288	1201	1086	0.9042	0.8432	0.8726	0.9325	0.8527	0.3084	0.4529	1.706
cosine	pool	0.6	0.95	30	0.05	80	13.08	1974	1.634	1288	1201	1086	0.9042	0.8432	0.8726	0.9325	0.8614	0.3052	0.4507	1.634
cosine	pool	0.6	0.95	30	0.1	80	13.08	1915	1.585	1288	1201	1086	0.9042	0.8432	0.8726	0.9325	0.8641	0.3051	0.451	1.585
cosine	pool	0.6	0.95	30	0.2	80	13.08	1815	1.504	1288	1200	1085	0.9042	0.8424	0.8722	0.9317	0.8668	0.3044	0.4505	1.504
cosine	pool	0.6	0.95	30	0.3	80	13.08	1771	1.467	1288	1199	1085	0.9049	0.8424	0.8725	0.9309	0.8705	0.303	0.4495	1.467
cosine	pool	0.6	0.95	30	0.5	80	13.08	1698	1.419	1288	1190	1083	0.9101	0.8408	0.8741	0.9239	0.8797	0.3016	0.4492	1.419
cosine	pool	0.6	0.98	5	0.0	80	3.25	1896	1.57	1288	1200	1086	0.905	0.8432	0.873	0.9317	0.8623	0.3065	0.4523	1.57
cosine	pool	0.6	0.98	5	0.05	80	3.25	1896	1.57	1288	1200	1086	0.905	0.8432	0.873	0.9317	0.8623	0.3065	0.4523	1.57
cosine	pool	0.6	0.98	5	0.1	80	3.25	1896	1.57	1288	1200	1086	0.905	0.8432	0.873	0.9317	0.8623	0.3065	0.4523	1.57
cosine	pool	0.6	0.98	5	0.2	80	3.25	1877	1.554	1288	1200	1086	0.905	0.8432	0.873	0.9317	0.8627	0.3062	0.452	1.554
cosine	pool	0.6	0.98	5	0.3	80	3.25	1774	1.469	1288	1200	1086	0.905	0.8432	0.873	0.9317	0.8706	0.3039	0.4505	1.469
cosine	pool	0.6	0.98	5	0.5	80	3.25	1732	1.437	1288	1197	1085	0.9064	0.8424	0.8732	0.9293	0.8746	0.3029	0.45	1.437
cosine	pool	0.6	0.98	10	0.0	80	5.14	1917	1.587	1288	1200	1086	0.905	0.8432	0.873	0.9317	0.8599	0.3072	0.4527	1.587
cosine	pool	0.6	0.98	10	0.05	80	5.14	1917	1.587	1288	1200	1086	0.905	0.8432	0.873	0.9317	0.8599	0.3072	0.4527	1.587
cosine	pool	0.6	0.98	10	0.1	80	5.14	1908	1.579	1288	1200	1086	0.905	0.8432	0.873	0.9317	0.8604	0.307	0.4526	1.579
cosine	pool	0.6	0.98	10	0.2	80	5.14	1818	1.505	1288	1200	1086	0.905	0.8432	0.873	0.9317	0.8684	0.3046	0.4511	1.505
cosine	pool	0.6	0.98	10	0.3	80	5.14	1779	1.473	1288	1200	1086	0.905	0.8432	0.873	0.9317	0.871	0.3041	0.4508	1.473
cosine	pool	0.6	0.98	10	0.5	80	5.14	1732	1.437	1288	1197	1085	0.9064	0.8424	0.8732	0.9293	0.8746	0.3029	0.45	1.437
cosine	pool	0.6	0.98	30	0.0	80	10.85	1926	1.594	1288	1200	1086	0.905	0.8432	0.873	0.9317	0.8594	0.308	0.4534	1.594
cosine	pool	0.6	0.98	30	0.05	80	10.85	1855	1.536	1288	1200	1086	0.905	0.8432	0.873	0.9317	0.8664	0.305	0.4511	1.536
cosine	pool	0.6	0.98	30	0.1	80	10.85	1846	1.528	1288	1200	1086	0.905	0.8432	0.873	0.9317	0.8676	0.3049	0.4512	1.528
cosine	pool	0.6	0.98	30	0.2	80	10.85	1818	1.505	1288	1200	1086	0.905	0.8432	0.873	0.9317	0.8684	0.3046	0.4511	1.505
cosine	pool	0.6	0.98	30	0.3	80	10.85	1781	1.474	1288	1200	1086	0.905	0.8432	0.873	0.9317	0.871	0.3041	0.4508	1.474
cosine	pool	0.6	0.98	30	0.5	80	10.85	1732	1.437	1288	1197	1085	0.9064	0.8424	0.8732	0.9293	0.8746	0.3029	0.45	1.437
cosine	pool	0.6	0.995	5	0.0	80	2.95	1851	1.532	1288	1200	1086	0.905	0.8432	0.873	0.9317	0.863	0.306	0.4518	1.532
cosine	pool	0.6	0.995	5	0.05	80	2.95	1851	1.532	1288	1200	1086	0.905	0.8432	0.873	0.9317	0.863	0.306	0.4518	1.532
cosine	pool	0.6	0.995	5	0.1	80	2.95	1851	1.532	1288	1200	1086	0.905	0.8432	0.873	0.9317	0.863	0.306	0.4518	1.532
cosine	pool	0.6	0.995	5	0.2	80	2.95	1844	1.526	1288	1200	1086	0.905	0.8432	0.873	0.9317	0.8634	0.3058	0.4516	1.526
cosine	pool	0.6	0.995	5	0.3	80	2.95	1763	1.459	1288	1200	1086	0.905	0.8432	0.873	0.9317	0.871	0.3038	0.4505	1.459
cosine	pool	0.6	0.995	5	0.5	80	2.95	1746	1.445	1288	1200	1086	0.905	0.8432	0.873	0.9317	0.8716	0.3033	0.45	1.445
cosine	pool	0.6	0.995	10	0.0	80	4.57	1870	1.548	1288	1200	1086	0.905	0.8432	0.873	0.9317	0.8606	0.3066	0.4522	1.548
cosine	pool	0.6	0.995	10	0.05	80	4.57	1870	1.548	1288	1200	1086	0.905	0.8432	0.873	0.9317	0.8606	0.3066	0.4522	1.548
cosine	pool	0.6	0.995	10	0.1	80	4.57	1861	1.541	1288	1200	1086	0.905	0.8432	0.873	0.9317	0.8611	0.3065	0.4521	1.541
cosine	pool	0.6	0.995	10	0.2	80	4.57	1799	1.489	1288	1200	1086	0.905	0.8432	0.873	0.9317	0.8683	0.3043	0.4507	1.489
cosine	pool	0.6	0.995	10	0.3	80	4.57	1769	1.464	1288	1200	1086	0.905	0.8432	0.873	0.9317	0.871	0.304	0.4507	1.464
cosine	pool	0.6	0.995	10	0.5	80	4.57	1746	1.445	1288	1200	1086	0.905	0.8432	0.873	0.9317	0.8716	0.3033	0.45	1.445
cosine	pool	0.6	0.995	30	0.0	80	8.9	1877	1.554	1288	1200	1086	0.905	0.8432	0.873	0.9317	0.8601	0.3073	0.4529	1.554
cosine	pool	0.6	0.995	30	0.05	80	8.9	1818	1.505	1288	1200	1086	0.905	0.8432	0.873	0.9317	0.8652	0.305	0.4511	1.505
cosine	pool	0.6	0.995	30	0.1	80	8.9	1799	1.489	1288	1200	1086	0.905	0.8432	0.873	0.9317	0.8683	0.3043	0.4507	1.489
cosine	pool	0.6	0.995	30	0.2	80	8.9	1799	1.489	1288	1200	1086	0.905	0.8432	0.873	0.9317	0.8683	0.3043	0.4507	1.489
cosine	pool	0.6	0.995	30	0.3	80	8.9	1769	1.464	1288	1200	1086	0.905	0.8432	0.873	0.9317	0.871	0.304	0.4507	1.464
cosine	pool	0.6	0.995	30	0.5	80	8.9	1746	1.445	1288	1200	1086	0.905	0.8432	0.873	0.9317	0.8716	0.3033	0.45	1.445
cosine	pool	0.65	0.0	5	0.0	123	4.86	2558	2.196	1288	1163	1086	0.9338	0.8432	0.8862	0.903	0.7752	0.3091	0.442	2.196
cosine	pool	0.65	0.0	5	0.05	123	4.86	2558	2.196	1288	1163	1086	0.9338	0.8432	0.8862	0.903	0.7752	0.3091	0.442	2.196
cosine	pool	0.65	0.0	5	0.1	123	4.86	2558	2.196	1288	1163	1086	0.9338	0.8432	0.8862	0.903	0.7752	0.3091	0.442	2.196
cosine	pool	0.65	0.0	5	0.2	123	4.86	2056	1.765	1288	1162	1086	0.9346	0.8432	0.8865	0.9022	0.8319	0.3066	0.448	1.765
cosine	pool	0.65	0.0	5	0.3	123	4.86	1751	1.509	1288	1152	1032	0.8958	0.8012	0.8459	0.8944	0.8322	0.283	0.4224	1.509
cosine	pool	0.65	0.0	5	0.5	123	4.86	1472	1.352	1288	1080	969	0.8972	0.7523	0.8184	0.8385	0.8687	0.2651	0.4063	1.352
cosine	pool	0.65	0.0	10	0.0	123	9.38	3584	3.076	1288	1163	1086	0.9338	0.8432	0.8862	0.903	0.7084	0.313	0.4341	3.076
cosine	pool	0.65	0.0	10	0.05	123	9.38	3584	3.076	1288	1163	1086	0.9338	0.8432	0.8862	0.903	0.7084	0.313	0.4341	3.076
cosine	pool	0.65	0.0	10	0.1	123	9.38	2730	2.343	1288	1163	1086	0.9338	0.8432	0.8862	0.903	0.7526	0.3101	0.4392	2.343
cosine	pool	0.65	0.0	10	0.2	123	9.38	2106	1.812	1288	1155	1040	0.9004	0.8075	0.8514	0.8967	0.7897	0.2864	0.4203	1.812
cosine	pool	0.65	0.0	10	0.3	123	9.38	1725	1.524	1288	1123	991	0.8825	0.7694	0.8221	0.8719	0.8198	0.2711	0.4074	1.524
cosine	pool	0.65	0.0	10	0.5	123	9.38	1383	1.341	1288	1022	901	0.8816	0.6995	0.7801	0.7935	0.8544	0.247	0.3832	1.341
cosine	pool	0.65	0.0	30	0.0	123	25.31	5832	5.006	1288	1163	1086	0.9338	0.8432	0.8862	0.903	0.6162	0.3163	0.418	5.006
cosine	pool	0.65	0.0	30	0.05	123	25.31	4092	3.512	1288	1163	1057	0.9089	0.8207	0.8625	0.903	0.6545	0.2969	0.4085	3.512
cosine	pool	0.65	0.0	30	0.1	123	25.31	2941	2.524	1288	1161	1027	0.8846	0.7974	0.8387	0.9014	0.6929	0.2854	0.4043	2.524
cosine	pool	0.65	0.0	30	0.2	123	25.31	2056	1.789	1288	1141	946	0.8291	0.7345	0.7789	0.8859	0.7218	0.2591	0.3813	1.789
cosine	pool	0.65	0.0	30	0.3	123	25.31	1613	1.458	1288	1093	889	0.8134	0.6902	0.7467	0.8486	0.7542	0.2411	0.3654	1.458
cosine	pool	0.65	0.0	30	0.5	123	25.31	1300	1.316	1288	978	814	0.8323	0.632	0.7184	0.7593	0.8064	0.2208	0.3467	1.316
cosine	pool	0.65	0.9	5	0.0	123	3.98	2002	1.718	1288	1160	1086	0.9362	0.8432	0.8873	0.9006	0.8678	0.3072	0.4538	1.718
cosine	pool	0.65	0.9	5	0.05	123	3.98	2002	1.718	1288	1160	1086	0.9362	0.8432	0.8873	0.9006	0.8678	0.3072	0.4538	1.718
cosine	pool	0.65	0.9	5	0.1	123	3.98	2002	1.718	1288	1160	1086	0.9362	0.8432	0.8873	0.9006	0.8678	0.3072	0.4538	1.718
cosine	pool	0.65	0.9	5	0.2	123	3.98	1877	1.611	1288	1160	1086	0.9362	0.8432	0.8873	0.9006	0.8778	0.3067	0.4546	1.611
cosine	pool	0.65	0.9	5	0.3	123	3.98	1705	1.464	1288	1159	1078	0.9301	0.837	0.8811	0.8998	0.8869	0.3005	0.4489	1.464
cosine	pool	0.65	0.9	5	0.5	123	3.98	1607	1.406	1288	1137	1061	0.9332	0.8238	0.8751	0.8828	0.9033	0.2956	0.4455	1.406
cosine	pool	0.65	0.9	10	0.0	123	6.88	2162	1.856	1288	1160	1086	0.9362	0.8432	0.8873	0.9006	0.8536	0.3088	0.4536	1.856
cosine	pool	0.65	0.9	10	0.05	123	6.88	2162	1.856	1288	1160	1086	0.9362	0.8432	0.8873	0.9006	0.8536	0.3088	0.4536	1.856
cosine	pool	0.65	0.9	10	0.1	123	6.88	2048	1.758	1288	1160	1086	0.9362	0.8432	0.8873	0.9006	0.8616	0.3084	0.4542	1.758
cosine	pool	0.65	0.9	10	0.2	123	6.88	1808	1.552	1288	1160	1081	0.9319	0.8393	0.8832	0.9006	0.8778	0.3033	0.4509	1.552
cosine	pool	0.65	0.9	10	0.3	123	6.88	1716	1.479	1288	1154	1072	0.9289	0.8323	0.878	0.896	0.8856	0.2984	0.4464	1.479
cosine	pool	0.65	0.9	10	0.5	123	6.88	1601	1.403	1288	1135	1057	0.9313	0.8207	0.8725	0.8812	0.9019	0.2945	0.444	1.403
cosine	pool	0.65	0.9	30	0.0	123	16.16	2370	2.034	1288	1160	1086	0.9362	0.8432	0.8873	0.9006	0.8397	0.3105	0.4534	2.034
cosine	pool	0.65	0.9	30	0.05	123	16.16	2132	1.83	1288	1160	1085	0.9353	0.8424	0.8864	0.9006	0.8543	0.3062	0.4508	1.83
cosine	pool	0.65	0.9	30	0.1	123	16.16	1985	1.704	1288	1160	1081	0.9319	0.8393	0.8832	0.9006	0.8603	0.304	0.4493	1.704
cosine	pool	0.65	0.9	30	0.2	123	16.16	1838	1.578	1288	1160	1072	0.9241	0.8323	0.8758	0.9006	0.8672	0.3015	0.4474	1.578
cosine	pool	0.65	0.9	30	0.3	123	16.16	1705	1.475	1288	1148	1061	0.9242	0.8238	0.8711	0.8913	0.8785	0.296	0.4428	1.475
cosine	pool	0.65	0.9	30	0.5	123	16.16	1581	1.397	1288	1124	1042	0.927	0.809	0.864	0.8727	0.8974	0.2916	0.4401	1.397
cosine	pool	0.65	0.95	5	0.0	123	3.56	1850	1.588	1288	1160	1086	0.9362	0.8432	0.8873	0.9006	0.8904	0.3065	0.4561	1.588
cosine	pool	0.65	0.95	5	0.05	123	3.56	1850	1.588	1288	1160	1086	0.9362	0.8432	0.8873	0.9006	0.8904	0.3065	0.4561	1.588
cosine	pool	0.65	0.95	5	0.1	123	3.56	1850	1.588	1288	1160	1086	0.9362	0.8432	0.8873	0.9006	0.8904	0.3065	0.4561	1.588
cosine	pool	0.65	0.95	5	0.2	123	3.56	1814	1.557	1288	1160	1086	0.9362	0.8432	0.8873	0.9006	0.8928	0.3062	0.4561	1.557
cosine	pool	0.65	0.95	5	0.3	123	3.56	1689	1.45	1288	1160	1085	0.9353	0.8424	0.8864	0.9006	0.9015	0.3027	0.4532	1.45
cosine	pool	0.65	0.95	5	0.5	123	3.56	1648	1.423	1288	1153	1084	0.9402	0.8416	0.8882	0.8952	0.9094	0.3017	0.4531	1.423
cosine	pool	0.65	0.95	10	0.0	123	5.92	1901	1.632	1288	1160	1086	0.9362	0.8432	0.8873	0.9006	0.8861	0.3075	0.4566	1.632
cosine	pool	0.65	0.95	10	0.05	123	5.92	1901	1.632	1288	1160	1086	0.9362	0.8432	0.8873	0.9006	0.8861	0.3075	0.4566	1.632
cosine	pool	0.65	0.95	10	0.1	123	5.92	1866	1.602	1288	1160	1086	0.9362	0.8432	0.8873	0.9006	0.8882	0.3072	0.4565	1.602
cosine	pool	0.65	0.95	10	0.2	123	5.92	1729	1.484	1288	1160	1085	0.9353	0.8424	0.8864	0.9006	0.8988	0.3042	0.4546	1.484
cosine	pool	0.65	0.95	10	0.3	123	5.92	1693	1.453	1288	1160	1085	0.9353	0.8424	0.8864	0.9006	0.9019	0.3029	0.4535	1.453
cosine	pool	0.65	0.95	10	0.5	123	5.92	1649	1.422	1288	1155	1084	0.9385	0.8416	0.8874	0.8967	0.9079	0.3017	0.4529	1.422
cosine	pool	0.65	0.95	30	0.0	123	13.15	1927	1.654	1288	1160	1086	0.9362	0.8432	0.8873	0.9006	0.8842	0.3084	0.4573	1.654
cosine	pool	0.65	0.95	30	0.05	123	13.15	1841	1.58	1288	1160	1086	0.9362	0.8432	0.8873	0.9006	0.8932	0.3052	0.455	1.58
cosine	pool	0.65	0.95	30	0.1	123	13.15	1785	1.532	1288	1160	1086	0.9362	0.8432	0.8873	0.9006	0.896	0.3051	0.4552	1.532
cosine	pool	0.65	0.95	30	0.2	123	13.15	1733	1.488	1288	1160	1085	0.9353	0.8424	0.8864	0.9006	0.8981	0.3044	0.4546	1.488
cosine	pool	0.65	0.95	30	0.3	123	13.15	1696	1.456	1288	1160	1085	0.9353	0.8424	0.8864	0.9006	0.9019	0.303	0.4536	1.456
cosine	pool	0.65	0.95	30	0.5	123	13.15	1643	1.418	1288	1154	1083	0.9385	0.8408	0.887	0.896	0.9085	0.3016	0.4529	1.418
cosine	pool	0.65	0.98	5	0.0	123	3.27	1819	1.561	1288	1159	1086	0.937	0.8432	0.8876	0.8998	0.8941	0.3065	0.4566	1.561
cosine	pool	0.65	0.98	5	0.05	123	3.27	1819	1.561	1288	1159	1086	0.937	0.8432	0.8876	0.8998	0.8941	0.3065	0.4566	1.561
cosine	pool	0.65	0.98	5	0.1	123	3.27	1819	1.561	1288	1159	1086	0.937	0.8432	0.8876	0.8998	0.8941	0.3065	0.4566	1.561
cosine	pool	0.65	0.98	5	0.2	123	3.27	1800	1.545	1288	1159	1086	0.937	0.8432	0.8876	0.8998	0.8946	0.3062	0.4563	1.545
cosine	pool	0.65	0.98	5	0.3	123	3.27	1701	1.46	1288	1159	1086	0.937	0.8432	0.8876	0.8998	0.9027	0.3039	0.4547	1.46
cosine	pool	0.65	0.98	5	0.5	123	3.27	1670	1.437	1288	1156	1085	0.9386	0.8424	0.8879	0.8975	0.907	0.3029	0.4542	1.437
cosine	pool	0.65	0.98	10	0.0	123	5.21	1840	1.579	1288	1159	1086	0.937	0.8432	0.8876	0.8998	0.8916	0.3072	0.457	1.579
cosine	pool	0.65	0.98	10	0.05	123	5.21	1840	1.579	1288	1159	1086	0.937	0.8432	0.8876	0.8998	0.8916	0.3072	0.457	1.579
cosine	pool	0.65	0.98	10	0.1	123	5.21	1831	1.572	1288	1159	1086	0.937	0.8432	0.8876	0.8998	0.8922	0.307	0.4568	1.572
cosine	pool	0.65	0.98	10	0.2	123	5.21	1741	1.494	1288	1159	1086	0.937	0.8432	0.8876	0.8998	0.9005	0.3046	0.4553	1.494
cosine	pool	0.65	0.98	10	0.3	123	5.21	1706	1.464	1288	1159	1086	0.937	0.8432	0.8876	0.8998	0.9031	0.3041	0.455	1.464
cosine	pool	0.65	0.98	10	0.5	123	5.21	1670	1.437	1288	1156	1085	0.9386	0.8424	0.8879	0.8975	0.907	0.3029	0.4542	1.437
cosine	pool	0.65	0.98	30	0.0	123	11.11	1849	1.587	1288	1159	1086	0.937	0.8432	0.8876	0.8998	0.8911	0.308	0.4577	1.587
cosine	pool	0.65	0.98	30	0.05	123	11.11	1778	1.526	1288	1159	1086	0.937	0.8432	0.8876	0.8998	0.8984	0.305	0.4553	1.526
cosine	pool	0.65	0.98	30	0.1	123	11.11	1769	1.518	1288	1159	1086	0.937	0.8432	0.8876	0.8998	0.8996	0.3049	0.4554	1.518
cosine	pool	0.65	0.98	30	0.2	123	11.11	1741	1.494	1288	1159	1086	0.937	0.8432	0.8876	0.8998	0.9005	0.3046	0.4553	1.494
cosine	pool	0.65	0.98	30	0.3	123	11.11	1708	1.466	1288	1159	1086	0.937	0.8432	0.8876	0.8998	0.9031	0.3041	0.455	1.466
cosine	pool	0.65	0.98	30	0.5	123	11.11	1670	1.437	1288	1156	1085	0.9386	0.8424	0.8879	0.8975	0.907	0.3029	0.4542	1.437
cosine	pool	0.65	0.995	5	0.0	123	3.0	1788	1.535	1288	1159	1086	0.937	0.8432	0.8876	0.8998	0.8948	0.306	0.456	1.535
cosine	pool	0.65	0.995	5	0.05	123	3.0	1788	1.535	1288	1159	1086	0.937	0.8432	0.8876	0.8998	0.8948	0.306	0.456	1.535
cosine	pool	0.65	0.995	5	0.1	123	3.0	1788	1.535	1288	1159	1086	0.937	0.8432	0.8876	0.8998	0.8948	0.306	0.456	1.535
cosine	pool	0.65	0.995	5	0.2	123	3.0	1781	1.529	1288	1159	1086	0.937	0.8432	0.8876	0.8998	0.8953	0.3058	0.4558	1.529
cosine	pool	0.65	0.995	5	0.3	123	3.0	1700	1.459	1288	1159	1086	0.937	0.8432	0.8876	0.8998	0.9031	0.3038	0.4546	1.459
cosine	pool	0.65	0.995	5	0.5	123	3.0	1684	1.445	1288	1159	1086	0.937	0.8432	0.8876	0.8998	0.9037	0.3033	0.4542	1.445
cosine	pool	0.65	0.995	10	0.0	123	4.67	1807	1.551	1288	1159	1086	0.937	0.8432	0.8876	0.8998	0.8923	0.3066	0.4564	1.551
cosine	pool	0.65	0.995	10	0.05	123	4.67	1807	1.551	1288	1159	1086	0.937	0.8432	0.8876	0.8998	0.8923	0.3066	0.4564	1.551
cosine	pool	0.65	0.995	10	0.1	123	4.67	1798	1.543	1288	1159	1086	0.937	0.8432	0.8876	0.8998	0.8929	0.3065	0.4563	1.543
cosine	pool	0.65	0.995	10	0.2	123	4.67	1736	1.49	1288	1159	1086	0.937	0.8432	0.8876	0.8998	0.9004	0.3043	0.4549	1.49
cosine	pool	0.65	0.995	10	0.3	123	4.67	1706	1.464	1288	1159	1086	0.937	0.8432	0.8876	0.8998	0.9031	0.304	0.4549	1.464
cosine	pool	0.65	0.995	10	0.5	123	4.67	1684	1.445	1288	1159	1086	0.937	0.8432	0.8876	0.8998	0.9037	0.3033	0.4542	1.445
cosine	pool	0.65	0.995	30	0.0	123	9.16	1814	1.557	1288	1159	1086	0.937	0.8432	0.8876	0.8998	0.8919	0.3073	0.4571	1.557
cosine	pool	0.65	0.995	30	0.05	123	9.16	1755	1.506	1288	1159	1086	0.937	0.8432	0.8876	0.8998	0.8972	0.305	0.4553	1.506
cosine	pool	0.65	0.995	30	0.1	123	9.16	1736	1.49	1288	1159	1086	0.937	0.8432	0.8876	0.8998	0.9004	0.3043	0.4549	1.49
cosine	pool	0.65	0.995	30	0.2	123	9.16	1736	1.49	1288	1159	1086	0.937	0.8432	0.8876	0.8998	0.9004	0.3043	0.4549	1.49
cosine	pool	0.65	0.995	30	0.3	123	9.16	1706	1.464	1288	1159	1086	0.937	0.8432	0.8876	0.8998	0.9031	0.304	0.4549	1.464
cosine	pool	0.65	0.995	30	0.5	123	9.16	1684	1.445	1288	1159	1086	0.937	0.8432	0.8876	0.8998	0.9037	0.3033	0.4542	1.445
cosine	pool	0.7	0.0	5	0.0	153	4.75	2380	2.097	1288	1132	1086	0.9594	0.8432	0.8975	0.8789	0.8166	0.3091	0.4484	2.097
cosine	pool	0.7	0.0	5	0.05	153	4.75	2380	2.097	1288	1132	1086	0.9594	0.8432	0.8975	0.8789	0.8166	0.3091	0.4484	2.097
cosine	pool	0.7	0.0	5	0.1	153	4.75	2380	2.097	1288	1132	1086	0.9594	0.8432	0.8975	0.8789	0.8166	0.3091	0.4484	2.097
cosine	pool	0.7	0.0	5	0.2	153	4.75	1996	1.759	1288	1131	1086	0.9602	0.8432	0.8979	0.8781	0.8663	0.3066	0.4529	1.759
cosine	pool	0.7	0.0	5	0.3	153	4.75	1687	1.492	1288	1124	1042	0.927	0.809	0.864	0.8727	0.8679	0.2874	0.4318	1.492
cosine	pool	0.7	0.0	5	0.5	153	4.75	1479	1.384	1288	1060	986	0.9302	0.7655	0.8399	0.823	0.8996	0.2717	0.4174	1.384
cosine	pool	0.7	0.0	10	0.0	153	9.03	3205	2.824	1288	1132	1086	0.9594	0.8432	0.8975	0.8789	0.7596	0.3128	0.4432	2.824
cosine	pool	0.7	0.0	10	0.05	153	9.03	3205	2.824	1288	1132	1086	0.9594	0.8432	0.8975	0.8789	0.7596	0.3128	0.4432	2.824
cosine	pool	0.7	0.0	10	0.1	153	9.03	2555	2.251	1288	1132	1086	0.9594	0.8432	0.8975	0.8789	0.7971	0.3106	0.447	2.251
cosine	pool	0.7	0.0	10	0.2	153	9.03	2010	1.774	1288	1127	1048	0.9299	0.8137	0.8679	0.875	0.8316	0.29	0.4301	1.774
cosine	pool	0.7	0.0	10	0.3	153	9.03	1694	1.526	1288	1101	1008	0.9155	0.7826	0.8439	0.8548	0.8577	0.2786	0.4205	1.526
cosine	pool	0.7	0.0	10	0.5	153	9.03	1421	1.376	1288	1023	939	0.9179	0.729	0.8126	0.7943	0.8883	0.2586	0.4005	1.376
cosine	pool	0.7	0.0	30	0.0	153	23.97	5029	4.431	1288	1132	1086	0.9594	0.8432	0.8975	0.8789	0.682	0.316	0.4319	4.431
cosine	pool	0.7	0.0	30	0.05	153	23.97	3561	3.137	1288	1132	1060	0.9364	0.823	0.876	0.8789	0.7176	0.299	0.4221	3.137
cosine	pool	0.7	0.0	30	0.1	153	23.97	2732	2.407	1288	1130	1040	0.9204	0.8075	0.8602	0.8773	0.7483	0.2898	0.4178	2.407
cosine	pool	0.7	0.0	30	0.2	153	23.97	1973	1.758	1288	1114	974	0.8743	0.7562	0.811	0.8649	0.7771	0.2692	0.3999	1.758
cosine	pool	0.7	0.0	30	0.3	153	23.97	1631	1.489	1288	1083	930	0.8587	0.722	0.7845	0.8408	0.8041	0.2554	0.3877	1.489
cosine	pool	0.7	0.0	30	0.5	153	23.97	1371	1.372	1288	987	872	0.8835	0.677	0.7666	0.7663	0.8529	0.2402	0.3749	1.372
cosine	pool	0.7	0.9	5	0.0	153	3.97	1942	1.711	1288	1130	1086	0.9611	0.8432	0.8983	0.8773	0.8908	0.3072	0.4569	1.711
cosine	pool	0.7	0.9	5	0.05	153	3.97	1942	1.711	1288	1130	1086	0.9611	0.8432	0.8983	0.8773	0.8908	0.3072	0.4569	1.711
cosine	pool	0.7	0.9	5	0.1	153	3.97	1942	1.711	1288	1130	1086	0.9611	0.8432	0.8983	0.8773	0.8908	0.3072	0.4569	1.711
cosine	pool	0.7	0.9	5	0.2	153	3.97	1834	1.616	1288	1130	1086	0.9611	0.8432	0.8983	0.8773	0.901	0.3067	0.4577	1.616
cosine	pool	0.7	0.9	5	0.3	153	3.97	1667	1.469	1288	1129	1078	0.9548	0.837	0.892	0.8766	0.9103	0.3005	0.4518	1.469
cosine	pool	0.7	0.9	5	0.5	153	3.97	1578	1.414	1288	1110	1061	0.9559	0.8238	0.8849	0.8618	0.9252	0.2956	0.4481	1.414
cosine	pool	0.7	0.9	10	0.0	153	6.87	2100	1.85	1288	1130	1086	0.9611	0.8432	0.8983	0.8773	0.8761	0.3088	0.4567	1.85
cosine	pool	0.7	0.9	10	0.05	153	6.87	2100	1.85	1288	1130	1086	0.9611	0.8432	0.8983	0.8773	0.8761	0.3088	0.4567	1.85
cosine	pool	0.7	0.9	10	0.1	153	6.87	1989	1.752	1288	1130	1086	0.9611	0.8432	0.8983	0.8773	0.8843	0.3084	0.4573	1.752
cosine	pool	0.7	0.9	10	0.2	153	6.87	1767	1.557	1288	1130	1081	0.9566	0.8393	0.8941	0.8773	0.901	0.3033	0.4539	1.557
cosine	pool	0.7	0.9	10	0.3	153	6.87	1679	1.485	1288	1125	1072	0.9529	0.8323	0.8885	0.8734	0.9083	0.2984	0.4492	1.485
cosine	pool	0.7	0.9	10	0.5	153	6.87	1574	1.41	1288	1110	1057	0.9523	0.8207	0.8816	0.8618	0.9221	0.2945	0.4464	1.41
cosine	pool	0.7	0.9	30	0.0	153	16.24	2299	2.026	1288	1130	1086	0.9611	0.8432	0.8983	0.8773	0.8619	0.3105	0.4565	2.026
cosine	pool	0.7	0.9	30	0.05	153	16.24	2062	1.817	1288	1130	1085	0.9602	0.8424	0.8974	0.8773	0.8769	0.3062	0.4539	1.817
cosine	pool	0.7	0.9	30	0.1	153	16.24	1935	1.705	1288	1130	1081	0.9566	0.8393	0.8941	0.8773	0.8831	0.304	0.4523	1.705
cosine	pool	0.7	0.9	30	0.2	153	16.24	1798	1.584	1288	1130	1072	0.9487	0.8323	0.8867	0.8773	0.8901	0.3015	0.4504	1.584
cosine	pool	0.7	0.9	30	0.3	153	16.24	1667	1.479	1288	1119	1061	0.9482	0.8238	0.8816	0.8688	0.9011	0.296	0.4456	1.479
cosine	pool	0.7	0.9	30	0.5	153	16.24	1554	1.404	1288	1099	1042	0.9481	0.809	0.8731	0.8533	0.9176	0.2916	0.4425	1.404
cosine	pool	0.7	0.95	5	0.0	153	3.55	1795	1.581	1288	1130	1086	0.9611	0.8432	0.8983	0.8773	0.9139	0.3065	0.4591	1.581
cosine	pool	0.7	0.95	5	0.05	153	3.55	1795	1.581	1288	1130	1086	0.9611	0.8432	0.8983	0.8773	0.9139	0.3065	0.4591	1.581
cosine	pool	0.7	0.95	5	0.1	153	3.55	1795	1.581	1288	1130	1086	0.9611	0.8432	0.8983	0.8773	0.9139	0.3065	0.4591	1.581
cosine	pool	0.7	0.95	5	0.2	153	3.55	1771	1.56	1288	1130	1086	0.9611	0.8432	0.8983	0.8773	0.9164	0.3062	0.4591	1.56
cosine	pool	0.7	0.95	5	0.3	153	3.55	1650	1.454	1288	1130	1085	0.9602	0.8424	0.8974	0.8773	0.9253	0.3027	0.4561	1.454
cosine	pool	0.7	0.95	5	0.5	153	3.55	1619	1.431	1288	1126	1084	0.9627	0.8416	0.8981	0.8742	0.9312	0.3017	0.4558	1.431
cosine	pool	0.7	0.95	10	0.0	153	5.93	1845	1.626	1288	1130	1086	0.9611	0.8432	0.8983	0.8773	0.9096	0.3075	0.4596	1.626
cosine	pool	0.7	0.95	10	0.05	153	5.93	1845	1.626	1288	1130	1086	0.9611	0.8432	0.8983	0.8773	0.9096	0.3075	0.4596	1.626
cosine	pool	0.7	0.95	10	0.1	153	5.93	1812	1.596	1288	1130	1086	0.9611	0.8432	0.8983	0.8773	0.9116	0.3072	0.4595	1.596
cosine	pool	0.7	0.95	10	0.2	153	5.93	1687	1.486	1288	1130	1085	0.9602	0.8424	0.8974	0.8773	0.9226	0.3042	0.4576	1.486
cosine	pool	0.7	0.95	10	0.3	153	5.93	1654	1.457	1288	1130	1085	0.9602	0.8424	0.8974	0.8773	0.9258	0.3029	0.4565	1.457
cosine	pool	0.7	0.95	10	0.5	153	5.93	1620	1.43	1288	1128	1084	0.961	0.8416	0.8974	0.8758	0.9295	0.3017	0.4556	1.43
cosine	pool	0.7	0.95	30	0.0	153	13.26	1868	1.646	1288	1130	1086	0.9611	0.8432	0.8983	0.8773	0.9075	0.3084	0.4603	1.646
cosine	pool	0.7	0.95	30	0.05	153	13.26	1783	1.571	1288	1130	1086	0.9611	0.8432	0.8983	0.8773	0.9168	0.3052	0.458	1.571
cosine	pool	0.7	0.95	30	0.1	153	13.26	1739	1.532	1288	1130	1086	0.9611	0.8432	0.8983	0.8773	0.9197	0.3051	0.4582	1.532
cosine	pool	0.7	0.95	30	0.2	153	13.26	1691	1.49	1288	1130	1085	0.9602	0.8424	0.8974	0.8773	0.9218	0.3044	0.4576	1.49
cosine	pool	0.7	0.95	30	0.3	153	13.26	1657	1.46	1288	1130	1085	0.9602	0.8424	0.8974	0.8773	0.9258	0.303	0.4566	1.46
cosine	pool	0.7	0.95	30	0.5	153	13.26	1614	1.426	1288	1127	1083	0.961	0.8408	0.8969	0.875	0.9302	0.3016	0.4555	1.426
cosine	pool	0.7	0.98	5	0.0	153	3.29	1773	1.562	1288	1129	1086	0.9619	0.8432	0.8986	0.8766	0.9177	0.3065	0.4596	1.562
cosine	pool	0.7	0.98	5	0.05	153	3.29	1773	1.562	1288	1129	1086	0.9619	0.8432	0.8986	0.8766	0.9177	0.3065	0.4596	1.562
cosine	pool	0.7	0.98	5	0.1	153	3.29	1773	1.562	1288	1129	1086	0.9619	0.8432	0.8986	0.8766	0.9177	0.3065	0.4596	1.562
cosine	pool	0.7	0.98	5	0.2	153	3.29	1763	1.553	1288	1129	1086	0.9619	0.8432	0.8986	0.8766	0.9182	0.3062	0.4593	1.553
cosine	pool	0.7	0.98	5	0.3	153	3.29	1665	1.467	1288	1129	1086	0.9619	0.8432	0.8986	0.8766	0.9266	0.3039	0.4577	1.467
cosine	pool	0.7	0.98	5	0.5	153	3.29	1637	1.446	1288	1126	1085	0.9636	0.8424	0.8989	0.8742	0.931	0.3029	0.4571	1.446
cosine	pool	0.7	0.98	10	0.0	153	5.25	1794	1.581	1288	1129	1086	0.9619	0.8432	0.8986	0.8766	0.9152	0.3072	0.46	1.581
cosine	pool	0.7	0.98	10	0.05	153	5.25	1794	1.581	1288	1129	1086	0.9619	0.8432	0.8986	0.8766	0.9152	0.3072	0.46	1.581
cosine	pool	0.7	0.98	10	0.1	153	5.25	1785	1.573	1288	1129	1086	0.9619	0.8432	0.8986	0.8766	0.9158	0.307	0.4599	1.573
cosine	pool	0.7	0.98	10	0.2	153	5.25	1705	1.502	1288	1129	1086	0.9619	0.8432	0.8986	0.8766	0.9243	0.3046	0.4583	1.502
cosine	pool	0.7	0.98	10	0.3	153	5.25	1670	1.471	1288	1129	1086	0.9619	0.8432	0.8986	0.8766	0.927	0.3041	0.458	1.471
cosine	pool	0.7	0.98	10	0.5	153	5.25	1637	1.446	1288	1126	1085	0.9636	0.8424	0.8989	0.8742	0.931	0.3029	0.4571	1.446
cosine	pool	0.7	0.98	30	0.0	153	11.28	1802	1.588	1288	1129	1086	0.9619	0.8432	0.8986	0.8766	0.9147	0.308	0.4608	1.588
cosine	pool	0.7	0.98	30	0.05	153	11.28	1732	1.526	1288	1129	1086	0.9619	0.8432	0.8986	0.8766	0.9222	0.305	0.4583	1.526
cosine	pool	0.7	0.98	30	0.1	153	11.28	1723	1.518	1288	1129	1086	0.9619	0.8432	0.8986	0.8766	0.9234	0.3049	0.4584	1.518
cosine	pool	0.7	0.98	30	0.2	153	11.28	1705	1.502	1288	1129	1086	0.9619	0.8432	0.8986	0.8766	0.9243	0.3046	0.4583	1.502
cosine	pool	0.7	0.98	30	0.3	153	11.28	1672	1.473	1288	1129	1086	0.9619	0.8432	0.8986	0.8766	0.927	0.3041	0.458	1.473
cosine	pool	0.7	0.98	30	0.5	153	11.28	1637	1.446	1288	1126	1085	0.9636	0.8424	0.8989	0.8742	0.931	0.3029	0.4571	1.446
cosine	pool	0.7	0.995	5	0.0	153	3.03	1754	1.545	1288	1129	1086	0.9619	0.8432	0.8986	0.8766	0.9185	0.306	0.459	1.545
cosine	pool	0.7	0.995	5	0.05	153	3.03	1754	1.545	1288	1129	1086	0.9619	0.8432	0.8986	0.8766	0.9185	0.306	0.459	1.545
cosine	pool	0.7	0.995	5	0.1	153	3.03	1754	1.545	1288	1129	1086	0.9619	0.8432	0.8986	0.8766	0.9185	0.306	0.459	1.545
cosine	pool	0.7	0.995	5	0.2	153	3.03	1747	1.539	1288	1129	1086	0.9619	0.8432	0.8986	0.8766	0.9189	0.3058	0.4588	1.539
cosine	pool	0.7	0.995	5	0.3	153	3.03	1666	1.468	1288	1129	1086	0.9619	0.8432	0.8986	0.8766	0.927	0.3038	0.4576	1.468
cosine	pool	0.7	0.995	5	0.5	153	3.03	1651	1.455	1288	1129	1086	0.9619	0.8432	0.8986	0.8766	0.9276	0.3033	0.4572	1.455
cosine	pool	0.7	0.995	10	0.0	153	4.74	1773	1.562	1288	1129	1086	0.9619	0.8432	0.8986	0.8766	0.9159	0.3066	0.4595	1.562
cosine	pool	0.7	0.995	10	0.05	153	4.74	1773	1.562	1288	1129	1086	0.9619	0.8432	0.8986	0.8766	0.9159	0.3066	0.4595	1.562
cosine	pool	0.7	0.995	10	0.1	153	4.74	1764	1.554	1288	1129	1086	0.9619	0.8432	0.8986	0.8766	0.9165	0.3065	0.4593	1.554
cosine	pool	0.7	0.995	10	0.2	153	4.74	1702	1.5	1288	1129	1086	0.9619	0.8432	0.8986	0.8766	0.9242	0.3043	0.4579	1.5
cosine	pool	0.7	0.995	10	0.3	153	4.74	1672	1.473	1288	1129	1086	0.9619	0.8432	0.8986	0.8766	0.927	0.304	0.4579	1.473
cosine	pool	0.7	0.995	10	0.5	153	4.74	1651	1.455	1288	1129	1086	0.9619	0.8432	0.8986	0.8766	0.9276	0.3033	0.4572	1.455
cosine	pool	0.7	0.995	30	0.0	153	9.34	1780	1.568	1288	1129	1086	0.9619	0.8432	0.8986	0.8766	0.9154	0.3073	0.4602	1.568
cosine	pool	0.7	0.995	30	0.05	153	9.34	1721	1.516	1288	1129	1086	0.9619	0.8432	0.8986	0.8766	0.9209	0.305	0.4583	1.516
cosine	pool	0.7	0.995	30	0.1	153	9.34	1702	1.5	1288	1129	1086	0.9619	0.8432	0.8986	0.8766	0.9242	0.3043	0.4579	1.5
cosine	pool	0.7	0.995	30	0.2	153	9.34	1702	1.5	1288	1129	1086	0.9619	0.8432	0.8986	0.8766	0.9242	0.3043	0.4579	1.5
cosine	pool	0.7	0.995	30	0.3	153	9.34	1672	1.473	1288	1129	1086	0.9619	0.8432	0.8986	0.8766	0.927	0.304	0.4579	1.473
cosine	pool	0.7	0.995	30	0.5	153	9.34	1651	1.455	1288	1129	1086	0.9619	0.8432	0.8986	0.8766	0.9276	0.3033	0.4572	1.455
cosine	pool	0.75	0.0	5	0.0	169	4.65	2237	1.999	1288	1116	1086	0.9731	0.8432	0.9035	0.8665	0.8437	0.3091	0.4524	1.999
cosine	pool	0.75	0.0	5	0.05	169	4.65	2237	1.999	1288	1116	1086	0.9731	0.8432	0.9035	0.8665	0.8437	0.3091	0.4524	1.999
cosine	pool	0.75	0.0	5	0.1	169	4.65	2237	1.999	1288	1116	1086	0.9731	0.8432	0.9035	0.8665	0.8437	0.3091	0.4524	1.999
cosine	pool	0.75	0.0	5	0.2	169	4.65	1904	1.702	1288	1115	1086	0.974	0.8432	0.9039	0.8657	0.8871	0.3069	0.456	1.702
cosine	pool	0.75	0.0	5	0.3	169	4.65	1652	1.482	1288	1108	1046	0.944	0.8121	0.8731	0.8602	0.8882	0.2895	0.4367	1.482
cosine	pool	0.75	0.0	5	0.5	169	4.65	1473	1.388	1288	1052	1000	0.9506	0.7764	0.8547	0.8168	0.9187	0.2784	0.4273	1.388
cosine	pool	0.75	0.0	10	0.0	169	8.69	2940	2.627	1288	1116	1086	0.9731	0.8432	0.9035	0.8665	0.7964	0.3122	0.4486	2.627
cosine	pool	0.75	0.0	10	0.05	169	8.69	2940	2.627	1288	1116	1086	0.9731	0.8432	0.9035	0.8665	0.7964	0.3122	0.4486	2.627
cosine	pool	0.75	0.0	10	0.1	169	8.69	2404	2.148	1288	1116	1086	0.9731	0.8432	0.9035	0.8665	0.8263	0.3101	0.451	2.148
cosine	pool	0.75	0.0	10	0.2	169	8.69	1894	1.696	1288	1111	1053	0.9478	0.8175	0.8779	0.8626	0.8604	0.2914	0.4353	1.696
cosine	pool	0.75	0.0	10	0.3	169	8.69	1664	1.517	1288	1088	1021	0.9384	0.7927	0.8594	0.8447	0.8826	0.2834	0.4291	1.517
cosine	pool	0.75	0.0	10	0.5	169	8.69	1419	1.375	1288	1023	965	0.9433	0.7492	0.8351	0.7943	0.9129	0.2688	0.4153	1.375
cosine	pool	0.75	0.0	30	0.0	169	22.2	4119	3.681	1288	1116	1086	0.9731	0.8432	0.9035	0.8665	0.7401	0.3153	0.4422	3.681
cosine	pool	0.75	0.0	30	0.05	169	22.2	3168	2.831	1288	1116	1068	0.957	0.8292	0.8885	0.8665	0.7687	0.3031	0.4348	2.831
cosine	pool	0.75	0.0	30	0.1	169	22.2	2512	2.245	1288	1114	1050	0.9425	0.8152	0.8743	0.8649	0.7924	0.2939	0.4288	2.245
cosine	pool	0.75	0.0	30	0.2	169	22.2	1888	1.704	1288	1102	1005	0.912	0.7803	0.841	0.8556	0.8195	0.2781	0.4153	1.704
cosine	pool	0.75	0.0	30	0.3	169	22.2	1620	1.497	1288	1074	966	0.8994	0.75	0.818	0.8339	0.8461	0.2691	0.4083	1.497
cosine	pool	0.75	0.0	30	0.5	169	22.2	1377	1.37	1288	996	913	0.9167	0.7089	0.7995	0.7733	0.8881	0.2565	0.398	1.37
cosine	pool	0.75	0.9	5	0.0	169	3.97	1913	1.71	1288	1114	1086	0.9749	0.8432	0.9042	0.8649	0.9035	0.3072	0.4585	1.71
cosine	pool	0.75	0.9	5	0.05	169	3.97	1913	1.71	1288	1114	1086	0.9749	0.8432	0.9042	0.8649	0.9035	0.3072	0.4585	1.71
cosine	pool	0.75	0.9	5	0.1	169	3.97	1913	1.71	1288	1114	1086	0.9749	0.8432	0.9042	0.8649	0.9035	0.3072	0.4585	1.71
cosine	pool	0.75	0.9	5	0.2	169	3.97	1809	1.617	1288	1114	1086	0.9749	0.8432	0.9042	0.8649	0.9139	0.3067	0.4593	1.617
cosine	pool	0.75	0.9	5	0.3	169	3.97	1647	1.472	1288	1113	1078	0.9686	0.837	0.898	0.8641	0.9234	0.3005	0.4534	1.472
cosine	pool	0.75	0.9	5	0.5	169	3.97	1562	1.417	1288	1096	1061	0.9681	0.8238	0.8901	0.8509	0.9369	0.2956	0.4494	1.417
cosine	pool	0.75	0.9	10	0.0	169	6.89	2063	1.844	1288	1114	1086	0.9749	0.8432	0.9042	0.8649	0.8885	0.3087	0.4582	1.844
cosine	pool	0.75	0.9	10	0.05	169	6.89	2063	1.844	1288	1114	1086	0.9749	0.8432	0.9042	0.8649	0.8885	0.3087	0.4582	1.844
cosine	pool	0.75	0.9	10	0.1	169	6.89	1962	1.753	1288	1114	1086	0.9749	0.8432	0.9042	0.8649	0.8969	0.3084	0.4589	1.753
cosine	pool	0.75	0.9	10	0.2	169	6.89	1746	1.56	1288	1114	1081	0.9704	0.8393	0.9001	0.8649	0.9139	0.3033	0.4555	1.56
cosine	pool	0.75	0.9	10	0.3	169	6.89	1660	1.489	1288	1109	1072	0.9666	0.8323	0.8945	0.861	0.9213	0.2984	0.4508	1.489
cosine	pool	0.75	0.9	10	0.5	169	6.89	1557	1.414	1288	1095	1057	0.9653	0.8207	0.8871	0.8502	0.9346	0.2945	0.4479	1.414
cosine	pool	0.75	0.9	30	0.0	169	16.28	2248	2.009	1288	1114	1086	0.9749	0.8432	0.9042	0.8649	0.8741	0.3104	0.4581	2.009
cosine	pool	0.75	0.9	30	0.05	169	16.28	2028	1.812	1288	1114	1085	0.974	0.8424	0.9034	0.8649	0.8892	0.3061	0.4555	1.812
cosine	pool	0.75	0.9	30	0.1	169	16.28	1910	1.707	1288	1114	1081	0.9704	0.8393	0.9001	0.8649	0.8955	0.304	0.4539	1.707
cosine	pool	0.75	0.9	30	0.2	169	16.28	1783	1.593	1288	1114	1073	0.9632	0.8331	0.8934	0.8649	0.903	0.3015	0.4521	1.593
cosine	pool	0.75	0.9	30	0.3	169	16.28	1659	1.492	1288	1106	1062	0.9602	0.8245	0.8872	0.8587	0.9134	0.296	0.4471	1.492
cosine	pool	0.75	0.9	30	0.5	169	16.28	1539	1.412	1288	1084	1043	0.9622	0.8098	0.8794	0.8416	0.9321	0.2916	0.4442	1.412
cosine	pool	0.75	0.95	5	0.0	169	3.56	1769	1.581	1288	1114	1086	0.9749	0.8432	0.9042	0.8649	0.927	0.3065	0.4607	1.581
cosine	pool	0.75	0.95	5	0.05	169	3.56	1769	1.581	1288	1114	1086	0.9749	0.8432	0.9042	0.8649	0.927	0.3065	0.4607	1.581
cosine	pool	0.75	0.95	5	0.1	169	3.56	1769	1.581	1288	1114	1086	0.9749	0.8432	0.9042	0.8649	0.927	0.3065	0.4607	1.581
cosine	pool	0.75	0.95	5	0.2	169	3.56	1746	1.56	1288	1114	1086	0.9749	0.8432	0.9042	0.8649	0.9295	0.3062	0.4607	1.56
cosine	pool	0.75	0.95	5	0.3	169	3.56	1627	1.454	1288	1114	1085	0.974	0.8424	0.9034	0.8649	0.9385	0.3027	0.4577	1.454
cosine	pool	0.75	0.95	5	0.5	169	3.56	1602	1.434	1288	1112	1084	0.9748	0.8416	0.9033	0.8634	0.9428	0.3017	0.4571	1.434
cosine	pool	0.75	0.95	10	0.0	169	5.94	1812	1.619	1288	1114	1086	0.9749	0.8432	0.9042	0.8649	0.9224	0.3074	0.4611	1.619
cosine	pool	0.75	0.95	10	0.05	169	5.94	1812	1.619	1288	1114	1086	0.9749	0.8432	0.9042	0.8649	0.9224	0.3074	0.4611	1.619
cosine	pool	0.75	0.95	10	0.1	169	5.94	1789	1.599	1288	1114	1086	0.9749	0.8432	0.9042	0.8649	0.9246	0.3072	0.4612	1.599
cosine	pool	0.75	0.95	10	0.2	169	5.94	1665	1.488	1288	1114	1085	0.974	0.8424	0.9034	0.8649	0.9357	0.3042	0.4592	1.488
cosine	pool	0.75	0.95	10	0.3	169	5.94	1632	1.458	1288	1114	1085	0.974	0.8424	0.9034	0.8649	0.939	0.3029	0.458	1.458
cosine	pool	0.75	0.95	10	0.5	169	5.94	1602	1.433	1288	1113	1084	0.9739	0.8416	0.903	0.8641	0.942	0.3017	0.457	1.433
cosine	pool	0.75	0.95	30	0.0	169	13.34	1833	1.638	1288	1114	1086	0.9749	0.8432	0.9042	0.8649	0.9204	0.3082	0.4618	1.638
cosine	pool	0.75	0.95	30	0.05	169	13.34	1749	1.563	1288	1114	1086	0.9749	0.8432	0.9042	0.8649	0.9298	0.3051	0.4594	1.563
cosine	pool	0.75	0.95	30	0.1	169	13.34	1714	1.532	1288	1114	1086	0.9749	0.8432	0.9042	0.8649	0.9326	0.305	0.4597	1.532
cosine	pool	0.75	0.95	30	0.2	169	13.34	1669	1.492	1288	1114	1085	0.974	0.8424	0.9034	0.8649	0.935	0.3044	0.4592	1.492
cosine	pool	0.75	0.95	30	0.3	169	13.34	1635	1.461	1288	1114	1085	0.974	0.8424	0.9034	0.8649	0.939	0.303	0.4582	1.461
cosine	pool	0.75	0.95	30	0.5	169	13.34	1601	1.432	1288	1113	1084	0.9739	0.8416	0.903	0.8641	0.942	0.3016	0.457	1.432
cosine	pool	0.75	0.98	5	0.0	169	3.3	1747	1.561	1288	1113	1086	0.9757	0.8432	0.9046	0.8641	0.9309	0.3065	0.4612	1.561
cosine	pool	0.75	0.98	5	0.05	169	3.3	1747	1.561	1288	1113	1086	0.9757	0.8432	0.9046	0.8641	0.9309	0.3065	0.4612	1.561
cosine	pool	0.75	0.98	5	0.1	169	3.3	1747	1.561	1288	1113	1086	0.9757	0.8432	0.9046	0.8641	0.9309	0.3065	0.4612	1.561
cosine	pool	0.75	0.98	5	0.2	169	3.3	1738	1.553	1288	1113	1086	0.9757	0.8432	0.9046	0.8641	0.9313	0.3062	0.4609	1.553
cosine	pool	0.75	0.98	5	0.3	169	3.3	1641	1.466	1288	1113	1086	0.9757	0.8432	0.9046	0.8641	0.9398	0.3039	0.4593	1.466
cosine	pool	0.75	0.98	5	0.5	169	3.3	1620	1.449	1288	1112	1085	0.9757	0.8424	0.9042	0.8634	0.9427	0.3029	0.4585	1.449
cosine	pool	0.75	0.98	10	0.0	169	5.29	1768	1.58	1288	1113	1086	0.9757	0.8432	0.9046	0.8641	0.9283	0.3072	0.4616	1.58
cosine	pool	0.75	0.98	10	0.05	169	5.29	1768	1.58	1288	1113	1086	0.9757	0.8432	0.9046	0.8641	0.9283	0.3072	0.4616	1.58
cosine	pool	0.75	0.98	10	0.1	169	5.29	1759	1.572	1288	1113	1086	0.9757	0.8432	0.9046	0.8641	0.9289	0.307	0.4615	1.572
cosine	pool	0.75	0.98	10	0.2	169	5.29	1680	1.501	1288	1113	1086	0.9757	0.8432	0.9046	0.8641	0.9375	0.3046	0.4599	1.501
cosine	pool	0.75	0.98	10	0.3	169	5.29	1646	1.471	1288	1113	1086	0.9757	0.8432	0.9046	0.8641	0.9403	0.3041	0.4596	1.471
cosine	pool	0.75	0.98	10	0.5	169	5.29	1620	1.449	1288	1112	1085	0.9757	0.8424	0.9042	0.8634	0.9427	0.3029	0.4585	1.449
cosine	pool	0.75	0.98	30	0.0	169	11.4	1776	1.587	1288	1113	1086	0.9757	0.8432	0.9046	0.8641	0.9278	0.308	0.4624	1.587
cosine	pool	0.75	0.98	30	0.05	169	11.4	1706	1.525	1288	1113	1086	0.9757	0.8432	0.9046	0.8641	0.9354	0.305	0.46	1.525
cosine	pool	0.75	0.98	30	0.1	169	11.4	1697	1.517	1288	1113	1086	0.9757	0.8432	0.9046	0.8641	0.9366	0.3049	0.46	1.517
cosine	pool	0.75	0.98	30	0.2	169	11.4	1680	1.501	1288	1113	1086	0.9757	0.8432	0.9046	0.8641	0.9375	0.3046	0.4599	1.501
cosine	pool	0.75	0.98	30	0.3	169	11.4	1648	1.473	1288	1113	1086	0.9757	0.8432	0.9046	0.8641	0.9403	0.3041	0.4596	1.473
cosine	pool	0.75	0.98	30	0.5	169	11.4	1620	1.449	1288	1112	1085	0.9757	0.8424	0.9042	0.8634	0.9427	0.3029	0.4585	1.449
cosine	pool	0.75	0.995	5	0.0	169	3.05	1734	1.55	1288	1113	1086	0.9757	0.8432	0.9046	0.8641	0.9316	0.306	0.4607	1.55
cosine	pool	0.75	0.995	5	0.05	169	3.05	1734	1.55	1288	1113	1086	0.9757	0.8432	0.9046	0.8641	0.9316	0.306	0.4607	1.55
cosine	pool	0.75	0.995	5	0.1	169	3.05	1734	1.55	1288	1113	1086	0.9757	0.8432	0.9046	0.8641	0.9316	0.306	0.4607	1.55
cosine	pool	0.75	0.995	5	0.2	169	3.05	1727	1.543	1288	1113	1086	0.9757	0.8432	0.9046	0.8641	0.9321	0.3058	0.4605	1.543
cosine	pool	0.75	0.995	5	0.3	169	3.05	1646	1.471	1288	1113	1086	0.9757	0.8432	0.9046	0.8641	0.9402	0.3038	0.4592	1.471
cosine	pool	0.75	0.995	5	0.5	169	3.05	1632	1.458	1288	1113	1086	0.9757	0.8432	0.9046	0.8641	0.9409	0.3033	0.4588	1.458
cosine	pool	0.75	0.995	10	0.0	169	4.78	1753	1.567	1288	1113	1086	0.9757	0.8432	0.9046	0.8641	0.929	0.3066	0.4611	1.567
cosine	pool	0.75	0.995	10	0.05	169	4.78	1753	1.567	1288	1113	1086	0.9757	0.8432	0.9046	0.8641	0.929	0.3066	0.4611	1.567
cosine	pool	0.75	0.995	10	0.1	169	4.78	1744	1.559	1288	1113	1086	0.9757	0.8432	0.9046	0.8641	0.9296	0.3065	0.461	1.559
cosine	pool	0.75	0.995	10	0.2	169	4.78	1682	1.503	1288	1113	1086	0.9757	0.8432	0.9046	0.8641	0.9374	0.3043	0.4595	1.503
cosine	pool	0.75	0.995	10	0.3	169	4.78	1652	1.476	1288	1113	1086	0.9757	0.8432	0.9046	0.8641	0.9402	0.304	0.4595	1.476
cosine	pool	0.75	0.995	10	0.5	169	4.78	1632	1.458	1288	1113	1086	0.9757	0.8432	0.9046	0.8641	0.9409	0.3033	0.4588	1.458
cosine	pool	0.75	0.995	30	0.0	169	9.45	1760	1.573	1288	1113	1086	0.9757	0.8432	0.9046	0.8641	0.9285	0.3073	0.4618	1.573
cosine	pool	0.75	0.995	30	0.05	169	9.45	1701	1.52	1288	1113	1086	0.9757	0.8432	0.9046	0.8641	0.934	0.305	0.4599	1.52
cosine	pool	0.75	0.995	30	0.1	169	9.45	1682	1.503	1288	1113	1086	0.9757	0.8432	0.9046	0.8641	0.9374	0.3043	0.4595	1.503
cosine	pool	0.75	0.995	30	0.2	169	9.45	1682	1.503	1288	1113	1086	0.9757	0.8432	0.9046	0.8641	0.9374	0.3043	0.4595	1.503
cosine	pool	0.75	0.995	30	0.3	169	9.45	1652	1.476	1288	1113	1086	0.9757	0.8432	0.9046	0.8641	0.9402	0.304	0.4595	1.476
cosine	pool	0.75	0.995	30	0.5	169	9.45	1632	1.458	1288	1113	1086	0.9757	0.8432	0.9046	0.8641	0.9409	0.3033	0.4588	1.458
cosine	pool	0.7716	0.0	5	0.0	174	4.58	2182	1.959	1288	1111	1085	0.9766	0.8424	0.9045	0.8626	0.8538	0.3087	0.4535	1.959
cosine	pool	0.7716	0.0	5	0.05	174	4.58	2182	1.959	1288	1111	1085	0.9766	0.8424	0.9045	0.8626	0.8538	0.3087	0.4535	1.959
cosine	pool	0.7716	0.0	5	0.1	174	4.58	2182	1.959	1288	1111	1085	0.9766	0.8424	0.9045	0.8626	0.8538	0.3087	0.4535	1.959
cosine	pool	0.7716	0.0	5	0.2	174	4.58	1880	1.688	1288	1110	1085	0.9775	0.8424	0.9049	0.8618	0.8937	0.3067	0.4567	1.688
cosine	pool	0.7716	0.0	5	0.3	174	4.58	1641	1.48	1288	1103	1048	0.9501	0.8137	0.8766	0.8564	0.8962	0.2904	0.4386	1.48
cosine	pool	0.7716	0.0	5	0.5	174	4.58	1469	1.383	1288	1053	1006	0.9554	0.7811	0.8595	0.8175	0.9236	0.2795	0.4292	1.383
cosine	pool	0.7716	0.0	10	0.0	174	8.47	2735	2.455	1288	1111	1085	0.9766	0.8424	0.9045	0.8626	0.8115	0.3113	0.45	2.455
cosine	pool	0.7716	0.0	10	0.05	174	8.47	2735	2.455	1288	1111	1085	0.9766	0.8424	0.9045	0.8626	0.8115	0.3113	0.45	2.455
cosine	pool	0.7716	0.0	10	0.1	174	8.47	2332	2.093	1288	1111	1085	0.9766	0.8424	0.9045	0.8626	0.8378	0.3093	0.4518	2.093
cosine	pool	0.7716	0.0	10	0.2	174	8.47	1865	1.677	1288	1106	1057	0.9557	0.8207	0.883	0.8587	0.8726	0.2939	0.4397	1.677
cosine	pool	0.7716	0.0	10	0.3	174	8.47	1632	1.492	1288	1087	1027	0.9448	0.7974	0.8648	0.8439	0.8926	0.2848	0.4318	1.492
cosine	pool	0.7716	0.0	10	0.5	174	8.47	1427	1.373	1288	1030	977	0.9485	0.7585	0.843	0.7997	0.9184	0.2724	0.4201	1.373
cosine	pool	0.7716	0.0	30	0.0	174	21.38	3736	3.354	1288	1111	1085	0.9766	0.8424	0.9045	0.8626	0.7626	0.3144	0.4452	3.354
cosine	pool	0.7716	0.0	30	0.05	174	21.38	2922	2.623	1288	1111	1070	0.9631	0.8307	0.892	0.8626	0.7868	0.304	0.4385	2.623
cosine	pool	0.7716	0.0	30	0.1	174	21.38	2353	2.112	1288	1109	1057	0.9531	0.8207	0.8819	0.861	0.8097	0.2971	0.4348	2.112
cosine	pool	0.7716	0.0	30	0.2	174	21.38	1859	1.681	1288	1099	1014	0.9227	0.7873	0.8496	0.8533	0.8335	0.2812	0.4205	1.681
cosine	pool	0.7716	0.0	30	0.3	174	21.38	1601	1.478	1288	1076	980	0.9108	0.7609	0.8291	0.8354	0.858	0.2721	0.4132	1.478
cosine	pool	0.7716	0.0	30	0.5	174	21.38	1388	1.37	1288	1004	932	0.9283	0.7236	0.8133	0.7795	0.9	0.2616	0.4054	1.37
cosine	pool	0.7716	0.9	5	0.0	174	3.97	1898	1.704	1288	1109	1085	0.9784	0.8424	0.9053	0.861	0.9073	0.3071	0.4589	1.704
cosine	pool	0.7716	0.9	5	0.05	174	3.97	1898	1.704	1288	1109	1085	0.9784	0.8424	0.9053	0.861	0.9073	0.3071	0.4589	1.704
cosine	pool	0.7716	0.9	5	0.1	174	3.97	1898	1.704	1288	1109	1085	0.9784	0.8424	0.9053	0.861	0.9073	0.3071	0.4589	1.704
cosine	pool	0.7716	0.9	5	0.2	174	3.97	1799	1.615	1288	1109	1085	0.9784	0.8424	0.9053	0.861	0.9178	0.3066	0.4597	1.615
cosine	pool	0.7716	0.9	5	0.3	174	3.97	1639	1.471	1288	1108	1077	0.972	0.8362	0.899	0.8602	0.9272	0.3004	0.4538	1.471
cosine	pool	0.7716	0.9	5	0.5	174	3.97	1555	1.416	1288	1092	1060	0.9707	0.823	0.8908	0.8478	0.9401	0.2955	0.4497	1.416
cosine	pool	0.7716	0.9	10	0.0	174	6.89	2045	1.836	1288	1109	1085	0.9784	0.8424	0.9053	0.861	0.8923	0.3086	0.4586	1.836
cosine	pool	0.7716	0.9	10	0.05	174	6.89	2045	1.836	1288	1109	1085	0.9784	0.8424	0.9053	0.861	0.8923	0.3086	0.4586	1.836
cosine	pool	0.7716	0.9	10	0.1	174	6.89	1946	1.747	1288	1109	1085	0.9784	0.8424	0.9053	0.861	0.9007	0.3083	0.4593	1.747
cosine	pool	0.7716	0.9	10	0.2	174	6.89	1737	1.559	1288	1109	1080	0.9739	0.8385	0.9011	0.861	0.9177	0.3032	0.4558	1.559
cosine	pool	0.7716	0.9	10	0.3	174	6.89	1652	1.488	1288	1104	1071	0.9701	0.8315	0.8955	0.8571	0.9252	0.2983	0.4511	1.488
cosine	pool	0.7716	0.9	10	0.5	174	6.89	1551	1.414	1288	1091	1056	0.9679	0.8199	0.8878	0.847	0.9377	0.2944	0.4481	1.414
cosine	pool	0.7716	0.9	30	0.0	174	16.25	2226	1.998	1288	1109	1085	0.9784	0.8424	0.9053	0.861	0.8778	0.3103	0.4585	1.998
cosine	pool	0.7716	0.9	30	0.05	174	16.25	2010	1.804	1288	1109	1084	0.9775	0.8416	0.9045	0.861	0.893	0.306	0.4558	1.804
cosine	pool	0.7716	0.9	30	0.1	174	16.25	1895	1.701	1288	1109	1080	0.9739	0.8385	0.9011	0.861	0.8993	0.3038	0.4542	1.701
cosine	pool	0.7716	0.9	30	0.2	174	16.25	1776	1.594	1288	1109	1072	0.9666	0.8323	0.8945	0.861	0.9068	0.3014	0.4524	1.594
cosine	pool	0.7716	0.9	30	0.3	174	16.25	1651	1.491	1288	1101	1061	0.9637	0.8238	0.8882	0.8548	0.9172	0.2959	0.4474	1.491
cosine	pool	0.7716	0.9	30	0.5	174	16.25	1533	1.412	1288	1080	1042	0.9648	0.809	0.8801	0.8385	0.9353	0.2915	0.4444	1.412
cosine	pool	0.7716	0.95	5	0.0	174	3.56	1754	1.575	1288	1109	1085	0.9784	0.8424	0.9053	0.861	0.9309	0.3064	0.4611	1.575
cosine	pool	0.7716	0.95	5	0.05	174	3.56	1754	1.575	1288	1109	1085	0.9784	0.8424	0.9053	0.861	0.9309	0.3064	0.4611	1.575
cosine	pool	0.7716	0.95	5	0.1	174	3.56	1754	1.575	1288	1109	1085	0.9784	0.8424	0.9053	0.861	0.9309	0.3064	0.4611	1.575
cosine	pool	0.7716	0.95	5	0.2	174	3.56	1736	1.558	1288	1109	1085	0.9784	0.8424	0.9053	0.861	0.9334	0.3061	0.4611	1.558
cosine	pool	0.7716	0.95	5	0.3	174	3.56	1619	1.453	1288	1109	1084	0.9775	0.8416	0.9045	0.861	0.9425	0.3026	0.4581	1.453
cosine	pool	0.7716	0.95	5	0.5	174	3.56	1595	1.433	1288	1108	1083	0.9774	0.8408	0.904	0.8602	0.9459	0.3016	0.4574	1.433
cosine	pool	0.7716	0.95	10	0.0	174	5.94	1795	1.611	1288	1109	1085	0.9784	0.8424	0.9053	0.861	0.9263	0.3073	0.4615	1.611
cosine	pool	0.7716	0.95	10	0.05	174	5.94	1795	1.611	1288	1109	1085	0.9784	0.8424	0.9053	0.861	0.9263	0.3073	0.4615	1.611
cosine	pool	0.7716	0.95	10	0.1	174	5.94	1773	1.592	1288	1109	1085	0.9784	0.8424	0.9053	0.861	0.9286	0.3071	0.4615	1.592
cosine	pool	0.7716	0.95	10	0.2	174	5.94	1656	1.487	1288	1109	1084	0.9775	0.8416	0.9045	0.861	0.9397	0.3041	0.4595	1.487
cosine	pool	0.7716	0.95	10	0.3	174	5.94	1624	1.458	1288	1109	1084	0.9775	0.8416	0.9045	0.861	0.9429	0.3028	0.4584	1.458
cosine	pool	0.7716	0.95	10	0.5	174	5.94	1596	1.433	1288	1109	1083	0.9766	0.8408	0.9036	0.861	0.9451	0.3016	0.4573	1.433
cosine	pool	0.7716	0.95	30	0.0	174	13.34	1816	1.63	1288	1109	1085	0.9784	0.8424	0.9053	0.861	0.9243	0.3081	0.4622	1.63
cosine	pool	0.7716	0.95	30	0.05	174	13.34	1732	1.555	1288	1109	1085	0.9784	0.8424	0.9053	0.861	0.9337	0.305	0.4598	1.555
cosine	pool	0.7716	0.95	30	0.1	174	13.34	1698	1.524	1288	1109	1085	0.9784	0.8424	0.9053	0.861	0.9366	0.3049	0.4601	1.524
cosine	pool	0.7716	0.95	30	0.2	174	13.34	1660	1.49	1288	1109	1084	0.9775	0.8416	0.9045	0.861	0.9389	0.3043	0.4596	1.49
cosine	pool	0.7716	0.95	30	0.3	174	13.34	1627	1.461	1288	1109	1084	0.9775	0.8416	0.9045	0.861	0.9429	0.3029	0.4585	1.461
cosine	pool	0.7716	0.95	30	0.5	174	13.34	1595	1.432	1288	1109	1083	0.9766	0.8408	0.9036	0.861	0.9451	0.3015	0.4572	1.432
cosine	pool	0.7716	0.98	5	0.0	174	3.31	1735	1.557	1288	1108	1085	0.9792	0.8424	0.9057	0.8602	0.9348	0.3064	0.4616	1.557
cosine	pool	0.7716	0.98	5	0.05	174	3.31	1735	1.557	1288	1108	1085	0.9792	0.8424	0.9057	0.8602	0.9348	0.3064	0.4616	1.557
cosine	pool	0.7716	0.98	5	0.1	174	3.31	1735	1.557	1288	1108	1085	0.9792	0.8424	0.9057	0.8602	0.9348	0.3064	0.4616	1.557
cosine	pool	0.7716	0.98	5	0.2	174	3.31	1727	1.55	1288	1108	1085	0.9792	0.8424	0.9057	0.8602	0.9352	0.3061	0.4613	1.55
cosine	pool	0.7716	0.98	5	0.3	174	3.31	1630	1.463	1288	1108	1085	0.9792	0.8424	0.9057	0.8602	0.9438	0.3038	0.4596	1.463
cosine	pool	0.7716	0.98	5	0.5	174	3.31	1613	1.448	1288	1108	1084	0.9783	0.8416	0.9048	0.8602	0.9458	0.3028	0.4588	1.448
cosine	pool	0.7716	0.98	10	0.0	174	5.3	1756	1.576	1288	1108	1085	0.9792	0.8424	0.9057	0.8602	0.9322	0.3071	0.462	1.576
cosine	pool	0.7716	0.98	10	0.05	174	5.3	1756	1.576	1288	1108	1085	0.9792	0.8424	0.9057	0.8602	0.9322	0.3071	0.462	1.576
cosine	pool	0.7716	0.98	10	0.1	174	5.3	1747	1.568	1288	1108	1085	0.9792	0.8424	0.9057	0.8602	0.9328	0.3069	0.4619	1.568
cosine	pool	0.7716	0.98	10	0.2	174	5.3	1669	1.498	1288	1108	1085	0.9792	0.8424	0.9057	0.8602	0.9414	0.3045	0.4602	1.498
cosine	pool	0.7716	0.98	10	0.3	174	5.3	1635	1.468	1288	1108	1085	0.9792	0.8424	0.9057	0.8602	0.9442	0.304	0.4599	1.468
cosine	pool	0.7716	0.98	10	0.5	174	5.3	1613	1.448	1288	1108	1084	0.9783	0.8416	0.9048	0.8602	0.9458	0.3028	0.4588	1.448
cosine	pool	0.7716	0.98	30	0.0	174	11.44	1764	1.583	1288	1108	1085	0.9792	0.8424	0.9057	0.8602	0.9317	0.3078	0.4628	1.583
cosine	pool	0.7716	0.98	30	0.05	174	11.44	1694	1.521	1288	1108	1085	0.9792	0.8424	0.9057	0.8602	0.9393	0.3048	0.4603	1.521
cosine	pool	0.7716	0.98	30	0.1	174	11.44	1685	1.513	1288	1108	1085	0.9792	0.8424	0.9057	0.8602	0.9406	0.3048	0.4604	1.513
cosine	pool	0.7716	0.98	30	0.2	174	11.44	1669	1.498	1288	1108	1085	0.9792	0.8424	0.9057	0.8602	0.9414	0.3045	0.4602	1.498
cosine	pool	0.7716	0.98	30	0.3	174	11.44	1637	1.469	1288	1108	1085	0.9792	0.8424	0.9057	0.8602	0.9442	0.304	0.4599	1.469
cosine	pool	0.7716	0.98	30	0.5	174	11.44	1613	1.448	1288	1108	1084	0.9783	0.8416	0.9048	0.8602	0.9458	0.3028	0.4588	1.448
cosine	pool	0.7716	0.995	5	0.0	174	3.06	1726	1.549	1288	1108	1085	0.9792	0.8424	0.9057	0.8602	0.9355	0.3059	0.461	1.549
cosine	pool	0.7716	0.995	5	0.05	174	3.06	1726	1.549	1288	1108	1085	0.9792	0.8424	0.9057	0.8602	0.9355	0.3059	0.461	1.549
cosine	pool	0.7716	0.995	5	0.1	174	3.06	1726	1.549	1288	1108	1085	0.9792	0.8424	0.9057	0.8602	0.9355	0.3059	0.461	1.549
cosine	pool	0.7716	0.995	5	0.2	174	3.06	1719	1.543	1288	1108	1085	0.9792	0.8424	0.9057	0.8602	0.936	0.3056	0.4608	1.543
cosine	pool	0.7716	0.995	5	0.3	174	3.06	1638	1.47	1288	1108	1085	0.9792	0.8424	0.9057	0.8602	0.9442	0.3037	0.4595	1.47
cosine	pool	0.7716	0.995	5	0.5	174	3.06	1624	1.458	1288	1108	1085	0.9792	0.8424	0.9057	0.8602	0.9448	0.3032	0.4591	1.458
cosine	pool	0.7716	0.995	10	0.0	174	4.8	1745	1.566	1288	1108	1085	0.9792	0.8424	0.9057	0.8602	0.9329	0.3065	0.4614	1.566
cosine	pool	0.7716	0.995	10	0.05	174	4.8	1745	1.566	1288	1108	1085	0.9792	0.8424	0.9057	0.8602	0.9329	0.3065	0.4614	1.566
cosine	pool	0.7716	0.995	10	0.1	174	4.8	1736	1.558	1288	1108	1085	0.9792	0.8424	0.9057	0.8602	0.9335	0.3064	0.4613	1.558
cosine	pool	0.7716	0.995	10	0.2	174	4.8	1674	1.503	1288	1108	1085	0.9792	0.8424	0.9057	0.8602	0.9413	0.3042	0.4598	1.503
cosine	pool	0.7716	0.995	10	0.3	174	4.8	1644	1.476	1288	1108	1085	0.9792	0.8424	0.9057	0.8602	0.9442	0.3039	0.4598	1.476
cosine	pool	0.7716	0.995	10	0.5	174	4.8	1624	1.458	1288	1108	1085	0.9792	0.8424	0.9057	0.8602	0.9448	0.3032	0.4591	1.458
cosine	pool	0.7716	0.995	30	0.0	174	9.49	1752	1.573	1288	1108	1085	0.9792	0.8424	0.9057	0.8602	0.9324	0.3072	0.4622	1.573
cosine	pool	0.7716	0.995	30	0.05	174	9.49	1693	1.52	1288	1108	1085	0.9792	0.8424	0.9057	0.8602	0.9379	0.3049	0.4602	1.52
cosine	pool	0.7716	0.995	30	0.1	174	9.49	1674	1.503	1288	1108	1085	0.9792	0.8424	0.9057	0.8602	0.9413	0.3042	0.4598	1.503
cosine	pool	0.7716	0.995	30	0.2	174	9.49	1674	1.503	1288	1108	1085	0.9792	0.8424	0.9057	0.8602	0.9413	0.3042	0.4598	1.503
cosine	pool	0.7716	0.995	30	0.3	174	9.49	1644	1.476	1288	1108	1085	0.9792	0.8424	0.9057	0.8602	0.9442	0.3039	0.4598	1.476
cosine	pool	0.7716	0.995	30	0.5	174	9.49	1624	1.458	1288	1108	1085	0.9792	0.8424	0.9057	0.8602	0.9448	0.3032	0.4591	1.458
cosine	pool	0.8	0.0	5	0.0	178	4.46	2081	1.875	1288	1105	1084	0.981	0.8416	0.906	0.8579	0.8686	0.3086	0.4554	1.875
cosine	pool	0.8	0.0	5	0.05	178	4.46	2081	1.875	1288	1105	1084	0.981	0.8416	0.906	0.8579	0.8686	0.3086	0.4554	1.875
cosine	pool	0.8	0.0	5	0.1	178	4.46	2081	1.875	1288	1105	1084	0.981	0.8416	0.906	0.8579	0.8686	0.3086	0.4554	1.875
cosine	pool	0.8	0.0	5	0.2	178	4.46	1841	1.659	1288	1105	1084	0.981	0.8416	0.906	0.8579	0.9026	0.3066	0.4577	1.659
cosine	pool	0.8	0.0	5	0.3	178	4.46	1623	1.467	1288	1098	1057	0.9627	0.8207	0.886	0.8525	0.9074	0.2951	0.4454	1.467
cosine	pool	0.8	0.0	5	0.5	178	4.46	1480	1.382	1288	1062	1023	0.9633	0.7943	0.8706	0.8245	0.9313	0.2863	0.438	1.382
cosine	pool	0.8	0.0	10	0.0	178	8.17	2521	2.271	1288	1105	1084	0.981	0.8416	0.906	0.8579	0.8329	0.311	0.4529	2.271
cosine	pool	0.8	0.0	10	0.05	178	8.17	2521	2.271	1288	1105	1084	0.981	0.8416	0.906	0.8579	0.8329	0.311	0.4529	2.271
cosine	pool	0.8	0.0	10	0.1	178	8.17	2189	1.972	1288	1105	1084	0.981	0.8416	0.906	0.8579	0.855	0.3092	0.4541	1.972
cosine	pool	0.8	0.0	10	0.2	178	8.17	1806	1.63	1288	1102	1063	0.9646	0.8253	0.8895	0.8556	0.8864	0.2974	0.4454	1.63
cosine	pool	0.8	0.0	10	0.3	178	8.17	1611	1.474	1288	1085	1040	0.9585	0.8075	0.8765	0.8424	0.9044	0.2899	0.4391	1.474
cosine	pool	0.8	0.0	10	0.5	178	8.17	1441	1.372	1288	1042	999	0.9587	0.7756	0.8575	0.809	0.9288	0.2801	0.4303	1.372
cosine	pool	0.8	0.0	30	0.0	178	20.4	3371	3.037	1288	1105	1084	0.981	0.8416	0.906	0.8579	0.7938	0.3137	0.4497	3.037
cosine	pool	0.8	0.0	30	0.05	178	20.4	2629	2.368	1288	1105	1071	0.9692	0.8315	0.8951	0.8579	0.8151	0.3041	0.443	2.368
cosine	pool	0.8	0.0	30	0.1	178	20.4	2163	1.949	1288	1103	1058	0.9592	0.8214	0.885	0.8564	0.8342	0.2982	0.4393	1.949
cosine	pool	0.8	0.0	30	0.2	178	20.4	1806	1.639	1288	1095	1028	0.9388	0.7981	0.8628	0.8502	0.8556	0.2871	0.4299	1.639
cosine	pool	0.8	0.0	30	0.3	178	20.4	1583	1.459	1288	1077	999	0.9276	0.7756	0.8448	0.8362	0.876	0.2789	0.4231	1.459
cosine	pool	0.8	0.0	30	0.5	178	20.4	1407	1.365	1288	1023	963	0.9413	0.7477	0.8334	0.7943	0.9138	0.2706	0.4175	1.365
cosine	pool	0.8	0.9	5	0.0	178	3.96	1887	1.7	1288	1104	1084	0.9819	0.8416	0.9064	0.8571	0.9104	0.3071	0.4592	1.7
cosine	pool	0.8	0.9	5	0.05	178	3.96	1887	1.7	1288	1104	1084	0.9819	0.8416	0.9064	0.8571	0.9104	0.3071	0.4592	1.7
cosine	pool	0.8	0.9	5	0.1	178	3.96	1887	1.7	1288	1104	1084	0.9819	0.8416	0.9064	0.8571	0.9104	0.3071	0.4592	1.7
cosine	pool	0.8	0.9	5	0.2	178	3.96	1788	1.611	1288	1104	1084	0.9819	0.8416	0.9064	0.8571	0.9209	0.3066	0.46	1.611
cosine	pool	0.8	0.9	5	0.3	178	3.96	1628	1.467	1288	1103	1076	0.9755	0.8354	0.9	0.8564	0.9304	0.3003	0.4541	1.467
cosine	pool	0.8	0.9	5	0.5	178	3.96	1546	1.413	1288	1087	1059	0.9742	0.8222	0.8918	0.8439	0.9433	0.2955	0.45	1.413
cosine	pool	0.8	0.9	10	0.0	178	6.86	2034	1.832	1288	1104	1084	0.9819	0.8416	0.9064	0.8571	0.8953	0.3086	0.459	1.832
cosine	pool	0.8	0.9	10	0.05	178	6.86	2034	1.832	1288	1104	1084	0.9819	0.8416	0.9064	0.8571	0.8953	0.3086	0.459	1.832
cosine	pool	0.8	0.9	10	0.1	178	6.86	1936	1.744	1288	1104	1084	0.9819	0.8416	0.9064	0.8571	0.9038	0.3082	0.4597	1.744
cosine	pool	0.8	0.9	10	0.2	178	6.86	1726	1.555	1288	1104	1079	0.9774	0.8377	0.9022	0.8571	0.9208	0.3032	0.4562	1.555
cosine	pool	0.8	0.9	10	0.3	178	6.86	1641	1.484	1288	1099	1070	0.9736	0.8307	0.8965	0.8533	0.9283	0.2983	0.4515	1.484
cosine	pool	0.8	0.9	10	0.5	178	6.86	1542	1.411	1288	1086	1055	0.9715	0.8191	0.8888	0.8432	0.941	0.2944	0.4484	1.411
cosine	pool	0.8	0.9	30	0.0	178	16.19	2210	1.991	1288	1104	1084	0.9819	0.8416	0.9064	0.8571	0.8807	0.3103	0.4589	1.991
cosine	pool	0.8	0.9	30	0.05	178	16.19	1995	1.797	1288	1104	1083	0.981	0.8408	0.9055	0.8571	0.8961	0.306	0.4562	1.797
cosine	pool	0.8	0.9	30	0.1	178	16.19	1884	1.697	1288	1104	1079	0.9774	0.8377	0.9022	0.8571	0.9024	0.3038	0.4546	1.697
cosine	pool	0.8	0.9	30	0.2	178	16.19	1763	1.588	1288	1104	1071	0.9701	0.8315	0.8955	0.8571	0.9098	0.3014	0.4528	1.588
cosine	pool	0.8	0.9	30	0.3	178	16.19	1640	1.487	1288	1096	1060	0.9672	0.823	0.8893	0.8509	0.9204	0.2959	0.4478	1.487
cosine	pool	0.8	0.9	30	0.5	178	16.19	1528	1.41	1288	1077	1041	0.9666	0.8082	0.8803	0.8362	0.9368	0.2914	0.4446	1.41
cosine	pool	0.8	0.95	5	0.0	178	3.55	1743	1.57	1288	1104	1084	0.9819	0.8416	0.9064	0.8571	0.934	0.3064	0.4614	1.57
cosine	pool	0.8	0.95	5	0.05	178	3.55	1743	1.57	1288	1104	1084	0.9819	0.8416	0.9064	0.8571	0.934	0.3064	0.4614	1.57
cosine	pool	0.8	0.95	5	0.1	178	3.55	1743	1.57	1288	1104	1084	0.9819	0.8416	0.9064	0.8571	0.934	0.3064	0.4614	1.57
cosine	pool	0.8	0.95	5	0.2	178	3.55	1725	1.554	1288	1104	1084	0.9819	0.8416	0.9064	0.8571	0.9366	0.3061	0.4614	1.554
cosine	pool	0.8	0.95	5	0.3	178	3.55	1608	1.449	1288	1104	1083	0.981	0.8408	0.9055	0.8571	0.9457	0.3025	0.4584	1.449
cosine	pool	0.8	0.95	5	0.5	178	3.55	1586	1.43	1288	1103	1082	0.981	0.8401	0.9051	0.8564	0.9492	0.3016	0.4577	1.43
cosine	pool	0.8	0.95	10	0.0	178	5.92	1784	1.607	1288	1104	1084	0.9819	0.8416	0.9064	0.8571	0.9295	0.3072	0.4618	1.607
cosine	pool	0.8	0.95	10	0.05	178	5.92	1784	1.607	1288	1104	1084	0.9819	0.8416	0.9064	0.8571	0.9295	0.3072	0.4618	1.607
cosine	pool	0.8	0.95	10	0.1	178	5.92	1762	1.587	1288	1104	1084	0.9819	0.8416	0.9064	0.8571	0.9317	0.307	0.4619	1.587
cosine	pool	0.8	0.95	10	0.2	178	5.92	1645	1.482	1288	1104	1083	0.981	0.8408	0.9055	0.8571	0.9429	0.3041	0.4599	1.482
cosine	pool	0.8	0.95	10	0.3	178	5.92	1613	1.453	1288	1104	1083	0.981	0.8408	0.9055	0.8571	0.9462	0.3028	0.4587	1.453
cosine	pool	0.8	0.95	10	0.5	178	5.92	1587	1.43	1288	1104	1082	0.9801	0.8401	0.9047	0.8571	0.9483	0.3016	0.4576	1.43
cosine	pool	0.8	0.95	30	0.0	178	13.31	1805	1.626	1288	1104	1084	0.9819	0.8416	0.9064	0.8571	0.9274	0.3081	0.4625	1.626
cosine	pool	0.8	0.95	30	0.05	178	13.31	1721	1.55	1288	1104	1084	0.9819	0.8416	0.9064	0.8571	0.9369	0.305	0.4601	1.55
cosine	pool	0.8	0.95	30	0.1	178	13.31	1687	1.52	1288	1104	1084	0.9819	0.8416	0.9064	0.8571	0.9398	0.3049	0.4604	1.52
cosine	pool	0.8	0.95	30	0.2	178	13.31	1649	1.486	1288	1104	1083	0.981	0.8408	0.9055	0.8571	0.9421	0.3042	0.4599	1.486
cosine	pool	0.8	0.95	30	0.3	178	13.31	1616	1.456	1288	1104	1083	0.981	0.8408	0.9055	0.8571	0.9462	0.3029	0.4588	1.456
cosine	pool	0.8	0.95	30	0.5	178	13.31	1586	1.429	1288	1104	1082	0.9801	0.8401	0.9047	0.8571	0.9483	0.3015	0.4575	1.429
cosine	pool	0.8	0.98	5	0.0	178	3.31	1725	1.554	1288	1104	1084	0.9819	0.8416	0.9064	0.8571	0.938	0.3064	0.4619	1.554
cosine	pool	0.8	0.98	5	0.05	178	3.31	1725	1.554	1288	1104	1084	0.9819	0.8416	0.9064	0.8571	0.938	0.3064	0.4619	1.554
cosine	pool	0.8	0.98	5	0.1	178	3.31	1725	1.554	1288	1104	1084	0.9819	0.8416	0.9064	0.8571	0.938	0.3064	0.4619	1.554
cosine	pool	0.8	0.98	5	0.2	178	3.31	1717	1.547	1288	1104	1084	0.9819	0.8416	0.9064	0.8571	0.9384	0.3061	0.4616	1.547
cosine	pool	0.8	0.98	5	0.3	178	3.31	1620	1.459	1288	1104	1084	0.9819	0.8416	0.9064	0.8571	0.947	0.3037	0.46	1.459
cosine	pool	0.8	0.98	5	0.5	178	3.31	1604	1.445	1288	1104	1083	0.981	0.8408	0.9055	0.8571	0.949	0.3028	0.4591	1.445
cosine	pool	0.8	0.98	10	0.0	178	5.3	1746	1.573	1288	1104	1084	0.9819	0.8416	0.9064	0.8571	0.9354	0.3071	0.4623	1.573
cosine	pool	0.8	0.98	10	0.05	178	5.3	1746	1.573	1288	1104	1084	0.9819	0.8416	0.9064	0.8571	0.9354	0.3071	0.4623	1.573
cosine	pool	0.8	0.98	10	0.1	178	5.3	1737	1.565	1288	1104	1084	0.9819	0.8416	0.9064	0.8571	0.936	0.3069	0.4622	1.565
cosine	pool	0.8	0.98	10	0.2	178	5.3	1659	1.495	1288	1104	1084	0.9819	0.8416	0.9064	0.8571	0.9447	0.3045	0.4605	1.495
cosine	pool	0.8	0.98	10	0.3	178	5.3	1625	1.464	1288	1104	1084	0.9819	0.8416	0.9064	0.8571	0.9474	0.304	0.4603	1.464
cosine	pool	0.8	0.98	10	0.5	178	5.3	1604	1.445	1288	1104	1083	0.981	0.8408	0.9055	0.8571	0.949	0.3028	0.4591	1.445
cosine	pool	0.8	0.98	30	0.0	178	11.45	1754	1.58	1288	1104	1084	0.9819	0.8416	0.9064	0.8571	0.9349	0.3078	0.4631	1.58
cosine	pool	0.8	0.98	30	0.05	178	11.45	1684	1.517	1288	1104	1084	0.9819	0.8416	0.9064	0.8571	0.9425	0.3048	0.4606	1.517
cosine	pool	0.8	0.98	30	0.1	178	11.45	1675	1.509	1288	1104	1084	0.9819	0.8416	0.9064	0.8571	0.9438	0.3047	0.4607	1.509
cosine	pool	0.8	0.98	30	0.2	178	11.45	1659	1.495	1288	1104	1084	0.9819	0.8416	0.9064	0.8571	0.9447	0.3045	0.4605	1.495
cosine	pool	0.8	0.98	30	0.3	178	11.45	1627	1.466	1288	1104	1084	0.9819	0.8416	0.9064	0.8571	0.9474	0.304	0.4603	1.466
cosine	pool	0.8	0.98	30	0.5	178	11.45	1604	1.445	1288	1104	1083	0.981	0.8408	0.9055	0.8571	0.949	0.3028	0.4591	1.445
cosine	pool	0.8	0.995	5	0.0	178	3.06	1717	1.547	1288	1104	1084	0.9819	0.8416	0.9064	0.8571	0.9387	0.3058	0.4614	1.547
cosine	pool	0.8	0.995	5	0.05	178	3.06	1717	1.547	1288	1104	1084	0.9819	0.8416	0.9064	0.8571	0.9387	0.3058	0.4614	1.547
cosine	pool	0.8	0.995	5	0.1	178	3.06	1717	1.547	1288	1104	1084	0.9819	0.8416	0.9064	0.8571	0.9387	0.3058	0.4614	1.547
cosine	pool	0.8	0.995	5	0.2	178	3.06	1710	1.541	1288	1104	1084	0.9819	0.8416	0.9064	0.8571	0.9391	0.3056	0.4612	1.541
cosine	pool	0.8	0.995	5	0.3	178	3.06	1629	1.468	1288	1104	1084	0.9819	0.8416	0.9064	0.8571	0.9474	0.3036	0.4599	1.468
cosine	pool	0.8	0.995	5	0.5	178	3.06	1615	1.455	1288	1104	1084	0.9819	0.8416	0.9064	0.8571	0.948	0.3032	0.4594	1.455
cosine	pool	0.8	0.995	10	0.0	178	4.8	1736	1.564	1288	1104	1084	0.9819	0.8416	0.9064	0.8571	0.9361	0.3065	0.4618	1.564
cosine	pool	0.8	0.995	10	0.05	178	4.8	1736	1.564	1288	1104	1084	0.9819	0.8416	0.9064	0.8571	0.9361	0.3065	0.4618	1.564
cosine	pool	0.8	0.995	10	0.1	178	4.8	1727	1.556	1288	1104	1084	0.9819	0.8416	0.9064	0.8571	0.9367	0.3063	0.4617	1.556
cosine	pool	0.8	0.995	10	0.2	178	4.8	1665	1.5	1288	1104	1084	0.9819	0.8416	0.9064	0.8571	0.9445	0.3042	0.4602	1.5
cosine	pool	0.8	0.995	10	0.3	178	4.8	1635	1.473	1288	1104	1084	0.9819	0.8416	0.9064	0.8571	0.9474	0.3039	0.4601	1.473
cosine	pool	0.8	0.995	10	0.5	178	4.8	1615	1.455	1288	1104	1084	0.9819	0.8416	0.9064	0.8571	0.948	0.3032	0.4594	1.455
cosine	pool	0.8	0.995	30	0.0	178	9.51	1743	1.57	1288	1104	1084	0.9819	0.8416	0.9064	0.8571	0.9356	0.3072	0.4625	1.57
cosine	pool	0.8	0.995	30	0.05	178	9.51	1684	1.517	1288	1104	1084	0.9819	0.8416	0.9064	0.8571	0.9411	0.3049	0.4606	1.517
cosine	pool	0.8	0.995	30	0.1	178	9.51	1665	1.5	1288	1104	1084	0.9819	0.8416	0.9064	0.8571	0.9445	0.3042	0.4602	1.5
cosine	pool	0.8	0.995	30	0.2	178	9.51	1665	1.5	1288	1104	1084	0.9819	0.8416	0.9064	0.8571	0.9445	0.3042	0.4602	1.5
cosine	pool	0.8	0.995	30	0.3	178	9.51	1635	1.473	1288	1104	1084	0.9819	0.8416	0.9064	0.8571	0.9474	0.3039	0.4601	1.473
cosine	pool	0.8	0.995	30	0.5	178	9.51	1615	1.455	1288	1104	1084	0.9819	0.8416	0.9064	0.8571	0.948	0.3032	0.4594	1.455
cosine	pool	0.85	0.0	5	0.0	190	4.28	1971	1.795	1288	1093	1083	0.9909	0.8408	0.9097	0.8486	0.8968	0.3081	0.4586	1.795
cosine	pool	0.85	0.0	5	0.05	190	4.28	1971	1.795	1288	1093	1083	0.9909	0.8408	0.9097	0.8486	0.8968	0.3081	0.4586	1.795
cosine	pool	0.85	0.0	5	0.1	190	4.28	1971	1.795	1288	1093	1083	0.9909	0.8408	0.9097	0.8486	0.8968	0.3081	0.4586	1.795
cosine	pool	0.85	0.0	5	0.2	190	4.28	1805	1.644	1288	1093	1083	0.9909	0.8408	0.9097	0.8486	0.9187	0.3065	0.4597	1.644
cosine	pool	0.85	0.0	5	0.3	190	4.28	1623	1.479	1288	1090	1063	0.9752	0.8253	0.894	0.8463	0.9242	0.2973	0.4499	1.479
cosine	pool	0.85	0.0	5	0.5	190	4.28	1496	1.399	1288	1061	1037	0.9774	0.8051	0.8829	0.8238	0.9452	0.29	0.4438	1.399
cosine	pool	0.85	0.0	10	0.0	190	7.62	2275	2.072	1288	1093	1083	0.9909	0.8408	0.9097	0.8486	0.8713	0.31	0.4573	2.072
cosine	pool	0.85	0.0	10	0.05	190	7.62	2275	2.072	1288	1093	1083	0.9909	0.8408	0.9097	0.8486	0.8713	0.31	0.4573	2.072
cosine	pool	0.85	0.0	10	0.1	190	7.62	2035	1.853	1288	1093	1083	0.9909	0.8408	0.9097	0.8486	0.8869	0.3089	0.4582	1.853
cosine	pool	0.85	0.0	10	0.2	190	7.62	1746	1.59	1288	1092	1070	0.9799	0.8307	0.8992	0.8478	0.9129	0.3002	0.4518	1.59
cosine	pool	0.85	0.0	10	0.3	190	7.62	1615	1.486	1288	1080	1050	0.9722	0.8152	0.8868	0.8385	0.9225	0.2933	0.4451	1.486
cosine	pool	0.85	0.0	10	0.5	190	7.62	1474	1.393	1288	1050	1021	0.9724	0.7927	0.8734	0.8152	0.9412	0.2857	0.4383	1.393
cosine	pool	0.85	0.0	30	0.0	190	18.73	2853	2.598	1288	1093	1083	0.9909	0.8408	0.9097	0.8486	0.843	0.3126	0.4561	2.598
cosine	pool	0.85	0.0	30	0.05	190	18.73	2311	2.105	1288	1093	1076	0.9844	0.8354	0.9038	0.8486	0.8628	0.3054	0.4511	2.105
cosine	pool	0.85	0.0	30	0.1	190	18.73	2007	1.828	1288	1091	1066	0.9771	0.8276	0.8962	0.847	0.8745	0.3007	0.4475	1.828
cosine	pool	0.85	0.0	30	0.2	190	18.73	1757	1.609	1288	1085	1045	0.9631	0.8113	0.8807	0.8424	0.8905	0.2934	0.4414	1.609
cosine	pool	0.85	0.0	30	0.3	190	18.73	1612	1.486	1288	1078	1025	0.9508	0.7958	0.8664	0.837	0.9001	0.287	0.4353	1.486
cosine	pool	0.85	0.0	30	0.5	190	18.73	1460	1.396	1288	1038	996	0.9595	0.7733	0.8564	0.8059	0.9287	0.2796	0.4299	1.396
cosine	pool	0.85	0.9	5	0.0	190	3.96	1864	1.698	1288	1093	1083	0.9909	0.8408	0.9097	0.8486	0.92	0.307	0.4603	1.698
cosine	pool	0.85	0.9	5	0.05	190	3.96	1864	1.698	1288	1093	1083	0.9909	0.8408	0.9097	0.8486	0.92	0.307	0.4603	1.698
cosine	pool	0.85	0.9	5	0.1	190	3.96	1864	1.698	1288	1093	1083	0.9909	0.8408	0.9097	0.8486	0.92	0.307	0.4603	1.698
cosine	pool	0.85	0.9	5	0.2	190	3.96	1769	1.611	1288	1093	1083	0.9909	0.8408	0.9097	0.8486	0.9306	0.3065	0.4611	1.611
cosine	pool	0.85	0.9	5	0.3	190	3.96	1609	1.465	1288	1092	1075	0.9844	0.8346	0.9034	0.8478	0.9403	0.3002	0.4551	1.465
cosine	pool	0.85	0.9	5	0.5	190	3.96	1529	1.412	1288	1077	1058	0.9824	0.8214	0.8947	0.8362	0.9526	0.2954	0.4509	1.412
cosine	pool	0.85	0.9	10	0.0	190	6.85	2003	1.824	1288	1093	1083	0.9909	0.8408	0.9097	0.8486	0.9048	0.3085	0.4601	1.824
cosine	pool	0.85	0.9	10	0.05	190	6.85	2003	1.824	1288	1093	1083	0.9909	0.8408	0.9097	0.8486	0.9048	0.3085	0.4601	1.824
cosine	pool	0.85	0.9	10	0.1	190	6.85	1907	1.737	1288	1093	1083	0.9909	0.8408	0.9097	0.8486	0.9134	0.3081	0.4608	1.737
cosine	pool	0.85	0.9	10	0.2	190	6.85	1702	1.55	1288	1093	1078	0.9863	0.837	0.9055	0.8486	0.9306	0.3031	0.4572	1.55
cosine	pool	0.85	0.9	10	0.3	190	6.85	1622	1.483	1288	1088	1069	0.9825	0.83	0.8998	0.8447	0.9382	0.2981	0.4525	1.483
cosine	pool	0.85	0.9	10	0.5	190	6.85	1525	1.409	1288	1076	1054	0.9796	0.8183	0.8917	0.8354	0.9502	0.2942	0.4493	1.409
cosine	pool	0.85	0.9	30	0.0	190	16.27	2179	1.985	1288	1093	1083	0.9909	0.8408	0.9097	0.8486	0.8901	0.3101	0.46	1.985
cosine	pool	0.85	0.9	30	0.05	190	16.27	1964	1.789	1288	1093	1082	0.9899	0.8401	0.9089	0.8486	0.9055	0.3059	0.4573	1.789
cosine	pool	0.85	0.9	30	0.1	190	16.27	1855	1.689	1288	1093	1078	0.9863	0.837	0.9055	0.8486	0.9119	0.3037	0.4557	1.689
cosine	pool	0.85	0.9	30	0.2	190	16.27	1739	1.584	1288	1093	1070	0.979	0.8307	0.8988	0.8486	0.9195	0.3013	0.4538	1.584
cosine	pool	0.85	0.9	30	0.3	190	16.27	1619	1.484	1288	1085	1059	0.976	0.8222	0.8925	0.8424	0.9302	0.2957	0.4488	1.484
cosine	pool	0.85	0.9	30	0.5	190	16.27	1511	1.408	1288	1067	1040	0.9747	0.8075	0.8832	0.8284	0.9461	0.2913	0.4455	1.408
cosine	pool	0.85	0.95	5	0.0	190	3.55	1723	1.569	1288	1093	1083	0.9909	0.8408	0.9097	0.8486	0.9439	0.3063	0.4625	1.569
cosine	pool	0.85	0.95	5	0.05	190	3.55	1723	1.569	1288	1093	1083	0.9909	0.8408	0.9097	0.8486	0.9439	0.3063	0.4625	1.569
cosine	pool	0.85	0.95	5	0.1	190	3.55	1723	1.569	1288	1093	1083	0.9909	0.8408	0.9097	0.8486	0.9439	0.3063	0.4625	1.569
cosine	pool	0.85	0.95	5	0.2	190	3.55	1706	1.554	1288	1093	1083	0.9909	0.8408	0.9097	0.8486	0.9466	0.306	0.4625	1.554
cosine	pool	0.85	0.95	5	0.3	190	3.55	1589	1.447	1288	1093	1082	0.9899	0.8401	0.9089	0.8486	0.9557	0.3024	0.4595	1.447
cosine	pool	0.85	0.95	5	0.5	190	3.55	1568	1.429	1288	1092	1081	0.9899	0.8393	0.9084	0.8478	0.9593	0.3015	0.4587	1.429
cosine	pool	0.85	0.95	10	0.0	190	5.92	1759	1.602	1288	1093	1083	0.9909	0.8408	0.9097	0.8486	0.9394	0.3071	0.4629	1.602
cosine	pool	0.85	0.95	10	0.05	190	5.92	1759	1.602	1288	1093	1083	0.9909	0.8408	0.9097	0.8486	0.9394	0.3071	0.4629	1.602
cosine	pool	0.85	0.95	10	0.1	190	5.92	1737	1.582	1288	1093	1083	0.9909	0.8408	0.9097	0.8486	0.9416	0.3069	0.463	1.582
cosine	pool	0.85	0.95	10	0.2	190	5.92	1623	1.478	1288	1093	1082	0.9899	0.8401	0.9089	0.8486	0.9529	0.304	0.4609	1.478
cosine	pool	0.85	0.95	10	0.3	190	5.92	1594	1.452	1288	1093	1082	0.9899	0.8401	0.9089	0.8486	0.9562	0.3026	0.4598	1.452
cosine	pool	0.85	0.95	10	0.5	190	5.92	1569	1.429	1288	1093	1081	0.989	0.8393	0.908	0.8486	0.9584	0.3015	0.4586	1.429
cosine	pool	0.85	0.95	30	0.0	190	13.39	1780	1.621	1288	1093	1083	0.9909	0.8408	0.9097	0.8486	0.9373	0.308	0.4636	1.621
cosine	pool	0.85	0.95	30	0.05	190	13.39	1696	1.545	1288	1093	1083	0.9909	0.8408	0.9097	0.8486	0.9468	0.3048	0.4612	1.545
cosine	pool	0.85	0.95	30	0.1	190	13.39	1662	1.514	1288	1093	1083	0.9909	0.8408	0.9097	0.8486	0.9498	0.3048	0.4615	1.514
cosine	pool	0.85	0.95	30	0.2	190	13.39	1627	1.482	1288	1093	1082	0.9899	0.8401	0.9089	0.8486	0.9521	0.3041	0.461	1.482
cosine	pool	0.85	0.95	30	0.3	190	13.39	1595	1.453	1288	1093	1082	0.9899	0.8401	0.9089	0.8486	0.9562	0.3028	0.4599	1.453
cosine	pool	0.85	0.95	30	0.5	190	13.39	1568	1.428	1288	1093	1081	0.989	0.8393	0.908	0.8486	0.9584	0.3014	0.4586	1.428
cosine	pool	0.85	0.98	5	0.0	190	3.31	1707	1.555	1288	1093	1083	0.9909	0.8408	0.9097	0.8486	0.9479	0.3063	0.463	1.555
cosine	pool	0.85	0.98	5	0.05	190	3.31	1707	1.555	1288	1093	1083	0.9909	0.8408	0.9097	0.8486	0.9479	0.3063	0.463	1.555
cosine	pool	0.85	0.98	5	0.1	190	3.31	1707	1.555	1288	1093	1083	0.9909	0.8408	0.9097	0.8486	0.9479	0.3063	0.463	1.555
cosine	pool	0.85	0.98	5	0.2	190	3.31	1699	1.547	1288	1093	1083	0.9909	0.8408	0.9097	0.8486	0.9484	0.306	0.4627	1.547
cosine	pool	0.85	0.98	5	0.3	190	3.31	1602	1.459	1288	1093	1083	0.9909	0.8408	0.9097	0.8486	0.957	0.3036	0.461	1.459
cosine	pool	0.85	0.98	5	0.5	190	3.31	1586	1.444	1288	1093	1082	0.9899	0.8401	0.9089	0.8486	0.9591	0.3027	0.4602	1.444
cosine	pool	0.85	0.98	10	0.0	190	5.32	1726	1.572	1288	1093	1083	0.9909	0.8408	0.9097	0.8486	0.9453	0.3069	0.4634	1.572
cosine	pool	0.85	0.98	10	0.05	190	5.32	1726	1.572	1288	1093	1083	0.9909	0.8408	0.9097	0.8486	0.9453	0.3069	0.4634	1.572
cosine	pool	0.85	0.98	10	0.1	190	5.32	1717	1.564	1288	1093	1083	0.9909	0.8408	0.9097	0.8486	0.9459	0.3068	0.4633	1.564
cosine	pool	0.85	0.98	10	0.2	190	5.32	1639	1.493	1288	1093	1083	0.9909	0.8408	0.9097	0.8486	0.9547	0.3044	0.4616	1.493
cosine	pool	0.85	0.98	10	0.3	190	5.32	1607	1.464	1288	1093	1083	0.9909	0.8408	0.9097	0.8486	0.9575	0.3039	0.4613	1.464
cosine	pool	0.85	0.98	10	0.5	190	5.32	1586	1.444	1288	1093	1082	0.9899	0.8401	0.9089	0.8486	0.9591	0.3027	0.4602	1.444
cosine	pool	0.85	0.98	30	0.0	190	11.53	1734	1.579	1288	1093	1083	0.9909	0.8408	0.9097	0.8486	0.9448	0.3077	0.4642	1.579
cosine	pool	0.85	0.98	30	0.05	190	11.53	1664	1.515	1288	1093	1083	0.9909	0.8408	0.9097	0.8486	0.9525	0.3047	0.4617	1.515
cosine	pool	0.85	0.98	30	0.1	190	11.53	1655	1.507	1288	1093	1083	0.9909	0.8408	0.9097	0.8486	0.9538	0.3046	0.4618	1.507
cosine	pool	0.85	0.98	30	0.2	190	11.53	1639	1.493	1288	1093	1083	0.9909	0.8408	0.9097	0.8486	0.9547	0.3044	0.4616	1.493
cosine	pool	0.85	0.98	30	0.3	190	11.53	1607	1.464	1288	1093	1083	0.9909	0.8408	0.9097	0.8486	0.9575	0.3039	0.4613	1.464
cosine	pool	0.85	0.98	30	0.5	190	11.53	1586	1.444	1288	1093	1082	0.9899	0.8401	0.9089	0.8486	0.9591	0.3027	0.4602	1.444
cosine	pool	0.85	0.995	5	0.0	190	3.08	1699	1.547	1288	1093	1083	0.9909	0.8408	0.9097	0.8486	0.9486	0.3057	0.4624	1.547
cosine	pool	0.85	0.995	5	0.05	190	3.08	1699	1.547	1288	1093	1083	0.9909	0.8408	0.9097	0.8486	0.9486	0.3057	0.4624	1.547
cosine	pool	0.85	0.995	5	0.1	190	3.08	1699	1.547	1288	1093	1083	0.9909	0.8408	0.9097	0.8486	0.9486	0.3057	0.4624	1.547
cosine	pool	0.85	0.995	5	0.2	190	3.08	1692	1.541	1288	1093	1083	0.9909	0.8408	0.9097	0.8486	0.9491	0.3055	0.4622	1.541
cosine	pool	0.85	0.995	5	0.3	190	3.08	1611	1.467	1288	1093	1083	0.9909	0.8408	0.9097	0.8486	0.9574	0.3035	0.4609	1.467
cosine	pool	0.85	0.995	5	0.5	190	3.08	1597	1.454	1288	1093	1083	0.9909	0.8408	0.9097	0.8486	0.9581	0.3031	0.4605	1.454
cosine	pool	0.85	0.995	10	0.0	190	4.84	1718	1.565	1288	1093	1083	0.9909	0.8408	0.9097	0.8486	0.946	0.3064	0.4629	1.565
cosine	pool	0.85	0.995	10	0.05	190	4.84	1718	1.565	1288	1093	1083	0.9909	0.8408	0.9097	0.8486	0.946	0.3064	0.4629	1.565
cosine	pool	0.85	0.995	10	0.1	190	4.84	1709	1.556	1288	1093	1083	0.9909	0.8408	0.9097	0.8486	0.9466	0.3062	0.4627	1.556
cosine	pool	0.85	0.995	10	0.2	190	4.84	1647	1.5	1288	1093	1083	0.9909	0.8408	0.9097	0.8486	0.9545	0.3041	0.4612	1.5
cosine	pool	0.85	0.995	10	0.3	190	4.84	1617	1.473	1288	1093	1083	0.9909	0.8408	0.9097	0.8486	0.9574	0.3037	0.4612	1.473
cosine	pool	0.85	0.995	10	0.5	190	4.84	1597	1.454	1288	1093	1083	0.9909	0.8408	0.9097	0.8486	0.9581	0.3031	0.4605	1.454
cosine	pool	0.85	0.995	30	0.0	190	9.59	1725	1.571	1288	1093	1083	0.9909	0.8408	0.9097	0.8486	0.9455	0.3071	0.4636	1.571
cosine	pool	0.85	0.995	30	0.05	190	9.59	1666	1.517	1288	1093	1083	0.9909	0.8408	0.9097	0.8486	0.9511	0.3048	0.4616	1.517
cosine	pool	0.85	0.995	30	0.1	190	9.59	1647	1.5	1288	1093	1083	0.9909	0.8408	0.9097	0.8486	0.9545	0.3041	0.4612	1.5
cosine	pool	0.85	0.995	30	0.2	190	9.59	1647	1.5	1288	1093	1083	0.9909	0.8408	0.9097	0.8486	0.9545	0.3041	0.4612	1.5
cosine	pool	0.85	0.995	30	0.3	190	9.59	1617	1.473	1288	1093	1083	0.9909	0.8408	0.9097	0.8486	0.9574	0.3037	0.4612	1.473
cosine	pool	0.85	0.995	30	0.5	190	9.59	1597	1.454	1288	1093	1083	0.9909	0.8408	0.9097	0.8486	0.9581	0.3031	0.4605	1.454
cosine	pool	0.9	0.0	5	0.0	198	3.97	1856	1.703	1288	1085	1082	0.9972	0.8401	0.9119	0.8424	0.9259	0.3069	0.461	1.703
cosine	pool	0.9	0.0	5	0.05	198	3.97	1856	1.703	1288	1085	1082	0.9972	0.8401	0.9119	0.8424	0.9259	0.3069	0.461	1.703
cosine	pool	0.9	0.0	5	0.1	198	3.97	1856	1.703	1288	1085	1082	0.9972	0.8401	0.9119	0.8424	0.9259	0.3069	0.461	1.703
cosine	pool	0.9	0.0	5	0.2	198	3.97	1761	1.616	1288	1085	1082	0.9972	0.8401	0.9119	0.8424	0.9366	0.3064	0.4618	1.616
cosine	pool	0.9	0.0	5	0.3	198	3.97	1601	1.469	1288	1084	1074	0.9908	0.8339	0.9056	0.8416	0.9462	0.3002	0.4558	1.469
cosine	pool	0.9	0.0	5	0.5	198	3.97	1521	1.415	1288	1069	1057	0.9888	0.8207	0.8969	0.83	0.9588	0.2953	0.4515	1.415
cosine	pool	0.9	0.0	10	0.0	198	6.87	1995	1.83	1288	1085	1082	0.9972	0.8401	0.9119	0.8424	0.9105	0.3084	0.4607	1.83
cosine	pool	0.9	0.0	10	0.05	198	6.87	1995	1.83	1288	1085	1082	0.9972	0.8401	0.9119	0.8424	0.9105	0.3084	0.4607	1.83
cosine	pool	0.9	0.0	10	0.1	198	6.87	1899	1.742	1288	1085	1082	0.9972	0.8401	0.9119	0.8424	0.9192	0.308	0.4615	1.742
cosine	pool	0.9	0.0	10	0.2	198	6.87	1694	1.554	1288	1085	1077	0.9926	0.8362	0.9077	0.8424	0.9365	0.303	0.4579	1.554
cosine	pool	0.9	0.0	10	0.3	198	6.87	1614	1.486	1288	1080	1068	0.9889	0.8292	0.902	0.8385	0.9442	0.2981	0.4531	1.486
cosine	pool	0.9	0.0	10	0.5	198	6.87	1517	1.412	1288	1068	1053	0.986	0.8175	0.8939	0.8292	0.9564	0.2942	0.45	1.412
cosine	pool	0.9	0.0	30	0.0	198	16.36	2171	1.992	1288	1085	1082	0.9972	0.8401	0.9119	0.8424	0.8957	0.3101	0.4607	1.992
cosine	pool	0.9	0.0	30	0.05	198	16.36	1956	1.794	1288	1085	1081	0.9963	0.8393	0.9111	0.8424	0.9113	0.3058	0.458	1.794
cosine	pool	0.9	0.0	30	0.1	198	16.36	1847	1.694	1288	1085	1077	0.9926	0.8362	0.9077	0.8424	0.9177	0.3036	0.4563	1.694
cosine	pool	0.9	0.0	30	0.2	198	16.36	1731	1.588	1288	1085	1069	0.9853	0.83	0.901	0.8424	0.9253	0.3012	0.4545	1.588
cosine	pool	0.9	0.0	30	0.3	198	16.36	1611	1.488	1288	1077	1058	0.9824	0.8214	0.8947	0.8362	0.9361	0.2957	0.4494	1.488
cosine	pool	0.9	0.0	30	0.5	198	16.36	1503	1.411	1288	1059	1039	0.9811	0.8067	0.8854	0.8222	0.9523	0.2913	0.4461	1.411
cosine	pool	0.9	0.9	5	0.0	198	3.97	1856	1.703	1288	1085	1082	0.9972	0.8401	0.9119	0.8424	0.9259	0.3069	0.461	1.703
cosine	pool	0.9	0.9	5	0.05	198	3.97	1856	1.703	1288	1085	1082	0.9972	0.8401	0.9119	0.8424	0.9259	0.3069	0.461	1.703
cosine	pool	0.9	0.9	5	0.1	198	3.97	1856	1.703	1288	1085	1082	0.9972	0.8401	0.9119	0.8424	0.9259	0.3069	0.461	1.703
cosine	pool	0.9	0.9	5	0.2	198	3.97	1761	1.616	1288	1085	1082	0.9972	0.8401	0.9119	0.8424	0.9366	0.3064	0.4618	1.616
cosine	pool	0.9	0.9	5	0.3	198	3.97	1601	1.469	1288	1084	1074	0.9908	0.8339	0.9056	0.8416	0.9462	0.3002	0.4558	1.469
cosine	pool	0.9	0.9	5	0.5	198	3.97	1521	1.415	1288	1069	1057	0.9888	0.8207	0.8969	0.83	0.9588	0.2953	0.4515	1.415
cosine	pool	0.9	0.9	10	0.0	198	6.87	1995	1.83	1288	1085	1082	0.9972	0.8401	0.9119	0.8424	0.9105	0.3084	0.4607	1.83
cosine	pool	0.9	0.9	10	0.05	198	6.87	1995	1.83	1288	1085	1082	0.9972	0.8401	0.9119	0.8424	0.9105	0.3084	0.4607	1.83
cosine	pool	0.9	0.9	10	0.1	198	6.87	1899	1.742	1288	1085	1082	0.9972	0.8401	0.9119	0.8424	0.9192	0.308	0.4615	1.742
cosine	pool	0.9	0.9	10	0.2	198	6.87	1694	1.554	1288	1085	1077	0.9926	0.8362	0.9077	0.8424	0.9365	0.303	0.4579	1.554
cosine	pool	0.9	0.9	10	0.3	198	6.87	1614	1.486	1288	1080	1068	0.9889	0.8292	0.902	0.8385	0.9442	0.2981	0.4531	1.486
cosine	pool	0.9	0.9	10	0.5	198	6.87	1517	1.412	1288	1068	1053	0.986	0.8175	0.8939	0.8292	0.9564	0.2942	0.45	1.412
cosine	pool	0.9	0.9	30	0.0	198	16.36	2171	1.992	1288	1085	1082	0.9972	0.8401	0.9119	0.8424	0.8957	0.3101	0.4607	1.992
cosine	pool	0.9	0.9	30	0.05	198	16.36	1956	1.794	1288	1085	1081	0.9963	0.8393	0.9111	0.8424	0.9113	0.3058	0.458	1.794
cosine	pool	0.9	0.9	30	0.1	198	16.36	1847	1.694	1288	1085	1077	0.9926	0.8362	0.9077	0.8424	0.9177	0.3036	0.4563	1.694
cosine	pool	0.9	0.9	30	0.2	198	16.36	1731	1.588	1288	1085	1069	0.9853	0.83	0.901	0.8424	0.9253	0.3012	0.4545	1.588
cosine	pool	0.9	0.9	30	0.3	198	16.36	1611	1.488	1288	1077	1058	0.9824	0.8214	0.8947	0.8362	0.9361	0.2957	0.4494	1.488
cosine	pool	0.9	0.9	30	0.5	198	16.36	1503	1.411	1288	1059	1039	0.9811	0.8067	0.8854	0.8222	0.9523	0.2913	0.4461	1.411
cosine	pool	0.9	0.95	5	0.0	198	3.56	1715	1.573	1288	1085	1082	0.9972	0.8401	0.9119	0.8424	0.95	0.3062	0.4632	1.573
cosine	pool	0.9	0.95	5	0.05	198	3.56	1715	1.573	1288	1085	1082	0.9972	0.8401	0.9119	0.8424	0.95	0.3062	0.4632	1.573
cosine	pool	0.9	0.95	5	0.1	198	3.56	1715	1.573	1288	1085	1082	0.9972	0.8401	0.9119	0.8424	0.95	0.3062	0.4632	1.573
cosine	pool	0.9	0.95	5	0.2	198	3.56	1698	1.558	1288	1085	1082	0.9972	0.8401	0.9119	0.8424	0.9526	0.3059	0.4631	1.558
cosine	pool	0.9	0.95	5	0.3	198	3.56	1581	1.45	1288	1085	1081	0.9963	0.8393	0.9111	0.8424	0.9618	0.3024	0.4601	1.45
cosine	pool	0.9	0.95	5	0.5	198	3.56	1560	1.433	1288	1084	1080	0.9963	0.8385	0.9106	0.8416	0.9654	0.3014	0.4594	1.433
cosine	pool	0.9	0.95	10	0.0	198	5.94	1751	1.606	1288	1085	1082	0.9972	0.8401	0.9119	0.8424	0.9453	0.3071	0.4636	1.606
cosine	pool	0.9	0.95	10	0.05	198	5.94	1751	1.606	1288	1085	1082	0.9972	0.8401	0.9119	0.8424	0.9453	0.3071	0.4636	1.606
cosine	pool	0.9	0.95	10	0.1	198	5.94	1729	1.586	1288	1085	1082	0.9972	0.8401	0.9119	0.8424	0.9476	0.3069	0.4636	1.586
cosine	pool	0.9	0.95	10	0.2	198	5.94	1615	1.482	1288	1085	1081	0.9963	0.8393	0.9111	0.8424	0.959	0.3039	0.4615	1.482
cosine	pool	0.9	0.95	10	0.3	198	5.94	1586	1.455	1288	1085	1081	0.9963	0.8393	0.9111	0.8424	0.9623	0.3026	0.4604	1.455
cosine	pool	0.9	0.95	10	0.5	198	5.94	1561	1.432	1288	1085	1080	0.9954	0.8385	0.9102	0.8424	0.9645	0.3014	0.4593	1.432
cosine	pool	0.9	0.95	30	0.0	198	13.47	1772	1.626	1288	1085	1082	0.9972	0.8401	0.9119	0.8424	0.9432	0.3079	0.4643	1.626
cosine	pool	0.9	0.95	30	0.05	198	13.47	1688	1.549	1288	1085	1082	0.9972	0.8401	0.9119	0.8424	0.9529	0.3048	0.4618	1.549
cosine	pool	0.9	0.95	30	0.1	198	13.47	1654	1.517	1288	1085	1082	0.9972	0.8401	0.9119	0.8424	0.9558	0.3047	0.4621	1.517
cosine	pool	0.9	0.95	30	0.2	198	13.47	1619	1.485	1288	1085	1081	0.9963	0.8393	0.9111	0.8424	0.9582	0.304	0.4616	1.485
cosine	pool	0.9	0.95	30	0.3	198	13.47	1587	1.456	1288	1085	1081	0.9963	0.8393	0.9111	0.8424	0.9623	0.3027	0.4605	1.456
cosine	pool	0.9	0.95	30	0.5	198	13.47	1560	1.431	1288	1085	1080	0.9954	0.8385	0.9102	0.8424	0.9645	0.3013	0.4592	1.431
cosine	pool	0.9	0.98	5	0.0	198	3.32	1699	1.559	1288	1085	1082	0.9972	0.8401	0.9119	0.8424	0.954	0.3062	0.4636	1.559
cosine	pool	0.9	0.98	5	0.05	198	3.32	1699	1.559	1288	1085	1082	0.9972	0.8401	0.9119	0.8424	0.954	0.3062	0.4636	1.559
cosine	pool	0.9	0.98	5	0.1	198	3.32	1699	1.559	1288	1085	1082	0.9972	0.8401	0.9119	0.8424	0.954	0.3062	0.4636	1.559
cosine	pool	0.9	0.98	5	0.2	198	3.32	1691	1.551	1288	1085	1082	0.9972	0.8401	0.9119	0.8424	0.9544	0.3059	0.4633	1.551
cosine	pool	0.9	0.98	5	0.3	198	3.32	1594	1.462	1288	1085	1082	0.9972	0.8401	0.9119	0.8424	0.9631	0.3036	0.4616	1.462
cosine	pool	0.9	0.98	5	0.5	198	3.32	1578	1.448	1288	1085	1081	0.9963	0.8393	0.9111	0.8424	0.9652	0.3026	0.4608	1.448
cosine	pool	0.9	0.98	10	0.0	198	5.34	1718	1.576	1288	1085	1082	0.9972	0.8401	0.9119	0.8424	0.9513	0.3069	0.4641	1.576
cosine	pool	0.9	0.98	10	0.05	198	5.34	1718	1.576	1288	1085	1082	0.9972	0.8401	0.9119	0.8424	0.9513	0.3069	0.4641	1.576
cosine	pool	0.9	0.98	10	0.1	198	5.34	1709	1.568	1288	1085	1082	0.9972	0.8401	0.9119	0.8424	0.9519	0.3067	0.4639	1.568
cosine	pool	0.9	0.98	10	0.2	198	5.34	1631	1.496	1288	1085	1082	0.9972	0.8401	0.9119	0.8424	0.9608	0.3043	0.4622	1.496
cosine	pool	0.9	0.98	10	0.3	198	5.34	1599	1.467	1288	1085	1082	0.9972	0.8401	0.9119	0.8424	0.9636	0.3038	0.4619	1.467
cosine	pool	0.9	0.98	10	0.5	198	5.34	1578	1.448	1288	1085	1081	0.9963	0.8393	0.9111	0.8424	0.9652	0.3026	0.4608	1.448
cosine	pool	0.9	0.98	30	0.0	198	11.6	1726	1.583	1288	1085	1082	0.9972	0.8401	0.9119	0.8424	0.9508	0.3076	0.4649	1.583
cosine	pool	0.9	0.98	30	0.05	198	11.6	1656	1.519	1288	1085	1082	0.9972	0.8401	0.9119	0.8424	0.9586	0.3046	0.4623	1.519
cosine	pool	0.9	0.98	30	0.1	198	11.6	1647	1.511	1288	1085	1082	0.9972	0.8401	0.9119	0.8424	0.9599	0.3046	0.4624	1.511
cosine	pool	0.9	0.98	30	0.2	198	11.6	1631	1.496	1288	1085	1082	0.9972	0.8401	0.9119	0.8424	0.9608	0.3043	0.4622	1.496
cosine	pool	0.9	0.98	30	0.3	198	11.6	1599	1.467	1288	1085	1082	0.9972	0.8401	0.9119	0.8424	0.9636	0.3038	0.4619	1.467
cosine	pool	0.9	0.98	30	0.5	198	11.6	1578	1.448	1288	1085	1081	0.9963	0.8393	0.9111	0.8424	0.9652	0.3026	0.4608	1.448
cosine	pool	0.9	0.995	5	0.0	198	3.09	1691	1.551	1288	1085	1082	0.9972	0.8401	0.9119	0.8424	0.9547	0.3057	0.4631	1.551
cosine	pool	0.9	0.995	5	0.05	198	3.09	1691	1.551	1288	1085	1082	0.9972	0.8401	0.9119	0.8424	0.9547	0.3057	0.4631	1.551
cosine	pool	0.9	0.995	5	0.1	198	3.09	1691	1.551	1288	1085	1082	0.9972	0.8401	0.9119	0.8424	0.9547	0.3057	0.4631	1.551
cosine	pool	0.9	0.995	5	0.2	198	3.09	1684	1.545	1288	1085	1082	0.9972	0.8401	0.9119	0.8424	0.9552	0.3054	0.4629	1.545
cosine	pool	0.9	0.995	5	0.3	198	3.09	1603	1.471	1288	1085	1082	0.9972	0.8401	0.9119	0.8424	0.9635	0.3035	0.4616	1.471
cosine	pool	0.9	0.995	5	0.5	198	3.09	1589	1.458	1288	1085	1082	0.9972	0.8401	0.9119	0.8424	0.9642	0.303	0.4611	1.458
cosine	pool	0.9	0.995	10	0.0	198	4.86	1710	1.569	1288	1085	1082	0.9972	0.8401	0.9119	0.8424	0.952	0.3063	0.4635	1.569
cosine	pool	0.9	0.995	10	0.05	198	4.86	1710	1.569	1288	1085	1082	0.9972	0.8401	0.9119	0.8424	0.952	0.3063	0.4635	1.569
cosine	pool	0.9	0.995	10	0.1	198	4.86	1701	1.561	1288	1085	1082	0.9972	0.8401	0.9119	0.8424	0.9526	0.3062	0.4634	1.561
cosine	pool	0.9	0.995	10	0.2	198	4.86	1639	1.504	1288	1085	1082	0.9972	0.8401	0.9119	0.8424	0.9606	0.304	0.4619	1.504
cosine	pool	0.9	0.995	10	0.3	198	4.86	1609	1.476	1288	1085	1082	0.9972	0.8401	0.9119	0.8424	0.9635	0.3037	0.4618	1.476
cosine	pool	0.9	0.995	10	0.5	198	4.86	1589	1.458	1288	1085	1082	0.9972	0.8401	0.9119	0.8424	0.9642	0.303	0.4611	1.458
cosine	pool	0.9	0.995	30	0.0	198	9.65	1717	1.575	1288	1085	1082	0.9972	0.8401	0.9119	0.8424	0.9515	0.307	0.4642	1.575
cosine	pool	0.9	0.995	30	0.05	198	9.65	1658	1.521	1288	1085	1082	0.9972	0.8401	0.9119	0.8424	0.9572	0.3047	0.4623	1.521
cosine	pool	0.9	0.995	30	0.1	198	9.65	1639	1.504	1288	1085	1082	0.9972	0.8401	0.9119	0.8424	0.9606	0.304	0.4619	1.504
cosine	pool	0.9	0.995	30	0.2	198	9.65	1639	1.504	1288	1085	1082	0.9972	0.8401	0.9119	0.8424	0.9606	0.304	0.4619	1.504
cosine	pool	0.9	0.995	30	0.3	198	9.65	1609	1.476	1288	1085	1082	0.9972	0.8401	0.9119	0.8424	0.9635	0.3037	0.4618	1.476
cosine	pool	0.9	0.995	30	0.5	198	9.65	1589	1.458	1288	1085	1082	0.9972	0.8401	0.9119	0.8424	0.9642	0.303	0.4611	1.458
cosine	self	0.0	0.0	5	0.0	0	5.0	3141	2.439	1288	1280	1029	0.8039	0.7989	0.8014	0.9938	0.6622	0.2857	0.3992	2.439
cosine	self	0.0	0.0	5	0.05	0	5.0	3141	2.439	1288	1280	1029	0.8039	0.7989	0.8014	0.9938	0.6622	0.2857	0.3992	2.439
cosine	self	0.0	0.0	5	0.1	0	5.0	3141	2.439	1288	1280	1029	0.8039	0.7989	0.8014	0.9938	0.6622	0.2857	0.3992	2.439
cosine	self	0.0	0.0	5	0.2	0	5.0	2293	1.78	1288	1277	1017	0.7964	0.7896	0.793	0.9915	0.7119	0.2809	0.4028	1.78
cosine	self	0.0	0.0	5	0.3	0	5.0	1911	1.511	1288	1248	951	0.762	0.7384	0.75	0.9689	0.7045	0.2582	0.3779	1.511
cosine	self	0.0	0.0	5	0.5	0	5.0	1519	1.327	1288	1128	893	0.7917	0.6933	0.7392	0.8758	0.7614	0.2429	0.3683	1.327
cosine	self	0.0	0.0	10	0.0	0	10.0	4576	3.553	1288	1283	1034	0.8059	0.8028	0.8044	0.9961	0.5989	0.2895	0.3903	3.553
cosine	self	0.0	0.0	10	0.05	0	10.0	4576	3.553	1288	1283	1034	0.8059	0.8028	0.8044	0.9961	0.5989	0.2895	0.3903	3.553
cosine	self	0.0	0.0	10	0.1	0	10.0	3290	2.554	1288	1280	1028	0.8031	0.7981	0.8006	0.9938	0.6474	0.2858	0.3966	2.554
cosine	self	0.0	0.0	10	0.2	0	10.0	2281	1.79	1288	1260	959	0.7611	0.7446	0.7527	0.9783	0.6674	0.2611	0.3753	1.79
cosine	self	0.0	0.0	10	0.3	0	10.0	1878	1.546	1288	1199	904	0.754	0.7019	0.727	0.9309	0.6936	0.2463	0.3636	1.546
cosine	self	0.0	0.0	10	0.5	0	10.0	1397	1.309	1288	1053	826	0.7844	0.6413	0.7057	0.8175	0.7583	0.2235	0.3453	1.309
cosine	self	0.0	0.0	30	0.0	0	30.0	9263	7.192	1288	1287	1044	0.8112	0.8106	0.8109	0.9992	0.4908	0.2962	0.3694	7.192
cosine	self	0.0	0.0	30	0.05	0	30.0	5237	4.066	1288	1283	995	0.7755	0.7725	0.774	0.9961	0.5308	0.2751	0.3624	4.066
cosine	self	0.0	0.0	30	0.1	0	30.0	3393	2.64	1288	1279	925	0.7232	0.7182	0.7207	0.993	0.5581	0.2541	0.3492	2.64
cosine	self	0.0	0.0	30	0.2	0	30.0	2138	1.723	1288	1226	840	0.6852	0.6522	0.6683	0.9519	0.5938	0.2295	0.3311	1.723
cosine	self	0.0	0.0	30	0.3	0	30.0	1635	1.418	1288	1134	778	0.6861	0.604	0.6424	0.8804	0.6302	0.2112	0.3163	1.418
cosine	self	0.0	0.0	30	0.5	0	30.0	1236	1.278	1288	950	708	0.7453	0.5497	0.6327	0.7376	0.7168	0.1884	0.2984	1.278
cosine	self	0.0	0.9	5	0.0	0	4.36	2555	1.984	1288	1277	1028	0.805	0.7981	0.8016	0.9915	0.7374	0.284	0.4101	1.984
cosine	self	0.0	0.9	5	0.05	0	4.36	2555	1.984	1288	1277	1028	0.805	0.7981	0.8016	0.9915	0.7374	0.284	0.4101	1.984
cosine	self	0.0	0.9	5	0.1	0	4.36	2555	1.984	1288	1277	1028	0.805	0.7981	0.8016	0.9915	0.7374	0.284	0.4101	1.984
cosine	self	0.0	0.9	5	0.2	0	4.36	2147	1.667	1288	1274	1018	0.7991	0.7904	0.7947	0.9891	0.744	0.2807	0.4076	1.667
cosine	self	0.0	0.9	5	0.3	0	4.36	1900	1.488	1288	1260	999	0.7929	0.7756	0.7841	0.9783	0.7505	0.2724	0.3997	1.488
cosine	self	0.0	0.9	5	0.5	0	4.36	1655	1.369	1288	1194	973	0.8149	0.7554	0.784	0.927	0.7859	0.2657	0.3971	1.369
cosine	self	0.0	0.9	10	0.0	0	7.88	3089	2.398	1288	1280	1032	0.8063	0.8012	0.8037	0.9938	0.7222	0.2854	0.4091	2.398
cosine	self	0.0	0.9	10	0.05	0	7.88	3089	2.398	1288	1280	1032	0.8063	0.8012	0.8037	0.9938	0.7222	0.2854	0.4091	2.398
cosine	self	0.0	0.9	10	0.1	0	7.88	2668	2.071	1288	1277	1029	0.8058	0.7989	0.8023	0.9915	0.7323	0.2844	0.4097	2.071
cosine	self	0.0	0.9	10	0.2	0	7.88	2123	1.655	1288	1270	1008	0.7937	0.7826	0.7881	0.986	0.739	0.2751	0.401	1.655
cosine	self	0.0	0.9	10	0.3	0	7.88	1864	1.486	1288	1237	988	0.7987	0.7671	0.7826	0.9604	0.7557	0.2697	0.3975	1.486
cosine	self	0.0	0.9	10	0.5	0	7.88	1630	1.367	1288	1178	967	0.8209	0.7508	0.7843	0.9146	0.7924	0.2644	0.3965	1.367
cosine	self	0.0	0.9	30	0.0	0	19.09	4073	3.162	1288	1283	1038	0.809	0.8059	0.8075	0.9961	0.7075	0.289	0.4103	3.162
cosine	self	0.0	0.9	30	0.05	0	19.09	3194	2.48	1288	1279	1027	0.803	0.7974	0.8002	0.993	0.7141	0.283	0.4053	2.48
cosine	self	0.0	0.9	30	0.1	0	19.09	2621	2.038	1288	1276	1012	0.7931	0.7857	0.7894	0.9907	0.7203	0.2769	0.4	2.038
cosine	self	0.0	0.9	30	0.2	0	19.09	2081	1.633	1288	1258	995	0.7909	0.7725	0.7816	0.9767	0.7323	0.2732	0.3979	1.633
cosine	self	0.0	0.9	30	0.3	0	19.09	1799	1.444	1288	1226	975	0.7953	0.757	0.7757	0.9519	0.7513	0.2671	0.3941	1.444
cosine	self	0.0	0.9	30	0.5	0	19.09	1587	1.351	1288	1157	953	0.8237	0.7399	0.7796	0.8983	0.7925	0.261	0.3927	1.351
cosine	self	0.0	0.95	5	0.0	0	3.92	2364	1.835	1288	1273	1020	0.8013	0.7919	0.7966	0.9884	0.7483	0.2822	0.4098	1.835
cosine	self	0.0	0.95	5	0.05	0	3.92	2364	1.835	1288	1273	1020	0.8013	0.7919	0.7966	0.9884	0.7483	0.2822	0.4098	1.835
cosine	self	0.0	0.95	5	0.1	0	3.92	2364	1.835	1288	1273	1020	0.8013	0.7919	0.7966	0.9884	0.7483	0.2822	0.4098	1.835
cosine	self	0.0	0.95	5	0.2	0	3.92	2085	1.619	1288	1272	1015	0.798	0.788	0.793	0.9876	0.7496	0.28	0.4077	1.619
cosine	self	0.0	0.95	5	0.3	0	3.92	1900	1.484	1288	1264	1003	0.7935	0.7787	0.7861	0.9814	0.7547	0.2742	0.4023	1.484
cosine	self	0.0	0.95	5	0.5	0	3.92	1693	1.371	1288	1217	986	0.8102	0.7655	0.7872	0.9449	0.7795	0.2675	0.3983	1.371
cosine	self	0.0	0.95	10	0.0	0	6.64	2611	2.027	1288	1274	1022	0.8022	0.7935	0.7978	0.9891	0.7424	0.2826	0.4094	2.027
cosine	self	0.0	0.95	10	0.05	0	6.64	2611	2.027	1288	1274	1022	0.8022	0.7935	0.7978	0.9891	0.7424	0.2826	0.4094	2.027
cosine	self	0.0	0.95	10	0.1	0	6.64	2445	1.898	1288	1274	1021	0.8014	0.7927	0.797	0.9891	0.7456	0.2824	0.4096	1.898
cosine	self	0.0	0.95	10	0.2	0	6.64	2052	1.596	1288	1271	1010	0.7946	0.7842	0.7894	0.9868	0.7498	0.277	0.4046	1.596
cosine	self	0.0	0.95	10	0.3	0	6.64	1874	1.476	1288	1253	1000	0.7981	0.7764	0.7871	0.9728	0.7587	0.2732	0.4018	1.476
cosine	self	0.0	0.95	10	0.5	0	6.64	1689	1.37	1288	1216	986	0.8109	0.7655	0.7875	0.9441	0.7802	0.2676	0.3985	1.37
cosine	self	0.0	0.95	30	0.0	0	14.5	2907	2.257	1288	1275	1027	0.8055	0.7974	0.8014	0.9899	0.7403	0.2847	0.4113	2.257
cosine	self	0.0	0.95	30	0.05	0	14.5	2627	2.04	1288	1274	1021	0.8014	0.7927	0.797	0.9891	0.7417	0.2824	0.4091	2.04
cosine	self	0.0	0.95	30	0.1	0	14.5	2377	1.845	1288	1274	1018	0.7991	0.7904	0.7947	0.9891	0.7442	0.2811	0.4081	1.845
cosine	self	0.0	0.95	30	0.2	0	14.5	2027	1.579	1288	1268	1009	0.7957	0.7834	0.7895	0.9845	0.7495	0.277	0.4045	1.579
cosine	self	0.0	0.95	30	0.3	0	14.5	1877	1.477	1288	1253	998	0.7965	0.7748	0.7855	0.9728	0.7559	0.2733	0.4015	1.477
cosine	self	0.0	0.95	30	0.5	0	14.5	1674	1.367	1288	1206	981	0.8134	0.7616	0.7867	0.9363	0.7814	0.2675	0.3985	1.367
cosine	self	0.0	0.98	5	0.0	0	3.33	2041	1.585	1288	1272	1014	0.7972	0.7873	0.7922	0.9876	0.758	0.2792	0.4081	1.585
cosine	self	0.0	0.98	5	0.05	0	3.33	2041	1.585	1288	1272	1014	0.7972	0.7873	0.7922	0.9876	0.758	0.2792	0.4081	1.585
cosine	self	0.0	0.98	5	0.1	0	3.33	2041	1.585	1288	1272	1014	0.7972	0.7873	0.7922	0.9876	0.758	0.2792	0.4081	1.585
cosine	self	0.0	0.98	5	0.2	0	3.33	1988	1.543	1288	1272	1012	0.7956	0.7857	0.7906	0.9876	0.7571	0.2786	0.4074	1.543
cosine	self	0.0	0.98	5	0.3	0	3.33	1906	1.483	1288	1268	1011	0.7973	0.7849	0.7911	0.9845	0.7598	0.2785	0.4076	1.483
cosine	self	0.0	0.98	5	0.5	0	3.33	1776	1.4	1288	1249	1002	0.8022	0.778	0.7899	0.9697	0.7701	0.275	0.4052	1.4
cosine	self	0.0	0.98	10	0.0	0	5.23	2077	1.613	1288	1272	1015	0.798	0.788	0.793	0.9876	0.7579	0.2793	0.4081	1.613
cosine	self	0.0	0.98	10	0.05	0	5.23	2077	1.613	1288	1272	1015	0.798	0.788	0.793	0.9876	0.7579	0.2793	0.4081	1.613
cosine	self	0.0	0.98	10	0.1	0	5.23	2061	1.6	1288	1272	1014	0.7972	0.7873	0.7922	0.9876	0.7578	0.2792	0.408	1.6
cosine	self	0.0	0.98	10	0.2	0	5.23	1977	1.535	1288	1272	1013	0.7964	0.7865	0.7914	0.9876	0.7587	0.2788	0.4078	1.535
cosine	self	0.0	0.98	10	0.3	0	5.23	1907	1.485	1288	1267	1012	0.7987	0.7857	0.7922	0.9837	0.7609	0.2788	0.4081	1.485
cosine	self	0.0	0.98	10	0.5	0	5.23	1772	1.399	1288	1247	1002	0.8035	0.778	0.7905	0.9682	0.7713	0.275	0.4054	1.399
cosine	self	0.0	0.98	30	0.0	0	10.69	2105	1.634	1288	1273	1016	0.7981	0.7888	0.7934	0.9884	0.7575	0.2796	0.4084	1.634
cosine	self	0.0	0.98	30	0.05	0	10.69	2087	1.62	1288	1272	1015	0.798	0.788	0.793	0.9876	0.7576	0.2794	0.4082	1.62
cosine	self	0.0	0.98	30	0.1	0	10.69	2055	1.595	1288	1272	1014	0.7972	0.7873	0.7922	0.9876	0.7578	0.2792	0.408	1.595
cosine	self	0.0	0.98	30	0.2	0	10.69	1974	1.534	1288	1271	1013	0.797	0.7865	0.7917	0.9868	0.7593	0.2788	0.4079	1.534
cosine	self	0.0	0.98	30	0.3	0	10.69	1906	1.486	1288	1266	1012	0.7994	0.7857	0.7925	0.9829	0.7615	0.2788	0.4081	1.486
cosine	self	0.0	0.98	30	0.5	0	10.69	1771	1.399	1288	1246	1002	0.8042	0.778	0.7908	0.9674	0.7719	0.275	0.4055	1.399
cosine	self	0.0	0.995	5	0.0	0	2.75	1864	1.447	1288	1268	1005	0.7926	0.7803	0.7864	0.9845	0.7589	0.2764	0.4052	1.447
cosine	self	0.0	0.995	5	0.05	0	2.75	1864	1.447	1288	1268	1005	0.7926	0.7803	0.7864	0.9845	0.7589	0.2764	0.4052	1.447
cosine	self	0.0	0.995	5	0.1	0	2.75	1864	1.447	1288	1268	1005	0.7926	0.7803	0.7864	0.9845	0.7589	0.2764	0.4052	1.447
cosine	self	0.0	0.995	5	0.2	0	2.75	1863	1.446	1288	1268	1005	0.7926	0.7803	0.7864	0.9845	0.7589	0.2762	0.405	1.446
cosine	self	0.0	0.995	5	0.3	0	2.75	1861	1.445	1288	1268	1005	0.7926	0.7803	0.7864	0.9845	0.7589	0.2762	0.405	1.445
cosine	self	0.0	0.995	5	0.5	0	2.75	1810	1.41	1288	1264	1001	0.7919	0.7772	0.7845	0.9814	0.7603	0.2747	0.4036	1.41
cosine	self	0.0	0.995	10	0.0	0	4.25	1864	1.447	1288	1268	1005	0.7926	0.7803	0.7864	0.9845	0.7589	0.2764	0.4052	1.447
cosine	self	0.0	0.995	10	0.05	0	4.25	1864	1.447	1288	1268	1005	0.7926	0.7803	0.7864	0.9845	0.7589	0.2764	0.4052	1.447
cosine	self	0.0	0.995	10	0.1	0	4.25	1864	1.447	1288	1268	1005	0.7926	0.7803	0.7864	0.9845	0.7589	0.2764	0.4052	1.447
cosine	self	0.0	0.995	10	0.2	0	4.25	1862	1.446	1288	1268	1005	0.7926	0.7803	0.7864	0.9845	0.7589	0.2762	0.405	1.446
cosine	self	0.0	0.995	10	0.3	0	4.25	1861	1.445	1288	1268	1005	0.7926	0.7803	0.7864	0.9845	0.7589	0.2762	0.405	1.445
cosine	self	0.0	0.995	10	0.5	0	4.25	1810	1.41	1288	1264	1001	0.7919	0.7772	0.7845	0.9814	0.7603	0.2747	0.4036	1.41
cosine	self	0.0	0.995	30	0.0	0	8.15	1870	1.452	1288	1268	1005	0.7926	0.7803	0.7864	0.9845	0.7582	0.2764	0.4051	1.452
cosine	self	0.0	0.995	30	0.05	0	8.15	1864	1.447	1288	1268	1005	0.7926	0.7803	0.7864	0.9845	0.7589	0.2764	0.4052	1.447
cosine	self	0.0	0.995	30	0.1	0	8.15	1863	1.446	1288	1268	1005	0.7926	0.7803	0.7864	0.9845	0.7589	0.2764	0.4052	1.446
cosine	self	0.0	0.995	30	0.2	0	8.15	1862	1.446	1288	1268	1005	0.7926	0.7803	0.7864	0.9845	0.7589	0.2762	0.405	1.446
cosine	self	0.0	0.995	30	0.3	0	8.15	1861	1.445	1288	1268	1005	0.7926	0.7803	0.7864	0.9845	0.7589	0.2762	0.405	1.445
cosine	self	0.0	0.995	30	0.5	0	8.15	1810	1.41	1288	1264	1001	0.7919	0.7772	0.7845	0.9814	0.7603	0.2747	0.4036	1.41
cosine	self	0.6	0.0	5	0.0	82	4.91	2778	2.303	1288	1201	1026	0.8543	0.7966	0.8244	0.9325	0.7092	0.2845	0.4061	2.303
cosine	self	0.6	0.0	5	0.05	82	4.91	2778	2.303	1288	1201	1026	0.8543	0.7966	0.8244	0.9325	0.7092	0.2845	0.4061	2.303
cosine	self	0.6	0.0	5	0.1	82	4.91	2778	2.303	1288	1201	1026	0.8543	0.7966	0.8244	0.9325	0.7092	0.2845	0.4061	2.303
cosine	self	0.6	0.0	5	0.2	82	4.91	2103	1.744	1288	1199	1016	0.8474	0.7888	0.817	0.9309	0.76	0.2805	0.4097	1.744
cosine	self	0.6	0.0	5	0.3	82	4.91	1818	1.525	1288	1180	954	0.8085	0.7407	0.7731	0.9161	0.7488	0.2586	0.3845	1.525
cosine	self	0.6	0.0	5	0.5	82	4.91	1458	1.33	1288	1083	897	0.8283	0.6964	0.7566	0.8408	0.7991	0.243	0.3726	1.33
cosine	self	0.6	0.0	10	0.0	82	9.59	3878	3.216	1288	1201	1030	0.8576	0.7997	0.8276	0.9325	0.6499	0.2878	0.3989	3.216
cosine	self	0.6	0.0	10	0.05	82	9.59	3878	3.216	1288	1201	1030	0.8576	0.7997	0.8276	0.9325	0.6499	0.2878	0.3989	3.216
cosine	self	0.6	0.0	10	0.1	82	9.59	2958	2.453	1288	1200	1025	0.8542	0.7958	0.824	0.9317	0.6939	0.2846	0.4037	2.453
cosine	self	0.6	0.0	10	0.2	82	9.59	2162	1.805	1288	1188	965	0.8123	0.7492	0.7795	0.9224	0.7132	0.2621	0.3833	1.805
cosine	self	0.6	0.0	10	0.3	82	9.59	1823	1.58	1288	1142	911	0.7977	0.7073	0.7498	0.8866	0.7356	0.2479	0.3708	1.58
cosine	self	0.6	0.0	10	0.5	82	9.59	1365	1.316	1288	1025	841	0.8205	0.653	0.7272	0.7958	0.7943	0.2262	0.3521	1.316
cosine	self	0.6	0.0	30	0.0	82	26.74	6937	5.752	1288	1202	1037	0.8627	0.8051	0.8329	0.9332	0.5587	0.2928	0.3842	5.752
cosine	self	0.6	0.0	30	0.05	82	26.74	4511	3.74	1288	1201	1000	0.8326	0.7764	0.8035	0.9325	0.5914	0.2753	0.3758	3.74
cosine	self	0.6	0.0	30	0.1	82	26.74	3071	2.551	1288	1198	936	0.7813	0.7267	0.753	0.9301	0.6175	0.2563	0.3623	2.551
cosine	self	0.6	0.0	30	0.2	82	26.74	2045	1.735	1288	1168	870	0.7449	0.6755	0.7085	0.9068	0.647	0.2368	0.3468	1.735
cosine	self	0.6	0.0	30	0.3	82	26.74	1646	1.461	1288	1112	818	0.7356	0.6351	0.6817	0.8634	0.6811	0.2204	0.333	1.461
cosine	self	0.6	0.0	30	0.5	82	26.74	1274	1.307	1288	962	751	0.7807	0.5831	0.6676	0.7469	0.7532	0.1991	0.3149	1.307
cosine	self	0.6	0.9	5	0.0	82	4.26	2234	1.852	1288	1199	1025	0.8549	0.7958	0.8243	0.9309	0.7863	0.2828	0.416	1.852
cosine	self	0.6	0.9	5	0.05	82	4.26	2234	1.852	1288	1199	1025	0.8549	0.7958	0.8243	0.9309	0.7863	0.2828	0.416	1.852
cosine	self	0.6	0.9	5	0.1	82	4.26	2234	1.852	1288	1199	1025	0.8549	0.7958	0.8243	0.9309	0.7863	0.2828	0.416	1.852
cosine	self	0.6	0.9	5	0.2	82	4.26	1955	1.621	1288	1197	1017	0.8496	0.7896	0.8185	0.9293	0.7937	0.2803	0.4143	1.621
cosine	self	0.6	0.9	5	0.3	82	4.26	1785	1.485	1288	1190	998	0.8387	0.7748	0.8055	0.9239	0.7964	0.272	0.4055	1.485
cosine	self	0.6	0.9	5	0.5	82	4.26	1581	1.375	1288	1139	972	0.8534	0.7547	0.801	0.8843	0.8254	0.2653	0.4015	1.375
cosine	self	0.6	0.9	10	0.0	82	7.61	2623	2.175	1288	1199	1028	0.8574	0.7981	0.8267	0.9309	0.7699	0.284	0.4149	2.175
cosine	self	0.6	0.9	10	0.05	82	7.61	2623	2.175	1288	1199	1028	0.8574	0.7981	0.8267	0.9309	0.7699	0.284	0.4149	2.175
cosine	self	0.6	0.9	10	0.1	82	7.61	2367	1.963	1288	1198	1025	0.8556	0.7958	0.8246	0.9301	0.7807	0.283	0.4154	1.963
cosine	self	0.6	0.9	10	0.2	82	7.61	1950	1.618	1288	1196	1007	0.842	0.7818	0.8108	0.9286	0.786	0.2747	0.4072	1.618
cosine	self	0.6	0.9	10	0.3	82	7.61	1777	1.496	1288	1175	987	0.84	0.7663	0.8015	0.9123	0.7968	0.2693	0.4026	1.496
cosine	self	0.6	0.9	10	0.5	82	7.61	1560	1.373	1288	1126	966	0.8579	0.75	0.8003	0.8742	0.8306	0.264	0.4007	1.373
cosine	self	0.6	0.9	30	0.0	82	18.15	3304	2.74	1288	1200	1033	0.8608	0.802	0.8304	0.9317	0.7545	0.2871	0.416	2.74
cosine	self	0.6	0.9	30	0.05	82	18.15	2740	2.272	1288	1199	1023	0.8532	0.7943	0.8227	0.9309	0.7616	0.2819	0.4115	2.272
cosine	self	0.6	0.9	30	0.1	82	18.15	2345	1.948	1288	1196	1008	0.8428	0.7826	0.8116	0.9286	0.7683	0.2758	0.4059	1.948
cosine	self	0.6	0.9	30	0.2	82	18.15	1921	1.601	1288	1189	993	0.8352	0.771	0.8018	0.9231	0.7766	0.2724	0.4034	1.601
cosine	self	0.6	0.9	30	0.3	82	18.15	1717	1.451	1288	1168	974	0.8339	0.7562	0.7932	0.9068	0.7909	0.2667	0.3989	1.451
cosine	self	0.6	0.9	30	0.5	82	18.15	1523	1.359	1288	1109	952	0.8584	0.7391	0.7943	0.861	0.8298	0.2606	0.3966	1.359
cosine	self	0.6	0.95	5	0.0	82	3.85	2085	1.729	1288	1197	1018	0.8505	0.7904	0.8193	0.9293	0.7981	0.281	0.4157	1.729
cosine	self	0.6	0.95	5	0.05	82	3.85	2085	1.729	1288	1197	1018	0.8505	0.7904	0.8193	0.9293	0.7981	0.281	0.4157	1.729
cosine	self	0.6	0.95	5	0.1	82	3.85	2085	1.729	1288	1197	1018	0.8505	0.7904	0.8193	0.9293	0.7981	0.281	0.4157	1.729
cosine	self	0.6	0.95	5	0.2	82	3.85	1904	1.579	1288	1196	1014	0.8478	0.7873	0.8164	0.9286	0.7997	0.2796	0.4143	1.579
cosine	self	0.6	0.95	5	0.3	82	3.85	1770	1.471	1288	1193	1002	0.8399	0.778	0.8077	0.9262	0.8022	0.2738	0.4083	1.471
cosine	self	0.6	0.95	5	0.5	82	3.85	1618	1.379	1288	1160	985	0.8491	0.7648	0.8047	0.9006	0.8199	0.2671	0.4029	1.379
cosine	self	0.6	0.95	10	0.0	82	6.51	2286	1.896	1288	1197	1020	0.8521	0.7919	0.8209	0.9293	0.7917	0.2815	0.4153	1.896
cosine	self	0.6	0.95	10	0.05	82	6.51	2286	1.896	1288	1197	1020	0.8521	0.7919	0.8209	0.9293	0.7917	0.2815	0.4153	1.896
cosine	self	0.6	0.95	10	0.1	82	6.51	2162	1.793	1288	1197	1019	0.8513	0.7911	0.8201	0.9293	0.7952	0.2812	0.4155	1.793
cosine	self	0.6	0.95	10	0.2	82	6.51	1889	1.568	1288	1196	1009	0.8436	0.7834	0.8124	0.9286	0.7994	0.2766	0.411	1.568
cosine	self	0.6	0.95	10	0.3	82	6.51	1752	1.465	1288	1184	999	0.8438	0.7756	0.8083	0.9193	0.8048	0.2728	0.4075	1.465
cosine	self	0.6	0.95	10	0.5	82	6.51	1616	1.38	1288	1159	985	0.8499	0.7648	0.8051	0.8998	0.8207	0.2672	0.4031	1.38
cosine	self	0.6	0.95	30	0.0	82	14.34	2508	2.08	1288	1198	1024	0.8548	0.795	0.8238	0.9301	0.789	0.2832	0.4168	2.08
cosine	self	0.6	0.95	30	0.05	82	14.34	2301	1.908	1288	1197	1018	0.8505	0.7904	0.8193	0.9293	0.7906	0.2809	0.4145	1.908
cosine	self	0.6	0.95	30	0.1	82	14.34	2125	1.762	1288	1197	1016	0.8488	0.7888	0.8177	0.9293	0.7936	0.2803	0.4143	1.762
cosine	self	0.6	0.95	30	0.2	82	14.34	1870	1.553	1288	1194	1007	0.8434	0.7818	0.8114	0.927	0.798	0.2762	0.4104	1.553
cosine	self	0.6	0.95	30	0.3	82	14.34	1754	1.465	1288	1185	997	0.8414	0.7741	0.8063	0.92	0.8018	0.2729	0.4072	1.465
cosine	self	0.6	0.95	30	0.5	82	14.34	1599	1.376	1288	1149	980	0.8529	0.7609	0.8043	0.8921	0.8229	0.2671	0.4033	1.376
cosine	self	0.6	0.98	5	0.0	82	3.34	1878	1.557	1288	1196	1013	0.847	0.7865	0.8156	0.9286	0.8087	0.2788	0.4147	1.557
cosine	self	0.6	0.98	5	0.05	82	3.34	1878	1.557	1288	1196	1013	0.847	0.7865	0.8156	0.9286	0.8087	0.2788	0.4147	1.557
cosine	self	0.6	0.98	5	0.1	82	3.34	1878	1.557	1288	1196	1013	0.847	0.7865	0.8156	0.9286	0.8087	0.2788	0.4147	1.557
cosine	self	0.6	0.98	5	0.2	82	3.34	1841	1.527	1288	1196	1011	0.8453	0.7849	0.814	0.9286	0.8078	0.2783	0.4139	1.527
cosine	self	0.6	0.98	5	0.3	82	3.34	1789	1.485	1288	1194	1010	0.8459	0.7842	0.8139	0.927	0.8095	0.2781	0.4139	1.485
cosine	self	0.6	0.98	5	0.5	82	3.34	1686	1.414	1288	1179	1001	0.849	0.7772	0.8115	0.9154	0.819	0.2746	0.4113	1.414
cosine	self	0.6	0.98	10	0.0	82	5.29	1910	1.584	1288	1196	1014	0.8478	0.7873	0.8164	0.9286	0.8086	0.2789	0.4147	1.584
cosine	self	0.6	0.98	10	0.05	82	5.29	1910	1.584	1288	1196	1014	0.8478	0.7873	0.8164	0.9286	0.8086	0.2789	0.4147	1.584
cosine	self	0.6	0.98	10	0.1	82	5.29	1896	1.572	1288	1196	1013	0.847	0.7865	0.8156	0.9286	0.8085	0.2788	0.4146	1.572
cosine	self	0.6	0.98	10	0.2	82	5.29	1834	1.521	1288	1196	1012	0.8462	0.7857	0.8148	0.9286	0.8095	0.2784	0.4144	1.521
cosine	self	0.6	0.98	10	0.3	82	5.29	1790	1.488	1288	1192	1011	0.8482	0.7849	0.8153	0.9255	0.8114	0.2784	0.4145	1.488
cosine	self	0.6	0.98	10	0.5	82	5.29	1685	1.414	1288	1179	1001	0.849	0.7772	0.8115	0.9154	0.819	0.2746	0.4113	1.414
cosine	self	0.6	0.98	30	0.0	82	11.03	1932	1.602	1288	1197	1015	0.848	0.788	0.8169	0.9293	0.8081	0.2792	0.415	1.602
cosine	self	0.6	0.98	30	0.05	82	11.03	1917	1.59	1288	1196	1014	0.8478	0.7873	0.8164	0.9286	0.8083	0.279	0.4148	1.59
cosine	self	0.6	0.98	30	0.1	82	11.03	1895	1.571	1288	1196	1013	0.847	0.7865	0.8156	0.9286	0.8085	0.2788	0.4146	1.571
cosine	self	0.6	0.98	30	0.2	82	11.03	1831	1.52	1288	1195	1012	0.8469	0.7857	0.8151	0.9278	0.8101	0.2784	0.4144	1.52
cosine	self	0.6	0.98	30	0.3	82	11.03	1790	1.489	1288	1191	1011	0.8489	0.7849	0.8157	0.9247	0.812	0.2784	0.4146	1.489
cosine	self	0.6	0.98	30	0.5	82	11.03	1684	1.414	1288	1178	1001	0.8497	0.7772	0.8118	0.9146	0.8197	0.2746	0.4114	1.414
cosine	self	0.6	0.995	5	0.0	82	2.83	1751	1.452	1288	1193	1004	0.8416	0.7795	0.8094	0.9262	0.8096	0.276	0.4116	1.452
cosine	self	0.6	0.995	5	0.05	82	2.83	1751	1.452	1288	1193	1004	0.8416	0.7795	0.8094	0.9262	0.8096	0.276	0.4116	1.452
cosine	self	0.6	0.995	5	0.1	82	2.83	1751	1.452	1288	1193	1004	0.8416	0.7795	0.8094	0.9262	0.8096	0.276	0.4116	1.452
cosine	self	0.6	0.995	5	0.2	82	2.83	1750	1.451	1288	1193	1004	0.8416	0.7795	0.8094	0.9262	0.8096	0.2758	0.4115	1.451
cosine	self	0.6	0.995	5	0.3	82	2.83	1748	1.449	1288	1193	1004	0.8416	0.7795	0.8094	0.9262	0.8097	0.2758	0.4115	1.449
cosine	self	0.6	0.995	5	0.5	82	2.83	1705	1.418	1288	1189	1000	0.841	0.7764	0.8074	0.9231	0.8114	0.2744	0.4101	1.418
cosine	self	0.6	0.995	10	0.0	82	4.43	1751	1.452	1288	1193	1004	0.8416	0.7795	0.8094	0.9262	0.8096	0.276	0.4116	1.452
cosine	self	0.6	0.995	10	0.05	82	4.43	1751	1.452	1288	1193	1004	0.8416	0.7795	0.8094	0.9262	0.8096	0.276	0.4116	1.452
cosine	self	0.6	0.995	10	0.1	82	4.43	1751	1.452	1288	1193	1004	0.8416	0.7795	0.8094	0.9262	0.8096	0.276	0.4116	1.452
cosine	self	0.6	0.995	10	0.2	82	4.43	1749	1.45	1288	1193	1004	0.8416	0.7795	0.8094	0.9262	0.8096	0.2758	0.4115	1.45
cosine	self	0.6	0.995	10	0.3	82	4.43	1748	1.449	1288	1193	1004	0.8416	0.7795	0.8094	0.9262	0.8097	0.2758	0.4115	1.449
cosine	self	0.6	0.995	10	0.5	82	4.43	1705	1.418	1288	1189	1000	0.841	0.7764	0.8074	0.9231	0.8114	0.2744	0.4101	1.418
cosine	self	0.6	0.995	30	0.0	82	8.59	1757	1.457	1288	1193	1004	0.8416	0.7795	0.8094	0.9262	0.809	0.276	0.4115	1.457
cosine	self	0.6	0.995	30	0.05	82	8.59	1751	1.452	1288	1193	1004	0.8416	0.7795	0.8094	0.9262	0.8096	0.276	0.4116	1.452
cosine	self	0.6	0.995	30	0.1	82	8.59	1750	1.451	1288	1193	1004	0.8416	0.7795	0.8094	0.9262	0.8096	0.276	0.4116	1.451
cosine	self	0.6	0.995	30	0.2	82	8.59	1749	1.45	1288	1193	1004	0.8416	0.7795	0.8094	0.9262	0.8096	0.2758	0.4115	1.45
cosine	self	0.6	0.995	30	0.3	82	8.59	1748	1.449	1288	1193	1004	0.8416	0.7795	0.8094	0.9262	0.8097	0.2758	0.4115	1.449
cosine	self	0.6	0.995	30	0.5	82	8.59	1705	1.418	1288	1189	1000	0.841	0.7764	0.8074	0.9231	0.8114	0.2744	0.4101	1.418
cosine	self	0.65	0.0	5	0.0	133	4.85	2549	2.207	1288	1152	1025	0.8898	0.7958	0.8402	0.8944	0.7519	0.2844	0.4127	2.207
cosine	self	0.65	0.0	5	0.05	133	4.85	2549	2.207	1288	1152	1025	0.8898	0.7958	0.8402	0.8944	0.7519	0.2844	0.4127	2.207
cosine	self	0.65	0.0	5	0.1	133	4.85	2549	2.207	1288	1152	1025	0.8898	0.7958	0.8402	0.8944	0.7519	0.2844	0.4127	2.207
cosine	self	0.65	0.0	5	0.2	133	4.85	1998	1.73	1288	1150	1016	0.8835	0.7888	0.8335	0.8929	0.7965	0.2805	0.4148	1.73
cosine	self	0.65	0.0	5	0.3	133	4.85	1732	1.511	1288	1136	966	0.8504	0.75	0.797	0.882	0.7893	0.2637	0.3953	1.511
cosine	self	0.65	0.0	5	0.5	133	4.85	1414	1.326	1288	1056	908	0.8598	0.705	0.7747	0.8199	0.8319	0.2467	0.3806	1.326
cosine	self	0.65	0.0	10	0.0	133	9.37	3454	2.99	1288	1152	1028	0.8924	0.7981	0.8426	0.8944	0.695	0.2868	0.406	2.99
cosine	self	0.65	0.0	10	0.05	133	9.37	3454	2.99	1288	1152	1028	0.8924	0.7981	0.8426	0.8944	0.695	0.2868	0.406	2.99
cosine	self	0.65	0.0	10	0.1	133	9.37	2745	2.377	1288	1151	1024	0.8897	0.795	0.8397	0.8936	0.7334	0.2844	0.4099	2.377
cosine	self	0.65	0.0	10	0.2	133	9.37	2084	1.811	1288	1143	976	0.8539	0.7578	0.803	0.8874	0.7524	0.2667	0.3938	1.811
cosine	self	0.65	0.0	10	0.3	133	9.37	1764	1.579	1288	1108	927	0.8366	0.7197	0.7738	0.8602	0.7742	0.2535	0.3819	1.579
cosine	self	0.65	0.0	10	0.5	133	9.37	1346	1.32	1288	1011	860	0.8506	0.6677	0.7482	0.7849	0.8262	0.2324	0.3628	1.32
cosine	self	0.65	0.0	30	0.0	133	25.31	5670	4.909	1288	1153	1034	0.8968	0.8028	0.8472	0.8952	0.614	0.2912	0.395	4.909
cosine	self	0.65	0.0	30	0.05	133	25.31	4030	3.489	1288	1152	1009	0.8759	0.7834	0.827	0.8944	0.6423	0.2801	0.3901	3.489
cosine	self	0.65	0.0	30	0.1	133	25.31	2922	2.534	1288	1149	962	0.8372	0.7469	0.7895	0.8921	0.6698	0.2642	0.3789	2.534
cosine	self	0.65	0.0	30	0.2	133	25.31	2004	1.759	1288	1131	903	0.7984	0.7011	0.7466	0.8781	0.7012	0.2471	0.3654	1.759
cosine	self	0.65	0.0	30	0.3	133	25.31	1585	1.44	1288	1088	848	0.7794	0.6584	0.7138	0.8447	0.7255	0.2304	0.3497	1.44
cosine	self	0.65	0.0	30	0.5	133	25.31	1256	1.291	1288	962	784	0.815	0.6087	0.6969	0.7469	0.7893	0.2098	0.3315	1.291
cosine	self	0.65	0.9	5	0.0	133	4.24	2083	1.803	1288	1150	1024	0.8904	0.795	0.84	0.8929	0.8209	0.2827	0.4206	1.803
cosine	self	0.65	0.9	5	0.05	133	4.24	2083	1.803	1288	1150	1024	0.8904	0.795	0.84	0.8929	0.8209	0.2827	0.4206	1.803
cosine	self	0.65	0.9	5	0.1	133	4.24	2083	1.803	1288	1150	1024	0.8904	0.795	0.84	0.8929	0.8209	0.2827	0.4206	1.803
cosine	self	0.65	0.9	5	0.2	133	4.24	1849	1.601	1288	1148	1017	0.8859	0.7896	0.835	0.8913	0.8282	0.2803	0.4188	1.601
cosine	self	0.65	0.9	5	0.3	133	4.24	1693	1.47	1288	1142	1000	0.8757	0.7764	0.823	0.8866	0.8316	0.2735	0.4117	1.47
cosine	self	0.65	0.9	5	0.5	133	4.24	1530	1.376	1288	1103	972	0.8812	0.7547	0.813	0.8564	0.8536	0.2653	0.4048	1.376
cosine	self	0.65	0.9	10	0.0	133	7.55	2410	2.087	1288	1150	1027	0.893	0.7974	0.8425	0.8929	0.8041	0.2837	0.4194	2.087
cosine	self	0.65	0.9	10	0.05	133	7.55	2410	2.087	1288	1150	1027	0.893	0.7974	0.8425	0.8929	0.8041	0.2837	0.4194	2.087
cosine	self	0.65	0.9	10	0.1	133	7.55	2178	1.886	1288	1149	1024	0.8912	0.795	0.8404	0.8921	0.8151	0.2827	0.4198	1.886
cosine	self	0.65	0.9	10	0.2	133	7.55	1849	1.602	1288	1147	1009	0.8797	0.7834	0.8287	0.8905	0.821	0.2763	0.4134	1.602
cosine	self	0.65	0.9	10	0.3	133	7.55	1686	1.482	1288	1128	989	0.8768	0.7679	0.8187	0.8758	0.8328	0.2709	0.4088	1.482
cosine	self	0.65	0.9	10	0.5	133	7.55	1516	1.374	1288	1095	966	0.8822	0.75	0.8107	0.8502	0.8554	0.264	0.4035	1.374
cosine	self	0.65	0.9	30	0.0	133	18.09	3023	2.617	1288	1151	1031	0.8957	0.8005	0.8454	0.8936	0.7881	0.2867	0.4204	2.617
cosine	self	0.65	0.9	30	0.05	133	18.09	2497	2.162	1288	1150	1022	0.8887	0.7935	0.8384	0.8929	0.7956	0.2817	0.416	2.162
cosine	self	0.65	0.9	30	0.1	133	18.09	2174	1.886	1288	1147	1010	0.8806	0.7842	0.8296	0.8905	0.8026	0.2772	0.4121	1.886
cosine	self	0.65	0.9	30	0.2	133	18.09	1820	1.584	1288	1141	995	0.872	0.7725	0.8193	0.8859	0.8113	0.274	0.4096	1.584
cosine	self	0.65	0.9	30	0.3	133	18.09	1634	1.438	1288	1123	976	0.8691	0.7578	0.8096	0.8719	0.8246	0.2682	0.4048	1.438
cosine	self	0.65	0.9	30	0.5	133	18.09	1482	1.36	1288	1080	952	0.8815	0.7391	0.8041	0.8385	0.8534	0.2606	0.3993	1.36
cosine	self	0.65	0.95	5	0.0	133	3.84	1962	1.699	1288	1149	1018	0.886	0.7904	0.8355	0.8921	0.8333	0.281	0.4203	1.699
cosine	self	0.65	0.95	5	0.05	133	3.84	1962	1.699	1288	1149	1018	0.886	0.7904	0.8355	0.8921	0.8333	0.281	0.4203	1.699
cosine	self	0.65	0.95	5	0.1	133	3.84	1962	1.699	1288	1149	1018	0.886	0.7904	0.8355	0.8921	0.8333	0.281	0.4203	1.699
cosine	self	0.65	0.95	5	0.2	133	3.84	1804	1.562	1288	1148	1014	0.8833	0.7873	0.8325	0.8913	0.835	0.2796	0.4189	1.562
cosine	self	0.65	0.95	5	0.3	133	3.84	1683	1.46	1288	1146	1002	0.8743	0.778	0.8233	0.8898	0.837	0.2738	0.4126	1.46
cosine	self	0.65	0.95	5	0.5	133	3.84	1553	1.379	1288	1116	985	0.8826	0.7648	0.8195	0.8665	0.8541	0.2671	0.4069	1.379
cosine	self	0.65	0.95	10	0.0	133	6.53	2131	1.845	1288	1149	1020	0.8877	0.7919	0.8371	0.8921	0.827	0.2815	0.42	1.845
cosine	self	0.65	0.95	10	0.05	133	6.53	2131	1.845	1288	1149	1020	0.8877	0.7919	0.8371	0.8921	0.827	0.2815	0.42	1.845
cosine	self	0.65	0.95	10	0.1	133	6.53	2011	1.741	1288	1149	1019	0.8869	0.7911	0.8363	0.8921	0.8305	0.2812	0.4201	1.741
cosine	self	0.65	0.95	10	0.2	133	6.53	1791	1.551	1288	1149	1009	0.8782	0.7834	0.8281	0.8921	0.834	0.2766	0.4155	1.551
cosine	self	0.65	0.95	10	0.3	133	6.53	1665	1.453	1288	1138	999	0.8779	0.7756	0.8236	0.8835	0.8399	0.2728	0.4119	1.453
cosine	self	0.65	0.95	10	0.5	133	6.53	1554	1.38	1288	1117	985	0.8818	0.7648	0.8191	0.8672	0.8535	0.2672	0.407	1.38
cosine	self	0.65	0.95	30	0.0	133	14.51	2348	2.033	1288	1150	1024	0.8904	0.795	0.84	0.8929	0.8241	0.2832	0.4215	2.033
cosine	self	0.65	0.95	30	0.05	133	14.51	2144	1.856	1288	1149	1018	0.886	0.7904	0.8355	0.8921	0.8258	0.2809	0.4192	1.856
cosine	self	0.65	0.95	30	0.1	133	14.51	1978	1.713	1288	1149	1016	0.8842	0.7888	0.8338	0.8921	0.8289	0.2803	0.419	1.713
cosine	self	0.65	0.95	30	0.2	133	14.51	1772	1.536	1288	1147	1007	0.8779	0.7818	0.8271	0.8905	0.8326	0.2762	0.4148	1.536
cosine	self	0.65	0.95	30	0.3	133	14.51	1668	1.454	1288	1139	997	0.8753	0.7741	0.8216	0.8843	0.8368	0.2729	0.4116	1.454
cosine	self	0.65	0.95	30	0.5	133	14.51	1537	1.376	1288	1107	980	0.8853	0.7609	0.8184	0.8595	0.8561	0.2671	0.4071	1.376
cosine	self	0.65	0.98	5	0.0	133	3.38	1786	1.546	1288	1148	1013	0.8824	0.7865	0.8317	0.8913	0.8445	0.2788	0.4192	1.546
cosine	self	0.65	0.98	5	0.05	133	3.38	1786	1.546	1288	1148	1013	0.8824	0.7865	0.8317	0.8913	0.8445	0.2788	0.4192	1.546
cosine	self	0.65	0.98	5	0.1	133	3.38	1786	1.546	1288	1148	1013	0.8824	0.7865	0.8317	0.8913	0.8445	0.2788	0.4192	1.546
cosine	self	0.65	0.98	5	0.2	133	3.38	1749	1.514	1288	1148	1011	0.8807	0.7849	0.83	0.8913	0.8435	0.2783	0.4185	1.514
cosine	self	0.65	0.98	5	0.3	133	3.38	1701	1.474	1288	1146	1010	0.8813	0.7842	0.8299	0.8898	0.8452	0.2781	0.4185	1.474
cosine	self	0.65	0.98	5	0.5	133	3.38	1616	1.415	1288	1132	1001	0.8843	0.7772	0.8273	0.8789	0.8549	0.2746	0.4156	1.415
cosine	self	0.65	0.98	10	0.0	133	5.4	1818	1.574	1288	1148	1014	0.8833	0.7873	0.8325	0.8913	0.8443	0.2789	0.4193	1.574
cosine	self	0.65	0.98	10	0.05	133	5.4	1818	1.574	1288	1148	1014	0.8833	0.7873	0.8325	0.8913	0.8443	0.2789	0.4193	1.574
cosine	self	0.65	0.98	10	0.1	133	5.4	1804	1.562	1288	1148	1013	0.8824	0.7865	0.8317	0.8913	0.8442	0.2788	0.4192	1.562
cosine	self	0.65	0.98	10	0.2	133	5.4	1742	1.508	1288	1148	1012	0.8815	0.7857	0.8309	0.8913	0.8452	0.2784	0.4189	1.508
cosine	self	0.65	0.98	10	0.3	133	5.4	1702	1.477	1288	1144	1011	0.8837	0.7849	0.8314	0.8882	0.8473	0.2784	0.4191	1.477
cosine	self	0.65	0.98	10	0.5	133	5.4	1615	1.414	1288	1132	1001	0.8843	0.7772	0.8273	0.8789	0.8549	0.2746	0.4156	1.414
cosine	self	0.65	0.98	30	0.0	133	11.36	1840	1.593	1288	1149	1015	0.8834	0.788	0.833	0.8921	0.8438	0.2792	0.4196	1.593
cosine	self	0.65	0.98	30	0.05	133	11.36	1825	1.58	1288	1148	1014	0.8833	0.7873	0.8325	0.8913	0.844	0.279	0.4194	1.58
cosine	self	0.65	0.98	30	0.1	133	11.36	1803	1.561	1288	1148	1013	0.8824	0.7865	0.8317	0.8913	0.8442	0.2788	0.4192	1.561
cosine	self	0.65	0.98	30	0.2	133	11.36	1739	1.507	1288	1147	1012	0.8823	0.7857	0.8312	0.8905	0.8459	0.2784	0.419	1.507
cosine	self	0.65	0.98	30	0.3	133	11.36	1702	1.479	1288	1143	1011	0.8845	0.7849	0.8318	0.8874	0.848	0.2784	0.4192	1.479
cosine	self	0.65	0.98	30	0.5	133	11.36	1614	1.415	1288	1131	1001	0.8851	0.7772	0.8276	0.8781	0.8556	0.2746	0.4157	1.415
cosine	self	0.65	0.995	5	0.0	133	2.88	1678	1.453	1288	1145	1004	0.8769	0.7795	0.8253	0.889	0.8454	0.276	0.4161	1.453
cosine	self	0.65	0.995	5	0.05	133	2.88	1678	1.453	1288	1145	1004	0.8769	0.7795	0.8253	0.889	0.8454	0.276	0.4161	1.453
cosine	self	0.65	0.995	5	0.1	133	2.88	1678	1.453	1288	1145	1004	0.8769	0.7795	0.8253	0.889	0.8454	0.276	0.4161	1.453
cosine	self	0.65	0.995	5	0.2	133	2.88	1677	1.452	1288	1145	1004	0.8769	0.7795	0.8253	0.889	0.8454	0.2758	0.416	1.452
cosine	self	0.65	0.995	5	0.3	133	2.88	1675	1.45	1288	1145	1004	0.8769	0.7795	0.8253	0.889	0.8454	0.2758	0.416	1.45
cosine	self	0.65	0.995	5	0.5	133	2.88	1634	1.42	1288	1141	1000	0.8764	0.7764	0.8234	0.8859	0.8473	0.2744	0.4145	1.42
cosine	self	0.65	0.995	10	0.0	133	4.55	1678	1.453	1288	1145	1004	0.8769	0.7795	0.8253	0.889	0.8454	0.276	0.4161	1.453
cosine	self	0.65	0.995	10	0.05	133	4.55	1678	1.453	1288	1145	1004	0.8769	0.7795	0.8253	0.889	0.8454	0.276	0.4161	1.453
cosine	self	0.65	0.995	10	0.1	133	4.55	1678	1.453	1288	1145	1004	0.8769	0.7795	0.8253	0.889	0.8454	0.276	0.4161	1.453
cosine	self	0.65	0.995	10	0.2	133	4.55	1676	1.451	1288	1145	1004	0.8769	0.7795	0.8253	0.889	0.8454	0.2758	0.416	1.451
cosine	self	0.65	0.995	10	0.3	133	4.55	1675	1.45	1288	1145	1004	0.8769	0.7795	0.8253	0.889	0.8454	0.2758	0.416	1.45
cosine	self	0.65	0.995	10	0.5	133	4.55	1634	1.42	1288	1141	1000	0.8764	0.7764	0.8234	0.8859	0.8473	0.2744	0.4145	1.42
cosine	self	0.65	0.995	30	0.0	133	8.89	1684	1.458	1288	1145	1004	0.8769	0.7795	0.8253	0.889	0.8447	0.276	0.416	1.458
cosine	self	0.65	0.995	30	0.05	133	8.89	1678	1.453	1288	1145	1004	0.8769	0.7795	0.8253	0.889	0.8454	0.276	0.4161	1.453
cosine	self	0.65	0.995	30	0.1	133	8.89	1677	1.452	1288	1145	1004	0.8769	0.7795	0.8253	0.889	0.8454	0.276	0.4161	1.452
cosine	self	0.65	0.995	30	0.2	133	8.89	1676	1.451	1288	1145	1004	0.8769	0.7795	0.8253	0.889	0.8454	0.2758	0.416	1.451
cosine	self	0.65	0.995	30	0.3	133	8.89	1675	1.45	1288	1145	1004	0.8769	0.7795	0.8253	0.889	0.8454	0.2758	0.416	1.45
cosine	self	0.65	0.995	30	0.5	133	8.89	1634	1.42	1288	1141	1000	0.8764	0.7764	0.8234	0.8859	0.8473	0.2744	0.4145	1.42
cosine	self	0.7	0.0	5	0.0	177	4.75	2296	2.067	1288	1107	1019	0.9205	0.7911	0.8509	0.8595	0.7969	0.2811	0.4156	2.067
cosine	self	0.7	0.0	5	0.05	177	4.75	2296	2.067	1288	1107	1019	0.9205	0.7911	0.8509	0.8595	0.7969	0.2811	0.4156	2.067
cosine	self	0.7	0.0	5	0.1	177	4.75	2296	2.067	1288	1107	1019	0.9205	0.7911	0.8509	0.8595	0.7969	0.2811	0.4156	2.067
cosine	self	0.7	0.0	5	0.2	177	4.75	1863	1.677	1288	1106	1012	0.915	0.7857	0.8454	0.8587	0.8371	0.2779	0.4173	1.677
cosine	self	0.7	0.0	5	0.3	177	4.75	1708	1.549	1288	1093	970	0.8875	0.7531	0.8148	0.8486	0.8308	0.2642	0.4009	1.549
cosine	self	0.7	0.0	5	0.5	177	4.75	1400	1.344	1288	1032	924	0.8953	0.7174	0.7966	0.8012	0.866	0.2498	0.3877	1.344
cosine	self	0.7	0.0	10	0.0	177	9.07	3029	2.726	1288	1107	1022	0.9232	0.7935	0.8534	0.8595	0.747	0.2833	0.4108	2.726
cosine	self	0.7	0.0	10	0.05	177	9.07	3029	2.726	1288	1107	1022	0.9232	0.7935	0.8534	0.8595	0.747	0.2833	0.4108	2.726
cosine	self	0.7	0.0	10	0.1	177	9.07	2470	2.223	1288	1106	1019	0.9213	0.7911	0.8513	0.8587	0.783	0.2816	0.4142	2.223
cosine	self	0.7	0.0	10	0.2	177	9.07	1973	1.782	1288	1099	979	0.8908	0.7601	0.8203	0.8533	0.7981	0.2669	0.4001	1.782
cosine	self	0.7	0.0	10	0.3	177	9.07	1730	1.603	1288	1069	942	0.8812	0.7314	0.7993	0.83	0.8226	0.256	0.3904	1.603
cosine	self	0.7	0.0	10	0.5	177	9.07	1353	1.342	1288	998	889	0.8908	0.6902	0.7778	0.7748	0.8636	0.2408	0.3767	1.342
cosine	self	0.7	0.0	30	0.0	177	24.19	4823	4.341	1288	1108	1028	0.9278	0.7981	0.8581	0.8602	0.6787	0.2875	0.4039	4.341
cosine	self	0.7	0.0	30	0.05	177	24.19	3486	3.138	1288	1107	1012	0.9142	0.7857	0.8451	0.8595	0.7054	0.279	0.3999	3.138
cosine	self	0.7	0.0	30	0.1	177	24.19	2665	2.403	1288	1103	971	0.8803	0.7539	0.8122	0.8564	0.728	0.2662	0.3899	2.403
cosine	self	0.7	0.0	30	0.2	177	24.19	1916	1.747	1288	1089	925	0.8494	0.7182	0.7783	0.8455	0.761	0.2524	0.379	1.747
cosine	self	0.7	0.0	30	0.3	177	24.19	1634	1.526	1288	1058	884	0.8355	0.6863	0.7536	0.8214	0.7826	0.2392	0.3664	1.526
cosine	self	0.7	0.0	30	0.5	177	24.19	1283	1.315	1288	963	830	0.8619	0.6444	0.7375	0.7477	0.8333	0.2245	0.3537	1.315
cosine	self	0.7	0.9	5	0.0	177	4.23	1933	1.74	1288	1106	1018	0.9204	0.7904	0.8505	0.8587	0.8518	0.2794	0.4208	1.74
cosine	self	0.7	0.9	5	0.05	177	4.23	1933	1.74	1288	1106	1018	0.9204	0.7904	0.8505	0.8587	0.8518	0.2794	0.4208	1.74
cosine	self	0.7	0.9	5	0.1	177	4.23	1933	1.74	1288	1106	1018	0.9204	0.7904	0.8505	0.8587	0.8518	0.2794	0.4208	1.74
cosine	self	0.7	0.9	5	0.2	177	4.23	1769	1.592	1288	1105	1013	0.9167	0.7865	0.8466	0.8579	0.8599	0.2778	0.4199	1.592
cosine	self	0.7	0.9	5	0.3	177	4.23	1666	1.504	1288	1099	997	0.9072	0.7741	0.8354	0.8533	0.8631	0.2718	0.4134	1.504
cosine	self	0.7	0.9	5	0.5	177	4.23	1480	1.381	1288	1064	971	0.9126	0.7539	0.8257	0.8261	0.8845	0.2651	0.4079	1.381
cosine	self	0.7	0.9	10	0.0	177	7.55	2226	2.004	1288	1106	1021	0.9231	0.7927	0.853	0.8587	0.8344	0.2804	0.4197	2.004
cosine	self	0.7	0.9	10	0.05	177	7.55	2226	2.004	1288	1106	1021	0.9231	0.7927	0.853	0.8587	0.8344	0.2804	0.4197	2.004
cosine	self	0.7	0.9	10	0.1	177	7.55	2018	1.816	1288	1105	1018	0.9213	0.7904	0.8508	0.8579	0.8458	0.2793	0.42	1.816
cosine	self	0.7	0.9	10	0.2	177	7.55	1774	1.598	1288	1104	1007	0.9121	0.7818	0.842	0.8571	0.8533	0.2747	0.4156	1.598
cosine	self	0.7	0.9	10	0.3	177	7.55	1638	1.495	1288	1087	986	0.9071	0.7655	0.8303	0.8439	0.8632	0.2691	0.4103	1.495
cosine	self	0.7	0.9	10	0.5	177	7.55	1470	1.379	1288	1058	965	0.9121	0.7492	0.8227	0.8214	0.8842	0.2638	0.4064	1.379
cosine	self	0.7	0.9	30	0.0	177	18.3	2808	2.527	1288	1107	1025	0.9259	0.7958	0.8559	0.8595	0.8179	0.2833	0.4209	2.527
cosine	self	0.7	0.9	30	0.05	177	18.3	2293	2.064	1288	1106	1017	0.9195	0.7896	0.8496	0.8587	0.8261	0.2791	0.4172	2.064
cosine	self	0.7	0.9	30	0.1	177	18.3	2018	1.82	1288	1103	1005	0.9112	0.7803	0.8407	0.8564	0.8332	0.2746	0.4131	1.82
cosine	self	0.7	0.9	30	0.2	177	18.3	1757	1.59	1288	1098	993	0.9044	0.771	0.8324	0.8525	0.8438	0.2723	0.4118	1.59
cosine	self	0.7	0.9	30	0.3	177	18.3	1613	1.473	1288	1083	973	0.8984	0.7554	0.8208	0.8408	0.854	0.2665	0.4062	1.473
cosine	self	0.7	0.9	30	0.5	177	18.3	1442	1.366	1288	1046	951	0.9092	0.7384	0.8149	0.8121	0.88	0.2604	0.4019	1.366
cosine	self	0.7	0.95	5	0.0	177	3.85	1823	1.641	1288	1105	1012	0.9158	0.7857	0.8458	0.8579	0.8645	0.2777	0.4204	1.641
cosine	self	0.7	0.95	5	0.05	177	3.85	1823	1.641	1288	1105	1012	0.9158	0.7857	0.8458	0.8579	0.8645	0.2777	0.4204	1.641
cosine	self	0.7	0.95	5	0.1	177	3.85	1823	1.641	1288	1105	1012	0.9158	0.7857	0.8458	0.8579	0.8645	0.2777	0.4204	1.641
cosine	self	0.7	0.95	5	0.2	177	3.85	1727	1.554	1288	1105	1010	0.914	0.7842	0.8441	0.8579	0.8668	0.2771	0.4199	1.554
cosine	self	0.7	0.95	5	0.3	177	3.85	1652	1.49	1288	1103	999	0.9057	0.7756	0.8356	0.8564	0.8691	0.2721	0.4144	1.49
cosine	self	0.7	0.95	5	0.5	177	3.85	1503	1.384	1288	1077	984	0.9136	0.764	0.8321	0.8362	0.8846	0.2669	0.4101	1.384
cosine	self	0.7	0.95	10	0.0	177	6.58	1977	1.779	1288	1105	1014	0.9176	0.7873	0.8475	0.8579	0.8579	0.2781	0.4201	1.779
cosine	self	0.7	0.95	10	0.05	177	6.58	1977	1.779	1288	1105	1014	0.9176	0.7873	0.8475	0.8579	0.8579	0.2781	0.4201	1.779
cosine	self	0.7	0.95	10	0.1	177	6.58	1864	1.678	1288	1105	1013	0.9167	0.7865	0.8466	0.8579	0.8617	0.2779	0.4202	1.678
cosine	self	0.7	0.95	10	0.2	177	6.58	1719	1.547	1288	1105	1006	0.9104	0.7811	0.8408	0.8579	0.8662	0.2749	0.4173	1.547
cosine	self	0.7	0.95	10	0.3	177	6.58	1636	1.485	1288	1095	996	0.9096	0.7733	0.8359	0.8502	0.8724	0.2711	0.4136	1.485
cosine	self	0.7	0.95	10	0.5	177	6.58	1506	1.385	1288	1078	984	0.9128	0.764	0.8318	0.837	0.8832	0.267	0.41	1.385
cosine	self	0.7	0.95	30	0.0	177	14.77	2190	1.971	1288	1106	1018	0.9204	0.7904	0.8505	0.8587	0.855	0.2799	0.4217	1.971
cosine	self	0.7	0.95	30	0.05	177	14.77	1987	1.788	1288	1105	1012	0.9158	0.7857	0.8458	0.8579	0.8567	0.2775	0.4193	1.788
cosine	self	0.7	0.95	30	0.1	177	14.77	1841	1.657	1288	1105	1010	0.914	0.7842	0.8441	0.8579	0.86	0.277	0.419	1.657
cosine	self	0.7	0.95	30	0.2	177	14.77	1700	1.532	1288	1103	1004	0.9102	0.7795	0.8398	0.8564	0.8648	0.2745	0.4167	1.532
cosine	self	0.7	0.95	30	0.3	177	14.77	1637	1.484	1288	1096	994	0.9069	0.7717	0.8339	0.8509	0.8691	0.2712	0.4134	1.484
cosine	self	0.7	0.95	30	0.5	177	14.77	1490	1.381	1288	1069	979	0.9158	0.7601	0.8307	0.83	0.8853	0.2669	0.4101	1.381
cosine	self	0.7	0.98	5	0.0	177	3.41	1715	1.544	1288	1104	1010	0.9149	0.7842	0.8445	0.8571	0.8756	0.2771	0.4209	1.544
cosine	self	0.7	0.98	5	0.05	177	3.41	1715	1.544	1288	1104	1010	0.9149	0.7842	0.8445	0.8571	0.8756	0.2771	0.4209	1.544
cosine	self	0.7	0.98	5	0.1	177	3.41	1715	1.544	1288	1104	1010	0.9149	0.7842	0.8445	0.8571	0.8756	0.2771	0.4209	1.544
cosine	self	0.7	0.98	5	0.2	177	3.41	1687	1.518	1288	1104	1008	0.913	0.7826	0.8428	0.8571	0.8746	0.2765	0.4202	1.518
cosine	self	0.7	0.98	5	0.3	177	3.41	1643	1.48	1288	1103	1007	0.913	0.7818	0.8423	0.8564	0.8765	0.2763	0.4202	1.48
cosine	self	0.7	0.98	5	0.5	177	3.41	1562	1.423	1288	1089	999	0.9174	0.7756	0.8406	0.8455	0.8873	0.2736	0.4182	1.423
cosine	self	0.7	0.98	10	0.0	177	5.48	1742	1.568	1288	1104	1011	0.9158	0.7849	0.8453	0.8571	0.8755	0.2771	0.421	1.568
cosine	self	0.7	0.98	10	0.05	177	5.48	1742	1.568	1288	1104	1011	0.9158	0.7849	0.8453	0.8571	0.8755	0.2771	0.421	1.568
cosine	self	0.7	0.98	10	0.1	177	5.48	1728	1.555	1288	1104	1010	0.9149	0.7842	0.8445	0.8571	0.8753	0.2771	0.4209	1.555
cosine	self	0.7	0.98	10	0.2	177	5.48	1680	1.512	1288	1104	1009	0.9139	0.7834	0.8436	0.8571	0.8764	0.2767	0.4206	1.512
cosine	self	0.7	0.98	10	0.3	177	5.48	1644	1.484	1288	1101	1008	0.9155	0.7826	0.8439	0.8548	0.8787	0.2766	0.4208	1.484
cosine	self	0.7	0.98	10	0.5	177	5.48	1561	1.422	1288	1089	999	0.9174	0.7756	0.8406	0.8455	0.8873	0.2736	0.4182	1.422
cosine	self	0.7	0.98	30	0.0	177	11.65	1763	1.587	1288	1105	1012	0.9158	0.7857	0.8458	0.8579	0.875	0.2774	0.4213	1.587
cosine	self	0.7	0.98	30	0.05	177	11.65	1749	1.574	1288	1104	1011	0.9158	0.7849	0.8453	0.8571	0.8751	0.2773	0.4211	1.574
cosine	self	0.7	0.98	30	0.1	177	11.65	1727	1.554	1288	1104	1010	0.9149	0.7842	0.8445	0.8571	0.8753	0.2771	0.4209	1.554
cosine	self	0.7	0.98	30	0.2	177	11.65	1677	1.511	1288	1103	1009	0.9148	0.7834	0.844	0.8564	0.8772	0.2767	0.4207	1.511
cosine	self	0.7	0.98	30	0.3	177	11.65	1644	1.485	1288	1100	1008	0.9164	0.7826	0.8442	0.854	0.8795	0.2766	0.4209	1.485
cosine	self	0.7	0.98	30	0.5	177	11.65	1560	1.422	1288	1088	999	0.9182	0.7756	0.8409	0.8447	0.8881	0.2736	0.4183	1.422
cosine	self	0.7	0.995	5	0.0	177	2.93	1620	1.458	1288	1102	1001	0.9083	0.7772	0.8377	0.8556	0.8766	0.2742	0.4178	1.458
cosine	self	0.7	0.995	5	0.05	177	2.93	1620	1.458	1288	1102	1001	0.9083	0.7772	0.8377	0.8556	0.8766	0.2742	0.4178	1.458
cosine	self	0.7	0.995	5	0.1	177	2.93	1620	1.458	1288	1102	1001	0.9083	0.7772	0.8377	0.8556	0.8766	0.2742	0.4178	1.458
cosine	self	0.7	0.995	5	0.2	177	2.93	1619	1.457	1288	1102	1001	0.9083	0.7772	0.8377	0.8556	0.8766	0.2741	0.4176	1.457
cosine	self	0.7	0.995	5	0.3	177	2.93	1617	1.455	1288	1102	1001	0.9083	0.7772	0.8377	0.8556	0.8766	0.2741	0.4176	1.455
cosine	self	0.7	0.995	5	0.5	177	2.93	1580	1.427	1288	1098	997	0.908	0.7741	0.8357	0.8525	0.8783	0.2726	0.4161	1.427
cosine	self	0.7	0.995	10	0.0	177	4.66	1620	1.458	1288	1102	1001	0.9083	0.7772	0.8377	0.8556	0.8766	0.2742	0.4178	1.458
cosine	self	0.7	0.995	10	0.05	177	4.66	1620	1.458	1288	1102	1001	0.9083	0.7772	0.8377	0.8556	0.8766	0.2742	0.4178	1.458
cosine	self	0.7	0.995	10	0.1	177	4.66	1620	1.458	1288	1102	1001	0.9083	0.7772	0.8377	0.8556	0.8766	0.2742	0.4178	1.458
cosine	self	0.7	0.995	10	0.2	177	4.66	1618	1.456	1288	1102	1001	0.9083	0.7772	0.8377	0.8556	0.8766	0.2741	0.4176	1.456
cosine	self	0.7	0.995	10	0.3	177	4.66	1617	1.455	1288	1102	1001	0.9083	0.7772	0.8377	0.8556	0.8766	0.2741	0.4176	1.455
cosine	self	0.7	0.995	10	0.5	177	4.66	1580	1.427	1288	1098	997	0.908	0.7741	0.8357	0.8525	0.8783	0.2726	0.4161	1.427
cosine	self	0.7	0.995	30	0.0	177	9.16	1626	1.464	1288	1102	1001	0.9083	0.7772	0.8377	0.8556	0.8759	0.2742	0.4177	1.464
cosine	self	0.7	0.995	30	0.05	177	9.16	1620	1.458	1288	1102	1001	0.9083	0.7772	0.8377	0.8556	0.8766	0.2742	0.4178	1.458
cosine	self	0.7	0.995	30	0.1	177	9.16	1619	1.457	1288	1102	1001	0.9083	0.7772	0.8377	0.8556	0.8766	0.2742	0.4178	1.457
cosine	self	0.7	0.995	30	0.2	177	9.16	1618	1.456	1288	1102	1001	0.9083	0.7772	0.8377	0.8556	0.8766	0.2741	0.4176	1.456
cosine	self	0.7	0.995	30	0.3	177	9.16	1617	1.455	1288	1102	1001	0.9083	0.7772	0.8377	0.8556	0.8766	0.2741	0.4176	1.455
cosine	self	0.7	0.995	30	0.5	177	9.16	1580	1.427	1288	1098	997	0.908	0.7741	0.8357	0.8525	0.8783	0.2726	0.4161	1.427
cosine	self	0.75	0.0	5	0.0	203	4.65	2116	1.95	1288	1080	1013	0.938	0.7865	0.8556	0.8385	0.8266	0.2782	0.4163	1.95
cosine	self	0.75	0.0	5	0.05	203	4.65	2116	1.95	1288	1080	1013	0.938	0.7865	0.8556	0.8385	0.8266	0.2782	0.4163	1.95
cosine	self	0.75	0.0	5	0.1	203	4.65	2116	1.95	1288	1080	1013	0.938	0.7865	0.8556	0.8385	0.8266	0.2782	0.4163	1.95
cosine	self	0.75	0.0	5	0.2	203	4.65	1752	1.615	1288	1079	1006	0.9323	0.7811	0.85	0.8377	0.861	0.2754	0.4173	1.615
cosine	self	0.75	0.0	5	0.3	203	4.65	1611	1.496	1288	1067	973	0.9119	0.7554	0.8263	0.8284	0.8597	0.2659	0.4061	1.496
cosine	self	0.75	0.0	5	0.5	203	4.65	1391	1.354	1288	1016	937	0.9222	0.7275	0.8134	0.7888	0.8908	0.2556	0.3973	1.354
cosine	self	0.75	0.0	10	0.0	203	8.74	2731	2.517	1288	1080	1016	0.9407	0.7888	0.8581	0.8385	0.7851	0.2801	0.4129	2.517
cosine	self	0.75	0.0	10	0.05	203	8.74	2731	2.517	1288	1080	1016	0.9407	0.7888	0.8581	0.8385	0.7851	0.2801	0.4129	2.517
cosine	self	0.75	0.0	10	0.1	203	8.74	2283	2.104	1288	1080	1014	0.9389	0.7873	0.8564	0.8385	0.8145	0.2786	0.4152	2.104
cosine	self	0.75	0.0	10	0.2	203	8.74	1847	1.709	1288	1073	982	0.9152	0.7624	0.8319	0.8331	0.8306	0.2685	0.4058	1.709
cosine	self	0.75	0.0	10	0.3	203	8.74	1632	1.543	1288	1048	953	0.9094	0.7399	0.8159	0.8137	0.8539	0.2596	0.3982	1.543
cosine	self	0.75	0.0	10	0.5	203	8.74	1347	1.347	1288	990	910	0.9192	0.7065	0.7989	0.7686	0.89	0.2492	0.3893	1.347
cosine	self	0.75	0.0	30	0.0	203	22.52	3887	3.582	1288	1081	1020	0.9436	0.7919	0.8611	0.8393	0.7358	0.2837	0.4095	3.582
cosine	self	0.75	0.0	30	0.05	203	22.52	3051	2.812	1288	1080	1009	0.9343	0.7834	0.8522	0.8385	0.7562	0.2777	0.4063	2.812
cosine	self	0.75	0.0	30	0.1	203	22.52	2410	2.225	1288	1077	984	0.9136	0.764	0.8321	0.8362	0.7754	0.2688	0.3992	2.225
cosine	self	0.75	0.0	30	0.2	203	22.52	1830	1.704	1288	1067	945	0.8857	0.7337	0.8025	0.8284	0.7988	0.2595	0.3917	1.704
cosine	self	0.75	0.0	30	0.3	203	22.52	1553	1.48	1288	1040	907	0.8721	0.7042	0.7792	0.8075	0.8259	0.2486	0.3821	1.48
cosine	self	0.75	0.0	30	0.5	203	22.52	1322	1.36	1288	962	864	0.8981	0.6708	0.768	0.7469	0.87	0.2385	0.3744	1.36
cosine	self	0.75	0.9	5	0.0	203	4.22	1832	1.688	1288	1079	1012	0.9379	0.7857	0.8551	0.8377	0.8694	0.2767	0.4198	1.688
cosine	self	0.75	0.9	5	0.05	203	4.22	1832	1.688	1288	1079	1012	0.9379	0.7857	0.8551	0.8377	0.8694	0.2767	0.4198	1.688
cosine	self	0.75	0.9	5	0.1	203	4.22	1832	1.688	1288	1079	1012	0.9379	0.7857	0.8551	0.8377	0.8694	0.2767	0.4198	1.688
cosine	self	0.75	0.9	5	0.2	203	4.22	1685	1.553	1288	1078	1007	0.9341	0.7818	0.8512	0.837	0.877	0.2752	0.4189	1.553
cosine	self	0.75	0.9	5	0.3	203	4.22	1589	1.469	1288	1073	994	0.9264	0.7717	0.842	0.8331	0.8818	0.2709	0.4145	1.469
cosine	self	0.75	0.9	5	0.5	203	4.22	1454	1.385	1288	1041	968	0.9299	0.7516	0.8313	0.8082	0.9002	0.2642	0.4085	1.385
cosine	self	0.75	0.9	10	0.0	203	7.55	2107	1.942	1288	1079	1015	0.9407	0.788	0.8576	0.8377	0.8519	0.2776	0.4187	1.942
cosine	self	0.75	0.9	10	0.05	203	7.55	2107	1.942	1288	1079	1015	0.9407	0.788	0.8576	0.8377	0.8519	0.2776	0.4187	1.942
cosine	self	0.75	0.9	10	0.1	203	7.55	1920	1.77	1288	1079	1013	0.9388	0.7865	0.8559	0.8377	0.8637	0.2768	0.4192	1.77
cosine	self	0.75	0.9	10	0.2	203	7.55	1693	1.562	1288	1077	1002	0.9304	0.778	0.8474	0.8362	0.8709	0.2727	0.4154	1.562
cosine	self	0.75	0.9	10	0.3	203	7.55	1559	1.457	1288	1061	983	0.9265	0.7632	0.837	0.8238	0.8821	0.2681	0.4113	1.457
cosine	self	0.75	0.9	10	0.5	203	7.55	1443	1.382	1288	1035	962	0.9295	0.7469	0.8282	0.8036	0.8999	0.2629	0.4069	1.382
cosine	self	0.75	0.9	30	0.0	203	18.27	2616	2.411	1288	1080	1018	0.9426	0.7904	0.8598	0.8385	0.835	0.2803	0.4197	2.411
cosine	self	0.75	0.9	30	0.05	203	18.27	2191	2.019	1288	1079	1011	0.937	0.7849	0.8542	0.8377	0.8434	0.2762	0.4161	2.019
cosine	self	0.75	0.9	30	0.1	203	18.27	1913	1.766	1288	1077	1000	0.9285	0.7764	0.8457	0.8362	0.8514	0.2725	0.4128	1.766
cosine	self	0.75	0.9	30	0.2	203	18.27	1680	1.557	1288	1072	988	0.9216	0.7671	0.8373	0.8323	0.8613	0.2702	0.4113	1.557
cosine	self	0.75	0.9	30	0.3	203	18.27	1546	1.446	1288	1061	970	0.9142	0.7531	0.8259	0.8238	0.8726	0.2653	0.4069	1.446
cosine	self	0.75	0.9	30	0.5	203	18.27	1419	1.372	1288	1025	948	0.9249	0.736	0.8197	0.7958	0.8958	0.2592	0.402	1.372
cosine	self	0.75	0.95	5	0.0	203	3.85	1734	1.598	1288	1078	1006	0.9332	0.7811	0.8504	0.837	0.8819	0.2751	0.4194	1.598
cosine	self	0.75	0.95	5	0.05	203	3.85	1734	1.598	1288	1078	1006	0.9332	0.7811	0.8504	0.837	0.8819	0.2751	0.4194	1.598
cosine	self	0.75	0.95	5	0.1	203	3.85	1734	1.598	1288	1078	1006	0.9332	0.7811	0.8504	0.837	0.8819	0.2751	0.4194	1.598
cosine	self	0.75	0.95	5	0.2	203	3.85	1643	1.514	1288	1078	1004	0.9314	0.7795	0.8487	0.837	0.8839	0.2745	0.4189	1.514
cosine	self	0.75	0.95	5	0.3	203	3.85	1574	1.453	1288	1076	995	0.9247	0.7725	0.8418	0.8354	0.8872	0.2711	0.4153	1.453
cosine	self	0.75	0.95	5	0.5	203	3.85	1473	1.387	1288	1053	981	0.9316	0.7616	0.8381	0.8175	0.9018	0.266	0.4108	1.387
cosine	self	0.75	0.95	10	0.0	203	6.61	1876	1.729	1288	1078	1008	0.9351	0.7826	0.8521	0.837	0.875	0.2754	0.419	1.729
cosine	self	0.75	0.95	10	0.05	203	6.61	1876	1.729	1288	1078	1008	0.9351	0.7826	0.8521	0.837	0.875	0.2754	0.419	1.729
cosine	self	0.75	0.95	10	0.1	203	6.61	1780	1.641	1288	1078	1007	0.9341	0.7818	0.8512	0.837	0.8789	0.2753	0.4192	1.641
cosine	self	0.75	0.95	10	0.2	203	6.61	1638	1.51	1288	1078	1001	0.9286	0.7772	0.8462	0.837	0.8838	0.2731	0.4172	1.51
cosine	self	0.75	0.95	10	0.3	203	6.61	1558	1.448	1288	1068	992	0.9288	0.7702	0.8421	0.8292	0.8907	0.2701	0.4145	1.448
cosine	self	0.75	0.95	10	0.5	203	6.61	1476	1.389	1288	1054	981	0.9307	0.7616	0.8377	0.8183	0.9003	0.2661	0.4108	1.389
cosine	self	0.75	0.95	30	0.0	203	14.9	2080	1.917	1288	1079	1011	0.937	0.7849	0.8542	0.8377	0.8719	0.2769	0.4203	1.917
cosine	self	0.75	0.95	30	0.05	203	14.9	1889	1.741	1288	1078	1005	0.9323	0.7803	0.8495	0.837	0.8736	0.2746	0.4178	1.741
cosine	self	0.75	0.95	30	0.1	203	14.9	1751	1.614	1288	1078	1003	0.9304	0.7787	0.8478	0.837	0.8769	0.2741	0.4176	1.614
cosine	self	0.75	0.95	30	0.2	203	14.9	1618	1.493	1288	1077	998	0.9266	0.7748	0.844	0.8362	0.8821	0.2724	0.4163	1.493
cosine	self	0.75	0.95	30	0.3	203	14.9	1559	1.448	1288	1070	989	0.9243	0.7679	0.8388	0.8307	0.8871	0.2699	0.4139	1.448
cosine	self	0.75	0.95	30	0.5	203	14.9	1461	1.384	1288	1047	976	0.9322	0.7578	0.836	0.8129	0.9017	0.2658	0.4105	1.384
cosine	self	0.75	0.98	5	0.0	203	3.44	1635	1.507	1288	1077	1004	0.9322	0.7795	0.849	0.8362	0.892	0.2745	0.4198	1.507
cosine	self	0.75	0.98	5	0.05	203	3.44	1635	1.507	1288	1077	1004	0.9322	0.7795	0.849	0.8362	0.892	0.2745	0.4198	1.507
cosine	self	0.75	0.98	5	0.1	203	3.44	1635	1.507	1288	1077	1004	0.9322	0.7795	0.849	0.8362	0.892	0.2745	0.4198	1.507
cosine	self	0.75	0.98	5	0.2	203	3.44	1608	1.482	1288	1077	1002	0.9304	0.778	0.8474	0.8362	0.891	0.2739	0.419	1.482
cosine	self	0.75	0.98	5	0.3	203	3.44	1565	1.444	1288	1076	1001	0.9303	0.7772	0.8469	0.8354	0.8929	0.2737	0.419	1.444
cosine	self	0.75	0.98	5	0.5	203	3.44	1494	1.391	1288	1065	994	0.9333	0.7717	0.8449	0.8269	0.9025	0.2711	0.417	1.391
cosine	self	0.75	0.98	10	0.0	203	5.56	1662	1.532	1288	1077	1005	0.9331	0.7803	0.8499	0.8362	0.8918	0.2745	0.4198	1.532
cosine	self	0.75	0.98	10	0.05	203	5.56	1662	1.532	1288	1077	1005	0.9331	0.7803	0.8499	0.8362	0.8918	0.2745	0.4198	1.532
cosine	self	0.75	0.98	10	0.1	203	5.56	1648	1.519	1288	1077	1004	0.9322	0.7795	0.849	0.8362	0.8917	0.2745	0.4197	1.519
cosine	self	0.75	0.98	10	0.2	203	5.56	1601	1.476	1288	1077	1003	0.9313	0.7787	0.8482	0.8362	0.8928	0.2741	0.4194	1.476
cosine	self	0.75	0.98	10	0.3	203	5.56	1566	1.447	1288	1074	1002	0.933	0.778	0.8484	0.8339	0.8952	0.2741	0.4196	1.447
cosine	self	0.75	0.98	10	0.5	203	5.56	1493	1.39	1288	1065	994	0.9333	0.7717	0.8449	0.8269	0.9025	0.2711	0.417	1.39
cosine	self	0.75	0.98	30	0.0	203	11.86	1683	1.551	1288	1078	1006	0.9332	0.7811	0.8504	0.837	0.8913	0.2748	0.4201	1.551
cosine	self	0.75	0.98	30	0.05	203	11.86	1669	1.538	1288	1077	1005	0.9331	0.7803	0.8499	0.8362	0.8915	0.2747	0.42	1.538
cosine	self	0.75	0.98	30	0.1	203	11.86	1647	1.518	1288	1077	1004	0.9322	0.7795	0.849	0.8362	0.8917	0.2745	0.4197	1.518
cosine	self	0.75	0.98	30	0.2	203	11.86	1598	1.474	1288	1076	1003	0.9322	0.7787	0.8486	0.8354	0.8937	0.2741	0.4195	1.474
cosine	self	0.75	0.98	30	0.3	203	11.86	1566	1.449	1288	1073	1002	0.9338	0.778	0.8488	0.8331	0.896	0.2741	0.4197	1.449
cosine	self	0.75	0.98	30	0.5	203	11.86	1492	1.39	1288	1064	994	0.9342	0.7717	0.8452	0.8261	0.9033	0.2711	0.4171	1.39
cosine	self	0.75	0.995	5	0.0	203	2.96	1548	1.427	1288	1076	996	0.9257	0.7733	0.8426	0.8354	0.893	0.2717	0.4167	1.427
cosine	self	0.75	0.995	5	0.05	203	2.96	1548	1.427	1288	1076	996	0.9257	0.7733	0.8426	0.8354	0.893	0.2717	0.4167	1.427
cosine	self	0.75	0.995	5	0.1	203	2.96	1548	1.427	1288	1076	996	0.9257	0.7733	0.8426	0.8354	0.893	0.2717	0.4167	1.427
cosine	self	0.75	0.995	5	0.2	203	2.96	1547	1.426	1288	1076	996	0.9257	0.7733	0.8426	0.8354	0.893	0.2716	0.4165	1.426
cosine	self	0.75	0.995	5	0.3	203	2.96	1545	1.424	1288	1076	996	0.9257	0.7733	0.8426	0.8354	0.893	0.2716	0.4165	1.424
cosine	self	0.75	0.995	5	0.5	203	2.96	1510	1.397	1288	1072	992	0.9254	0.7702	0.8407	0.8323	0.8948	0.2701	0.415	1.397
cosine	self	0.75	0.995	10	0.0	203	4.73	1548	1.427	1288	1076	996	0.9257	0.7733	0.8426	0.8354	0.893	0.2717	0.4167	1.427
cosine	self	0.75	0.995	10	0.05	203	4.73	1548	1.427	1288	1076	996	0.9257	0.7733	0.8426	0.8354	0.893	0.2717	0.4167	1.427
cosine	self	0.75	0.995	10	0.1	203	4.73	1548	1.427	1288	1076	996	0.9257	0.7733	0.8426	0.8354	0.893	0.2717	0.4167	1.427
cosine	self	0.75	0.995	10	0.2	203	4.73	1546	1.425	1288	1076	996	0.9257	0.7733	0.8426	0.8354	0.893	0.2716	0.4165	1.425
cosine	self	0.75	0.995	10	0.3	203	4.73	1545	1.424	1288	1076	996	0.9257	0.7733	0.8426	0.8354	0.893	0.2716	0.4165	1.424
cosine	self	0.75	0.995	10	0.5	203	4.73	1510	1.397	1288	1072	992	0.9254	0.7702	0.8407	0.8323	0.8948	0.2701	0.415	1.397
cosine	self	0.75	0.995	30	0.0	203	9.34	1554	1.432	1288	1076	996	0.9257	0.7733	0.8426	0.8354	0.8923	0.2717	0.4166	1.432
cosine	self	0.75	0.995	30	0.05	203	9.34	1548	1.427	1288	1076	996	0.9257	0.7733	0.8426	0.8354	0.893	0.2717	0.4167	1.427
cosine	self	0.75	0.995	30	0.1	203	9.34	1547	1.426	1288	1076	996	0.9257	0.7733	0.8426	0.8354	0.893	0.2717	0.4167	1.426
cosine	self	0.75	0.995	30	0.2	203	9.34	1546	1.425	1288	1076	996	0.9257	0.7733	0.8426	0.8354	0.893	0.2716	0.4165	1.425
cosine	self	0.75	0.995	30	0.3	203	9.34	1545	1.424	1288	1076	996	0.9257	0.7733	0.8426	0.8354	0.893	0.2716	0.4165	1.424
cosine	self	0.75	0.995	30	0.5	203	9.34	1510	1.397	1288	1072	992	0.9254	0.7702	0.8407	0.8323	0.8948	0.2701	0.415	1.397
cosine	self	0.7716	0.0	5	0.0	218	4.58	2023	1.891	1288	1066	1003	0.9409	0.7787	0.8522	0.8276	0.8381	0.2755	0.4147	1.891
cosine	self	0.7716	0.0	5	0.05	218	4.58	2023	1.891	1288	1066	1003	0.9409	0.7787	0.8522	0.8276	0.8381	0.2755	0.4147	1.891
cosine	self	0.7716	0.0	5	0.1	218	4.58	2023	1.891	1288	1066	1003	0.9409	0.7787	0.8522	0.8276	0.8381	0.2755	0.4147	1.891
cosine	self	0.7716	0.0	5	0.2	218	4.58	1724	1.611	1288	1066	999	0.9371	0.7756	0.8488	0.8276	0.87	0.2736	0.4163	1.611
cosine	self	0.7716	0.0	5	0.3	218	4.58	1580	1.488	1288	1055	967	0.9166	0.7508	0.8254	0.8191	0.8701	0.2638	0.4048	1.488
cosine	self	0.7716	0.0	5	0.5	218	4.58	1383	1.359	1288	1010	939	0.9297	0.729	0.8172	0.7842	0.9003	0.2561	0.3987	1.359
cosine	self	0.7716	0.0	10	0.0	218	8.56	2505	2.341	1288	1066	1005	0.9428	0.7803	0.8539	0.8276	0.8003	0.2773	0.4118	2.341
cosine	self	0.7716	0.0	10	0.05	218	8.56	2505	2.341	1288	1066	1005	0.9428	0.7803	0.8539	0.8276	0.8003	0.2773	0.4118	2.341
cosine	self	0.7716	0.0	10	0.1	218	8.56	2127	1.988	1288	1066	1004	0.9418	0.7795	0.853	0.8276	0.8279	0.2759	0.4139	1.988
cosine	self	0.7716	0.0	10	0.2	218	8.56	1801	1.689	1288	1060	978	0.9226	0.7593	0.833	0.823	0.8439	0.2672	0.4059	1.689
cosine	self	0.7716	0.0	10	0.3	218	8.56	1608	1.534	1288	1041	951	0.9135	0.7384	0.8167	0.8082	0.8619	0.2594	0.3987	1.534
cosine	self	0.7716	0.0	10	0.5	218	8.56	1350	1.355	1288	989	916	0.9262	0.7112	0.8046	0.7679	0.8993	0.2511	0.3926	1.355
cosine	self	0.7716	0.0	30	0.0	218	21.85	3484	3.256	1288	1067	1008	0.9447	0.7826	0.8561	0.8284	0.7578	0.2805	0.4094	3.256
cosine	self	0.7716	0.0	30	0.05	218	21.85	2779	2.597	1288	1066	998	0.9362	0.7748	0.8479	0.8276	0.7738	0.275	0.4058	2.597
cosine	self	0.7716	0.0	30	0.1	218	21.85	2217	2.076	1288	1063	976	0.9182	0.7578	0.8303	0.8253	0.793	0.2668	0.3993	2.076
cosine	self	0.7716	0.0	30	0.2	218	21.85	1790	1.689	1288	1055	945	0.8957	0.7337	0.8067	0.8191	0.8146	0.2589	0.3929	1.689
cosine	self	0.7716	0.0	30	0.3	218	21.85	1546	1.484	1288	1035	915	0.8841	0.7104	0.7878	0.8036	0.8382	0.2504	0.3856	1.484
cosine	self	0.7716	0.0	30	0.5	218	21.85	1313	1.345	1288	969	878	0.9061	0.6817	0.778	0.7523	0.8805	0.2418	0.3794	1.345
cosine	self	0.7716	0.9	5	0.0	218	4.21	1796	1.679	1288	1065	1003	0.9418	0.7787	0.8525	0.8269	0.875	0.2748	0.4182	1.679
cosine	self	0.7716	0.9	5	0.05	218	4.21	1796	1.679	1288	1065	1003	0.9418	0.7787	0.8525	0.8269	0.875	0.2748	0.4182	1.679
cosine	self	0.7716	0.9	5	0.1	218	4.21	1796	1.679	1288	1065	1003	0.9418	0.7787	0.8525	0.8269	0.875	0.2748	0.4182	1.679
cosine	self	0.7716	0.9	5	0.2	218	4.21	1658	1.55	1288	1065	1000	0.939	0.7764	0.85	0.8269	0.8834	0.2736	0.4178	1.55
cosine	self	0.7716	0.9	5	0.3	218	4.21	1571	1.472	1288	1060	986	0.9302	0.7655	0.8399	0.823	0.8873	0.2685	0.4123	1.472
cosine	self	0.7716	0.9	5	0.5	218	4.21	1438	1.387	1288	1030	961	0.933	0.7461	0.8292	0.7997	0.9054	0.2626	0.4072	1.387
cosine	self	0.7716	0.9	10	0.0	218	7.52	2039	1.906	1288	1065	1005	0.9437	0.7803	0.8542	0.8269	0.8572	0.2756	0.4171	1.906
cosine	self	0.7716	0.9	10	0.05	218	7.52	2039	1.906	1288	1065	1005	0.9437	0.7803	0.8542	0.8269	0.8572	0.2756	0.4171	1.906
cosine	self	0.7716	0.9	10	0.1	218	7.52	1881	1.758	1288	1065	1004	0.9427	0.7795	0.8534	0.8269	0.8692	0.2749	0.4177	1.758
cosine	self	0.7716	0.9	10	0.2	218	7.52	1661	1.554	1288	1064	994	0.9342	0.7717	0.8452	0.8261	0.8768	0.2709	0.414	1.554
cosine	self	0.7716	0.9	10	0.3	218	7.52	1545	1.46	1288	1051	976	0.9286	0.7578	0.8345	0.816	0.8857	0.2665	0.4098	1.46
cosine	self	0.7716	0.9	10	0.5	218	7.52	1428	1.385	1288	1024	955	0.9326	0.7415	0.8261	0.795	0.9051	0.2613	0.4055	1.385
cosine	self	0.7716	0.9	30	0.0	218	18.21	2496	2.333	1288	1066	1007	0.9447	0.7818	0.8556	0.8276	0.8403	0.2779	0.4176	2.333
cosine	self	0.7716	0.9	30	0.05	218	18.21	2107	1.969	1288	1065	1001	0.9399	0.7772	0.8508	0.8269	0.8482	0.2742	0.4144	1.969
cosine	self	0.7716	0.9	30	0.1	218	18.21	1882	1.762	1288	1063	992	0.9332	0.7702	0.8439	0.8253	0.8569	0.2707	0.4114	1.762
cosine	self	0.7716	0.9	30	0.2	218	18.21	1661	1.56	1288	1060	980	0.9245	0.7609	0.8348	0.823	0.8662	0.2684	0.4098	1.56
cosine	self	0.7716	0.9	30	0.3	218	18.21	1531	1.447	1288	1051	963	0.9163	0.7477	0.8234	0.816	0.8753	0.2637	0.4053	1.447
cosine	self	0.7716	0.9	30	0.5	218	18.21	1405	1.375	1288	1015	941	0.9271	0.7306	0.8172	0.788	0.9001	0.2576	0.4006	1.375
cosine	self	0.7716	0.95	5	0.0	218	3.85	1701	1.59	1288	1065	999	0.938	0.7756	0.8491	0.8269	0.8884	0.2735	0.4183	1.59
cosine	self	0.7716	0.95	5	0.05	218	3.85	1701	1.59	1288	1065	999	0.938	0.7756	0.8491	0.8269	0.8884	0.2735	0.4183	1.59
cosine	self	0.7716	0.95	5	0.1	218	3.85	1701	1.59	1288	1065	999	0.938	0.7756	0.8491	0.8269	0.8884	0.2735	0.4183	1.59
cosine	self	0.7716	0.95	5	0.2	218	3.85	1616	1.51	1288	1065	997	0.9362	0.7741	0.8474	0.8269	0.8904	0.2729	0.4177	1.51
cosine	self	0.7716	0.95	5	0.3	218	3.85	1552	1.453	1288	1063	988	0.9294	0.7671	0.8405	0.8253	0.8938	0.2695	0.4141	1.453
cosine	self	0.7716	0.95	5	0.5	218	3.85	1455	1.388	1288	1041	974	0.9356	0.7562	0.8364	0.8082	0.9078	0.2644	0.4096	1.388
cosine	self	0.7716	0.95	10	0.0	218	6.6	1824	1.705	1288	1065	1001	0.9399	0.7772	0.8508	0.8269	0.8814	0.2738	0.4179	1.705
cosine	self	0.7716	0.95	10	0.05	218	6.6	1824	1.705	1288	1065	1001	0.9399	0.7772	0.8508	0.8269	0.8814	0.2738	0.4179	1.705
cosine	self	0.7716	0.95	10	0.1	218	6.6	1737	1.623	1288	1065	1000	0.939	0.7764	0.85	0.8269	0.8854	0.2737	0.4181	1.623
cosine	self	0.7716	0.95	10	0.2	218	6.6	1606	1.501	1288	1065	994	0.9333	0.7717	0.8449	0.8269	0.8903	0.2715	0.4161	1.501
cosine	self	0.7716	0.95	10	0.3	218	6.6	1537	1.447	1288	1056	985	0.9328	0.7648	0.8404	0.8199	0.8965	0.2685	0.4133	1.447
cosine	self	0.7716	0.95	10	0.5	218	6.6	1459	1.391	1288	1042	974	0.9347	0.7562	0.8361	0.809	0.9063	0.2645	0.4095	1.391
cosine	self	0.7716	0.95	30	0.0	218	14.93	1993	1.863	1288	1066	1003	0.9409	0.7787	0.8522	0.8276	0.8781	0.2749	0.4187	1.863
cosine	self	0.7716	0.95	30	0.05	218	14.93	1818	1.699	1288	1065	998	0.9371	0.7748	0.8483	0.8269	0.88	0.273	0.4167	1.699
cosine	self	0.7716	0.95	30	0.1	218	14.93	1711	1.599	1288	1065	996	0.9352	0.7733	0.8466	0.8269	0.8833	0.2725	0.4165	1.599
cosine	self	0.7716	0.95	30	0.2	218	14.93	1597	1.494	1288	1064	991	0.9314	0.7694	0.8427	0.8261	0.8886	0.2708	0.4151	1.494
cosine	self	0.7716	0.95	30	0.3	218	14.93	1536	1.445	1288	1057	982	0.929	0.7624	0.8375	0.8207	0.8929	0.2684	0.4127	1.445
cosine	self	0.7716	0.95	30	0.5	218	14.93	1444	1.386	1288	1035	969	0.9362	0.7523	0.8343	0.8036	0.9078	0.2642	0.4093	1.386
cosine	self	0.7716	0.98	5	0.0	218	3.45	1609	1.504	1288	1064	997	0.937	0.7741	0.8478	0.8261	0.8987	0.2729	0.4186	1.504
cosine	self	0.7716	0.98	5	0.05	218	3.45	1609	1.504	1288	1064	997	0.937	0.7741	0.8478	0.8261	0.8987	0.2729	0.4186	1.504
cosine	self	0.7716	0.98	5	0.1	218	3.45	1609	1.504	1288	1064	997	0.937	0.7741	0.8478	0.8261	0.8987	0.2729	0.4186	1.504
cosine	self	0.7716	0.98	5	0.2	218	3.45	1583	1.479	1288	1064	995	0.9352	0.7725	0.8461	0.8261	0.8976	0.2723	0.4179	1.479
cosine	self	0.7716	0.98	5	0.3	218	3.45	1543	1.443	1288	1063	994	0.9351	0.7717	0.8456	0.8253	0.8995	0.2721	0.4179	1.443
cosine	self	0.7716	0.98	5	0.5	218	3.45	1476	1.392	1288	1053	987	0.9373	0.7663	0.8432	0.8175	0.9085	0.2695	0.4157	1.392
cosine	self	0.7716	0.98	10	0.0	218	5.58	1636	1.529	1288	1064	998	0.938	0.7748	0.8486	0.8261	0.8985	0.273	0.4187	1.529
cosine	self	0.7716	0.98	10	0.05	218	5.58	1636	1.529	1288	1064	998	0.938	0.7748	0.8486	0.8261	0.8985	0.273	0.4187	1.529
cosine	self	0.7716	0.98	10	0.1	218	5.58	1622	1.516	1288	1064	997	0.937	0.7741	0.8478	0.8261	0.8983	0.2729	0.4186	1.516
cosine	self	0.7716	0.98	10	0.2	218	5.58	1576	1.473	1288	1064	996	0.9361	0.7733	0.8469	0.8261	0.8995	0.2725	0.4183	1.473
cosine	self	0.7716	0.98	10	0.3	218	5.58	1544	1.447	1288	1061	995	0.9378	0.7725	0.8472	0.8238	0.9018	0.2725	0.4185	1.447
cosine	self	0.7716	0.98	10	0.5	218	5.58	1475	1.392	1288	1053	987	0.9373	0.7663	0.8432	0.8175	0.9085	0.2695	0.4157	1.392
cosine	self	0.7716	0.98	30	0.0	218	11.97	1657	1.549	1288	1065	999	0.938	0.7756	0.8491	0.8269	0.898	0.2733	0.419	1.549
cosine	self	0.7716	0.98	30	0.05	218	11.97	1643	1.536	1288	1064	998	0.938	0.7748	0.8486	0.8261	0.8981	0.2731	0.4188	1.536
cosine	self	0.7716	0.98	30	0.1	218	11.97	1621	1.515	1288	1064	997	0.937	0.7741	0.8478	0.8261	0.8983	0.2729	0.4186	1.515
cosine	self	0.7716	0.98	30	0.2	218	11.97	1573	1.471	1288	1063	996	0.937	0.7733	0.8473	0.8253	0.9003	0.2725	0.4184	1.471
cosine	self	0.7716	0.98	30	0.3	218	11.97	1544	1.448	1288	1060	995	0.9387	0.7725	0.8475	0.823	0.9027	0.2725	0.4186	1.448
cosine	self	0.7716	0.98	30	0.5	218	11.97	1474	1.392	1288	1052	987	0.9382	0.7663	0.8436	0.8168	0.9093	0.2695	0.4158	1.392
cosine	self	0.7716	0.995	5	0.0	218	2.99	1528	1.428	1288	1063	989	0.9304	0.7679	0.8413	0.8253	0.8996	0.2702	0.4155	1.428
cosine	self	0.7716	0.995	5	0.05	218	2.99	1528	1.428	1288	1063	989	0.9304	0.7679	0.8413	0.8253	0.8996	0.2702	0.4155	1.428
cosine	self	0.7716	0.995	5	0.1	218	2.99	1528	1.428	1288	1063	989	0.9304	0.7679	0.8413	0.8253	0.8996	0.2702	0.4155	1.428
cosine	self	0.7716	0.995	5	0.2	218	2.99	1527	1.427	1288	1063	989	0.9304	0.7679	0.8413	0.8253	0.8996	0.27	0.4154	1.427
cosine	self	0.7716	0.995	5	0.3	218	2.99	1525	1.425	1288	1063	989	0.9304	0.7679	0.8413	0.8253	0.8996	0.27	0.4154	1.425
cosine	self	0.7716	0.995	5	0.5	218	2.99	1491	1.399	1288	1059	985	0.9301	0.7648	0.8394	0.8222	0.9015	0.2685	0.4138	1.399
cosine	self	0.7716	0.995	10	0.0	218	4.79	1528	1.428	1288	1063	989	0.9304	0.7679	0.8413	0.8253	0.8996	0.2702	0.4155	1.428
cosine	self	0.7716	0.995	10	0.05	218	4.79	1528	1.428	1288	1063	989	0.9304	0.7679	0.8413	0.8253	0.8996	0.2702	0.4155	1.428
cosine	self	0.7716	0.995	10	0.1	218	4.79	1528	1.428	1288	1063	989	0.9304	0.7679	0.8413	0.8253	0.8996	0.2702	0.4155	1.428
cosine	self	0.7716	0.995	10	0.2	218	4.79	1526	1.426	1288	1063	989	0.9304	0.7679	0.8413	0.8253	0.8996	0.27	0.4154	1.426
cosine	self	0.7716	0.995	10	0.3	218	4.79	1525	1.425	1288	1063	989	0.9304	0.7679	0.8413	0.8253	0.8996	0.27	0.4154	1.425
cosine	self	0.7716	0.995	10	0.5	218	4.79	1491	1.399	1288	1059	985	0.9301	0.7648	0.8394	0.8222	0.9015	0.2685	0.4138	1.399
cosine	self	0.7716	0.995	30	0.0	218	9.46	1534	1.434	1288	1063	989	0.9304	0.7679	0.8413	0.8253	0.8988	0.2702	0.4154	1.434
cosine	self	0.7716	0.995	30	0.05	218	9.46	1528	1.428	1288	1063	989	0.9304	0.7679	0.8413	0.8253	0.8996	0.2702	0.4155	1.428
cosine	self	0.7716	0.995	30	0.1	218	9.46	1527	1.427	1288	1063	989	0.9304	0.7679	0.8413	0.8253	0.8996	0.2702	0.4155	1.427
cosine	self	0.7716	0.995	30	0.2	218	9.46	1526	1.426	1288	1063	989	0.9304	0.7679	0.8413	0.8253	0.8996	0.27	0.4154	1.426
cosine	self	0.7716	0.995	30	0.3	218	9.46	1525	1.425	1288	1063	989	0.9304	0.7679	0.8413	0.8253	0.8996	0.27	0.4154	1.425
cosine	self	0.7716	0.995	30	0.5	218	9.46	1491	1.399	1288	1059	985	0.9301	0.7648	0.8394	0.8222	0.9015	0.2685	0.4138	1.399
cosine	self	0.8	0.0	5	0.0	241	4.51	1874	1.79	1288	1041	991	0.952	0.7694	0.851	0.8082	0.8567	0.2727	0.4138	1.79
cosine	self	0.8	0.0	5	0.05	241	4.51	1874	1.79	1288	1041	991	0.952	0.7694	0.851	0.8082	0.8567	0.2727	0.4138	1.79
cosine	self	0.8	0.0	5	0.1	241	4.51	1874	1.79	1288	1041	991	0.952	0.7694	0.851	0.8082	0.8567	0.2727	0.4138	1.79
cosine	self	0.8	0.0	5	0.2	241	4.51	1635	1.562	1288	1041	988	0.9491	0.7671	0.8484	0.8082	0.8852	0.271	0.4149	1.562
cosine	self	0.8	0.0	5	0.3	241	4.51	1526	1.47	1288	1031	963	0.934	0.7477	0.8305	0.8005	0.8872	0.2636	0.4064	1.47
cosine	self	0.8	0.0	5	0.5	241	4.51	1362	1.358	1288	994	931	0.9366	0.7228	0.816	0.7717	0.9076	0.2542	0.3972	1.358
cosine	self	0.8	0.0	10	0.0	241	8.36	2271	2.169	1288	1041	993	0.9539	0.771	0.8527	0.8082	0.8243	0.2743	0.4117	2.169
cosine	self	0.8	0.0	10	0.05	241	8.36	2271	2.169	1288	1041	993	0.9539	0.771	0.8527	0.8082	0.8243	0.2743	0.4117	2.169
cosine	self	0.8	0.0	10	0.1	241	8.36	1963	1.875	1288	1041	992	0.9529	0.7702	0.8519	0.8082	0.8467	0.2733	0.4132	1.875
cosine	self	0.8	0.0	10	0.2	241	8.36	1704	1.631	1288	1037	974	0.9392	0.7562	0.8378	0.8051	0.8632	0.2659	0.4065	1.631
cosine	self	0.8	0.0	10	0.3	241	8.36	1543	1.507	1288	1017	949	0.9331	0.7368	0.8234	0.7896	0.8812	0.2598	0.4012	1.507
cosine	self	0.8	0.0	10	0.5	241	8.36	1333	1.355	1288	976	914	0.9365	0.7096	0.8074	0.7578	0.9095	0.2506	0.393	1.355
cosine	self	0.8	0.0	30	0.0	241	21.17	3100	2.961	1288	1042	996	0.9559	0.7733	0.8549	0.809	0.7892	0.2772	0.4103	2.961
cosine	self	0.8	0.0	30	0.05	241	21.17	2457	2.347	1288	1041	986	0.9472	0.7655	0.8467	0.8082	0.8028	0.2719	0.4062	2.347
cosine	self	0.8	0.0	30	0.1	241	21.17	2009	1.922	1288	1038	968	0.9326	0.7516	0.8323	0.8059	0.8177	0.2659	0.4013	1.922
cosine	self	0.8	0.0	30	0.2	241	21.17	1703	1.639	1288	1032	945	0.9157	0.7337	0.8147	0.8012	0.8397	0.2582	0.3949	1.639
cosine	self	0.8	0.0	30	0.3	241	21.17	1492	1.46	1288	1015	921	0.9074	0.7151	0.7998	0.788	0.8612	0.2522	0.3902	1.46
cosine	self	0.8	0.0	30	0.5	241	21.17	1299	1.342	1288	960	884	0.9208	0.6863	0.7865	0.7453	0.8958	0.2428	0.382	1.342
cosine	self	0.8	0.9	5	0.0	241	4.2	1728	1.65	1288	1040	991	0.9529	0.7694	0.8514	0.8075	0.8857	0.2722	0.4164	1.65
cosine	self	0.8	0.9	5	0.05	241	4.2	1728	1.65	1288	1040	991	0.9529	0.7694	0.8514	0.8075	0.8857	0.2722	0.4164	1.65
cosine	self	0.8	0.9	5	0.1	241	4.2	1728	1.65	1288	1040	991	0.9529	0.7694	0.8514	0.8075	0.8857	0.2722	0.4164	1.65
cosine	self	0.8	0.9	5	0.2	241	4.2	1607	1.535	1288	1040	988	0.95	0.7671	0.8488	0.8075	0.8941	0.271	0.4159	1.535
cosine	self	0.8	0.9	5	0.3	241	4.2	1531	1.468	1288	1036	977	0.9431	0.7585	0.8408	0.8043	0.8997	0.2669	0.4117	1.468
cosine	self	0.8	0.9	5	0.5	241	4.2	1411	1.386	1288	1010	952	0.9426	0.7391	0.8285	0.7842	0.9142	0.2605	0.4054	1.386
cosine	self	0.8	0.9	10	0.0	241	7.51	1952	1.864	1288	1040	993	0.9548	0.771	0.8531	0.8075	0.8689	0.2729	0.4154	1.864
cosine	self	0.8	0.9	10	0.05	241	7.51	1952	1.864	1288	1040	993	0.9548	0.771	0.8531	0.8075	0.8689	0.2729	0.4154	1.864
cosine	self	0.8	0.9	10	0.1	241	7.51	1800	1.719	1288	1040	992	0.9538	0.7702	0.8522	0.8075	0.88	0.2722	0.4158	1.719
cosine	self	0.8	0.9	10	0.2	241	7.51	1614	1.542	1288	1040	983	0.9452	0.7632	0.8445	0.8075	0.887	0.2684	0.4121	1.542
cosine	self	0.8	0.9	10	0.3	241	7.51	1507	1.457	1288	1027	967	0.9416	0.7508	0.8354	0.7974	0.8981	0.2649	0.4091	1.457
cosine	self	0.8	0.9	10	0.5	241	7.51	1403	1.385	1288	1005	947	0.9423	0.7352	0.826	0.7803	0.9141	0.2592	0.4039	1.385
cosine	self	0.8	0.9	30	0.0	241	18.26	2401	2.293	1288	1041	995	0.9558	0.7725	0.8544	0.8082	0.8523	0.2752	0.4161	2.293
cosine	self	0.8	0.9	30	0.05	241	18.26	2014	1.924	1288	1040	989	0.951	0.7679	0.8497	0.8075	0.8603	0.2716	0.4128	1.924
cosine	self	0.8	0.9	30	0.1	241	18.26	1799	1.722	1288	1038	980	0.9441	0.7609	0.8426	0.8059	0.8681	0.2681	0.4096	1.722
cosine	self	0.8	0.9	30	0.2	241	18.26	1618	1.551	1288	1036	970	0.9363	0.7531	0.8348	0.8043	0.8766	0.266	0.4081	1.551
cosine	self	0.8	0.9	30	0.3	241	18.26	1499	1.45	1288	1027	956	0.9309	0.7422	0.8259	0.7974	0.8884	0.2629	0.4057	1.45
cosine	self	0.8	0.9	30	0.5	241	18.26	1384	1.376	1288	998	934	0.9359	0.7252	0.8171	0.7748	0.9083	0.2563	0.3998	1.376
cosine	self	0.8	0.95	5	0.0	241	3.85	1637	1.564	1288	1040	988	0.95	0.7671	0.8488	0.8075	0.8993	0.2712	0.4167	1.564
cosine	self	0.8	0.95	5	0.05	241	3.85	1637	1.564	1288	1040	988	0.95	0.7671	0.8488	0.8075	0.8993	0.2712	0.4167	1.564
cosine	self	0.8	0.95	5	0.1	241	3.85	1637	1.564	1288	1040	988	0.95	0.7671	0.8488	0.8075	0.8993	0.2712	0.4167	1.564
cosine	self	0.8	0.95	5	0.2	241	3.85	1567	1.497	1288	1040	986	0.9481	0.7655	0.8471	0.8075	0.9012	0.2705	0.4161	1.497
cosine	self	0.8	0.95	5	0.3	241	3.85	1510	1.445	1288	1038	978	0.9422	0.7593	0.8409	0.8059	0.9051	0.2673	0.4127	1.445
cosine	self	0.8	0.95	5	0.5	241	3.85	1427	1.388	1288	1020	964	0.9451	0.7484	0.8354	0.7919	0.9165	0.2622	0.4078	1.388
cosine	self	0.8	0.95	10	0.0	241	6.61	1758	1.679	1288	1040	990	0.9519	0.7686	0.8505	0.8075	0.8922	0.2715	0.4163	1.679
cosine	self	0.8	0.95	10	0.05	241	6.61	1758	1.679	1288	1040	990	0.9519	0.7686	0.8505	0.8075	0.8922	0.2715	0.4163	1.679
cosine	self	0.8	0.95	10	0.1	241	6.61	1671	1.596	1288	1040	989	0.951	0.7679	0.8497	0.8075	0.8963	0.2713	0.4166	1.596
cosine	self	0.8	0.95	10	0.2	241	6.61	1557	1.487	1288	1040	983	0.9452	0.7632	0.8445	0.8075	0.901	0.2692	0.4145	1.487
cosine	self	0.8	0.95	10	0.3	241	6.61	1497	1.441	1288	1032	975	0.9448	0.757	0.8405	0.8012	0.908	0.2663	0.4118	1.441
cosine	self	0.8	0.95	10	0.5	241	6.61	1432	1.392	1288	1021	965	0.9452	0.7492	0.8359	0.7927	0.9159	0.2624	0.4079	1.392
cosine	self	0.8	0.95	30	0.0	241	15.06	1927	1.84	1288	1041	992	0.9529	0.7702	0.8519	0.8082	0.8889	0.2726	0.4172	1.84
cosine	self	0.8	0.95	30	0.05	241	15.06	1752	1.673	1288	1040	987	0.949	0.7663	0.8479	0.8075	0.8908	0.2707	0.4152	1.673
cosine	self	0.8	0.95	30	0.1	241	15.06	1646	1.572	1288	1040	985	0.9471	0.7648	0.8462	0.8075	0.8942	0.2702	0.415	1.572
cosine	self	0.8	0.95	30	0.2	241	15.06	1548	1.48	1288	1039	980	0.9432	0.7609	0.8423	0.8067	0.8994	0.2685	0.4135	1.48
cosine	self	0.8	0.95	30	0.3	241	15.06	1496	1.438	1288	1033	972	0.9409	0.7547	0.8376	0.802	0.9042	0.2661	0.4112	1.438
cosine	self	0.8	0.95	30	0.5	241	15.06	1417	1.386	1288	1014	960	0.9467	0.7453	0.8341	0.7873	0.9175	0.2621	0.4077	1.386
cosine	self	0.8	0.98	5	0.0	241	3.47	1555	1.485	1288	1040	986	0.9481	0.7655	0.8471	0.8075	0.9087	0.2705	0.4169	1.485
cosine	self	0.8	0.98	5	0.05	241	3.47	1555	1.485	1288	1040	986	0.9481	0.7655	0.8471	0.8075	0.9087	0.2705	0.4169	1.485
cosine	self	0.8	0.98	5	0.1	241	3.47	1555	1.485	1288	1040	986	0.9481	0.7655	0.8471	0.8075	0.9087	0.2705	0.4169	1.485
cosine	self	0.8	0.98	5	0.2	241	3.47	1533	1.464	1288	1040	984	0.9462	0.764	0.8454	0.8075	0.9075	0.27	0.4162	1.464
cosine	self	0.8	0.98	5	0.3	241	3.47	1504	1.438	1288	1039	983	0.9461	0.7632	0.8449	0.8067	0.9095	0.2698	0.4162	1.438
cosine	self	0.8	0.98	5	0.5	241	3.47	1445	1.392	1288	1031	976	0.9467	0.7578	0.8417	0.8005	0.9179	0.2672	0.4139	1.392
cosine	self	0.8	0.98	10	0.0	241	5.64	1581	1.51	1288	1040	987	0.949	0.7663	0.8479	0.8075	0.9085	0.2706	0.417	1.51
cosine	self	0.8	0.98	10	0.05	241	5.64	1581	1.51	1288	1040	987	0.949	0.7663	0.8479	0.8075	0.9085	0.2706	0.417	1.51
cosine	self	0.8	0.98	10	0.1	241	5.64	1567	1.497	1288	1040	986	0.9481	0.7655	0.8471	0.8075	0.9083	0.2705	0.4169	1.497
cosine	self	0.8	0.98	10	0.2	241	5.64	1527	1.458	1288	1040	985	0.9471	0.7648	0.8462	0.8075	0.9095	0.2702	0.4166	1.458
cosine	self	0.8	0.98	10	0.3	241	5.64	1504	1.441	1288	1037	984	0.9489	0.764	0.8465	0.8051	0.9119	0.2701	0.4168	1.441
cosine	self	0.8	0.98	10	0.5	241	5.64	1445	1.391	1288	1032	976	0.9457	0.7578	0.8414	0.8012	0.917	0.2672	0.4138	1.391
cosine	self	0.8	0.98	30	0.0	241	12.15	1602	1.53	1288	1041	988	0.9491	0.7671	0.8484	0.8082	0.9079	0.2709	0.4173	1.53
cosine	self	0.8	0.98	30	0.05	241	12.15	1588	1.517	1288	1040	987	0.949	0.7663	0.8479	0.8075	0.9081	0.2708	0.4171	1.517
cosine	self	0.8	0.98	30	0.1	241	12.15	1566	1.496	1288	1040	986	0.9481	0.7655	0.8471	0.8075	0.9083	0.2705	0.4169	1.496
cosine	self	0.8	0.98	30	0.2	241	12.15	1524	1.457	1288	1039	985	0.948	0.7648	0.8466	0.8067	0.9103	0.2702	0.4167	1.457
cosine	self	0.8	0.98	30	0.3	241	12.15	1504	1.442	1288	1036	984	0.9498	0.764	0.8468	0.8043	0.9128	0.2701	0.4169	1.442
cosine	self	0.8	0.98	30	0.5	241	12.15	1444	1.391	1288	1031	976	0.9467	0.7578	0.8417	0.8005	0.9179	0.2672	0.4139	1.391
cosine	self	0.8	0.995	5	0.0	241	3.02	1492	1.425	1288	1040	978	0.9404	0.7593	0.8402	0.8075	0.9096	0.2678	0.4138	1.425
cosine	self	0.8	0.995	5	0.05	241	3.02	1492	1.425	1288	1040	978	0.9404	0.7593	0.8402	0.8075	0.9096	0.2678	0.4138	1.425
cosine	self	0.8	0.995	5	0.1	241	3.02	1492	1.425	1288	1040	978	0.9404	0.7593	0.8402	0.8075	0.9096	0.2678	0.4138	1.425
cosine	self	0.8	0.995	5	0.2	241	3.02	1491	1.424	1288	1040	978	0.9404	0.7593	0.8402	0.8075	0.9096	0.2677	0.4136	1.424
cosine	self	0.8	0.995	5	0.3	241	3.02	1489	1.422	1288	1040	978	0.9404	0.7593	0.8402	0.8075	0.9097	0.2677	0.4137	1.422
cosine	self	0.8	0.995	5	0.5	241	3.02	1460	1.398	1288	1037	974	0.9392	0.7562	0.8378	0.8051	0.9107	0.2662	0.412	1.398
cosine	self	0.8	0.995	10	0.0	241	4.85	1492	1.425	1288	1040	978	0.9404	0.7593	0.8402	0.8075	0.9096	0.2678	0.4138	1.425
cosine	self	0.8	0.995	10	0.05	241	4.85	1492	1.425	1288	1040	978	0.9404	0.7593	0.8402	0.8075	0.9096	0.2678	0.4138	1.425
cosine	self	0.8	0.995	10	0.1	241	4.85	1492	1.425	1288	1040	978	0.9404	0.7593	0.8402	0.8075	0.9096	0.2678	0.4138	1.425
cosine	self	0.8	0.995	10	0.2	241	4.85	1490	1.423	1288	1040	978	0.9404	0.7593	0.8402	0.8075	0.9096	0.2677	0.4136	1.423
cosine	self	0.8	0.995	10	0.3	241	4.85	1489	1.422	1288	1040	978	0.9404	0.7593	0.8402	0.8075	0.9097	0.2677	0.4137	1.422
cosine	self	0.8	0.995	10	0.5	241	4.85	1460	1.398	1288	1037	974	0.9392	0.7562	0.8378	0.8051	0.9107	0.2662	0.412	1.398
cosine	self	0.8	0.995	30	0.0	241	9.63	1498	1.431	1288	1040	978	0.9404	0.7593	0.8402	0.8075	0.9089	0.2678	0.4137	1.431
cosine	self	0.8	0.995	30	0.05	241	9.63	1492	1.425	1288	1040	978	0.9404	0.7593	0.8402	0.8075	0.9096	0.2678	0.4138	1.425
cosine	self	0.8	0.995	30	0.1	241	9.63	1491	1.424	1288	1040	978	0.9404	0.7593	0.8402	0.8075	0.9096	0.2678	0.4138	1.424
cosine	self	0.8	0.995	30	0.2	241	9.63	1490	1.423	1288	1040	978	0.9404	0.7593	0.8402	0.8075	0.9096	0.2677	0.4136	1.423
cosine	self	0.8	0.995	30	0.3	241	9.63	1489	1.422	1288	1040	978	0.9404	0.7593	0.8402	0.8075	0.9097	0.2677	0.4137	1.422
cosine	self	0.8	0.995	30	0.5	241	9.63	1460	1.398	1288	1037	974	0.9392	0.7562	0.8378	0.8051	0.9107	0.2662	0.412	1.398
cosine	self	0.85	0.0	5	0.0	281	4.35	1702	1.69	1288	1004	973	0.9691	0.7554	0.849	0.7795	0.8927	0.2663	0.4102	1.69
cosine	self	0.85	0.0	5	0.05	281	4.35	1702	1.69	1288	1004	973	0.9691	0.7554	0.849	0.7795	0.8927	0.2663	0.4102	1.69
cosine	self	0.85	0.0	5	0.1	281	4.35	1702	1.69	1288	1004	973	0.9691	0.7554	0.849	0.7795	0.8927	0.2663	0.4102	1.69
cosine	self	0.85	0.0	5	0.2	281	4.35	1548	1.537	1288	1004	970	0.9661	0.7531	0.8464	0.7795	0.9098	0.2647	0.4101	1.537
cosine	self	0.85	0.0	5	0.3	281	4.35	1469	1.468	1288	997	953	0.9559	0.7399	0.8341	0.7741	0.9123	0.259	0.4034	1.468
cosine	self	0.85	0.0	5	0.5	281	4.35	1344	1.377	1288	971	926	0.9537	0.7189	0.8198	0.7539	0.9275	0.2526	0.3971	1.377
cosine	self	0.85	0.0	10	0.0	281	7.92	1966	1.952	1288	1004	974	0.9701	0.7562	0.8499	0.7795	0.8696	0.2675	0.4091	1.952
cosine	self	0.85	0.0	10	0.05	281	7.92	1966	1.952	1288	1004	974	0.9701	0.7562	0.8499	0.7795	0.8696	0.2675	0.4091	1.952
cosine	self	0.85	0.0	10	0.1	281	7.92	1753	1.741	1288	1004	973	0.9691	0.7554	0.849	0.7795	0.8852	0.2665	0.4096	1.741
cosine	self	0.85	0.0	10	0.2	281	7.92	1578	1.57	1288	1000	961	0.961	0.7461	0.84	0.7764	0.8969	0.2611	0.4045	1.57
cosine	self	0.85	0.0	10	0.3	281	7.92	1476	1.486	1288	989	941	0.9515	0.7306	0.8265	0.7679	0.9058	0.2559	0.3991	1.486
cosine	self	0.85	0.0	10	0.5	281	7.92	1330	1.375	1288	962	916	0.9522	0.7112	0.8142	0.7469	0.9264	0.2509	0.3948	1.375
cosine	self	0.85	0.0	30	0.0	281	19.88	2540	2.522	1288	1004	975	0.9711	0.757	0.8508	0.7795	0.8418	0.27	0.4088	2.522
cosine	self	0.85	0.0	30	0.05	281	19.88	2090	2.075	1288	1004	968	0.9641	0.7516	0.8447	0.7795	0.8545	0.2658	0.4055	2.075
cosine	self	0.85	0.0	30	0.1	281	19.88	1793	1.784	1288	1001	958	0.957	0.7438	0.837	0.7772	0.8653	0.2618	0.402	1.784
cosine	self	0.85	0.0	30	0.2	281	19.88	1605	1.603	1288	997	942	0.9448	0.7314	0.8245	0.7741	0.8794	0.2564	0.397	1.603
cosine	self	0.85	0.0	30	0.3	281	19.88	1449	1.456	1288	991	925	0.9334	0.7182	0.8118	0.7694	0.8896	0.2523	0.3931	1.456
cosine	self	0.85	0.0	30	0.5	281	19.88	1312	1.37	1288	953	893	0.937	0.6933	0.797	0.7399	0.9125	0.245	0.3863	1.37
cosine	self	0.85	0.9	5	0.0	281	4.18	1630	1.619	1288	1003	973	0.9701	0.7554	0.8494	0.7787	0.9085	0.2659	0.4113	1.619
cosine	self	0.85	0.9	5	0.05	281	4.18	1630	1.619	1288	1003	973	0.9701	0.7554	0.8494	0.7787	0.9085	0.2659	0.4113	1.619
cosine	self	0.85	0.9	5	0.1	281	4.18	1630	1.619	1288	1003	973	0.9701	0.7554	0.8494	0.7787	0.9085	0.2659	0.4113	1.619
cosine	self	0.85	0.9	5	0.2	281	4.18	1528	1.517	1288	1003	970	0.9671	0.7531	0.8468	0.7787	0.917	0.2647	0.4108	1.517
cosine	self	0.85	0.9	5	0.3	281	4.18	1473	1.466	1288	1001	961	0.96	0.7461	0.8397	0.7772	0.9206	0.2611	0.4068	1.466
cosine	self	0.85	0.9	5	0.5	281	4.18	1364	1.386	1288	980	939	0.9582	0.729	0.828	0.7609	0.9333	0.2563	0.4021	1.386
cosine	self	0.85	0.9	10	0.0	281	7.47	1820	1.807	1288	1003	974	0.9711	0.7562	0.8503	0.7787	0.8922	0.2666	0.4106	1.807
cosine	self	0.85	0.9	10	0.05	281	7.47	1820	1.807	1288	1003	974	0.9711	0.7562	0.8503	0.7787	0.8922	0.2666	0.4106	1.807
cosine	self	0.85	0.9	10	0.1	281	7.47	1683	1.671	1288	1003	973	0.9701	0.7554	0.8494	0.7787	0.9029	0.2659	0.4108	1.671
cosine	self	0.85	0.9	10	0.2	281	7.47	1537	1.526	1288	1003	965	0.9621	0.7492	0.8424	0.7787	0.9093	0.2622	0.407	1.526
cosine	self	0.85	0.9	10	0.3	281	7.47	1453	1.456	1288	994	952	0.9577	0.7391	0.8344	0.7717	0.918	0.2592	0.4042	1.456
cosine	self	0.85	0.9	10	0.5	281	7.47	1356	1.385	1288	975	934	0.9579	0.7252	0.8255	0.757	0.9333	0.255	0.4005	1.385
cosine	self	0.85	0.9	30	0.0	281	18.3	2193	2.178	1288	1003	974	0.9711	0.7562	0.8503	0.7787	0.8744	0.2686	0.4109	2.178
cosine	self	0.85	0.9	30	0.05	281	18.3	1868	1.855	1288	1003	969	0.9661	0.7523	0.8459	0.7787	0.8828	0.2651	0.4078	1.855
cosine	self	0.85	0.9	30	0.1	281	18.3	1695	1.687	1288	1001	963	0.962	0.7477	0.8414	0.7772	0.8914	0.2623	0.4053	1.687
cosine	self	0.85	0.9	30	0.2	281	18.3	1545	1.539	1288	1000	954	0.954	0.7407	0.8339	0.7764	0.8987	0.2599	0.4032	1.539
cosine	self	0.85	0.9	30	0.3	281	18.3	1443	1.444	1288	995	941	0.9457	0.7306	0.8244	0.7725	0.9064	0.2572	0.4007	1.444
cosine	self	0.85	0.9	30	0.5	281	18.3	1342	1.376	1288	971	921	0.9485	0.7151	0.8154	0.7539	0.9245	0.2522	0.3963	1.376
cosine	self	0.85	0.95	5	0.0	281	3.87	1560	1.549	1288	1003	970	0.9671	0.7531	0.8468	0.7787	0.92	0.2651	0.4116	1.549
cosine	self	0.85	0.95	5	0.05	281	3.87	1560	1.549	1288	1003	970	0.9671	0.7531	0.8468	0.7787	0.92	0.2651	0.4116	1.549
cosine	self	0.85	0.95	5	0.1	281	3.87	1560	1.549	1288	1003	970	0.9671	0.7531	0.8468	0.7787	0.92	0.2651	0.4116	1.549
cosine	self	0.85	0.95	5	0.2	281	3.87	1500	1.49	1288	1003	968	0.9651	0.7516	0.845	0.7787	0.9217	0.2645	0.411	1.49
cosine	self	0.85	0.95	5	0.3	281	3.87	1449	1.442	1288	1001	960	0.959	0.7453	0.8388	0.7772	0.9259	0.2612	0.4075	1.442
cosine	self	0.85	0.95	5	0.5	281	3.87	1376	1.388	1288	987	949	0.9615	0.7368	0.8343	0.7663	0.9363	0.2579	0.4044	1.388
cosine	self	0.85	0.95	10	0.0	281	6.66	1658	1.646	1288	1003	971	0.9681	0.7539	0.8477	0.7787	0.9129	0.2654	0.4113	1.646
cosine	self	0.85	0.95	10	0.05	281	6.66	1658	1.646	1288	1003	971	0.9681	0.7539	0.8477	0.7787	0.9129	0.2654	0.4113	1.646
cosine	self	0.85	0.95	10	0.1	281	6.66	1577	1.566	1288	1003	970	0.9671	0.7531	0.8468	0.7787	0.9171	0.2653	0.4115	1.566
cosine	self	0.85	0.95	10	0.2	281	6.66	1493	1.483	1288	1003	964	0.9611	0.7484	0.8416	0.7787	0.9211	0.2631	0.4093	1.483
cosine	self	0.85	0.95	10	0.3	281	6.66	1439	1.438	1288	997	957	0.9599	0.743	0.8376	0.7741	0.9271	0.2603	0.4064	1.438
cosine	self	0.85	0.95	10	0.5	281	6.66	1381	1.392	1288	988	950	0.9615	0.7376	0.8348	0.7671	0.9357	0.2581	0.4046	1.392
cosine	self	0.85	0.95	30	0.0	281	15.28	1769	1.757	1288	1003	971	0.9681	0.7539	0.8477	0.7787	0.9087	0.2662	0.4118	1.757
cosine	self	0.85	0.95	30	0.05	281	15.28	1649	1.638	1288	1003	967	0.9641	0.7508	0.8442	0.7787	0.9113	0.2645	0.4099	1.638
cosine	self	0.85	0.95	30	0.1	281	15.28	1566	1.555	1288	1003	966	0.9631	0.75	0.8433	0.7787	0.9141	0.2641	0.4098	1.555
cosine	self	0.85	0.95	30	0.2	281	15.28	1486	1.476	1288	1003	961	0.9581	0.7461	0.8389	0.7787	0.918	0.2624	0.4082	1.476
cosine	self	0.85	0.95	30	0.3	281	15.28	1433	1.43	1288	998	954	0.9559	0.7407	0.8346	0.7748	0.9232	0.2601	0.4059	1.43
cosine	self	0.85	0.95	30	0.5	281	15.28	1368	1.386	1288	983	945	0.9613	0.7337	0.8322	0.7632	0.9355	0.2578	0.4042	1.386
cosine	self	0.85	0.98	5	0.0	281	3.52	1490	1.48	1288	1003	968	0.9651	0.7516	0.845	0.7787	0.9275	0.2645	0.4116	1.48
cosine	self	0.85	0.98	5	0.05	281	3.52	1490	1.48	1288	1003	968	0.9651	0.7516	0.845	0.7787	0.9275	0.2645	0.4116	1.48
cosine	self	0.85	0.98	5	0.1	281	3.52	1490	1.48	1288	1003	968	0.9651	0.7516	0.845	0.7787	0.9275	0.2645	0.4116	1.48
cosine	self	0.85	0.98	5	0.2	281	3.52	1470	1.46	1288	1003	966	0.9631	0.75	0.8433	0.7787	0.9264	0.264	0.4108	1.46
cosine	self	0.85	0.98	5	0.3	281	3.52	1450	1.44	1288	1003	965	0.9621	0.7492	0.8424	0.7787	0.9276	0.2638	0.4107	1.44
cosine	self	0.85	0.98	5	0.5	281	3.52	1391	1.392	1288	995	958	0.9628	0.7438	0.8392	0.7725	0.9364	0.2612	0.4084	1.392
cosine	self	0.85	0.98	10	0.0	281	5.74	1507	1.497	1288	1003	969	0.9661	0.7523	0.8459	0.7787	0.9273	0.2646	0.4117	1.497
cosine	self	0.85	0.98	10	0.05	281	5.74	1507	1.497	1288	1003	969	0.9661	0.7523	0.8459	0.7787	0.9273	0.2646	0.4117	1.497
cosine	self	0.85	0.98	10	0.1	281	5.74	1493	1.483	1288	1003	968	0.9651	0.7516	0.845	0.7787	0.9272	0.2645	0.4116	1.483
cosine	self	0.85	0.98	10	0.2	281	5.74	1464	1.454	1288	1003	967	0.9641	0.7508	0.8442	0.7787	0.9284	0.2641	0.4113	1.454
cosine	self	0.85	0.98	10	0.3	281	5.74	1452	1.443	1288	1002	966	0.9641	0.75	0.8437	0.778	0.9291	0.2641	0.4113	1.443
cosine	self	0.85	0.98	10	0.5	281	5.74	1391	1.391	1288	996	958	0.9618	0.7438	0.8389	0.7733	0.9355	0.2612	0.4083	1.391
cosine	self	0.85	0.98	30	0.0	281	12.48	1526	1.515	1288	1003	969	0.9661	0.7523	0.8459	0.7787	0.9261	0.2647	0.4117	1.515
cosine	self	0.85	0.98	30	0.05	281	12.48	1515	1.504	1288	1003	969	0.9661	0.7523	0.8459	0.7787	0.927	0.2647	0.4118	1.504
cosine	self	0.85	0.98	30	0.1	281	12.48	1494	1.484	1288	1003	968	0.9651	0.7516	0.845	0.7787	0.9272	0.2645	0.4116	1.484
cosine	self	0.85	0.98	30	0.2	281	12.48	1464	1.454	1288	1003	967	0.9641	0.7508	0.8442	0.7787	0.9284	0.2641	0.4113	1.454
cosine	self	0.85	0.98	30	0.3	281	12.48	1450	1.443	1288	1001	966	0.965	0.75	0.844	0.7772	0.9301	0.2641	0.4114	1.443
cosine	self	0.85	0.98	30	0.5	281	12.48	1390	1.391	1288	995	958	0.9628	0.7438	0.8392	0.7725	0.9364	0.2612	0.4084	1.391
cosine	self	0.85	0.995	5	0.0	281	3.08	1433	1.423	1288	1003	960	0.9571	0.7453	0.8381	0.7787	0.9286	0.2618	0.4084	1.423
cosine	self	0.85	0.995	5	0.05	281	3.08	1433	1.423	1288	1003	960	0.9571	0.7453	0.8381	0.7787	0.9286	0.2618	0.4084	1.423
cosine	self	0.85	0.995	5	0.1	281	3.08	1433	1.423	1288	1003	960	0.9571	0.7453	0.8381	0.7787	0.9286	0.2618	0.4084	1.423
cosine	self	0.85	0.995	5	0.2	281	3.08	1432	1.422	1288	1003	960	0.9571	0.7453	0.8381	0.7787	0.9286	0.2616	0.4083	1.422
cosine	self	0.85	0.995	5	0.3	281	3.08	1431	1.421	1288	1003	960	0.9571	0.7453	0.8381	0.7787	0.9286	0.2616	0.4083	1.421
cosine	self	0.85	0.995	5	0.5	281	3.08	1405	1.398	1288	1001	956	0.955	0.7422	0.8353	0.7772	0.9288	0.2602	0.4065	1.398
cosine	self	0.85	0.995	10	0.0	281	4.98	1433	1.423	1288	1003	960	0.9571	0.7453	0.8381	0.7787	0.9286	0.2618	0.4084	1.423
cosine	self	0.85	0.995	10	0.05	281	4.98	1433	1.423	1288	1003	960	0.9571	0.7453	0.8381	0.7787	0.9286	0.2618	0.4084	1.423
cosine	self	0.85	0.995	10	0.1	281	4.98	1433	1.423	1288	1003	960	0.9571	0.7453	0.8381	0.7787	0.9286	0.2618	0.4084	1.423
cosine	self	0.85	0.995	10	0.2	281	4.98	1432	1.422	1288	1003	960	0.9571	0.7453	0.8381	0.7787	0.9286	0.2616	0.4083	1.422
cosine	self	0.85	0.995	10	0.3	281	4.98	1431	1.421	1288	1003	960	0.9571	0.7453	0.8381	0.7787	0.9286	0.2616	0.4083	1.421
cosine	self	0.85	0.995	10	0.5	281	4.98	1405	1.398	1288	1001	956	0.955	0.7422	0.8353	0.7772	0.9288	0.2602	0.4065	1.398
cosine	self	0.85	0.995	30	0.0	281	9.94	1439	1.429	1288	1003	960	0.9571	0.7453	0.8381	0.7787	0.9277	0.2618	0.4083	1.429
cosine	self	0.85	0.995	30	0.05	281	9.94	1433	1.423	1288	1003	960	0.9571	0.7453	0.8381	0.7787	0.9286	0.2618	0.4084	1.423
cosine	self	0.85	0.995	30	0.1	281	9.94	1433	1.423	1288	1003	960	0.9571	0.7453	0.8381	0.7787	0.9286	0.2618	0.4084	1.423
cosine	self	0.85	0.995	30	0.2	281	9.94	1432	1.422	1288	1003	960	0.9571	0.7453	0.8381	0.7787	0.9286	0.2616	0.4083	1.422
cosine	self	0.85	0.995	30	0.3	281	9.94	1431	1.421	1288	1003	960	0.9571	0.7453	0.8381	0.7787	0.9286	0.2616	0.4083	1.421
cosine	self	0.85	0.995	30	0.5	281	9.94	1405	1.398	1288	1001	956	0.955	0.7422	0.8353	0.7772	0.9288	0.2602	0.4065	1.398
cosine	self	0.9	0.0	5	0.0	346	4.15	1470	1.561	1288	939	922	0.9819	0.7158	0.828	0.729	0.9283	0.2495	0.3932	1.561
cosine	self	0.9	0.0	5	0.05	346	4.15	1470	1.561	1288	939	922	0.9819	0.7158	0.828	0.729	0.9283	0.2495	0.3932	1.561
cosine	self	0.9	0.0	5	0.1	346	4.15	1470	1.561	1288	939	922	0.9819	0.7158	0.828	0.729	0.9283	0.2495	0.3932	1.561
cosine	self	0.9	0.0	5	0.2	346	4.15	1408	1.495	1288	939	920	0.9798	0.7143	0.8262	0.729	0.9347	0.2488	0.393	1.495
cosine	self	0.9	0.0	5	0.3	346	4.15	1369	1.456	1288	937	913	0.9744	0.7089	0.8207	0.7275	0.9375	0.2462	0.39	1.456
cosine	self	0.9	0.0	5	0.5	346	4.15	1283	1.383	1288	925	898	0.9708	0.6972	0.8116	0.7182	0.9469	0.2427	0.3863	1.383
cosine	self	0.9	0.0	10	0.0	346	7.43	1582	1.679	1288	939	922	0.9819	0.7158	0.828	0.729	0.9137	0.2501	0.3927	1.679
cosine	self	0.9	0.0	10	0.05	346	7.43	1582	1.679	1288	939	922	0.9819	0.7158	0.828	0.729	0.9137	0.2501	0.3927	1.679
cosine	self	0.9	0.0	10	0.1	346	7.43	1499	1.591	1288	939	922	0.9819	0.7158	0.828	0.729	0.9237	0.2499	0.3934	1.591
cosine	self	0.9	0.0	10	0.2	346	7.43	1414	1.501	1288	939	916	0.9755	0.7112	0.8226	0.729	0.9283	0.2472	0.3904	1.501
cosine	self	0.9	0.0	10	0.3	346	7.43	1363	1.452	1288	936	910	0.9722	0.7065	0.8183	0.7267	0.9338	0.2456	0.3889	1.452
cosine	self	0.9	0.0	10	0.5	346	7.43	1270	1.374	1288	921	893	0.9696	0.6933	0.8085	0.7151	0.9461	0.2419	0.3853	1.374
cosine	self	0.9	0.0	30	0.0	346	18.27	1758	1.866	1288	939	922	0.9819	0.7158	0.828	0.729	0.898	0.2515	0.393	1.866
cosine	self	0.9	0.0	30	0.05	346	18.27	1635	1.736	1288	939	920	0.9798	0.7143	0.8262	0.729	0.9057	0.2496	0.3913	1.736
cosine	self	0.9	0.0	30	0.1	346	18.27	1539	1.634	1288	939	917	0.9766	0.712	0.8235	0.729	0.9119	0.2485	0.3906	1.634
cosine	self	0.9	0.0	30	0.2	346	18.27	1452	1.541	1288	939	912	0.9712	0.7081	0.819	0.729	0.9181	0.2464	0.3885	1.541
cosine	self	0.9	0.0	30	0.3	346	18.27	1362	1.452	1288	935	903	0.9658	0.7011	0.8124	0.7259	0.9267	0.2439	0.3862	1.452
cosine	self	0.9	0.0	30	0.5	346	18.27	1262	1.375	1288	915	881	0.9628	0.684	0.7998	0.7104	0.9398	0.2392	0.3814	1.375
cosine	self	0.9	0.9	5	0.0	346	4.15	1470	1.561	1288	939	922	0.9819	0.7158	0.828	0.729	0.9283	0.2495	0.3932	1.561
cosine	self	0.9	0.9	5	0.05	346	4.15	1470	1.561	1288	939	922	0.9819	0.7158	0.828	0.729	0.9283	0.2495	0.3932	1.561
cosine	self	0.9	0.9	5	0.1	346	4.15	1470	1.561	1288	939	922	0.9819	0.7158	0.828	0.729	0.9283	0.2495	0.3932	1.561
cosine	self	0.9	0.9	5	0.2	346	4.15	1408	1.495	1288	939	920	0.9798	0.7143	0.8262	0.729	0.9347	0.2488	0.393	1.495
cosine	self	0.9	0.9	5	0.3	346	4.15	1369	1.456	1288	937	913	0.9744	0.7089	0.8207	0.7275	0.9375	0.2462	0.39	1.456
cosine	self	0.9	0.9	5	0.5	346	4.15	1283	1.383	1288	925	898	0.9708	0.6972	0.8116	0.7182	0.9469	0.2427	0.3863	1.383
cosine	self	0.9	0.9	10	0.0	346	7.43	1582	1.679	1288	939	922	0.9819	0.7158	0.828	0.729	0.9137	0.2501	0.3927	1.679
cosine	self	0.9	0.9	10	0.05	346	7.43	1582	1.679	1288	939	922	0.9819	0.7158	0.828	0.729	0.9137	0.2501	0.3927	1.679
cosine	self	0.9	0.9	10	0.1	346	7.43	1499	1.591	1288	939	922	0.9819	0.7158	0.828	0.729	0.9237	0.2499	0.3934	1.591
cosine	self	0.9	0.9	10	0.2	346	7.43	1414	1.501	1288	939	916	0.9755	0.7112	0.8226	0.729	0.9283	0.2472	0.3904	1.501
cosine	self	0.9	0.9	10	0.3	346	7.43	1363	1.452	1288	936	910	0.9722	0.7065	0.8183	0.7267	0.9338	0.2456	0.3889	1.452
cosine	self	0.9	0.9	10	0.5	346	7.43	1270	1.374	1288	921	893	0.9696	0.6933	0.8085	0.7151	0.9461	0.2419	0.3853	1.374
cosine	self	0.9	0.9	30	0.0	346	18.27	1758	1.866	1288	939	922	0.9819	0.7158	0.828	0.729	0.898	0.2515	0.393	1.866
cosine	self	0.9	0.9	30	0.05	346	18.27	1635	1.736	1288	939	920	0.9798	0.7143	0.8262	0.729	0.9057	0.2496	0.3913	1.736
cosine	self	0.9	0.9	30	0.1	346	18.27	1539	1.634	1288	939	917	0.9766	0.712	0.8235	0.729	0.9119	0.2485	0.3906	1.634
cosine	self	0.9	0.9	30	0.2	346	18.27	1452	1.541	1288	939	912	0.9712	0.7081	0.819	0.729	0.9181	0.2464	0.3885	1.541
cosine	self	0.9	0.9	30	0.3	346	18.27	1362	1.452	1288	935	903	0.9658	0.7011	0.8124	0.7259	0.9267	0.2439	0.3862	1.452
cosine	self	0.9	0.9	30	0.5	346	18.27	1262	1.375	1288	915	881	0.9628	0.684	0.7998	0.7104	0.9398	0.2392	0.3814	1.375
cosine	self	0.9	0.95	5	0.0	346	3.89	1421	1.508	1288	939	922	0.9819	0.7158	0.828	0.729	0.9389	0.2494	0.3941	1.508
cosine	self	0.9	0.95	5	0.05	346	3.89	1421	1.508	1288	939	922	0.9819	0.7158	0.828	0.729	0.9389	0.2494	0.3941	1.508
cosine	self	0.9	0.95	5	0.1	346	3.89	1421	1.508	1288	939	922	0.9819	0.7158	0.828	0.729	0.9389	0.2494	0.3941	1.508
cosine	self	0.9	0.95	5	0.2	346	3.89	1382	1.467	1288	939	920	0.9798	0.7143	0.8262	0.729	0.9402	0.2488	0.3934	1.467
cosine	self	0.9	0.95	5	0.3	346	3.89	1347	1.433	1288	937	914	0.9755	0.7096	0.8216	0.7275	0.9436	0.2464	0.3908	1.433
cosine	self	0.9	0.95	5	0.5	346	3.89	1293	1.386	1288	930	906	0.9742	0.7034	0.817	0.722	0.9491	0.2438	0.388	1.386
cosine	self	0.9	0.95	10	0.0	346	6.74	1473	1.564	1288	939	922	0.9819	0.7158	0.828	0.729	0.9326	0.2496	0.3938	1.564
cosine	self	0.9	0.95	10	0.05	346	6.74	1473	1.564	1288	939	922	0.9819	0.7158	0.828	0.729	0.9326	0.2496	0.3938	1.564
cosine	self	0.9	0.95	10	0.1	346	6.74	1438	1.527	1288	939	922	0.9819	0.7158	0.828	0.729	0.9362	0.2496	0.3941	1.527
cosine	self	0.9	0.95	10	0.2	346	6.74	1377	1.462	1288	939	918	0.9776	0.7127	0.8244	0.729	0.9398	0.248	0.3925	1.462
cosine	self	0.9	0.95	10	0.3	346	6.74	1349	1.435	1288	937	915	0.9765	0.7104	0.8225	0.7275	0.9438	0.2464	0.3908	1.435
cosine	self	0.9	0.95	10	0.5	346	6.74	1291	1.382	1288	931	906	0.9731	0.7034	0.8166	0.7228	0.9476	0.2438	0.3878	1.382
cosine	self	0.9	0.95	30	0.0	346	15.64	1518	1.611	1288	939	922	0.9819	0.7158	0.828	0.729	0.9282	0.2502	0.3942	1.611
cosine	self	0.9	0.95	30	0.05	346	15.64	1479	1.57	1288	939	920	0.9798	0.7143	0.8262	0.729	0.931	0.2488	0.3926	1.57
cosine	self	0.9	0.95	30	0.1	346	15.64	1432	1.52	1288	939	918	0.9776	0.7127	0.8244	0.729	0.9331	0.2484	0.3923	1.52
cosine	self	0.9	0.95	30	0.2	346	15.64	1388	1.473	1288	939	918	0.9776	0.7127	0.8244	0.729	0.9379	0.2481	0.3924	1.473
cosine	self	0.9	0.95	30	0.3	346	15.64	1352	1.438	1288	937	914	0.9755	0.7096	0.8216	0.7275	0.9423	0.2465	0.3908	1.438
cosine	self	0.9	0.95	30	0.5	346	15.64	1289	1.383	1288	929	902	0.9709	0.7003	0.8137	0.7213	0.9453	0.2436	0.3873	1.383
cosine	self	0.9	0.98	5	0.0	346	3.58	1373	1.458	1288	939	921	0.9808	0.7151	0.8271	0.729	0.9443	0.2491	0.3943	1.458
cosine	self	0.9	0.98	5	0.05	346	3.58	1373	1.458	1288	939	921	0.9808	0.7151	0.8271	0.729	0.9443	0.2491	0.3943	1.458
cosine	self	0.9	0.98	5	0.1	346	3.58	1373	1.458	1288	939	921	0.9808	0.7151	0.8271	0.729	0.9443	0.2491	0.3943	1.458
cosine	self	0.9	0.98	5	0.2	346	3.58	1363	1.447	1288	939	919	0.9787	0.7135	0.8253	0.729	0.9429	0.2486	0.3934	1.447
cosine	self	0.9	0.98	5	0.3	346	3.58	1351	1.434	1288	939	918	0.9776	0.7127	0.8244	0.729	0.9441	0.2484	0.3933	1.434
cosine	self	0.9	0.98	5	0.5	346	3.58	1306	1.391	1288	936	912	0.9744	0.7081	0.8201	0.7267	0.9479	0.2462	0.3908	1.391
cosine	self	0.9	0.98	10	0.0	346	5.92	1376	1.461	1288	939	921	0.9808	0.7151	0.8271	0.729	0.9441	0.2491	0.3942	1.461
cosine	self	0.9	0.98	10	0.05	346	5.92	1376	1.461	1288	939	921	0.9808	0.7151	0.8271	0.729	0.9441	0.2491	0.3942	1.461
cosine	self	0.9	0.98	10	0.1	346	5.92	1375	1.46	1288	939	921	0.9808	0.7151	0.8271	0.729	0.9441	0.2491	0.3942	1.46
cosine	self	0.9	0.98	10	0.2	346	5.92	1361	1.445	1288	939	920	0.9798	0.7143	0.8262	0.729	0.9443	0.2488	0.3938	1.445
cosine	self	0.9	0.98	10	0.3	346	5.92	1352	1.435	1288	939	920	0.9798	0.7143	0.8262	0.729	0.9459	0.2487	0.3939	1.435
cosine	self	0.9	0.98	10	0.5	346	5.92	1307	1.39	1288	937	912	0.9733	0.7081	0.8198	0.7275	0.9469	0.2462	0.3908	1.39
cosine	self	0.9	0.98	30	0.0	346	13.08	1387	1.472	1288	939	921	0.9808	0.7151	0.8271	0.729	0.9429	0.2493	0.3943	1.472
cosine	self	0.9	0.98	30	0.05	346	13.08	1380	1.465	1288	939	921	0.9808	0.7151	0.8271	0.729	0.9438	0.2493	0.3944	1.465
cosine	self	0.9	0.98	30	0.1	346	13.08	1375	1.46	1288	939	921	0.9808	0.7151	0.8271	0.729	0.9441	0.2491	0.3942	1.46
cosine	self	0.9	0.98	30	0.2	346	13.08	1361	1.445	1288	939	920	0.9798	0.7143	0.8262	0.729	0.9443	0.2488	0.3938	1.445
cosine	self	0.9	0.98	30	0.3	346	13.08	1352	1.435	1288	939	920	0.9798	0.7143	0.8262	0.729	0.9459	0.2487	0.3939	1.435
cosine	self	0.9	0.98	30	0.5	346	13.08	1307	1.39	1288	937	912	0.9733	0.7081	0.8198	0.7275	0.9469	0.2462	0.3908	1.39
cosine	self	0.9	0.995	5	0.0	346	3.18	1330	1.412	1288	939	913	0.9723	0.7089	0.8199	0.729	0.9447	0.2464	0.3909	1.412
cosine	self	0.9	0.995	5	0.05	346	3.18	1330	1.412	1288	939	913	0.9723	0.7089	0.8199	0.729	0.9447	0.2464	0.3909	1.412
cosine	self	0.9	0.995	5	0.1	346	3.18	1330	1.412	1288	939	913	0.9723	0.7089	0.8199	0.729	0.9447	0.2464	0.3909	1.412
cosine	self	0.9	0.995	5	0.2	346	3.18	1329	1.411	1288	939	913	0.9723	0.7089	0.8199	0.729	0.9447	0.2463	0.3907	1.411
cosine	self	0.9	0.995	5	0.3	346	3.18	1329	1.411	1288	939	913	0.9723	0.7089	0.8199	0.729	0.9447	0.2463	0.3907	1.411
cosine	self	0.9	0.995	5	0.5	346	3.18	1315	1.397	1288	938	911	0.9712	0.7073	0.8185	0.7283	0.9448	0.246	0.3903	1.397
cosine	self	0.9	0.995	10	0.0	346	5.2	1330	1.412	1288	939	913	0.9723	0.7089	0.8199	0.729	0.9447	0.2464	0.3909	1.412
cosine	self	0.9	0.995	10	0.05	346	5.2	1330	1.412	1288	939	913	0.9723	0.7089	0.8199	0.729	0.9447	0.2464	0.3909	1.412
cosine	self	0.9	0.995	10	0.1	346	5.2	1330	1.412	1288	939	913	0.9723	0.7089	0.8199	0.729	0.9447	0.2464	0.3909	1.412
cosine	self	0.9	0.995	10	0.2	346	5.2	1329	1.411	1288	939	913	0.9723	0.7089	0.8199	0.729	0.9447	0.2463	0.3907	1.411
cosine	self	0.9	0.995	10	0.3	346	5.2	1329	1.411	1288	939	913	0.9723	0.7089	0.8199	0.729	0.9447	0.2463	0.3907	1.411
cosine	self	0.9	0.995	10	0.5	346	5.2	1315	1.397	1288	938	911	0.9712	0.7073	0.8185	0.7283	0.9448	0.246	0.3903	1.397
cosine	self	0.9	0.995	30	0.0	346	10.48	1336	1.418	1288	939	913	0.9723	0.7089	0.8199	0.729	0.9438	0.2464	0.3908	1.418
cosine	self	0.9	0.995	30	0.05	346	10.48	1330	1.412	1288	939	913	0.9723	0.7089	0.8199	0.729	0.9447	0.2464	0.3909	1.412
cosine	self	0.9	0.995	30	0.1	346	10.48	1330	1.412	1288	939	913	0.9723	0.7089	0.8199	0.729	0.9447	0.2464	0.3909	1.412
cosine	self	0.9	0.995	30	0.2	346	10.48	1329	1.411	1288	939	913	0.9723	0.7089	0.8199	0.729	0.9447	0.2463	0.3907	1.411
cosine	self	0.9	0.995	30	0.3	346	10.48	1329	1.411	1288	939	913	0.9723	0.7089	0.8199	0.729	0.9447	0.2463	0.3907	1.411
cosine	self	0.9	0.995	30	0.5	346	10.48	1315	1.397	1288	938	911	0.9712	0.7073	0.8185	0.7283	0.9448	0.246	0.3903	1.397
cosine	twin	0.0	0.0	5	0.0	0	5.0	3242	2.517	1288	1279	996	0.7787	0.7733	0.776	0.993	0.6335	0.2747	0.3832	2.517
cosine	twin	0.0	0.0	5	0.05	0	5.0	3242	2.517	1288	1279	996	0.7787	0.7733	0.776	0.993	0.6335	0.2747	0.3832	2.517
cosine	twin	0.0	0.0	5	0.1	0	5.0	3242	2.517	1288	1279	996	0.7787	0.7733	0.776	0.993	0.6335	0.2747	0.3832	2.517
cosine	twin	0.0	0.0	5	0.2	0	5.0	2394	1.859	1288	1276	981	0.7688	0.7616	0.7652	0.9907	0.6761	0.269	0.3848	1.859
cosine	twin	0.0	0.0	5	0.3	0	5.0	1969	1.559	1288	1246	914	0.7335	0.7096	0.7214	0.9674	0.6735	0.2466	0.361	1.559
cosine	twin	0.0	0.0	5	0.5	0	5.0	1495	1.324	1288	1110	849	0.7649	0.6592	0.7081	0.8618	0.735	0.2295	0.3497	1.324
cosine	twin	0.0	0.0	10	0.0	0	10.0	4746	3.685	1288	1283	1003	0.7818	0.7787	0.7802	0.9961	0.5759	0.2785	0.3754	3.685
cosine	twin	0.0	0.0	10	0.05	0	10.0	4746	3.685	1288	1283	1003	0.7818	0.7787	0.7802	0.9961	0.5759	0.2785	0.3754	3.685
cosine	twin	0.0	0.0	10	0.1	0	10.0	3417	2.653	1288	1279	995	0.778	0.7725	0.7752	0.993	0.6192	0.2737	0.3796	2.653
cosine	twin	0.0	0.0	10	0.2	0	10.0	2325	1.824	1288	1263	922	0.73	0.7158	0.7229	0.9806	0.6399	0.2496	0.3591	1.824
cosine	twin	0.0	0.0	10	0.3	0	10.0	1861	1.53	1288	1197	863	0.721	0.67	0.6946	0.9293	0.6636	0.233	0.3449	1.53
cosine	twin	0.0	0.0	10	0.5	0	10.0	1366	1.306	1288	1031	785	0.7614	0.6095	0.677	0.8005	0.735	0.2117	0.3287	1.306
cosine	twin	0.0	0.0	30	0.0	0	29.99	9644	7.488	1288	1287	1016	0.7894	0.7888	0.7891	0.9992	0.4644	0.2855	0.3536	7.488
cosine	twin	0.0	0.0	30	0.05	0	29.99	5369	4.168	1288	1283	954	0.7436	0.7407	0.7421	0.9961	0.5029	0.2607	0.3434	4.168
cosine	twin	0.0	0.0	30	0.1	0	29.99	3477	2.706	1288	1279	887	0.6935	0.6887	0.6911	0.993	0.5328	0.2416	0.3325	2.706
cosine	twin	0.0	0.0	30	0.2	0	29.99	2140	1.733	1288	1219	799	0.6555	0.6203	0.6374	0.9464	0.5655	0.2172	0.3139	1.733
cosine	twin	0.0	0.0	30	0.3	0	29.99	1630	1.419	1288	1129	752	0.6661	0.5839	0.6223	0.8766	0.6087	0.2029	0.3043	1.419
cosine	twin	0.0	0.0	30	0.5	0	29.99	1199	1.25	1288	940	682	0.7255	0.5295	0.6122	0.7298	0.6969	0.1804	0.2866	1.25
cosine	twin	0.0	0.9	5	0.0	0	4.48	2740	2.127	1288	1276	996	0.7806	0.7733	0.7769	0.9907	0.6944	0.2741	0.3931	2.127
cosine	twin	0.0	0.9	5	0.05	0	4.48	2740	2.127	1288	1276	996	0.7806	0.7733	0.7769	0.9907	0.6944	0.2741	0.3931	2.127
cosine	twin	0.0	0.9	5	0.1	0	4.48	2740	2.127	1288	1276	996	0.7806	0.7733	0.7769	0.9907	0.6944	0.2741	0.3931	2.127
cosine	twin	0.0	0.9	5	0.2	0	4.48	2241	1.74	1288	1273	982	0.7714	0.7624	0.7669	0.9884	0.7043	0.2687	0.3889	1.74
cosine	twin	0.0	0.9	5	0.3	0	4.48	1897	1.494	1288	1251	953	0.7618	0.7399	0.7507	0.9713	0.7137	0.2567	0.3776	1.494
cosine	twin	0.0	0.9	5	0.5	0	4.48	1556	1.311	1288	1169	920	0.787	0.7143	0.7489	0.9076	0.7583	0.2488	0.3747	1.311
cosine	twin	0.0	0.9	10	0.0	0	8.25	3418	2.654	1288	1280	1002	0.7828	0.778	0.7804	0.9938	0.6745	0.2759	0.3916	2.654
cosine	twin	0.0	0.9	10	0.05	0	8.25	3418	2.654	1288	1280	1002	0.7828	0.778	0.7804	0.9938	0.6745	0.2759	0.3916	2.654
cosine	twin	0.0	0.9	10	0.1	0	8.25	2880	2.236	1288	1276	996	0.7806	0.7733	0.7769	0.9907	0.6864	0.2731	0.3908	2.236
cosine	twin	0.0	0.9	10	0.2	0	8.25	2181	1.701	1288	1268	966	0.7618	0.75	0.7559	0.9845	0.6966	0.2601	0.3788	1.701
cosine	twin	0.0	0.9	10	0.3	0	8.25	1853	1.486	1288	1226	938	0.7651	0.7283	0.7462	0.9519	0.7158	0.2532	0.3741	1.486
cosine	twin	0.0	0.9	10	0.5	0	8.25	1523	1.31	1288	1148	913	0.7953	0.7089	0.7496	0.8913	0.7682	0.2474	0.3743	1.31
cosine	twin	0.0	0.9	30	0.0	0	19.53	4730	3.672	1288	1283	1010	0.7872	0.7842	0.7857	0.9961	0.6543	0.2802	0.3924	3.672
cosine	twin	0.0	0.9	30	0.05	0	19.53	3566	2.769	1288	1279	994	0.7772	0.7717	0.7744	0.993	0.6638	0.2723	0.3862	2.769
cosine	twin	0.0	0.9	30	0.1	0	19.53	2757	2.146	1288	1274	969	0.7606	0.7523	0.7564	0.9891	0.6728	0.263	0.3781	2.146
cosine	twin	0.0	0.9	30	0.2	0	19.53	2100	1.655	1288	1252	945	0.7548	0.7337	0.7441	0.972	0.6888	0.2564	0.3737	1.655
cosine	twin	0.0	0.9	30	0.3	0	19.53	1772	1.437	1288	1212	921	0.7599	0.7151	0.7368	0.941	0.709	0.249	0.3686	1.437
cosine	twin	0.0	0.9	30	0.5	0	19.53	1485	1.297	1288	1126	893	0.7931	0.6933	0.7399	0.8742	0.764	0.2424	0.368	1.297
cosine	twin	0.0	0.95	5	0.0	0	4.02	2518	1.955	1288	1272	986	0.7752	0.7655	0.7703	0.9876	0.7058	0.2714	0.392	1.955
cosine	twin	0.0	0.95	5	0.05	0	4.02	2518	1.955	1288	1272	986	0.7752	0.7655	0.7703	0.9876	0.7058	0.2714	0.392	1.955
cosine	twin	0.0	0.95	5	0.1	0	4.02	2518	1.955	1288	1272	986	0.7752	0.7655	0.7703	0.9876	0.7058	0.2714	0.392	1.955
cosine	twin	0.0	0.95	5	0.2	0	4.02	2173	1.687	1288	1271	978	0.7695	0.7593	0.7644	0.9868	0.7091	0.2678	0.3887	1.687
cosine	twin	0.0	0.95	5	0.3	0	4.02	1918	1.503	1288	1258	959	0.7623	0.7446	0.7533	0.9767	0.7172	0.2597	0.3813	1.503
cosine	twin	0.0	0.95	5	0.5	0	4.02	1591	1.313	1288	1191	931	0.7817	0.7228	0.7511	0.9247	0.7519	0.2504	0.3757	1.313
cosine	twin	0.0	0.95	10	0.0	0	6.82	2824	2.193	1288	1274	989	0.7763	0.7679	0.7721	0.9891	0.6951	0.2724	0.3914	2.193
cosine	twin	0.0	0.95	10	0.05	0	6.82	2824	2.193	1288	1274	989	0.7763	0.7679	0.7721	0.9891	0.6951	0.2724	0.3914	2.193
cosine	twin	0.0	0.95	10	0.1	0	6.82	2635	2.046	1288	1273	988	0.7761	0.7671	0.7716	0.9884	0.6998	0.2719	0.3916	2.046
cosine	twin	0.0	0.95	10	0.2	0	6.82	2112	1.642	1288	1270	967	0.7614	0.7508	0.7561	0.986	0.7062	0.263	0.3833	1.642
cosine	twin	0.0	0.95	10	0.3	0	6.82	1885	1.49	1288	1245	954	0.7663	0.7407	0.7533	0.9666	0.7197	0.2584	0.3802	1.49
cosine	twin	0.0	0.95	10	0.5	0	6.82	1584	1.312	1288	1188	928	0.7811	0.7205	0.7496	0.9224	0.7524	0.2502	0.3755	1.312
cosine	twin	0.0	0.95	30	0.0	0	13.83	3195	2.481	1288	1275	995	0.7804	0.7725	0.7764	0.9899	0.6902	0.275	0.3933	2.481
cosine	twin	0.0	0.95	30	0.05	0	13.83	2863	2.223	1288	1274	988	0.7755	0.7671	0.7713	0.9891	0.6935	0.2722	0.391	2.223
cosine	twin	0.0	0.95	30	0.1	0	13.83	2552	1.981	1288	1273	985	0.7738	0.7648	0.7692	0.9884	0.6975	0.2702	0.3895	1.981
cosine	twin	0.0	0.95	30	0.2	0	13.83	2085	1.626	1288	1265	965	0.7628	0.7492	0.756	0.9821	0.7033	0.2624	0.3822	1.626
cosine	twin	0.0	0.95	30	0.3	0	13.83	1884	1.489	1288	1245	951	0.7639	0.7384	0.7509	0.9666	0.7144	0.2572	0.3783	1.489
cosine	twin	0.0	0.95	30	0.5	0	13.83	1565	1.307	1288	1176	917	0.7798	0.712	0.7443	0.913	0.7501	0.2486	0.3734	1.307
cosine	twin	0.0	0.98	5	0.0	0	3.23	2077	1.613	1288	1270	973	0.7661	0.7554	0.7608	0.986	0.721	0.2659	0.3885	1.613
cosine	twin	0.0	0.98	5	0.05	0	3.23	2077	1.613	1288	1270	973	0.7661	0.7554	0.7608	0.986	0.721	0.2659	0.3885	1.613
cosine	twin	0.0	0.98	5	0.1	0	3.23	2077	1.613	1288	1270	973	0.7661	0.7554	0.7608	0.986	0.721	0.2659	0.3885	1.613
cosine	twin	0.0	0.98	5	0.2	0	3.23	2007	1.558	1288	1270	971	0.7646	0.7539	0.7592	0.986	0.7207	0.265	0.3875	1.558
cosine	twin	0.0	0.98	5	0.3	0	3.23	1896	1.478	1288	1264	968	0.7658	0.7516	0.7586	0.9814	0.7257	0.2639	0.3871	1.478
cosine	twin	0.0	0.98	5	0.5	0	3.23	1702	1.349	1288	1240	957	0.7718	0.743	0.7571	0.9627	0.7408	0.2597	0.3846	1.349
cosine	twin	0.0	0.98	10	0.0	0	4.89	2129	1.653	1288	1271	974	0.7663	0.7562	0.7612	0.9868	0.7193	0.266	0.3884	1.653
cosine	twin	0.0	0.98	10	0.05	0	4.89	2129	1.653	1288	1271	974	0.7663	0.7562	0.7612	0.9868	0.7193	0.266	0.3884	1.653
cosine	twin	0.0	0.98	10	0.1	0	4.89	2098	1.629	1288	1270	973	0.7661	0.7554	0.7608	0.986	0.7204	0.2659	0.3884	1.629
cosine	twin	0.0	0.98	10	0.2	0	4.89	1993	1.547	1288	1270	972	0.7654	0.7547	0.76	0.986	0.7223	0.2652	0.388	1.547
cosine	twin	0.0	0.98	10	0.3	0	4.89	1899	1.48	1288	1263	969	0.7672	0.7523	0.7597	0.9806	0.7259	0.2642	0.3874	1.48
cosine	twin	0.0	0.98	10	0.5	0	4.89	1697	1.347	1288	1238	957	0.773	0.743	0.7577	0.9612	0.742	0.2596	0.3847	1.347
cosine	twin	0.0	0.98	30	0.0	0	8.32	2182	1.694	1288	1272	975	0.7665	0.757	0.7617	0.9876	0.7168	0.2668	0.3888	1.694
cosine	twin	0.0	0.98	30	0.05	0	8.32	2150	1.669	1288	1271	974	0.7663	0.7562	0.7612	0.9868	0.7185	0.2664	0.3887	1.669
cosine	twin	0.0	0.98	30	0.1	0	8.32	2090	1.623	1288	1270	973	0.7661	0.7554	0.7608	0.986	0.7199	0.2655	0.388	1.623
cosine	twin	0.0	0.98	30	0.2	0	8.32	1994	1.549	1288	1269	972	0.766	0.7547	0.7603	0.9852	0.7223	0.2653	0.388	1.549
cosine	twin	0.0	0.98	30	0.3	0	8.32	1899	1.481	1288	1263	969	0.7672	0.7523	0.7597	0.9806	0.726	0.2642	0.3874	1.481
cosine	twin	0.0	0.98	30	0.5	0	8.32	1696	1.347	1288	1237	957	0.7736	0.743	0.758	0.9604	0.7426	0.2596	0.3848	1.347
cosine	twin	0.0	0.995	5	0.0	0	2.26	1825	1.417	1288	1266	961	0.7591	0.7461	0.7525	0.9829	0.7248	0.2623	0.3852	1.417
cosine	twin	0.0	0.995	5	0.05	0	2.26	1825	1.417	1288	1266	961	0.7591	0.7461	0.7525	0.9829	0.7248	0.2623	0.3852	1.417
cosine	twin	0.0	0.995	5	0.1	0	2.26	1825	1.417	1288	1266	961	0.7591	0.7461	0.7525	0.9829	0.7248	0.2623	0.3852	1.417
cosine	twin	0.0	0.995	5	0.2	0	2.26	1819	1.412	1288	1266	961	0.7591	0.7461	0.7525	0.9829	0.7248	0.2618	0.3846	1.412
cosine	twin	0.0	0.995	5	0.3	0	2.26	1812	1.408	1288	1265	961	0.7597	0.7461	0.7528	0.9821	0.7258	0.2618	0.3848	1.408
cosine	twin	0.0	0.995	5	0.5	0	2.26	1747	1.364	1288	1259	955	0.7585	0.7415	0.7499	0.9775	0.7279	0.26	0.3832	1.364
cosine	twin	0.0	0.995	10	0.0	0	3.04	1825	1.417	1288	1266	961	0.7591	0.7461	0.7525	0.9829	0.7248	0.2623	0.3852	1.417
cosine	twin	0.0	0.995	10	0.05	0	3.04	1825	1.417	1288	1266	961	0.7591	0.7461	0.7525	0.9829	0.7248	0.2623	0.3852	1.417
cosine	twin	0.0	0.995	10	0.1	0	3.04	1825	1.417	1288	1266	961	0.7591	0.7461	0.7525	0.9829	0.7248	0.2623	0.3852	1.417
cosine	twin	0.0	0.995	10	0.2	0	3.04	1817	1.411	1288	1266	961	0.7591	0.7461	0.7525	0.9829	0.7248	0.2618	0.3846	1.411
cosine	twin	0.0	0.995	10	0.3	0	3.04	1812	1.408	1288	1265	961	0.7597	0.7461	0.7528	0.9821	0.7258	0.2618	0.3848	1.408
cosine	twin	0.0	0.995	10	0.5	0	3.04	1750	1.365	1288	1260	955	0.7579	0.7415	0.7496	0.9783	0.7273	0.26	0.3831	1.365
cosine	twin	0.0	0.995	30	0.0	0	3.88	1827	1.418	1288	1266	961	0.7591	0.7461	0.7525	0.9829	0.7244	0.2623	0.3851	1.418
cosine	twin	0.0	0.995	30	0.05	0	3.88	1826	1.418	1288	1266	961	0.7591	0.7461	0.7525	0.9829	0.7244	0.2623	0.3851	1.418
cosine	twin	0.0	0.995	30	0.1	0	3.88	1824	1.416	1288	1266	961	0.7591	0.7461	0.7525	0.9829	0.7248	0.2623	0.3852	1.416
cosine	twin	0.0	0.995	30	0.2	0	3.88	1817	1.411	1288	1266	961	0.7591	0.7461	0.7525	0.9829	0.7248	0.2618	0.3846	1.411
cosine	twin	0.0	0.995	30	0.3	0	3.88	1812	1.408	1288	1265	961	0.7597	0.7461	0.7528	0.9821	0.7258	0.2618	0.3848	1.408
cosine	twin	0.0	0.995	30	0.5	0	3.88	1750	1.365	1288	1260	955	0.7579	0.7415	0.7496	0.9783	0.7273	0.26	0.3831	1.365
cosine	twin	0.6	0.0	5	0.0	86	4.9	2846	2.368	1288	1196	993	0.8303	0.771	0.7995	0.9286	0.6812	0.2735	0.3903	2.368
cosine	twin	0.6	0.0	5	0.05	86	4.9	2846	2.368	1288	1196	993	0.8303	0.771	0.7995	0.9286	0.6812	0.2735	0.3903	2.368
cosine	twin	0.6	0.0	5	0.1	86	4.9	2846	2.368	1288	1196	993	0.8303	0.771	0.7995	0.9286	0.6812	0.2735	0.3903	2.368
cosine	twin	0.6	0.0	5	0.2	86	4.9	2196	1.827	1288	1194	980	0.8208	0.7609	0.7897	0.927	0.7241	0.2686	0.3918	1.827
cosine	twin	0.6	0.0	5	0.3	86	4.9	1851	1.559	1288	1175	918	0.7813	0.7127	0.7454	0.9123	0.7196	0.2466	0.3674	1.559
cosine	twin	0.6	0.0	5	0.5	86	4.9	1434	1.329	1288	1065	854	0.8019	0.663	0.7259	0.8269	0.7737	0.2296	0.3542	1.329
cosine	twin	0.6	0.0	10	0.0	86	9.58	4025	3.349	1288	1197	998	0.8338	0.7748	0.8032	0.9293	0.6261	0.2765	0.3836	3.349
cosine	twin	0.6	0.0	10	0.05	86	9.58	4025	3.349	1288	1197	998	0.8338	0.7748	0.8032	0.9293	0.6261	0.2765	0.3836	3.349
cosine	twin	0.6	0.0	10	0.1	86	9.58	3068	2.552	1288	1195	992	0.8301	0.7702	0.799	0.9278	0.666	0.273	0.3873	2.552
cosine	twin	0.6	0.0	10	0.2	86	9.58	2176	1.819	1288	1187	928	0.7818	0.7205	0.7499	0.9216	0.6841	0.2499	0.3661	1.819
cosine	twin	0.6	0.0	10	0.3	86	9.58	1806	1.566	1288	1138	872	0.7663	0.677	0.7189	0.8835	0.7053	0.2343	0.3518	1.566
cosine	twin	0.6	0.0	10	0.5	86	9.58	1341	1.325	1288	1000	802	0.802	0.6227	0.701	0.7764	0.7758	0.2147	0.3364	1.325
cosine	twin	0.6	0.0	30	0.0	86	26.66	7245	6.027	1288	1198	1007	0.8406	0.7818	0.8101	0.9301	0.5303	0.2816	0.3678	6.027
cosine	twin	0.6	0.0	30	0.05	86	26.66	4618	3.842	1288	1197	958	0.8003	0.7438	0.771	0.9293	0.5618	0.261	0.3564	3.842
cosine	twin	0.6	0.0	30	0.1	86	26.66	3136	2.613	1288	1194	899	0.7529	0.698	0.7244	0.927	0.5914	0.2439	0.3453	2.613
cosine	twin	0.6	0.0	30	0.2	86	26.66	2050	1.745	1288	1163	834	0.7171	0.6475	0.6805	0.903	0.6176	0.2243	0.329	1.745
cosine	twin	0.6	0.0	30	0.3	86	26.66	1623	1.449	1288	1104	785	0.7111	0.6095	0.6564	0.8571	0.6564	0.2095	0.3177	1.449
cosine	twin	0.6	0.0	30	0.5	86	26.66	1241	1.291	1288	948	724	0.7637	0.5621	0.6476	0.736	0.737	0.191	0.3034	1.291
cosine	twin	0.6	0.9	5	0.0	86	4.39	2404	2.0	1288	1194	993	0.8317	0.771	0.8002	0.927	0.7428	0.2729	0.3992	2.0
cosine	twin	0.6	0.9	5	0.05	86	4.39	2404	2.0	1288	1194	993	0.8317	0.771	0.8002	0.927	0.7428	0.2729	0.3992	2.0
cosine	twin	0.6	0.9	5	0.1	86	4.39	2404	2.0	1288	1194	993	0.8317	0.771	0.8002	0.927	0.7428	0.2729	0.3992	2.0
cosine	twin	0.6	0.9	5	0.2	86	4.39	2038	1.696	1288	1192	981	0.823	0.7616	0.7911	0.9255	0.7538	0.2683	0.3957	1.696
cosine	twin	0.6	0.9	5	0.3	86	4.39	1775	1.49	1288	1178	952	0.8081	0.7391	0.7721	0.9146	0.7602	0.2563	0.3834	1.49
cosine	twin	0.6	0.9	5	0.5	86	4.39	1480	1.316	1288	1112	919	0.8264	0.7135	0.7658	0.8634	0.7992	0.2484	0.379	1.316
cosine	twin	0.6	0.9	10	0.0	86	7.99	2930	2.438	1288	1195	997	0.8343	0.7741	0.8031	0.9278	0.7212	0.2742	0.3973	2.438
cosine	twin	0.6	0.9	10	0.05	86	7.99	2930	2.438	1288	1195	997	0.8343	0.7741	0.8031	0.9278	0.7212	0.2742	0.3973	2.438
cosine	twin	0.6	0.9	10	0.1	86	7.99	2562	2.131	1288	1193	992	0.8315	0.7702	0.7997	0.9262	0.7341	0.2722	0.3972	2.131
cosine	twin	0.6	0.9	10	0.2	86	7.99	1994	1.662	1288	1190	964	0.8101	0.7484	0.778	0.9239	0.7431	0.2595	0.3846	1.662
cosine	twin	0.6	0.9	10	0.3	86	7.99	1763	1.497	1288	1162	937	0.8064	0.7275	0.7649	0.9022	0.7569	0.2528	0.3791	1.497
cosine	twin	0.6	0.9	10	0.5	86	7.99	1452	1.314	1288	1094	912	0.8336	0.7081	0.7657	0.8494	0.8076	0.247	0.3783	1.314
cosine	twin	0.6	0.9	30	0.0	86	18.59	3897	3.242	1288	1196	1004	0.8395	0.7795	0.8084	0.9286	0.6998	0.2781	0.3981	3.242
cosine	twin	0.6	0.9	30	0.05	86	18.59	3085	2.567	1288	1195	989	0.8276	0.7679	0.7966	0.9278	0.71	0.2711	0.3923	2.567
cosine	twin	0.6	0.9	30	0.1	86	18.59	2469	2.059	1288	1190	965	0.8109	0.7492	0.7789	0.9239	0.7199	0.2624	0.3847	2.059
cosine	twin	0.6	0.9	30	0.2	86	18.59	1931	1.621	1288	1179	942	0.799	0.7314	0.7637	0.9154	0.7325	0.2554	0.3787	1.621
cosine	twin	0.6	0.9	30	0.3	86	18.59	1685	1.444	1288	1151	919	0.7984	0.7135	0.7536	0.8936	0.7481	0.2483	0.3729	1.444
cosine	twin	0.6	0.9	30	0.5	86	18.59	1420	1.304	1288	1076	892	0.829	0.6925	0.7547	0.8354	0.8024	0.242	0.3718	1.304
cosine	twin	0.6	0.95	5	0.0	86	3.96	2226	1.852	1288	1192	984	0.8255	0.764	0.7935	0.9255	0.7552	0.2702	0.398	1.852
cosine	twin	0.6	0.95	5	0.05	86	3.96	2226	1.852	1288	1192	984	0.8255	0.764	0.7935	0.9255	0.7552	0.2702	0.398	1.852
cosine	twin	0.6	0.95	5	0.1	86	3.96	2226	1.852	1288	1192	984	0.8255	0.764	0.7935	0.9255	0.7552	0.2702	0.398	1.852
cosine	twin	0.6	0.95	5	0.2	86	3.96	1983	1.65	1288	1191	977	0.8203	0.7585	0.7882	0.9247	0.759	0.2674	0.3954	1.65
cosine	twin	0.6	0.95	5	0.3	86	3.96	1781	1.49	1288	1184	958	0.8091	0.7438	0.7751	0.9193	0.7649	0.2593	0.3873	1.49
cosine	twin	0.6	0.95	5	0.5	86	3.96	1514	1.32	1288	1132	930	0.8216	0.722	0.7686	0.8789	0.7936	0.25	0.3802	1.32
cosine	twin	0.6	0.95	10	0.0	86	6.7	2480	2.063	1288	1193	986	0.8265	0.7655	0.7948	0.9262	0.7434	0.2709	0.3971	2.063
cosine	twin	0.6	0.95	10	0.05	86	6.7	2480	2.063	1288	1193	986	0.8265	0.7655	0.7948	0.9262	0.7434	0.2709	0.3971	2.063
cosine	twin	0.6	0.95	10	0.1	86	6.7	2333	1.941	1288	1192	985	0.8263	0.7648	0.7944	0.9255	0.7485	0.2705	0.3973	1.941
cosine	twin	0.6	0.95	10	0.2	86	6.7	1939	1.614	1288	1191	966	0.8111	0.75	0.7793	0.9247	0.7553	0.2626	0.3897	1.614
cosine	twin	0.6	0.95	10	0.3	86	6.7	1756	1.479	1288	1173	953	0.8124	0.7399	0.7745	0.9107	0.7661	0.258	0.386	1.479
cosine	twin	0.6	0.95	10	0.5	86	6.7	1511	1.321	1288	1130	927	0.8204	0.7197	0.7667	0.8773	0.7929	0.2498	0.3799	1.321
cosine	twin	0.6	0.95	30	0.0	86	13.64	2768	2.303	1288	1194	991	0.83	0.7694	0.7985	0.927	0.7378	0.2732	0.3988	2.303
cosine	twin	0.6	0.95	30	0.05	86	13.64	2509	2.087	1288	1193	984	0.8248	0.764	0.7932	0.9262	0.7413	0.2704	0.3963	2.087
cosine	twin	0.6	0.95	30	0.1	86	13.64	2282	1.899	1288	1192	982	0.8238	0.7624	0.7919	0.9255	0.7459	0.2692	0.3956	1.899
cosine	twin	0.6	0.95	30	0.2	86	13.64	1918	1.601	1288	1187	963	0.8113	0.7477	0.7782	0.9216	0.7514	0.2616	0.3881	1.601
cosine	twin	0.6	0.95	30	0.3	86	13.64	1755	1.479	1288	1174	950	0.8092	0.7376	0.7717	0.9115	0.7605	0.2569	0.384	1.479
cosine	twin	0.6	0.95	30	0.5	86	13.64	1490	1.315	1288	1118	916	0.8193	0.7112	0.7614	0.868	0.7915	0.2482	0.3779	1.315
cosine	twin	0.6	0.98	5	0.0	86	3.23	1907	1.587	1288	1190	972	0.8168	0.7547	0.7845	0.9239	0.7718	0.2655	0.3951	1.587
cosine	twin	0.6	0.98	5	0.05	86	3.23	1907	1.587	1288	1190	972	0.8168	0.7547	0.7845	0.9239	0.7718	0.2655	0.3951	1.587
cosine	twin	0.6	0.98	5	0.1	86	3.23	1907	1.587	1288	1190	972	0.8168	0.7547	0.7845	0.9239	0.7718	0.2655	0.3951	1.587
cosine	twin	0.6	0.98	5	0.2	86	3.23	1854	1.542	1288	1190	970	0.8151	0.7531	0.7829	0.9239	0.7714	0.2646	0.3941	1.542
cosine	twin	0.6	0.98	5	0.3	86	3.23	1774	1.48	1288	1186	967	0.8153	0.7508	0.7817	0.9208	0.7757	0.2635	0.3934	1.48
cosine	twin	0.6	0.98	5	0.5	86	3.23	1608	1.362	1288	1166	956	0.8199	0.7422	0.7791	0.9053	0.7908	0.2593	0.3905	1.362
cosine	twin	0.6	0.98	10	0.0	86	4.94	1955	1.626	1288	1191	973	0.817	0.7554	0.785	0.9247	0.7699	0.2656	0.395	1.626
cosine	twin	0.6	0.98	10	0.05	86	4.94	1955	1.626	1288	1191	973	0.817	0.7554	0.785	0.9247	0.7699	0.2656	0.395	1.626
cosine	twin	0.6	0.98	10	0.1	86	4.94	1926	1.602	1288	1190	972	0.8168	0.7547	0.7845	0.9239	0.7711	0.2655	0.395	1.602
cosine	twin	0.6	0.98	10	0.2	86	4.94	1844	1.534	1288	1190	971	0.816	0.7539	0.7837	0.9239	0.7731	0.2648	0.3945	1.534
cosine	twin	0.6	0.98	10	0.3	86	4.94	1777	1.483	1288	1184	968	0.8176	0.7516	0.7832	0.9193	0.7765	0.2638	0.3938	1.483
cosine	twin	0.6	0.98	10	0.5	86	4.94	1606	1.36	1288	1166	956	0.8199	0.7422	0.7791	0.9053	0.7908	0.2593	0.3905	1.36
cosine	twin	0.6	0.98	30	0.0	86	8.52	2002	1.666	1288	1192	974	0.8171	0.7562	0.7855	0.9255	0.7673	0.2664	0.3955	1.666
cosine	twin	0.6	0.98	30	0.05	86	8.52	1973	1.641	1288	1191	973	0.817	0.7554	0.785	0.9247	0.769	0.266	0.3953	1.641
cosine	twin	0.6	0.98	30	0.1	86	8.52	1923	1.6	1288	1190	972	0.8168	0.7547	0.7845	0.9239	0.7705	0.2652	0.3945	1.6
cosine	twin	0.6	0.98	30	0.2	86	8.52	1845	1.536	1288	1189	971	0.8167	0.7539	0.784	0.9231	0.7732	0.2649	0.3946	1.536
cosine	twin	0.6	0.98	30	0.3	86	8.52	1778	1.485	1288	1184	968	0.8176	0.7516	0.7832	0.9193	0.7767	0.2638	0.3938	1.485
cosine	twin	0.6	0.98	30	0.5	86	8.52	1605	1.36	1288	1165	956	0.8206	0.7422	0.7795	0.9045	0.7915	0.2593	0.3906	1.36
cosine	twin	0.6	0.995	5	0.0	86	2.31	1707	1.42	1288	1187	960	0.8088	0.7453	0.7758	0.9216	0.7758	0.2619	0.3916	1.42
cosine	twin	0.6	0.995	5	0.05	86	2.31	1707	1.42	1288	1187	960	0.8088	0.7453	0.7758	0.9216	0.7758	0.2619	0.3916	1.42
cosine	twin	0.6	0.995	5	0.1	86	2.31	1707	1.42	1288	1187	960	0.8088	0.7453	0.7758	0.9216	0.7758	0.2619	0.3916	1.42
cosine	twin	0.6	0.995	5	0.2	86	2.31	1701	1.415	1288	1187	960	0.8088	0.7453	0.7758	0.9216	0.7758	0.2614	0.391	1.415
cosine	twin	0.6	0.995	5	0.3	86	2.31	1694	1.41	1288	1186	960	0.8094	0.7453	0.7761	0.9208	0.7769	0.2614	0.3912	1.41
cosine	twin	0.6	0.995	5	0.5	86	2.31	1638	1.371	1288	1180	954	0.8085	0.7407	0.7731	0.9161	0.7794	0.2596	0.3895	1.371
cosine	twin	0.6	0.995	10	0.0	86	3.14	1707	1.42	1288	1187	960	0.8088	0.7453	0.7758	0.9216	0.7758	0.2619	0.3916	1.42
cosine	twin	0.6	0.995	10	0.05	86	3.14	1707	1.42	1288	1187	960	0.8088	0.7453	0.7758	0.9216	0.7758	0.2619	0.3916	1.42
cosine	twin	0.6	0.995	10	0.1	86	3.14	1707	1.42	1288	1187	960	0.8088	0.7453	0.7758	0.9216	0.7758	0.2619	0.3916	1.42
cosine	twin	0.6	0.995	10	0.2	86	3.14	1699	1.413	1288	1187	960	0.8088	0.7453	0.7758	0.9216	0.7758	0.2614	0.391	1.413
cosine	twin	0.6	0.995	10	0.3	86	3.14	1694	1.41	1288	1186	960	0.8094	0.7453	0.7761	0.9208	0.7769	0.2614	0.3912	1.41
cosine	twin	0.6	0.995	10	0.5	86	3.14	1641	1.372	1288	1181	954	0.8078	0.7407	0.7728	0.9169	0.7788	0.2596	0.3894	1.372
cosine	twin	0.6	0.995	30	0.0	86	4.04	1709	1.422	1288	1187	960	0.8088	0.7453	0.7758	0.9216	0.7754	0.2619	0.3915	1.422
cosine	twin	0.6	0.995	30	0.05	86	4.04	1708	1.421	1288	1187	960	0.8088	0.7453	0.7758	0.9216	0.7754	0.2619	0.3915	1.421
cosine	twin	0.6	0.995	30	0.1	86	4.04	1706	1.419	1288	1187	960	0.8088	0.7453	0.7758	0.9216	0.7758	0.2619	0.3916	1.419
cosine	twin	0.6	0.995	30	0.2	86	4.04	1699	1.413	1288	1187	960	0.8088	0.7453	0.7758	0.9216	0.7758	0.2614	0.391	1.413
cosine	twin	0.6	0.995	30	0.3	86	4.04	1694	1.41	1288	1186	960	0.8094	0.7453	0.7761	0.9208	0.7769	0.2614	0.3912	1.41
cosine	twin	0.6	0.995	30	0.5	86	4.04	1641	1.372	1288	1181	954	0.8078	0.7407	0.7728	0.9169	0.7788	0.2596	0.3894	1.372
cosine	twin	0.65	0.0	5	0.0	138	4.83	2603	2.263	1288	1146	991	0.8647	0.7694	0.8143	0.8898	0.7238	0.2726	0.3961	2.263
cosine	twin	0.65	0.0	5	0.05	138	4.83	2603	2.263	1288	1146	991	0.8647	0.7694	0.8143	0.8898	0.7238	0.2726	0.3961	2.263
cosine	twin	0.65	0.0	5	0.1	138	4.83	2603	2.263	1288	1146	991	0.8647	0.7694	0.8143	0.8898	0.7238	0.2726	0.3961	2.263
cosine	twin	0.65	0.0	5	0.2	138	4.83	2060	1.791	1288	1144	980	0.8566	0.7609	0.8059	0.8882	0.7612	0.2686	0.397	1.791
cosine	twin	0.65	0.0	5	0.3	138	4.83	1763	1.546	1288	1130	927	0.8204	0.7197	0.7667	0.8773	0.7584	0.2501	0.3762	1.546
cosine	twin	0.65	0.0	5	0.5	138	4.83	1396	1.33	1288	1038	865	0.8333	0.6716	0.7438	0.8059	0.8055	0.2325	0.3608	1.33
cosine	twin	0.65	0.0	10	0.0	138	9.34	3585	3.117	1288	1147	995	0.8675	0.7725	0.8172	0.8905	0.6713	0.2747	0.3898	3.117
cosine	twin	0.65	0.0	10	0.05	138	9.34	3585	3.117	1288	1147	995	0.8675	0.7725	0.8172	0.8905	0.6713	0.2747	0.3898	3.117
cosine	twin	0.65	0.0	10	0.1	138	9.34	2838	2.468	1288	1145	990	0.8646	0.7686	0.8138	0.889	0.7047	0.272	0.3925	2.468
cosine	twin	0.65	0.0	10	0.2	138	9.34	2078	1.81	1288	1141	935	0.8195	0.7259	0.7699	0.8859	0.7234	0.2526	0.3745	1.81
cosine	twin	0.65	0.0	10	0.3	138	9.34	1745	1.566	1288	1102	884	0.8022	0.6863	0.7397	0.8556	0.7427	0.2388	0.3614	1.566
cosine	twin	0.65	0.0	10	0.5	138	9.34	1329	1.33	1288	989	823	0.8322	0.639	0.7229	0.7679	0.8069	0.2199	0.3456	1.33
cosine	twin	0.65	0.0	30	0.0	138	25.11	5926	5.153	1288	1148	1003	0.8737	0.7787	0.8235	0.8913	0.585	0.2792	0.378	5.153
cosine	twin	0.65	0.0	30	0.05	138	25.11	4119	3.582	1288	1147	968	0.8439	0.7516	0.7951	0.8905	0.6133	0.2648	0.3699	3.582
cosine	twin	0.65	0.0	30	0.1	138	25.11	2955	2.574	1288	1144	922	0.8059	0.7158	0.7582	0.8882	0.6429	0.2508	0.3608	2.574
cosine	twin	0.65	0.0	30	0.2	138	25.11	1987	1.754	1288	1124	860	0.7651	0.6677	0.7131	0.8727	0.6719	0.2324	0.3454	1.754
cosine	twin	0.65	0.0	30	0.3	138	25.11	1576	1.446	1288	1076	815	0.7574	0.6328	0.6895	0.8354	0.7032	0.2186	0.3335	1.446
cosine	twin	0.65	0.0	30	0.5	138	25.11	1232	1.279	1288	950	755	0.7947	0.5862	0.6747	0.7376	0.7689	0.1994	0.3167	1.279
cosine	twin	0.65	0.9	5	0.0	138	4.37	2233	1.942	1288	1144	991	0.8663	0.7694	0.815	0.8882	0.7766	0.272	0.4029	1.942
cosine	twin	0.65	0.9	5	0.05	138	4.37	2233	1.942	1288	1144	991	0.8663	0.7694	0.815	0.8882	0.7766	0.272	0.4029	1.942
cosine	twin	0.65	0.9	5	0.1	138	4.37	2233	1.942	1288	1144	991	0.8663	0.7694	0.815	0.8882	0.7766	0.272	0.4029	1.942
cosine	twin	0.65	0.9	5	0.2	138	4.37	1917	1.667	1288	1142	981	0.859	0.7616	0.8074	0.8866	0.7879	0.2683	0.4003	1.667
cosine	twin	0.65	0.9	5	0.3	138	4.37	1684	1.476	1288	1130	954	0.8442	0.7407	0.7891	0.8773	0.7941	0.2579	0.3893	1.476
cosine	twin	0.65	0.9	5	0.5	138	4.37	1430	1.317	1288	1075	919	0.8549	0.7135	0.7778	0.8346	0.8279	0.2484	0.3821	1.317
cosine	twin	0.65	0.9	10	0.0	138	7.92	2689	2.338	1288	1145	995	0.869	0.7725	0.8179	0.889	0.7544	0.2732	0.4011	2.338
cosine	twin	0.65	0.9	10	0.05	138	7.92	2689	2.338	1288	1145	995	0.869	0.7725	0.8179	0.889	0.7544	0.2732	0.4011	2.338
cosine	twin	0.65	0.9	10	0.1	138	7.92	2353	2.046	1288	1143	990	0.8661	0.7686	0.8145	0.8874	0.7676	0.2712	0.4008	2.046
cosine	twin	0.65	0.9	10	0.2	138	7.92	1901	1.654	1288	1141	966	0.8466	0.75	0.7954	0.8859	0.7769	0.261	0.3907	1.654
cosine	twin	0.65	0.9	10	0.3	138	7.92	1684	1.493	1288	1115	939	0.8422	0.729	0.7815	0.8657	0.7915	0.2544	0.385	1.493
cosine	twin	0.65	0.9	10	0.5	138	7.92	1417	1.321	1288	1064	912	0.8571	0.7081	0.7755	0.8261	0.8317	0.247	0.3809	1.321
cosine	twin	0.65	0.9	30	0.0	138	18.45	3544	3.082	1288	1146	1001	0.8735	0.7772	0.8225	0.8898	0.7323	0.2769	0.4018	3.082
cosine	twin	0.65	0.9	30	0.05	138	18.45	2820	2.452	1288	1145	988	0.8629	0.7671	0.8122	0.889	0.7431	0.27	0.3961	2.452
cosine	twin	0.65	0.9	30	0.1	138	18.45	2302	2.005	1288	1141	966	0.8466	0.75	0.7954	0.8859	0.7528	0.263	0.3898	2.005
cosine	twin	0.65	0.9	30	0.2	138	18.45	1846	1.621	1288	1130	944	0.8354	0.7329	0.7808	0.8773	0.7668	0.2569	0.3849	1.621
cosine	twin	0.65	0.9	30	0.3	138	18.45	1621	1.447	1288	1106	921	0.8327	0.7151	0.7694	0.8587	0.7806	0.2499	0.3786	1.447
cosine	twin	0.65	0.9	30	0.5	138	18.45	1386	1.31	1288	1047	892	0.852	0.6925	0.764	0.8129	0.8259	0.242	0.3743	1.31
cosine	twin	0.65	0.95	5	0.0	138	3.96	2091	1.818	1288	1143	984	0.8609	0.764	0.8095	0.8874	0.7893	0.2702	0.4026	1.818
cosine	twin	0.65	0.95	5	0.05	138	3.96	2091	1.818	1288	1143	984	0.8609	0.764	0.8095	0.8874	0.7893	0.2702	0.4026	1.818
cosine	twin	0.65	0.95	5	0.1	138	3.96	2091	1.818	1288	1143	984	0.8609	0.764	0.8095	0.8874	0.7893	0.2702	0.4026	1.818
cosine	twin	0.65	0.95	5	0.2	138	3.96	1871	1.627	1288	1142	977	0.8555	0.7585	0.8041	0.8866	0.7933	0.2674	0.4	1.627
cosine	twin	0.65	0.95	5	0.3	138	3.96	1682	1.47	1288	1136	958	0.8433	0.7438	0.7904	0.882	0.799	0.2593	0.3916	1.47
cosine	twin	0.65	0.95	5	0.5	138	3.96	1450	1.319	1288	1087	930	0.8556	0.722	0.7832	0.8439	0.8283	0.25	0.3841	1.319
cosine	twin	0.65	0.95	10	0.0	138	6.72	2312	2.01	1288	1144	986	0.8619	0.7655	0.8109	0.8882	0.7773	0.2709	0.4018	2.01
cosine	twin	0.65	0.95	10	0.05	138	6.72	2312	2.01	1288	1144	986	0.8619	0.7655	0.8109	0.8882	0.7773	0.2709	0.4018	2.01
cosine	twin	0.65	0.95	10	0.1	138	6.72	2170	1.887	1288	1143	985	0.8618	0.7648	0.8104	0.8874	0.7826	0.2705	0.402	1.887
cosine	twin	0.65	0.95	10	0.2	138	6.72	1838	1.598	1288	1143	966	0.8451	0.75	0.7947	0.8874	0.7888	0.2626	0.394	1.598
cosine	twin	0.65	0.95	10	0.3	138	6.72	1665	1.466	1288	1126	953	0.8464	0.7399	0.7896	0.8742	0.8005	0.258	0.3902	1.466
cosine	twin	0.65	0.95	10	0.5	138	6.72	1450	1.321	1288	1087	927	0.8528	0.7197	0.7806	0.8439	0.8262	0.2498	0.3836	1.321
cosine	twin	0.65	0.95	30	0.0	138	13.76	2594	2.256	1288	1145	991	0.8655	0.7694	0.8146	0.889	0.7715	0.2732	0.4035	2.256
cosine	twin	0.65	0.95	30	0.05	138	13.76	2338	2.033	1288	1144	984	0.8601	0.764	0.8092	0.8882	0.7751	0.2704	0.401	2.033
cosine	twin	0.65	0.95	30	0.1	138	13.76	2132	1.854	1288	1143	982	0.8591	0.7624	0.8079	0.8874	0.7799	0.2692	0.4002	1.854
cosine	twin	0.65	0.95	30	0.2	138	13.76	1817	1.584	1288	1139	963	0.8455	0.7477	0.7936	0.8843	0.7848	0.2616	0.3924	1.584
cosine	twin	0.65	0.95	30	0.3	138	13.76	1665	1.466	1288	1127	950	0.8429	0.7376	0.7867	0.875	0.7947	0.2569	0.3882	1.466
cosine	twin	0.65	0.95	30	0.5	138	13.76	1429	1.315	1288	1075	916	0.8521	0.7112	0.7753	0.8346	0.825	0.2482	0.3816	1.315
cosine	twin	0.65	0.98	5	0.0	138	3.26	1813	1.577	1288	1141	972	0.8519	0.7547	0.8003	0.8859	0.8067	0.2655	0.3995	1.577
cosine	twin	0.65	0.98	5	0.05	138	3.26	1813	1.577	1288	1141	972	0.8519	0.7547	0.8003	0.8859	0.8067	0.2655	0.3995	1.577
cosine	twin	0.65	0.98	5	0.1	138	3.26	1813	1.577	1288	1141	972	0.8519	0.7547	0.8003	0.8859	0.8067	0.2655	0.3995	1.577
cosine	twin	0.65	0.98	5	0.2	138	3.26	1760	1.53	1288	1141	970	0.8501	0.7531	0.7987	0.8859	0.8063	0.2646	0.3985	1.53
cosine	twin	0.65	0.98	5	0.3	138	3.26	1684	1.468	1288	1137	967	0.8505	0.7508	0.7975	0.8828	0.8109	0.2635	0.3978	1.468
cosine	twin	0.65	0.98	5	0.5	138	3.26	1536	1.359	1288	1118	956	0.8551	0.7422	0.7947	0.868	0.8265	0.2593	0.3948	1.359
cosine	twin	0.65	0.98	10	0.0	138	5.03	1861	1.618	1288	1142	973	0.852	0.7554	0.8008	0.8866	0.8047	0.2656	0.3994	1.618
cosine	twin	0.65	0.98	10	0.05	138	5.03	1861	1.618	1288	1142	973	0.852	0.7554	0.8008	0.8866	0.8047	0.2656	0.3994	1.618
cosine	twin	0.65	0.98	10	0.1	138	5.03	1832	1.593	1288	1141	972	0.8519	0.7547	0.8003	0.8859	0.806	0.2655	0.3994	1.593
cosine	twin	0.65	0.98	10	0.2	138	5.03	1750	1.522	1288	1141	971	0.851	0.7539	0.7995	0.8859	0.8081	0.2648	0.3989	1.522
cosine	twin	0.65	0.98	10	0.3	138	5.03	1687	1.472	1288	1135	968	0.8529	0.7516	0.799	0.8812	0.8118	0.2638	0.3982	1.472
cosine	twin	0.65	0.98	10	0.5	138	5.03	1534	1.358	1288	1118	956	0.8551	0.7422	0.7947	0.868	0.8265	0.2593	0.3947	1.358
cosine	twin	0.65	0.98	30	0.0	138	8.75	1908	1.659	1288	1143	974	0.8521	0.7562	0.8013	0.8874	0.802	0.2664	0.3999	1.659
cosine	twin	0.65	0.98	30	0.05	138	8.75	1879	1.634	1288	1142	973	0.852	0.7554	0.8008	0.8866	0.8038	0.266	0.3997	1.634
cosine	twin	0.65	0.98	30	0.1	138	8.75	1829	1.59	1288	1141	972	0.8519	0.7547	0.8003	0.8859	0.8054	0.2652	0.399	1.59
cosine	twin	0.65	0.98	30	0.2	138	8.75	1751	1.524	1288	1140	971	0.8518	0.7539	0.7998	0.8851	0.8082	0.2649	0.399	1.524
cosine	twin	0.65	0.98	30	0.3	138	8.75	1688	1.474	1288	1135	968	0.8529	0.7516	0.799	0.8812	0.812	0.2638	0.3982	1.474
cosine	twin	0.65	0.98	30	0.5	138	8.75	1533	1.358	1288	1117	956	0.8559	0.7422	0.795	0.8672	0.8272	0.2593	0.3948	1.358
cosine	twin	0.65	0.995	5	0.0	138	2.33	1632	1.419	1288	1138	960	0.8436	0.7453	0.7914	0.8835	0.8109	0.2619	0.3959	1.419
cosine	twin	0.65	0.995	5	0.05	138	2.33	1632	1.419	1288	1138	960	0.8436	0.7453	0.7914	0.8835	0.8109	0.2619	0.3959	1.419
cosine	twin	0.65	0.995	5	0.1	138	2.33	1632	1.419	1288	1138	960	0.8436	0.7453	0.7914	0.8835	0.8109	0.2619	0.3959	1.419
cosine	twin	0.65	0.995	5	0.2	138	2.33	1626	1.414	1288	1138	960	0.8436	0.7453	0.7914	0.8835	0.8109	0.2614	0.3953	1.414
cosine	twin	0.65	0.995	5	0.3	138	2.33	1619	1.409	1288	1137	960	0.8443	0.7453	0.7918	0.8828	0.8121	0.2614	0.3955	1.409
cosine	twin	0.65	0.995	5	0.5	138	2.33	1565	1.369	1288	1131	954	0.8435	0.7407	0.7888	0.8781	0.8149	0.2596	0.3938	1.369
cosine	twin	0.65	0.995	10	0.0	138	3.2	1632	1.419	1288	1138	960	0.8436	0.7453	0.7914	0.8835	0.8109	0.2619	0.3959	1.419
cosine	twin	0.65	0.995	10	0.05	138	3.2	1632	1.419	1288	1138	960	0.8436	0.7453	0.7914	0.8835	0.8109	0.2619	0.3959	1.419
cosine	twin	0.65	0.995	10	0.1	138	3.2	1632	1.419	1288	1138	960	0.8436	0.7453	0.7914	0.8835	0.8109	0.2619	0.3959	1.419
cosine	twin	0.65	0.995	10	0.2	138	3.2	1624	1.412	1288	1138	960	0.8436	0.7453	0.7914	0.8835	0.8109	0.2614	0.3953	1.412
cosine	twin	0.65	0.995	10	0.3	138	3.2	1619	1.409	1288	1137	960	0.8443	0.7453	0.7918	0.8828	0.8121	0.2614	0.3955	1.409
cosine	twin	0.65	0.995	10	0.5	138	3.2	1568	1.371	1288	1132	954	0.8428	0.7407	0.7884	0.8789	0.8142	0.2596	0.3937	1.371
cosine	twin	0.65	0.995	30	0.0	138	4.14	1634	1.421	1288	1138	960	0.8436	0.7453	0.7914	0.8835	0.8105	0.2619	0.3959	1.421
cosine	twin	0.65	0.995	30	0.05	138	4.14	1633	1.42	1288	1138	960	0.8436	0.7453	0.7914	0.8835	0.8105	0.2619	0.3959	1.42
cosine	twin	0.65	0.995	30	0.1	138	4.14	1631	1.418	1288	1138	960	0.8436	0.7453	0.7914	0.8835	0.8109	0.2619	0.3959	1.418
cosine	twin	0.65	0.995	30	0.2	138	4.14	1624	1.412	1288	1138	960	0.8436	0.7453	0.7914	0.8835	0.8109	0.2614	0.3953	1.412
cosine	twin	0.65	0.995	30	0.3	138	4.14	1619	1.409	1288	1137	960	0.8443	0.7453	0.7918	0.8828	0.8121	0.2614	0.3955	1.409
cosine	twin	0.65	0.995	30	0.5	138	4.14	1568	1.371	1288	1132	954	0.8428	0.7407	0.7884	0.8789	0.8142	0.2596	0.3937	1.371
cosine	twin	0.7	0.0	5	0.0	189	4.72	2329	2.119	1288	1094	983	0.8985	0.7632	0.8254	0.8494	0.77	0.2687	0.3984	2.119
cosine	twin	0.7	0.0	5	0.05	189	4.72	2329	2.119	1288	1094	983	0.8985	0.7632	0.8254	0.8494	0.77	0.2687	0.3984	2.119
cosine	twin	0.7	0.0	5	0.1	189	4.72	2329	2.119	1288	1094	983	0.8985	0.7632	0.8254	0.8494	0.77	0.2687	0.3984	2.119
cosine	twin	0.7	0.0	5	0.2	189	4.72	1914	1.742	1288	1093	976	0.893	0.7578	0.8198	0.8486	0.803	0.266	0.3997	1.742
cosine	twin	0.7	0.0	5	0.3	189	4.72	1700	1.56	1288	1080	931	0.862	0.7228	0.7863	0.8385	0.8028	0.2509	0.3823	1.56
cosine	twin	0.7	0.0	5	0.5	189	4.72	1349	1.325	1288	1006	879	0.8738	0.6825	0.7663	0.7811	0.8451	0.2367	0.3698	1.325
cosine	twin	0.7	0.0	10	0.0	189	9.04	3138	2.855	1288	1095	986	0.9005	0.7655	0.8275	0.8502	0.7228	0.2705	0.3937	2.855
cosine	twin	0.7	0.0	10	0.05	189	9.04	3138	2.855	1288	1095	986	0.9005	0.7655	0.8275	0.8502	0.7228	0.2705	0.3937	2.855
cosine	twin	0.7	0.0	10	0.1	189	9.04	2524	2.297	1288	1093	983	0.8994	0.7632	0.8257	0.8486	0.7536	0.2684	0.3958	2.297
cosine	twin	0.7	0.0	10	0.2	189	9.04	1957	1.784	1288	1090	941	0.8633	0.7306	0.7914	0.8463	0.7715	0.2539	0.3821	1.784
cosine	twin	0.7	0.0	10	0.3	189	9.04	1676	1.565	1288	1059	898	0.848	0.6972	0.7652	0.8222	0.7902	0.2417	0.3702	1.565
cosine	twin	0.7	0.0	10	0.5	189	9.04	1306	1.333	1288	968	846	0.874	0.6568	0.75	0.7516	0.8465	0.2277	0.3589	1.333
cosine	twin	0.7	0.0	30	0.0	189	24.02	5051	4.596	1288	1096	994	0.9069	0.7717	0.8339	0.8509	0.6491	0.2749	0.3863	4.596
cosine	twin	0.7	0.0	30	0.05	189	24.02	3553	3.233	1288	1095	970	0.8858	0.7531	0.8141	0.8502	0.6788	0.2638	0.3799	3.233
cosine	twin	0.7	0.0	30	0.1	189	24.02	2650	2.416	1288	1091	929	0.8515	0.7213	0.781	0.847	0.7013	0.2518	0.3706	2.416
cosine	twin	0.7	0.0	30	0.2	189	24.02	1883	1.739	1288	1074	879	0.8184	0.6825	0.7443	0.8339	0.7295	0.2374	0.3583	1.739
cosine	twin	0.7	0.0	30	0.3	189	24.02	1585	1.5	1288	1043	847	0.8121	0.6576	0.7267	0.8098	0.7575	0.2257	0.3478	1.5
cosine	twin	0.7	0.0	30	0.5	189	24.02	1229	1.28	1288	945	793	0.8392	0.6157	0.7103	0.7337	0.8114	0.212	0.3362	1.28
cosine	twin	0.7	0.9	5	0.0	189	4.35	2039	1.855	1288	1093	983	0.8994	0.7632	0.8257	0.8486	0.811	0.2682	0.4031	1.855
cosine	twin	0.7	0.9	5	0.05	189	4.35	2039	1.855	1288	1093	983	0.8994	0.7632	0.8257	0.8486	0.811	0.2682	0.4031	1.855
cosine	twin	0.7	0.9	5	0.1	189	4.35	2039	1.855	1288	1093	983	0.8994	0.7632	0.8257	0.8486	0.811	0.2682	0.4031	1.855
cosine	twin	0.7	0.9	5	0.2	189	4.35	1800	1.638	1288	1092	977	0.8947	0.7585	0.821	0.8478	0.8238	0.2657	0.4019	1.638
cosine	twin	0.7	0.9	5	0.3	189	4.35	1626	1.49	1288	1081	951	0.8797	0.7384	0.8029	0.8393	0.829	0.2561	0.3913	1.49
cosine	twin	0.7	0.9	5	0.5	189	4.35	1364	1.31	1288	1031	917	0.8894	0.712	0.7909	0.8005	0.8623	0.2479	0.3851	1.31
cosine	twin	0.7	0.9	10	0.0	189	7.91	2445	2.225	1288	1094	986	0.9013	0.7655	0.8279	0.8494	0.7877	0.2693	0.4013	2.225
cosine	twin	0.7	0.9	10	0.05	189	7.91	2445	2.225	1288	1094	986	0.9013	0.7655	0.8279	0.8494	0.7877	0.2693	0.4013	2.225
cosine	twin	0.7	0.9	10	0.1	189	7.91	2148	1.955	1288	1092	983	0.9002	0.7632	0.8261	0.8478	0.802	0.2677	0.4014	1.955
cosine	twin	0.7	0.9	10	0.2	189	7.91	1793	1.633	1288	1091	964	0.8836	0.7484	0.8104	0.847	0.8132	0.2596	0.3936	1.633
cosine	twin	0.7	0.9	10	0.3	189	7.91	1607	1.488	1288	1068	936	0.8764	0.7267	0.7946	0.8292	0.8251	0.2526	0.3868	1.488
cosine	twin	0.7	0.9	10	0.5	189	7.91	1355	1.314	1288	1022	910	0.8904	0.7065	0.7879	0.7935	0.8642	0.2466	0.3837	1.314
cosine	twin	0.7	0.9	30	0.0	189	18.63	3262	2.968	1288	1095	992	0.9059	0.7702	0.8326	0.8502	0.7649	0.273	0.4024	2.968
cosine	twin	0.7	0.9	30	0.05	189	18.63	2562	2.331	1288	1094	980	0.8958	0.7609	0.8228	0.8494	0.7765	0.2669	0.3972	2.331
cosine	twin	0.7	0.9	30	0.1	189	18.63	2108	1.922	1288	1090	960	0.8807	0.7453	0.8074	0.8463	0.7867	0.2606	0.3915	1.922
cosine	twin	0.7	0.9	30	0.2	189	18.63	1757	1.613	1288	1081	942	0.8714	0.7314	0.7953	0.8393	0.8028	0.2555	0.3877	1.613
cosine	twin	0.7	0.9	30	0.3	189	18.63	1573	1.466	1288	1060	918	0.866	0.7127	0.7819	0.823	0.8132	0.2481	0.3803	1.466
cosine	twin	0.7	0.9	30	0.5	189	18.63	1329	1.306	1288	1007	890	0.8838	0.691	0.7756	0.7818	0.8569	0.2415	0.3768	1.306
cosine	twin	0.7	0.95	5	0.0	189	3.96	1909	1.737	1288	1092	976	0.8938	0.7578	0.8202	0.8478	0.8237	0.2663	0.4025	1.737
cosine	twin	0.7	0.95	5	0.05	189	3.96	1909	1.737	1288	1092	976	0.8938	0.7578	0.8202	0.8478	0.8237	0.2663	0.4025	1.737
cosine	twin	0.7	0.95	5	0.1	189	3.96	1909	1.737	1288	1092	976	0.8938	0.7578	0.8202	0.8478	0.8237	0.2663	0.4025	1.737
cosine	twin	0.7	0.95	5	0.2	189	3.96	1758	1.6	1288	1092	973	0.891	0.7554	0.8176	0.8478	0.8288	0.2649	0.4014	1.6
cosine	twin	0.7	0.95	5	0.3	189	3.96	1620	1.481	1288	1087	955	0.8786	0.7415	0.8042	0.8439	0.8345	0.2576	0.3937	1.481
cosine	twin	0.7	0.95	5	0.5	189	3.96	1386	1.314	1288	1044	929	0.8898	0.7213	0.7967	0.8106	0.8619	0.2498	0.3874	1.314
cosine	twin	0.7	0.95	10	0.0	189	6.76	2114	1.924	1288	1093	978	0.8948	0.7593	0.8215	0.8486	0.8112	0.2671	0.4018	1.924
cosine	twin	0.7	0.95	10	0.05	189	6.76	2114	1.924	1288	1093	978	0.8948	0.7593	0.8215	0.8486	0.8112	0.2671	0.4018	1.924
cosine	twin	0.7	0.95	10	0.1	189	6.76	1979	1.801	1288	1092	977	0.8947	0.7585	0.821	0.8478	0.8167	0.2666	0.402	1.801
cosine	twin	0.7	0.95	10	0.2	189	6.76	1734	1.578	1288	1092	963	0.8819	0.7477	0.8092	0.8478	0.8246	0.2609	0.3963	1.578
cosine	twin	0.7	0.95	10	0.3	189	6.76	1603	1.477	1288	1076	950	0.8829	0.7376	0.8037	0.8354	0.8371	0.2562	0.3924	1.477
cosine	twin	0.7	0.95	10	0.5	189	6.76	1387	1.316	1288	1043	926	0.8878	0.7189	0.7945	0.8098	0.8597	0.2496	0.3869	1.316
cosine	twin	0.7	0.95	30	0.0	189	14.01	2392	2.177	1288	1094	983	0.8985	0.7632	0.8254	0.8494	0.805	0.2693	0.4036	2.177
cosine	twin	0.7	0.95	30	0.05	189	14.01	2137	1.944	1288	1093	976	0.893	0.7578	0.8198	0.8486	0.8088	0.2666	0.401	1.944
cosine	twin	0.7	0.95	30	0.1	189	14.01	1951	1.775	1288	1092	974	0.8919	0.7562	0.8185	0.8478	0.8139	0.2653	0.4002	1.775
cosine	twin	0.7	0.95	30	0.2	189	14.01	1713	1.563	1288	1088	960	0.8824	0.7453	0.8081	0.8447	0.8205	0.2598	0.3947	1.563
cosine	twin	0.7	0.95	30	0.3	189	14.01	1601	1.476	1288	1077	947	0.8793	0.7352	0.8008	0.8362	0.831	0.2551	0.3904	1.476
cosine	twin	0.7	0.95	30	0.5	189	14.01	1367	1.309	1288	1032	915	0.8866	0.7104	0.7888	0.8012	0.8581	0.248	0.3848	1.309
cosine	twin	0.7	0.98	5	0.0	189	3.3	1707	1.553	1288	1090	969	0.889	0.7523	0.815	0.8463	0.8419	0.2638	0.4017	1.553
cosine	twin	0.7	0.98	5	0.05	189	3.3	1707	1.553	1288	1090	969	0.889	0.7523	0.815	0.8463	0.8419	0.2638	0.4017	1.553
cosine	twin	0.7	0.98	5	0.1	189	3.3	1707	1.553	1288	1090	969	0.889	0.7523	0.815	0.8463	0.8419	0.2638	0.4017	1.553
cosine	twin	0.7	0.98	5	0.2	189	3.3	1663	1.513	1288	1090	967	0.8872	0.7508	0.8133	0.8463	0.8414	0.2629	0.4006	1.513
cosine	twin	0.7	0.98	5	0.3	189	3.3	1592	1.453	1288	1087	964	0.8868	0.7484	0.8118	0.8439	0.8464	0.2618	0.3999	1.453
cosine	twin	0.7	0.98	5	0.5	189	3.3	1466	1.357	1288	1069	954	0.8924	0.7407	0.8095	0.83	0.8629	0.2583	0.3976	1.357
cosine	twin	0.7	0.98	10	0.0	189	5.11	1750	1.592	1288	1091	970	0.8891	0.7531	0.8155	0.847	0.8398	0.2639	0.4016	1.592
cosine	twin	0.7	0.98	10	0.05	189	5.11	1750	1.592	1288	1091	970	0.8891	0.7531	0.8155	0.847	0.8398	0.2639	0.4016	1.592
cosine	twin	0.7	0.98	10	0.1	189	5.11	1721	1.566	1288	1090	969	0.889	0.7523	0.815	0.8463	0.8411	0.2638	0.4016	1.566
cosine	twin	0.7	0.98	10	0.2	189	5.11	1653	1.504	1288	1090	968	0.8881	0.7516	0.8141	0.8463	0.8433	0.2631	0.401	1.504
cosine	twin	0.7	0.98	10	0.3	189	5.11	1595	1.457	1288	1085	965	0.8894	0.7492	0.8133	0.8424	0.8473	0.2621	0.4003	1.457
cosine	twin	0.7	0.98	10	0.5	189	5.11	1464	1.356	1288	1069	954	0.8924	0.7407	0.8095	0.83	0.8629	0.2583	0.3976	1.356
cosine	twin	0.7	0.98	30	0.0	189	8.97	1796	1.634	1288	1092	971	0.8892	0.7539	0.816	0.8478	0.8369	0.2646	0.4021	1.634
cosine	twin	0.7	0.98	30	0.05	189	8.97	1768	1.609	1288	1091	970	0.8891	0.7531	0.8155	0.847	0.8388	0.2643	0.4019	1.609
cosine	twin	0.7	0.98	30	0.1	189	8.97	1718	1.563	1288	1090	969	0.889	0.7523	0.815	0.8463	0.8405	0.2634	0.4011	1.563
cosine	twin	0.7	0.98	30	0.2	189	8.97	1654	1.506	1288	1089	968	0.8889	0.7516	0.8145	0.8455	0.8434	0.2631	0.4011	1.506
cosine	twin	0.7	0.98	30	0.3	189	8.97	1596	1.459	1288	1085	965	0.8894	0.7492	0.8133	0.8424	0.8476	0.262	0.4003	1.459
cosine	twin	0.7	0.98	30	0.5	189	8.97	1463	1.356	1288	1068	954	0.8933	0.7407	0.8098	0.8292	0.8637	0.2583	0.3976	1.356
cosine	twin	0.7	0.995	5	0.0	189	2.37	1556	1.416	1288	1088	957	0.8796	0.743	0.8056	0.8447	0.8463	0.2601	0.398	1.416
cosine	twin	0.7	0.995	5	0.05	189	2.37	1556	1.416	1288	1088	957	0.8796	0.743	0.8056	0.8447	0.8463	0.2601	0.398	1.416
cosine	twin	0.7	0.995	5	0.1	189	2.37	1556	1.416	1288	1088	957	0.8796	0.743	0.8056	0.8447	0.8463	0.2601	0.398	1.416
cosine	twin	0.7	0.995	5	0.2	189	2.37	1550	1.41	1288	1088	957	0.8796	0.743	0.8056	0.8447	0.8463	0.2596	0.3974	1.41
cosine	twin	0.7	0.995	5	0.3	189	2.37	1543	1.405	1288	1087	957	0.8804	0.743	0.8059	0.8439	0.8475	0.2596	0.3975	1.405
cosine	twin	0.7	0.995	5	0.5	189	2.37	1493	1.367	1288	1081	951	0.8797	0.7384	0.8029	0.8393	0.8502	0.2579	0.3957	1.367
cosine	twin	0.7	0.995	10	0.0	189	3.27	1556	1.416	1288	1088	957	0.8796	0.743	0.8056	0.8447	0.8463	0.2601	0.398	1.416
cosine	twin	0.7	0.995	10	0.05	189	3.27	1556	1.416	1288	1088	957	0.8796	0.743	0.8056	0.8447	0.8463	0.2601	0.398	1.416
cosine	twin	0.7	0.995	10	0.1	189	3.27	1556	1.416	1288	1088	957	0.8796	0.743	0.8056	0.8447	0.8463	0.2601	0.398	1.416
cosine	twin	0.7	0.995	10	0.2	189	3.27	1548	1.409	1288	1088	957	0.8796	0.743	0.8056	0.8447	0.8463	0.2596	0.3974	1.409
cosine	twin	0.7	0.995	10	0.3	189	3.27	1543	1.405	1288	1087	957	0.8804	0.743	0.8059	0.8439	0.8475	0.2596	0.3975	1.405
cosine	twin	0.7	0.995	10	0.5	189	3.27	1496	1.369	1288	1082	951	0.8789	0.7384	0.8025	0.8401	0.8494	0.2579	0.3956	1.369
cosine	twin	0.7	0.995	30	0.0	189	4.25	1558	1.418	1288	1088	957	0.8796	0.743	0.8056	0.8447	0.8458	0.2601	0.3979	1.418
cosine	twin	0.7	0.995	30	0.05	189	4.25	1557	1.417	1288	1088	957	0.8796	0.743	0.8056	0.8447	0.8458	0.2601	0.3979	1.417
cosine	twin	0.7	0.995	30	0.1	189	4.25	1555	1.415	1288	1088	957	0.8796	0.743	0.8056	0.8447	0.8463	0.2601	0.398	1.415
cosine	twin	0.7	0.995	30	0.2	189	4.25	1548	1.409	1288	1088	957	0.8796	0.743	0.8056	0.8447	0.8463	0.2596	0.3974	1.409
cosine	twin	0.7	0.995	30	0.3	189	4.25	1543	1.405	1288	1087	957	0.8804	0.743	0.8059	0.8439	0.8475	0.2596	0.3975	1.405
cosine	twin	0.7	0.995	30	0.5	189	4.25	1496	1.369	1288	1082	951	0.8789	0.7384	0.8025	0.8401	0.8494	0.2579	0.3956	1.369
cosine	twin	0.75	0.0	5	0.0	228	4.64	2126	2.006	1288	1054	970	0.9203	0.7531	0.8284	0.8183	0.8019	0.264	0.3972	2.006
cosine	twin	0.75	0.0	5	0.05	228	4.64	2126	2.006	1288	1054	970	0.9203	0.7531	0.8284	0.8183	0.8019	0.264	0.3972	2.006
cosine	twin	0.75	0.0	5	0.1	228	4.64	2126	2.006	1288	1054	970	0.9203	0.7531	0.8284	0.8183	0.8019	0.264	0.3972	2.006
cosine	twin	0.75	0.0	5	0.2	228	4.64	1776	1.675	1288	1053	963	0.9145	0.7477	0.8227	0.8175	0.8308	0.2615	0.3978	1.675
cosine	twin	0.75	0.0	5	0.3	228	4.64	1601	1.523	1288	1041	929	0.8924	0.7213	0.7978	0.8082	0.8347	0.2514	0.3864	1.523
cosine	twin	0.75	0.0	5	0.5	228	4.64	1314	1.325	1288	980	885	0.9031	0.6871	0.7804	0.7609	0.8726	0.2397	0.376	1.325
cosine	twin	0.75	0.0	10	0.0	228	8.76	2769	2.612	1288	1055	973	0.9223	0.7554	0.8306	0.8191	0.7629	0.2656	0.394	2.612
cosine	twin	0.75	0.0	10	0.05	228	8.76	2769	2.612	1288	1055	973	0.9223	0.7554	0.8306	0.8191	0.7629	0.2656	0.394	2.612
cosine	twin	0.75	0.0	10	0.1	228	8.76	2323	2.192	1288	1054	971	0.9213	0.7539	0.8292	0.8183	0.788	0.2638	0.3953	2.192
cosine	twin	0.75	0.0	10	0.2	228	8.76	1851	1.75	1288	1051	936	0.8906	0.7267	0.8003	0.816	0.8072	0.253	0.3853	1.75
cosine	twin	0.75	0.0	10	0.3	228	8.76	1582	1.526	1288	1025	905	0.8829	0.7026	0.7825	0.7958	0.8263	0.245	0.3779	1.526
cosine	twin	0.75	0.0	10	0.5	228	8.76	1279	1.33	1288	951	860	0.9043	0.6677	0.7682	0.7384	0.8752	0.2331	0.3682	1.33
cosine	twin	0.75	0.0	30	0.0	228	22.39	4054	3.825	1288	1056	979	0.9271	0.7601	0.8353	0.8199	0.708	0.2696	0.3905	3.825
cosine	twin	0.75	0.0	30	0.05	228	22.39	3091	2.916	1288	1055	962	0.9118	0.7469	0.8212	0.8191	0.73	0.2614	0.3849	2.916
cosine	twin	0.75	0.0	30	0.1	228	22.39	2399	2.267	1288	1052	940	0.8935	0.7298	0.8034	0.8168	0.7517	0.2547	0.3804	2.267
cosine	twin	0.75	0.0	30	0.2	228	22.39	1811	1.728	1288	1040	892	0.8577	0.6925	0.7663	0.8075	0.7729	0.2436	0.3704	1.728
cosine	twin	0.75	0.0	30	0.3	228	22.39	1503	1.471	1288	1012	864	0.8538	0.6708	0.7513	0.7857	0.8043	0.2339	0.3625	1.471
cosine	twin	0.75	0.0	30	0.5	228	22.39	1244	1.318	1288	933	819	0.8778	0.6359	0.7375	0.7244	0.8508	0.2233	0.3537	1.318
cosine	twin	0.75	0.9	5	0.0	228	4.35	1910	1.802	1288	1053	970	0.9212	0.7531	0.8287	0.8175	0.8324	0.2636	0.4004	1.802
cosine	twin	0.75	0.9	5	0.05	228	4.35	1910	1.802	1288	1053	970	0.9212	0.7531	0.8287	0.8175	0.8324	0.2636	0.4004	1.802
cosine	twin	0.75	0.9	5	0.1	228	4.35	1910	1.802	1288	1053	970	0.9212	0.7531	0.8287	0.8175	0.8324	0.2636	0.4004	1.802
cosine	twin	0.75	0.9	5	0.2	228	4.35	1691	1.595	1288	1052	964	0.9163	0.7484	0.8239	0.8168	0.8449	0.2613	0.3992	1.595
cosine	twin	0.75	0.9	5	0.3	228	4.35	1543	1.467	1288	1042	942	0.904	0.7314	0.8086	0.809	0.8525	0.2542	0.3917	1.467
cosine	twin	0.75	0.9	5	0.5	228	4.35	1329	1.318	1288	997	909	0.9117	0.7057	0.7956	0.7741	0.8826	0.2459	0.3846	1.318
cosine	twin	0.75	0.9	10	0.0	228	7.96	2297	2.167	1288	1054	973	0.9231	0.7554	0.8309	0.8183	0.8087	0.2646	0.3987	2.167
cosine	twin	0.75	0.9	10	0.05	228	7.96	2297	2.167	1288	1054	973	0.9231	0.7554	0.8309	0.8183	0.8087	0.2646	0.3987	2.167
cosine	twin	0.75	0.9	10	0.1	228	7.96	2023	1.908	1288	1053	971	0.9221	0.7539	0.8296	0.8175	0.8235	0.2632	0.399	1.908
cosine	twin	0.75	0.9	10	0.2	228	7.96	1687	1.593	1288	1051	952	0.9058	0.7391	0.814	0.816	0.8347	0.2559	0.3917	1.593
cosine	twin	0.75	0.9	10	0.3	228	7.96	1522	1.462	1288	1029	927	0.9009	0.7197	0.8002	0.7989	0.8488	0.2507	0.387	1.462
cosine	twin	0.75	0.9	10	0.5	228	7.96	1320	1.321	1288	989	902	0.912	0.7003	0.7923	0.7679	0.8838	0.2444	0.3829	1.321
cosine	twin	0.75	0.9	30	0.0	228	18.74	3027	2.856	1288	1055	978	0.927	0.7593	0.8348	0.8191	0.7856	0.2681	0.3998	2.856
cosine	twin	0.75	0.9	30	0.05	228	18.74	2429	2.292	1288	1054	967	0.9175	0.7508	0.8258	0.8183	0.7977	0.2622	0.3947	2.292
cosine	twin	0.75	0.9	30	0.1	228	18.74	1980	1.871	1288	1051	948	0.902	0.736	0.8106	0.816	0.8085	0.2567	0.3896	1.871
cosine	twin	0.75	0.9	30	0.2	228	18.74	1657	1.578	1288	1042	931	0.8935	0.7228	0.7991	0.809	0.8242	0.2516	0.3855	1.578
cosine	twin	0.75	0.9	30	0.3	228	18.74	1501	1.452	1288	1025	909	0.8868	0.7057	0.786	0.7958	0.836	0.246	0.3801	1.452
cosine	twin	0.75	0.9	30	0.5	228	18.74	1298	1.316	1288	976	882	0.9037	0.6848	0.7792	0.7578	0.8766	0.2391	0.3758	1.316
cosine	twin	0.75	0.95	5	0.0	228	3.98	1794	1.692	1288	1052	963	0.9154	0.7477	0.8231	0.8168	0.8449	0.2619	0.3999	1.692
cosine	twin	0.75	0.95	5	0.05	228	3.98	1794	1.692	1288	1052	963	0.9154	0.7477	0.8231	0.8168	0.8449	0.2619	0.3999	1.692
cosine	twin	0.75	0.95	5	0.1	228	3.98	1794	1.692	1288	1052	963	0.9154	0.7477	0.8231	0.8168	0.8449	0.2619	0.3999	1.692
cosine	twin	0.75	0.95	5	0.2	228	3.98	1651	1.558	1288	1052	960	0.9125	0.7453	0.8205	0.8168	0.8499	0.2604	0.3987	1.558
cosine	twin	0.75	0.95	5	0.3	228	3.98	1524	1.445	1288	1047	944	0.9016	0.7329	0.8086	0.8129	0.8568	0.255	0.393	1.445
cosine	twin	0.75	0.95	5	0.5	228	3.98	1344	1.318	1288	1009	921	0.9128	0.7151	0.8019	0.7834	0.8836	0.2477	0.387	1.318
cosine	twin	0.75	0.95	10	0.0	228	6.84	1986	1.874	1288	1053	965	0.9164	0.7492	0.8244	0.8175	0.8319	0.2625	0.3991	1.874
cosine	twin	0.75	0.95	10	0.05	228	6.84	1986	1.874	1288	1053	965	0.9164	0.7492	0.8244	0.8175	0.8319	0.2625	0.3991	1.874
cosine	twin	0.75	0.95	10	0.1	228	6.84	1868	1.762	1288	1052	964	0.9163	0.7484	0.8239	0.8168	0.8377	0.2622	0.3994	1.762
cosine	twin	0.75	0.95	10	0.2	228	6.84	1629	1.537	1288	1052	951	0.904	0.7384	0.8128	0.8168	0.8461	0.2572	0.3945	1.537
cosine	twin	0.75	0.95	10	0.3	228	6.84	1506	1.44	1288	1036	939	0.9064	0.729	0.8081	0.8043	0.8598	0.2537	0.3917	1.44
cosine	twin	0.75	0.95	10	0.5	228	6.84	1346	1.32	1288	1009	918	0.9098	0.7127	0.7993	0.7834	0.8805	0.2475	0.3864	1.32
cosine	twin	0.75	0.95	30	0.0	228	14.26	2255	2.127	1288	1054	969	0.9194	0.7523	0.8275	0.8183	0.8255	0.2645	0.4007	2.127
cosine	twin	0.75	0.95	30	0.05	228	14.26	2012	1.898	1288	1053	962	0.9136	0.7469	0.8219	0.8175	0.8294	0.2618	0.3979	1.898
cosine	twin	0.75	0.95	30	0.1	228	14.26	1834	1.73	1288	1052	960	0.9125	0.7453	0.8205	0.8168	0.8346	0.2605	0.3971	1.73
cosine	twin	0.75	0.95	30	0.2	228	14.26	1607	1.52	1288	1049	947	0.9028	0.7352	0.8104	0.8144	0.8417	0.2559	0.3925	1.52
cosine	twin	0.75	0.95	30	0.3	228	14.26	1504	1.438	1288	1038	935	0.9008	0.7259	0.804	0.8059	0.8533	0.2523	0.3894	1.438
cosine	twin	0.75	0.95	30	0.5	228	14.26	1327	1.313	1288	1000	907	0.907	0.7042	0.7928	0.7764	0.8782	0.2457	0.3839	1.313
cosine	twin	0.75	0.98	5	0.0	228	3.34	1607	1.516	1288	1050	957	0.9114	0.743	0.8186	0.8152	0.8629	0.2597	0.3993	1.516
cosine	twin	0.75	0.98	5	0.05	228	3.34	1607	1.516	1288	1050	957	0.9114	0.743	0.8186	0.8152	0.8629	0.2597	0.3993	1.516
cosine	twin	0.75	0.98	5	0.1	228	3.34	1607	1.516	1288	1050	957	0.9114	0.743	0.8186	0.8152	0.8629	0.2597	0.3993	1.516
cosine	twin	0.75	0.98	5	0.2	228	3.34	1564	1.475	1288	1050	955	0.9095	0.7415	0.8169	0.8152	0.8625	0.2588	0.3982	1.475
cosine	twin	0.75	0.98	5	0.3	228	3.34	1494	1.413	1288	1047	952	0.9093	0.7391	0.8154	0.8129	0.8676	0.2577	0.3974	1.413
cosine	twin	0.75	0.98	5	0.5	228	3.34	1384	1.327	1288	1032	944	0.9147	0.7329	0.8138	0.8012	0.8839	0.2546	0.3954	1.327
cosine	twin	0.75	0.98	10	0.0	228	5.22	1650	1.557	1288	1051	958	0.9115	0.7438	0.8192	0.816	0.8608	0.2598	0.3992	1.557
cosine	twin	0.75	0.98	10	0.05	228	5.22	1650	1.557	1288	1051	958	0.9115	0.7438	0.8192	0.816	0.8608	0.2598	0.3992	1.557
cosine	twin	0.75	0.98	10	0.1	228	5.22	1621	1.529	1288	1050	957	0.9114	0.743	0.8186	0.8152	0.8621	0.2597	0.3992	1.529
cosine	twin	0.75	0.98	10	0.2	228	5.22	1554	1.466	1288	1050	956	0.9105	0.7422	0.8178	0.8152	0.8644	0.259	0.3986	1.466
cosine	twin	0.75	0.98	10	0.3	228	5.22	1497	1.418	1288	1045	953	0.912	0.7399	0.817	0.8113	0.8686	0.258	0.3979	1.418
cosine	twin	0.75	0.98	10	0.5	228	5.22	1382	1.325	1288	1032	944	0.9147	0.7329	0.8138	0.8012	0.8839	0.2546	0.3953	1.325
cosine	twin	0.75	0.98	30	0.0	228	9.21	1696	1.6	1288	1052	959	0.9116	0.7446	0.8197	0.8168	0.8578	0.2606	0.3997	1.6
cosine	twin	0.75	0.98	30	0.05	228	9.21	1668	1.574	1288	1051	958	0.9115	0.7438	0.8192	0.816	0.8598	0.2602	0.3995	1.574
cosine	twin	0.75	0.98	30	0.1	228	9.21	1618	1.526	1288	1050	957	0.9114	0.743	0.8186	0.8152	0.8615	0.2594	0.3987	1.526
cosine	twin	0.75	0.98	30	0.2	228	9.21	1555	1.468	1288	1049	956	0.9113	0.7422	0.8181	0.8144	0.8646	0.2591	0.3987	1.468
cosine	twin	0.75	0.98	30	0.3	228	9.21	1498	1.42	1288	1045	953	0.912	0.7399	0.817	0.8113	0.869	0.258	0.3978	1.42
cosine	twin	0.75	0.98	30	0.5	228	9.21	1381	1.325	1288	1031	944	0.9156	0.7329	0.8141	0.8005	0.8848	0.2546	0.3954	1.325
cosine	twin	0.75	0.995	5	0.0	228	2.4	1467	1.384	1288	1049	947	0.9028	0.7352	0.8104	0.8144	0.868	0.2565	0.3959	1.384
cosine	twin	0.75	0.995	5	0.05	228	2.4	1467	1.384	1288	1049	947	0.9028	0.7352	0.8104	0.8144	0.868	0.2565	0.3959	1.384
cosine	twin	0.75	0.995	5	0.1	228	2.4	1467	1.384	1288	1049	947	0.9028	0.7352	0.8104	0.8144	0.868	0.2565	0.3959	1.384
cosine	twin	0.75	0.995	5	0.2	228	2.4	1461	1.378	1288	1049	947	0.9028	0.7352	0.8104	0.8144	0.868	0.2559	0.3953	1.378
cosine	twin	0.75	0.995	5	0.3	228	2.4	1454	1.373	1288	1048	947	0.9036	0.7352	0.8108	0.8137	0.8693	0.2559	0.3955	1.373
cosine	twin	0.75	0.995	5	0.5	228	2.4	1407	1.336	1288	1042	941	0.9031	0.7306	0.8077	0.809	0.8722	0.2542	0.3937	1.336
cosine	twin	0.75	0.995	10	0.0	228	3.34	1467	1.384	1288	1049	947	0.9028	0.7352	0.8104	0.8144	0.868	0.2565	0.3959	1.384
cosine	twin	0.75	0.995	10	0.05	228	3.34	1467	1.384	1288	1049	947	0.9028	0.7352	0.8104	0.8144	0.868	0.2565	0.3959	1.384
cosine	twin	0.75	0.995	10	0.1	228	3.34	1467	1.384	1288	1049	947	0.9028	0.7352	0.8104	0.8144	0.868	0.2565	0.3959	1.384
cosine	twin	0.75	0.995	10	0.2	228	3.34	1459	1.376	1288	1049	947	0.9028	0.7352	0.8104	0.8144	0.868	0.2559	0.3953	1.376
cosine	twin	0.75	0.995	10	0.3	228	3.34	1454	1.373	1288	1048	947	0.9036	0.7352	0.8108	0.8137	0.8693	0.2559	0.3955	1.373
cosine	twin	0.75	0.995	10	0.5	228	3.34	1410	1.338	1288	1043	941	0.9022	0.7306	0.8074	0.8098	0.8714	0.2542	0.3936	1.338
cosine	twin	0.75	0.995	30	0.0	228	4.35	1469	1.386	1288	1049	947	0.9028	0.7352	0.8104	0.8144	0.8675	0.2565	0.3959	1.386
cosine	twin	0.75	0.995	30	0.05	228	4.35	1468	1.385	1288	1049	947	0.9028	0.7352	0.8104	0.8144	0.8675	0.2565	0.3959	1.385
cosine	twin	0.75	0.995	30	0.1	228	4.35	1466	1.383	1288	1049	947	0.9028	0.7352	0.8104	0.8144	0.868	0.2565	0.3959	1.383
cosine	twin	0.75	0.995	30	0.2	228	4.35	1459	1.376	1288	1049	947	0.9028	0.7352	0.8104	0.8144	0.868	0.2559	0.3953	1.376
cosine	twin	0.75	0.995	30	0.3	228	4.35	1454	1.373	1288	1048	947	0.9036	0.7352	0.8108	0.8137	0.8693	0.2559	0.3955	1.373
cosine	twin	0.75	0.995	30	0.5	228	4.35	1410	1.338	1288	1043	941	0.9022	0.7306	0.8074	0.8098	0.8714	0.2542	0.3936	1.338
cosine	twin	0.7716	0.0	5	0.0	248	4.58	2010	1.933	1288	1035	957	0.9246	0.743	0.8239	0.8036	0.8145	0.2612	0.3955	1.933
cosine	twin	0.7716	0.0	5	0.05	248	4.58	2010	1.933	1288	1035	957	0.9246	0.743	0.8239	0.8036	0.8145	0.2612	0.3955	1.933
cosine	twin	0.7716	0.0	5	0.1	248	4.58	2010	1.933	1288	1035	957	0.9246	0.743	0.8239	0.8036	0.8145	0.2612	0.3955	1.933
cosine	twin	0.7716	0.0	5	0.2	248	4.58	1719	1.653	1288	1035	952	0.9198	0.7391	0.8196	0.8036	0.8397	0.2589	0.3958	1.653
cosine	twin	0.7716	0.0	5	0.3	248	4.58	1557	1.51	1288	1024	920	0.8984	0.7143	0.7958	0.795	0.8455	0.2487	0.3844	1.51
cosine	twin	0.7716	0.0	5	0.5	248	4.58	1303	1.331	1288	970	885	0.9124	0.6871	0.7839	0.7531	0.8842	0.2404	0.378	1.331
cosine	twin	0.7716	0.0	10	0.0	248	8.59	2524	2.427	1288	1036	959	0.9257	0.7446	0.8253	0.8043	0.7788	0.2626	0.3928	2.427
cosine	twin	0.7716	0.0	10	0.05	248	8.59	2524	2.427	1288	1036	959	0.9257	0.7446	0.8253	0.8043	0.7788	0.2626	0.3928	2.427
cosine	twin	0.7716	0.0	10	0.1	248	8.59	2131	2.049	1288	1035	958	0.9256	0.7438	0.8248	0.8036	0.8029	0.2609	0.3939	2.049
cosine	twin	0.7716	0.0	10	0.2	248	8.59	1742	1.678	1288	1033	930	0.9003	0.722	0.8014	0.802	0.8205	0.2515	0.385	1.678
cosine	twin	0.7716	0.0	10	0.3	248	8.59	1551	1.515	1288	1015	901	0.8877	0.6995	0.7825	0.788	0.8347	0.2444	0.3781	1.515
cosine	twin	0.7716	0.0	10	0.5	248	8.59	1277	1.336	1288	948	864	0.9114	0.6708	0.7728	0.736	0.8849	0.2352	0.3717	1.336
cosine	twin	0.7716	0.0	30	0.0	248	21.71	3621	3.482	1288	1037	964	0.9296	0.7484	0.8292	0.8051	0.7322	0.2661	0.3904	3.482
cosine	twin	0.7716	0.0	30	0.05	248	21.71	2805	2.697	1288	1036	949	0.916	0.7368	0.8167	0.8043	0.7486	0.2587	0.3846	2.697
cosine	twin	0.7716	0.0	30	0.1	248	21.71	2184	2.104	1288	1033	930	0.9003	0.722	0.8014	0.802	0.7704	0.2531	0.381	2.104
cosine	twin	0.7716	0.0	30	0.2	248	21.71	1720	1.672	1288	1023	893	0.8729	0.6933	0.7728	0.7943	0.7891	0.2432	0.3718	1.672
cosine	twin	0.7716	0.0	30	0.3	248	21.71	1479	1.461	1288	1004	865	0.8616	0.6716	0.7548	0.7795	0.8156	0.2345	0.3642	1.461
cosine	twin	0.7716	0.0	30	0.5	248	21.71	1246	1.321	1288	935	830	0.8877	0.6444	0.7467	0.7259	0.8633	0.2265	0.3589	1.321
cosine	twin	0.7716	0.9	5	0.0	248	4.35	1847	1.776	1288	1034	957	0.9255	0.743	0.8243	0.8028	0.8388	0.261	0.3981	1.776
cosine	twin	0.7716	0.9	5	0.05	248	4.35	1847	1.776	1288	1034	957	0.9255	0.743	0.8243	0.8028	0.8388	0.261	0.3981	1.776
cosine	twin	0.7716	0.9	5	0.1	248	4.35	1847	1.776	1288	1034	957	0.9255	0.743	0.8243	0.8028	0.8388	0.261	0.3981	1.776
cosine	twin	0.7716	0.9	5	0.2	248	4.35	1641	1.578	1288	1034	953	0.9217	0.7399	0.8208	0.8028	0.8519	0.259	0.3972	1.578
cosine	twin	0.7716	0.9	5	0.3	248	4.35	1505	1.458	1288	1024	930	0.9082	0.722	0.8045	0.795	0.859	0.2512	0.3887	1.458
cosine	twin	0.7716	0.9	5	0.5	248	4.35	1310	1.322	1288	982	900	0.9165	0.6988	0.793	0.7624	0.8891	0.2442	0.3832	1.322
cosine	twin	0.7716	0.9	10	0.0	248	7.95	2200	2.115	1288	1035	959	0.9266	0.7446	0.8257	0.8036	0.8147	0.2618	0.3963	2.115
cosine	twin	0.7716	0.9	10	0.05	248	7.95	2200	2.115	1288	1035	959	0.9266	0.7446	0.8257	0.8036	0.8147	0.2618	0.3963	2.115
cosine	twin	0.7716	0.9	10	0.1	248	7.95	1955	1.88	1288	1034	958	0.9265	0.7438	0.8252	0.8028	0.8298	0.2606	0.3966	1.88
cosine	twin	0.7716	0.9	10	0.2	248	7.95	1632	1.571	1288	1033	940	0.91	0.7298	0.81	0.802	0.8416	0.2534	0.3895	1.571
cosine	twin	0.7716	0.9	10	0.3	248	7.95	1490	1.454	1288	1015	917	0.9034	0.712	0.7964	0.788	0.8529	0.2484	0.3848	1.454
cosine	twin	0.7716	0.9	10	0.5	248	7.95	1302	1.326	1288	974	893	0.9168	0.6933	0.7896	0.7562	0.8904	0.2427	0.3815	1.326
cosine	twin	0.7716	0.9	30	0.0	248	18.71	2876	2.765	1288	1036	963	0.9295	0.7477	0.8287	0.8043	0.7914	0.2649	0.3969	2.765
cosine	twin	0.7716	0.9	30	0.05	248	18.71	2313	2.224	1288	1035	953	0.9208	0.7399	0.8205	0.8036	0.8029	0.2595	0.3922	2.224
cosine	twin	0.7716	0.9	30	0.1	248	18.71	1918	1.848	1288	1032	936	0.907	0.7267	0.8069	0.8012	0.8147	0.2541	0.3874	1.848
cosine	twin	0.7716	0.9	30	0.2	248	18.71	1614	1.565	1288	1025	920	0.8976	0.7143	0.7955	0.7958	0.8311	0.2491	0.3834	1.565
cosine	twin	0.7716	0.9	30	0.3	248	18.71	1468	1.441	1288	1011	899	0.8892	0.698	0.7821	0.7849	0.8392	0.2437	0.3777	1.441
cosine	twin	0.7716	0.9	30	0.5	248	18.71	1281	1.321	1288	962	873	0.9075	0.6778	0.776	0.7469	0.8823	0.2375	0.3742	1.321
cosine	twin	0.7716	0.95	5	0.0	248	3.99	1735	1.668	1288	1034	952	0.9207	0.7391	0.82	0.8028	0.852	0.2595	0.3979	1.668
cosine	twin	0.7716	0.95	5	0.05	248	3.99	1735	1.668	1288	1034	952	0.9207	0.7391	0.82	0.8028	0.852	0.2595	0.3979	1.668
cosine	twin	0.7716	0.95	5	0.1	248	3.99	1735	1.668	1288	1034	952	0.9207	0.7391	0.82	0.8028	0.852	0.2595	0.3979	1.668
cosine	twin	0.7716	0.95	5	0.2	248	3.99	1602	1.54	1288	1034	949	0.9178	0.7368	0.8174	0.8028	0.8567	0.2581	0.3966	1.54
cosine	twin	0.7716	0.95	5	0.3	248	3.99	1483	1.433	1288	1029	933	0.9067	0.7244	0.8054	0.7989	0.864	0.2527	0.3911	1.433
cosine	twin	0.7716	0.95	5	0.5	248	3.99	1323	1.32	1288	993	912	0.9184	0.7081	0.7996	0.771	0.891	0.2461	0.3856	1.32
cosine	twin	0.7716	0.95	10	0.0	248	6.85	1906	1.833	1288	1035	954	0.9217	0.7407	0.8214	0.8036	0.8388	0.2601	0.3971	1.833
cosine	twin	0.7716	0.95	10	0.05	248	6.85	1906	1.833	1288	1035	954	0.9217	0.7407	0.8214	0.8036	0.8388	0.2601	0.3971	1.833
cosine	twin	0.7716	0.95	10	0.1	248	6.85	1797	1.728	1288	1034	953	0.9217	0.7399	0.8208	0.8028	0.8447	0.2598	0.3974	1.728
cosine	twin	0.7716	0.95	10	0.2	248	6.85	1577	1.516	1288	1034	940	0.9091	0.7298	0.8096	0.8028	0.8532	0.2549	0.3926	1.516
cosine	twin	0.7716	0.95	10	0.3	248	6.85	1468	1.428	1288	1020	929	0.9108	0.7213	0.805	0.7919	0.866	0.2514	0.3897	1.428
cosine	twin	0.7716	0.95	10	0.5	248	6.85	1326	1.323	1288	993	909	0.9154	0.7057	0.797	0.771	0.8878	0.2458	0.3851	1.323
cosine	twin	0.7716	0.95	30	0.0	248	14.33	2140	2.058	1288	1036	957	0.9237	0.743	0.8236	0.8043	0.8321	0.2618	0.3983	2.058
cosine	twin	0.7716	0.95	30	0.05	248	14.33	1913	1.839	1288	1035	951	0.9188	0.7384	0.8188	0.8036	0.8362	0.2594	0.396	1.839
cosine	twin	0.7716	0.95	30	0.1	248	14.33	1766	1.698	1288	1034	949	0.9178	0.7368	0.8174	0.8028	0.8415	0.2582	0.3951	1.698
cosine	twin	0.7716	0.95	30	0.2	248	14.33	1566	1.51	1288	1031	936	0.9079	0.7267	0.8072	0.8005	0.8488	0.2537	0.3906	1.51
cosine	twin	0.7716	0.95	30	0.3	248	14.33	1464	1.424	1288	1021	925	0.906	0.7182	0.8012	0.7927	0.8593	0.25	0.3874	1.424
cosine	twin	0.7716	0.95	30	0.5	248	14.33	1307	1.316	1288	984	898	0.9126	0.6972	0.7905	0.764	0.8855	0.244	0.3826	1.316
cosine	twin	0.7716	0.98	5	0.0	248	3.35	1559	1.499	1288	1032	946	0.9167	0.7345	0.8155	0.8012	0.87	0.2573	0.3972	1.499
cosine	twin	0.7716	0.98	5	0.05	248	3.35	1559	1.499	1288	1032	946	0.9167	0.7345	0.8155	0.8012	0.87	0.2573	0.3972	1.499
cosine	twin	0.7716	0.98	5	0.1	248	3.35	1559	1.499	1288	1032	946	0.9167	0.7345	0.8155	0.8012	0.87	0.2573	0.3972	1.499
cosine	twin	0.7716	0.98	5	0.2	248	3.35	1517	1.459	1288	1032	944	0.9147	0.7329	0.8138	0.8012	0.8695	0.2565	0.3961	1.459
cosine	twin	0.7716	0.98	5	0.3	248	3.35	1450	1.398	1288	1029	941	0.9145	0.7306	0.8123	0.7989	0.8748	0.2553	0.3953	1.398
cosine	twin	0.7716	0.98	5	0.5	248	3.35	1358	1.326	1288	1015	934	0.9202	0.7252	0.8111	0.788	0.8912	0.2529	0.394	1.326
cosine	twin	0.7716	0.98	10	0.0	248	5.25	1602	1.54	1288	1033	947	0.9167	0.7352	0.816	0.802	0.8678	0.2575	0.3971	1.54
cosine	twin	0.7716	0.98	10	0.05	248	5.25	1602	1.54	1288	1033	947	0.9167	0.7352	0.816	0.802	0.8678	0.2575	0.3971	1.54
cosine	twin	0.7716	0.98	10	0.1	248	5.25	1573	1.512	1288	1032	946	0.9167	0.7345	0.8155	0.8012	0.8692	0.2573	0.3971	1.512
cosine	twin	0.7716	0.98	10	0.2	248	5.25	1507	1.449	1288	1032	945	0.9157	0.7337	0.8147	0.8012	0.8714	0.2567	0.3965	1.449
cosine	twin	0.7716	0.98	10	0.3	248	5.25	1453	1.403	1288	1027	942	0.9172	0.7314	0.8138	0.7974	0.8758	0.2557	0.3958	1.403
cosine	twin	0.7716	0.98	10	0.5	248	5.25	1356	1.324	1288	1015	934	0.9202	0.7252	0.8111	0.788	0.8912	0.2528	0.3939	1.324
cosine	twin	0.7716	0.98	30	0.0	248	9.31	1648	1.585	1288	1034	948	0.9168	0.736	0.8165	0.8028	0.8647	0.2582	0.3977	1.585
cosine	twin	0.7716	0.98	30	0.05	248	9.31	1620	1.558	1288	1033	947	0.9167	0.7352	0.816	0.802	0.8668	0.2578	0.3974	1.558
cosine	twin	0.7716	0.98	30	0.1	248	9.31	1570	1.51	1288	1032	946	0.9167	0.7345	0.8155	0.8012	0.8685	0.257	0.3966	1.51
cosine	twin	0.7716	0.98	30	0.2	248	9.31	1508	1.451	1288	1031	945	0.9166	0.7337	0.815	0.8005	0.8716	0.2567	0.3966	1.451
cosine	twin	0.7716	0.98	30	0.3	248	9.31	1454	1.405	1288	1027	942	0.9172	0.7314	0.8138	0.7974	0.8761	0.2556	0.3958	1.405
cosine	twin	0.7716	0.98	30	0.5	248	9.31	1355	1.325	1288	1014	934	0.9211	0.7252	0.8115	0.7873	0.8921	0.2528	0.394	1.325
cosine	twin	0.7716	0.995	5	0.0	248	2.43	1439	1.384	1288	1031	937	0.9088	0.7275	0.8081	0.8005	0.8757	0.2547	0.3946	1.384
cosine	twin	0.7716	0.995	5	0.05	248	2.43	1439	1.384	1288	1031	937	0.9088	0.7275	0.8081	0.8005	0.8757	0.2547	0.3946	1.384
cosine	twin	0.7716	0.995	5	0.1	248	2.43	1439	1.384	1288	1031	937	0.9088	0.7275	0.8081	0.8005	0.8757	0.2547	0.3946	1.384
cosine	twin	0.7716	0.995	5	0.2	248	2.43	1433	1.378	1288	1031	937	0.9088	0.7275	0.8081	0.8005	0.8757	0.2542	0.394	1.378
cosine	twin	0.7716	0.995	5	0.3	248	2.43	1426	1.372	1288	1030	937	0.9097	0.7275	0.8085	0.7997	0.877	0.2542	0.3941	1.372
cosine	twin	0.7716	0.995	5	0.5	248	2.43	1380	1.336	1288	1024	931	0.9092	0.7228	0.8054	0.795	0.88	0.2524	0.3923	1.336
cosine	twin	0.7716	0.995	10	0.0	248	3.38	1439	1.384	1288	1031	937	0.9088	0.7275	0.8081	0.8005	0.8757	0.2547	0.3946	1.384
cosine	twin	0.7716	0.995	10	0.05	248	3.38	1439	1.384	1288	1031	937	0.9088	0.7275	0.8081	0.8005	0.8757	0.2547	0.3946	1.384
cosine	twin	0.7716	0.995	10	0.1	248	3.38	1439	1.384	1288	1031	937	0.9088	0.7275	0.8081	0.8005	0.8757	0.2547	0.3946	1.384
cosine	twin	0.7716	0.995	10	0.2	248	3.38	1431	1.376	1288	1031	937	0.9088	0.7275	0.8081	0.8005	0.8757	0.2542	0.394	1.376
cosine	twin	0.7716	0.995	10	0.3	248	3.38	1426	1.372	1288	1030	937	0.9097	0.7275	0.8085	0.7997	0.877	0.2542	0.3941	1.372
cosine	twin	0.7716	0.995	10	0.5	248	3.38	1383	1.338	1288	1025	931	0.9083	0.7228	0.805	0.7958	0.8792	0.2524	0.3922	1.338
cosine	twin	0.7716	0.995	30	0.0	248	4.41	1441	1.386	1288	1031	937	0.9088	0.7275	0.8081	0.8005	0.8752	0.2547	0.3946	1.386
cosine	twin	0.7716	0.995	30	0.05	248	4.41	1440	1.385	1288	1031	937	0.9088	0.7275	0.8081	0.8005	0.8752	0.2547	0.3946	1.385
cosine	twin	0.7716	0.995	30	0.1	248	4.41	1438	1.383	1288	1031	937	0.9088	0.7275	0.8081	0.8005	0.8757	0.2547	0.3946	1.383
cosine	twin	0.7716	0.995	30	0.2	248	4.41	1431	1.376	1288	1031	937	0.9088	0.7275	0.8081	0.8005	0.8757	0.2542	0.394	1.376
cosine	twin	0.7716	0.995	30	0.3	248	4.41	1426	1.372	1288	1030	937	0.9097	0.7275	0.8085	0.7997	0.877	0.2542	0.3941	1.372
cosine	twin	0.7716	0.995	30	0.5	248	4.41	1383	1.338	1288	1025	931	0.9083	0.7228	0.805	0.7958	0.8792	0.2524	0.3922	1.338
cosine	twin	0.8	0.0	5	0.0	278	4.5	1836	1.818	1288	1003	939	0.9362	0.729	0.8197	0.7787	0.8347	0.2565	0.3924	1.818
cosine	twin	0.8	0.0	5	0.05	278	4.5	1836	1.818	1288	1003	939	0.9362	0.729	0.8197	0.7787	0.8347	0.2565	0.3924	1.818
cosine	twin	0.8	0.0	5	0.1	278	4.5	1836	1.818	1288	1003	939	0.9362	0.729	0.8197	0.7787	0.8347	0.2565	0.3924	1.818
cosine	twin	0.8	0.0	5	0.2	278	4.5	1596	1.58	1288	1003	935	0.9322	0.7259	0.8162	0.7787	0.8561	0.2544	0.3922	1.58
cosine	twin	0.8	0.0	5	0.3	278	4.5	1462	1.462	1288	993	911	0.9174	0.7073	0.7988	0.771	0.8632	0.2467	0.3837	1.462
cosine	twin	0.8	0.0	5	0.5	278	4.5	1255	1.309	1288	949	876	0.9231	0.6801	0.7832	0.7368	0.8945	0.2375	0.3754	1.309
cosine	twin	0.8	0.0	10	0.0	278	8.4	2251	2.229	1288	1004	941	0.9373	0.7306	0.8211	0.7795	0.8039	0.2577	0.3903	2.229
cosine	twin	0.8	0.0	10	0.05	278	8.4	2251	2.229	1288	1004	941	0.9373	0.7306	0.8211	0.7795	0.8039	0.2577	0.3903	2.229
cosine	twin	0.8	0.0	10	0.1	278	8.4	1941	1.922	1288	1003	940	0.9372	0.7298	0.8206	0.7787	0.8233	0.2564	0.391	1.922
cosine	twin	0.8	0.0	10	0.2	278	8.4	1637	1.621	1288	1003	922	0.9192	0.7158	0.8049	0.7787	0.8391	0.2489	0.3839	1.621
cosine	twin	0.8	0.0	10	0.3	278	8.4	1467	1.477	1288	984	895	0.9096	0.6949	0.7879	0.764	0.8537	0.2431	0.3784	1.477
cosine	twin	0.8	0.0	10	0.5	278	8.4	1228	1.312	1288	927	860	0.9277	0.6677	0.7765	0.7197	0.9002	0.2335	0.3708	1.312
cosine	twin	0.8	0.0	30	0.0	278	21.03	3196	3.164	1288	1005	946	0.9413	0.7345	0.8251	0.7803	0.7642	0.261	0.3891	3.164
cosine	twin	0.8	0.0	30	0.05	278	21.03	2441	2.417	1288	1004	931	0.9273	0.7228	0.8124	0.7795	0.7795	0.2537	0.3828	2.417
cosine	twin	0.8	0.0	30	0.1	278	21.03	1957	1.941	1288	1001	913	0.9121	0.7089	0.7977	0.7772	0.7951	0.2482	0.3783	1.941
cosine	twin	0.8	0.0	30	0.2	278	21.03	1625	1.623	1288	993	892	0.8983	0.6925	0.7821	0.771	0.8153	0.2416	0.3727	1.623
cosine	twin	0.8	0.0	30	0.3	278	21.03	1422	1.444	1288	977	868	0.8884	0.6739	0.7664	0.7585	0.8347	0.2352	0.367	1.444
cosine	twin	0.8	0.0	30	0.5	278	21.03	1202	1.297	1288	918	833	0.9074	0.6467	0.7552	0.7127	0.8827	0.2261	0.36	1.297
cosine	twin	0.8	0.9	5	0.0	278	4.35	1757	1.74	1288	1002	939	0.9371	0.729	0.8201	0.778	0.8501	0.2564	0.3939	1.74
cosine	twin	0.8	0.9	5	0.05	278	4.35	1757	1.74	1288	1002	939	0.9371	0.729	0.8201	0.778	0.8501	0.2564	0.3939	1.74
cosine	twin	0.8	0.9	5	0.1	278	4.35	1757	1.74	1288	1002	939	0.9371	0.729	0.8201	0.778	0.8501	0.2564	0.3939	1.74
cosine	twin	0.8	0.9	5	0.2	278	4.35	1569	1.553	1288	1002	935	0.9331	0.7259	0.8166	0.778	0.8632	0.2544	0.3929	1.553
cosine	twin	0.8	0.9	5	0.3	278	4.35	1447	1.446	1288	993	916	0.9225	0.7112	0.8032	0.771	0.8719	0.2478	0.386	1.446
cosine	twin	0.8	0.9	5	0.5	278	4.35	1267	1.313	1288	955	886	0.9277	0.6879	0.79	0.7415	0.8996	0.2404	0.3794	1.313
cosine	twin	0.8	0.9	10	0.0	278	7.94	2080	2.059	1288	1003	941	0.9382	0.7306	0.8215	0.7787	0.8271	0.2572	0.3924	2.059
cosine	twin	0.8	0.9	10	0.05	278	7.94	2080	2.059	1288	1003	941	0.9382	0.7306	0.8215	0.7787	0.8271	0.2572	0.3924	2.059
cosine	twin	0.8	0.9	10	0.1	278	7.94	1849	1.831	1288	1002	940	0.9381	0.7298	0.821	0.778	0.841	0.256	0.3925	1.831
cosine	twin	0.8	0.9	10	0.2	278	7.94	1569	1.553	1288	1002	923	0.9212	0.7166	0.8061	0.778	0.8505	0.2489	0.3851	1.553
cosine	twin	0.8	0.9	10	0.3	278	7.94	1436	1.445	1288	984	903	0.9177	0.7011	0.7949	0.764	0.8651	0.2451	0.3819	1.445
cosine	twin	0.8	0.9	10	0.5	278	7.94	1259	1.317	1288	947	880	0.9293	0.6832	0.7875	0.7352	0.9021	0.239	0.3778	1.317
cosine	twin	0.8	0.9	30	0.0	278	18.75	2725	2.698	1288	1004	945	0.9412	0.7337	0.8246	0.7795	0.8047	0.2603	0.3934	2.698
cosine	twin	0.8	0.9	30	0.05	278	18.75	2172	2.15	1288	1003	935	0.9322	0.7259	0.8162	0.7787	0.8164	0.2549	0.3885	2.15
cosine	twin	0.8	0.9	30	0.1	278	18.75	1811	1.797	1288	1000	918	0.918	0.7127	0.8024	0.7764	0.8253	0.2496	0.3832	1.797
cosine	twin	0.8	0.9	30	0.2	278	18.75	1559	1.556	1288	994	904	0.9095	0.7019	0.7923	0.7717	0.8407	0.2447	0.3791	1.556
cosine	twin	0.8	0.9	30	0.3	278	18.75	1424	1.438	1288	982	888	0.9043	0.6894	0.7824	0.7624	0.8518	0.2412	0.376	1.438
cosine	twin	0.8	0.9	30	0.5	278	18.75	1244	1.312	1288	939	863	0.9191	0.67	0.775	0.729	0.8932	0.2347	0.3717	1.312
cosine	twin	0.8	0.95	5	0.0	278	4.0	1656	1.64	1288	1002	935	0.9331	0.7259	0.8166	0.778	0.8627	0.2552	0.3939	1.64
cosine	twin	0.8	0.95	5	0.05	278	4.0	1656	1.64	1288	1002	935	0.9331	0.7259	0.8166	0.778	0.8627	0.2552	0.3939	1.64
cosine	twin	0.8	0.95	5	0.1	278	4.0	1656	1.64	1288	1002	935	0.9331	0.7259	0.8166	0.778	0.8627	0.2552	0.3939	1.64
cosine	twin	0.8	0.95	5	0.2	278	4.0	1539	1.524	1288	1002	932	0.9301	0.7236	0.814	0.778	0.8673	0.2538	0.3926	1.524
cosine	twin	0.8	0.95	5	0.3	278	4.0	1429	1.422	1288	997	917	0.9198	0.712	0.8026	0.7741	0.8747	0.2486	0.3871	1.422
cosine	twin	0.8	0.95	5	0.5	278	4.0	1281	1.314	1288	965	896	0.9285	0.6957	0.7954	0.7492	0.9003	0.2419	0.3813	1.314
cosine	twin	0.8	0.95	10	0.0	278	6.89	1822	1.804	1288	1003	937	0.9342	0.7275	0.818	0.7787	0.8493	0.2558	0.3932	1.804
cosine	twin	0.8	0.95	10	0.05	278	6.89	1822	1.804	1288	1003	937	0.9342	0.7275	0.818	0.7787	0.8493	0.2558	0.3932	1.804
cosine	twin	0.8	0.95	10	0.1	278	6.89	1714	1.697	1288	1002	936	0.9341	0.7267	0.8175	0.778	0.8554	0.2555	0.3935	1.697
cosine	twin	0.8	0.95	10	0.2	278	6.89	1516	1.501	1288	1002	923	0.9212	0.7166	0.8061	0.778	0.8631	0.2506	0.3885	1.501
cosine	twin	0.8	0.95	10	0.3	278	6.89	1416	1.419	1288	989	913	0.9232	0.7089	0.8019	0.7679	0.8768	0.2472	0.3857	1.419
cosine	twin	0.8	0.95	10	0.5	278	6.89	1285	1.318	1288	965	894	0.9264	0.6941	0.7936	0.7492	0.898	0.2418	0.381	1.318
cosine	twin	0.8	0.95	30	0.0	278	14.49	2052	2.032	1288	1004	940	0.9363	0.7298	0.8202	0.7795	0.8424	0.2575	0.3944	2.032
cosine	twin	0.8	0.95	30	0.05	278	14.49	1828	1.81	1288	1003	934	0.9312	0.7252	0.8154	0.7787	0.8467	0.2551	0.3921	1.81
cosine	twin	0.8	0.95	30	0.1	278	14.49	1684	1.667	1288	1002	932	0.9301	0.7236	0.814	0.778	0.8519	0.2539	0.3912	1.667
cosine	twin	0.8	0.95	30	0.2	278	14.49	1507	1.497	1288	999	919	0.9199	0.7135	0.8037	0.7756	0.859	0.2493	0.3865	1.497
cosine	twin	0.8	0.95	30	0.3	278	14.49	1415	1.416	1288	991	909	0.9173	0.7057	0.7977	0.7694	0.8696	0.2459	0.3833	1.416
cosine	twin	0.8	0.95	30	0.5	278	14.49	1267	1.31	1288	957	884	0.9237	0.6863	0.7875	0.743	0.8958	0.2399	0.3785	1.31
cosine	twin	0.8	0.98	5	0.0	278	3.38	1491	1.476	1288	1001	929	0.9281	0.7213	0.8117	0.7772	0.88	0.253	0.3931	1.476
cosine	twin	0.8	0.98	5	0.05	278	3.38	1491	1.476	1288	1001	929	0.9281	0.7213	0.8117	0.7772	0.88	0.253	0.3931	1.476
cosine	twin	0.8	0.98	5	0.1	278	3.38	1491	1.476	1288	1001	929	0.9281	0.7213	0.8117	0.7772	0.88	0.253	0.3931	1.476
cosine	twin	0.8	0.98	5	0.2	278	3.38	1453	1.439	1288	1001	927	0.9261	0.7197	0.81	0.7772	0.8795	0.2522	0.392	1.439
cosine	twin	0.8	0.98	5	0.3	278	3.38	1397	1.387	1288	998	924	0.9259	0.7174	0.8084	0.7748	0.8849	0.251	0.3911	1.387
cosine	twin	0.8	0.98	5	0.5	278	3.38	1313	1.32	1288	986	917	0.93	0.712	0.8065	0.7655	0.9011	0.2486	0.3897	1.32
cosine	twin	0.8	0.98	10	0.0	278	5.32	1533	1.518	1288	1002	930	0.9281	0.722	0.8122	0.778	0.8777	0.2532	0.393	1.518
cosine	twin	0.8	0.98	10	0.05	278	5.32	1533	1.518	1288	1002	930	0.9281	0.722	0.8122	0.778	0.8777	0.2532	0.393	1.518
cosine	twin	0.8	0.98	10	0.1	278	5.32	1504	1.489	1288	1001	929	0.9281	0.7213	0.8117	0.7772	0.8791	0.253	0.393	1.489
cosine	twin	0.8	0.98	10	0.2	278	5.32	1444	1.43	1288	1001	928	0.9271	0.7205	0.8108	0.7772	0.8815	0.2524	0.3924	1.43
cosine	twin	0.8	0.98	10	0.3	278	5.32	1399	1.391	1288	996	925	0.9287	0.7182	0.81	0.7733	0.886	0.2514	0.3916	1.391
cosine	twin	0.8	0.98	10	0.5	278	5.32	1312	1.317	1288	987	917	0.9291	0.712	0.8062	0.7663	0.9002	0.2485	0.3895	1.317
cosine	twin	0.8	0.98	30	0.0	278	9.5	1579	1.563	1288	1003	931	0.9282	0.7228	0.8127	0.7787	0.8746	0.2539	0.3935	1.563
cosine	twin	0.8	0.98	30	0.05	278	9.5	1551	1.536	1288	1002	930	0.9281	0.722	0.8122	0.778	0.8767	0.2535	0.3933	1.536
cosine	twin	0.8	0.98	30	0.1	278	9.5	1501	1.486	1288	1001	929	0.9281	0.7213	0.8117	0.7772	0.8785	0.2527	0.3925	1.486
cosine	twin	0.8	0.98	30	0.2	278	9.5	1445	1.432	1288	1000	928	0.928	0.7205	0.8112	0.7764	0.8817	0.2524	0.3925	1.432
cosine	twin	0.8	0.98	30	0.3	278	9.5	1400	1.393	1288	996	925	0.9287	0.7182	0.81	0.7733	0.8864	0.2513	0.3916	1.393
cosine	twin	0.8	0.98	30	0.5	278	9.5	1311	1.318	1288	986	917	0.93	0.712	0.8065	0.7655	0.9011	0.2485	0.3896	1.318
cosine	twin	0.8	0.995	5	0.0	278	2.46	1389	1.375	1288	1001	920	0.9191	0.7143	0.8038	0.7772	0.8859	0.2504	0.3904	1.375
cosine	twin	0.8	0.995	5	0.05	278	2.46	1389	1.375	1288	1001	920	0.9191	0.7143	0.8038	0.7772	0.8859	0.2504	0.3904	1.375
cosine	twin	0.8	0.995	5	0.1	278	2.46	1389	1.375	1288	1001	920	0.9191	0.7143	0.8038	0.7772	0.8859	0.2504	0.3904	1.375
cosine	twin	0.8	0.995	5	0.2	278	2.46	1383	1.369	1288	1001	920	0.9191	0.7143	0.8038	0.7772	0.8859	0.2499	0.3898	1.369
cosine	twin	0.8	0.995	5	0.3	278	2.46	1376	1.364	1288	1000	920	0.92	0.7143	0.8042	0.7764	0.8873	0.2499	0.3899	1.364
cosine	twin	0.8	0.995	5	0.5	278	2.46	1335	1.33	1288	995	914	0.9186	0.7096	0.8007	0.7725	0.8895	0.2481	0.388	1.33
cosine	twin	0.8	0.995	10	0.0	278	3.43	1389	1.375	1288	1001	920	0.9191	0.7143	0.8038	0.7772	0.8859	0.2504	0.3904	1.375
cosine	twin	0.8	0.995	10	0.05	278	3.43	1389	1.375	1288	1001	920	0.9191	0.7143	0.8038	0.7772	0.8859	0.2504	0.3904	1.375
cosine	twin	0.8	0.995	10	0.1	278	3.43	1389	1.375	1288	1001	920	0.9191	0.7143	0.8038	0.7772	0.8859	0.2504	0.3904	1.375
cosine	twin	0.8	0.995	10	0.2	278	3.43	1381	1.367	1288	1001	920	0.9191	0.7143	0.8038	0.7772	0.8859	0.2499	0.3898	1.367
cosine	twin	0.8	0.995	10	0.3	278	3.43	1376	1.364	1288	1000	920	0.92	0.7143	0.8042	0.7764	0.8873	0.2499	0.3899	1.364
cosine	twin	0.8	0.995	10	0.5	278	3.43	1338	1.331	1288	996	914	0.9177	0.7096	0.8004	0.7733	0.8886	0.2481	0.3879	1.331
cosine	twin	0.8	0.995	30	0.0	278	4.49	1391	1.377	1288	1001	920	0.9191	0.7143	0.8038	0.7772	0.8854	0.2504	0.3904	1.377
cosine	twin	0.8	0.995	30	0.05	278	4.49	1390	1.376	1288	1001	920	0.9191	0.7143	0.8038	0.7772	0.8854	0.2504	0.3904	1.376
cosine	twin	0.8	0.995	30	0.1	278	4.49	1388	1.374	1288	1001	920	0.9191	0.7143	0.8038	0.7772	0.8859	0.2504	0.3904	1.374
cosine	twin	0.8	0.995	30	0.2	278	4.49	1381	1.367	1288	1001	920	0.9191	0.7143	0.8038	0.7772	0.8859	0.2499	0.3898	1.367
cosine	twin	0.8	0.995	30	0.3	278	4.49	1376	1.364	1288	1000	920	0.92	0.7143	0.8042	0.7764	0.8873	0.2499	0.3899	1.364
cosine	twin	0.8	0.995	30	0.5	278	4.49	1338	1.331	1288	996	914	0.9177	0.7096	0.8004	0.7733	0.8886	0.2481	0.3879	1.331
cosine	twin	0.85	0.0	5	0.0	330	4.32	1627	1.698	1288	953	910	0.9549	0.7065	0.8121	0.7399	0.8729	0.2473	0.3855	1.698
cosine	twin	0.85	0.0	5	0.05	330	4.32	1627	1.698	1288	953	910	0.9549	0.7065	0.8121	0.7399	0.8729	0.2473	0.3855	1.698
cosine	twin	0.85	0.0	5	0.1	330	4.32	1627	1.698	1288	953	910	0.9549	0.7065	0.8121	0.7399	0.8729	0.2473	0.3855	1.698
cosine	twin	0.85	0.0	5	0.2	330	4.32	1452	1.516	1288	953	907	0.9517	0.7042	0.8095	0.7399	0.8891	0.2455	0.3848	1.516
cosine	twin	0.85	0.0	5	0.3	330	4.32	1368	1.437	1288	947	891	0.9409	0.6918	0.7973	0.7352	0.8936	0.2396	0.3779	1.437
cosine	twin	0.85	0.0	5	0.5	330	4.32	1209	1.308	1288	917	861	0.9389	0.6685	0.781	0.712	0.9121	0.2329	0.3711	1.308
cosine	twin	0.85	0.0	10	0.0	330	7.93	1908	1.992	1288	954	911	0.9549	0.7073	0.8127	0.7407	0.8501	0.2482	0.3842	1.992
cosine	twin	0.85	0.0	10	0.05	330	7.93	1908	1.992	1288	954	911	0.9549	0.7073	0.8127	0.7407	0.8501	0.2482	0.3842	1.992
cosine	twin	0.85	0.0	10	0.1	330	7.93	1694	1.768	1288	953	910	0.9549	0.7065	0.8121	0.7399	0.8637	0.2472	0.3844	1.768
cosine	twin	0.85	0.0	10	0.2	330	7.93	1478	1.543	1288	953	895	0.9391	0.6949	0.7988	0.7399	0.8747	0.2406	0.3774	1.543
cosine	twin	0.85	0.0	10	0.3	330	7.93	1379	1.456	1288	940	880	0.9362	0.6832	0.7899	0.7298	0.8856	0.2369	0.3738	1.456
cosine	twin	0.85	0.0	10	0.5	330	7.93	1202	1.314	1288	908	853	0.9394	0.6623	0.7769	0.705	0.9121	0.2312	0.3689	1.314
cosine	twin	0.85	0.0	30	0.0	330	19.65	2563	2.675	1288	954	913	0.957	0.7089	0.8145	0.7407	0.8186	0.251	0.3842	2.675
cosine	twin	0.85	0.0	30	0.05	330	19.65	2032	2.121	1288	954	904	0.9476	0.7019	0.8064	0.7407	0.8324	0.2455	0.3792	2.121
cosine	twin	0.85	0.0	30	0.1	330	19.65	1719	1.798	1288	951	891	0.9369	0.6918	0.7959	0.7384	0.8445	0.2416	0.3757	1.798
cosine	twin	0.85	0.0	30	0.2	330	19.65	1506	1.582	1288	946	878	0.9281	0.6817	0.786	0.7345	0.8587	0.2368	0.3712	1.582
cosine	twin	0.85	0.0	30	0.3	330	19.65	1361	1.44	1288	939	862	0.918	0.6693	0.7741	0.729	0.8668	0.2323	0.3663	1.44
cosine	twin	0.85	0.0	30	0.5	330	19.65	1182	1.303	1288	900	829	0.9211	0.6436	0.7578	0.6988	0.8958	0.2251	0.3598	1.303
cosine	twin	0.85	0.9	5	0.0	330	4.26	1595	1.665	1288	952	910	0.9559	0.7065	0.8125	0.7391	0.8792	0.2473	0.3861	1.665
cosine	twin	0.85	0.9	5	0.05	330	4.26	1595	1.665	1288	952	910	0.9559	0.7065	0.8125	0.7391	0.8792	0.2473	0.3861	1.665
cosine	twin	0.85	0.9	5	0.1	330	4.26	1595	1.665	1288	952	910	0.9559	0.7065	0.8125	0.7391	0.8792	0.2473	0.3861	1.665
cosine	twin	0.85	0.9	5	0.2	330	4.26	1441	1.504	1288	952	907	0.9527	0.7042	0.8098	0.7391	0.8923	0.2455	0.3851	1.504
cosine	twin	0.85	0.9	5	0.3	330	4.26	1361	1.43	1288	946	891	0.9419	0.6918	0.7977	0.7345	0.8961	0.2396	0.3781	1.43
cosine	twin	0.85	0.9	5	0.5	330	4.26	1213	1.311	1288	918	864	0.9412	0.6708	0.7833	0.7127	0.9144	0.2341	0.3728	1.311
cosine	twin	0.85	0.9	10	0.0	330	7.76	1853	1.934	1288	953	911	0.9559	0.7073	0.813	0.7399	0.8579	0.2482	0.385	1.934
cosine	twin	0.85	0.9	10	0.05	330	7.76	1853	1.934	1288	953	911	0.9559	0.7073	0.813	0.7399	0.8579	0.2482	0.385	1.934
cosine	twin	0.85	0.9	10	0.1	330	7.76	1667	1.74	1288	952	910	0.9559	0.7065	0.8125	0.7391	0.8703	0.2472	0.385	1.74
cosine	twin	0.85	0.9	10	0.2	330	7.76	1450	1.514	1288	952	895	0.9401	0.6949	0.7991	0.7391	0.8784	0.2406	0.3777	1.514
cosine	twin	0.85	0.9	10	0.3	330	7.76	1356	1.432	1288	939	881	0.9382	0.684	0.7912	0.729	0.8891	0.2371	0.3743	1.432
cosine	twin	0.85	0.9	10	0.5	330	7.76	1208	1.316	1288	912	859	0.9419	0.6669	0.7809	0.7081	0.9157	0.2327	0.3711	1.316
cosine	twin	0.85	0.9	30	0.0	330	18.58	2376	2.48	1288	953	912	0.957	0.7081	0.8139	0.7399	0.8349	0.2507	0.3857	2.48
cosine	twin	0.85	0.9	30	0.05	330	18.58	1928	2.013	1288	953	904	0.9486	0.7019	0.8068	0.7399	0.8471	0.2457	0.3809	2.013
cosine	twin	0.85	0.9	30	0.1	330	18.58	1649	1.725	1288	950	892	0.9389	0.6925	0.7971	0.7376	0.8555	0.2419	0.3771	1.725
cosine	twin	0.85	0.9	30	0.2	330	18.58	1461	1.535	1288	946	881	0.9313	0.684	0.7887	0.7345	0.8688	0.2373	0.3727	1.535
cosine	twin	0.85	0.9	30	0.3	330	18.58	1350	1.427	1288	940	868	0.9234	0.6739	0.7792	0.7298	0.8733	0.2336	0.3686	1.427
cosine	twin	0.85	0.9	30	0.5	330	18.58	1196	1.311	1288	906	841	0.9283	0.653	0.7666	0.7034	0.9035	0.2285	0.3648	1.311
cosine	twin	0.85	0.95	5	0.0	330	3.99	1532	1.599	1288	952	906	0.9517	0.7034	0.8089	0.7391	0.8869	0.2466	0.3859	1.599
cosine	twin	0.85	0.95	5	0.05	330	3.99	1532	1.599	1288	952	906	0.9517	0.7034	0.8089	0.7391	0.8869	0.2466	0.3859	1.599
cosine	twin	0.85	0.95	5	0.1	330	3.99	1532	1.599	1288	952	906	0.9517	0.7034	0.8089	0.7391	0.8869	0.2466	0.3859	1.599
cosine	twin	0.85	0.95	5	0.2	330	3.99	1432	1.495	1288	952	904	0.9496	0.7019	0.8071	0.7391	0.8916	0.2454	0.3848	1.495
cosine	twin	0.85	0.95	5	0.3	330	3.99	1345	1.411	1288	947	889	0.9388	0.6902	0.7955	0.7352	0.8976	0.2402	0.3789	1.411
cosine	twin	0.85	0.95	5	0.5	330	3.99	1223	1.312	1288	925	872	0.9427	0.677	0.7881	0.7182	0.9168	0.2357	0.3749	1.312
cosine	twin	0.85	0.95	10	0.0	330	6.92	1671	1.744	1288	953	907	0.9517	0.7042	0.8095	0.7399	0.8737	0.2472	0.3854	1.744
cosine	twin	0.85	0.95	10	0.05	330	6.92	1671	1.744	1288	953	907	0.9517	0.7042	0.8095	0.7399	0.8737	0.2472	0.3854	1.744
cosine	twin	0.85	0.95	10	0.1	330	6.92	1570	1.639	1288	952	906	0.9517	0.7034	0.8089	0.7391	0.8801	0.2469	0.3856	1.639
cosine	twin	0.85	0.95	10	0.2	330	6.92	1415	1.477	1288	952	894	0.9391	0.6941	0.7982	0.7391	0.8861	0.2422	0.3805	1.477
cosine	twin	0.85	0.95	10	0.3	330	6.92	1334	1.407	1288	941	886	0.9416	0.6879	0.795	0.7306	0.8981	0.239	0.3775	1.407
cosine	twin	0.85	0.95	10	0.5	330	6.92	1229	1.317	1288	926	871	0.9406	0.6762	0.7868	0.7189	0.914	0.2355	0.3745	1.317
cosine	twin	0.85	0.95	30	0.0	330	14.74	1839	1.92	1288	953	908	0.9528	0.705	0.8104	0.7399	0.8663	0.2485	0.3863	1.92
cosine	twin	0.85	0.95	30	0.05	330	14.74	1672	1.745	1288	953	903	0.9475	0.7011	0.8059	0.7399	0.8713	0.2463	0.3841	1.745
cosine	twin	0.85	0.95	30	0.1	330	14.74	1555	1.623	1288	952	902	0.9475	0.7003	0.8054	0.7391	0.8761	0.2453	0.3833	1.623
cosine	twin	0.85	0.95	30	0.2	330	14.74	1408	1.473	1288	950	891	0.9379	0.6918	0.7962	0.7376	0.8814	0.2411	0.3786	1.473
cosine	twin	0.85	0.95	30	0.3	330	14.74	1327	1.398	1288	943	882	0.9353	0.6848	0.7907	0.7321	0.8905	0.2376	0.3751	1.398
cosine	twin	0.85	0.95	30	0.5	330	14.74	1213	1.309	1288	920	861	0.9359	0.6685	0.7799	0.7143	0.9099	0.2337	0.3719	1.309
cosine	twin	0.85	0.98	5	0.0	330	3.43	1401	1.462	1288	952	901	0.9464	0.6995	0.8045	0.7391	0.9005	0.2449	0.3851	1.462
cosine	twin	0.85	0.98	5	0.05	330	3.43	1401	1.462	1288	952	901	0.9464	0.6995	0.8045	0.7391	0.9005	0.2449	0.3851	1.462
cosine	twin	0.85	0.98	5	0.1	330	3.43	1401	1.462	1288	952	901	0.9464	0.6995	0.8045	0.7391	0.9005	0.2449	0.3851	1.462
cosine	twin	0.85	0.98	5	0.2	330	3.43	1368	1.428	1288	952	899	0.9443	0.698	0.8027	0.7391	0.8999	0.2441	0.384	1.428
cosine	twin	0.85	0.98	5	0.3	330	3.43	1324	1.385	1288	950	896	0.9432	0.6957	0.8007	0.7376	0.9041	0.2429	0.383	1.385
cosine	twin	0.85	0.98	5	0.5	330	3.43	1246	1.319	1288	939	889	0.9468	0.6902	0.7984	0.729	0.9199	0.2405	0.3813	1.319
cosine	twin	0.85	0.98	10	0.0	330	5.44	1433	1.496	1288	953	902	0.9465	0.7003	0.805	0.7399	0.8981	0.245	0.385	1.496
cosine	twin	0.85	0.98	10	0.05	330	5.44	1433	1.496	1288	953	902	0.9465	0.7003	0.805	0.7399	0.8981	0.245	0.385	1.496
cosine	twin	0.85	0.98	10	0.1	330	5.44	1405	1.467	1288	952	901	0.9464	0.6995	0.8045	0.7391	0.8996	0.2449	0.385	1.467
cosine	twin	0.85	0.98	10	0.2	330	5.44	1359	1.419	1288	952	900	0.9454	0.6988	0.8036	0.7391	0.902	0.2442	0.3844	1.419
cosine	twin	0.85	0.98	10	0.3	330	5.44	1328	1.389	1288	949	897	0.9452	0.6964	0.802	0.7368	0.9043	0.2433	0.3834	1.389
cosine	twin	0.85	0.98	10	0.5	330	5.44	1245	1.316	1288	940	889	0.9457	0.6902	0.798	0.7298	0.9189	0.2404	0.3811	1.316
cosine	twin	0.85	0.98	30	0.0	330	9.79	1477	1.542	1288	953	902	0.9465	0.7003	0.805	0.7399	0.8941	0.2456	0.3854	1.542
cosine	twin	0.85	0.98	30	0.05	330	9.79	1452	1.516	1288	953	902	0.9465	0.7003	0.805	0.7399	0.897	0.2454	0.3854	1.516
cosine	twin	0.85	0.98	30	0.1	330	9.79	1406	1.468	1288	952	901	0.9464	0.6995	0.8045	0.7391	0.8989	0.2446	0.3845	1.468
cosine	twin	0.85	0.98	30	0.2	330	9.79	1363	1.423	1288	952	900	0.9454	0.6988	0.8036	0.7391	0.9013	0.2443	0.3844	1.423
cosine	twin	0.85	0.98	30	0.3	330	9.79	1326	1.388	1288	949	897	0.9452	0.6964	0.802	0.7368	0.9047	0.2432	0.3833	1.388
cosine	twin	0.85	0.98	30	0.5	330	9.79	1244	1.316	1288	939	889	0.9468	0.6902	0.7984	0.729	0.9199	0.2404	0.3812	1.316
cosine	twin	0.85	0.995	5	0.0	330	2.5	1309	1.366	1288	952	892	0.937	0.6925	0.7964	0.7391	0.9061	0.2423	0.3823	1.366
cosine	twin	0.85	0.995	5	0.05	330	2.5	1309	1.366	1288	952	892	0.937	0.6925	0.7964	0.7391	0.9061	0.2423	0.3823	1.366
cosine	twin	0.85	0.995	5	0.1	330	2.5	1309	1.366	1288	952	892	0.937	0.6925	0.7964	0.7391	0.9061	0.2423	0.3823	1.366
cosine	twin	0.85	0.995	5	0.2	330	2.5	1305	1.362	1288	952	892	0.937	0.6925	0.7964	0.7391	0.9061	0.2418	0.3817	1.362
cosine	twin	0.85	0.995	5	0.3	330	2.5	1300	1.358	1288	951	892	0.938	0.6925	0.7968	0.7384	0.9076	0.2418	0.3818	1.358
cosine	twin	0.85	0.995	5	0.5	330	2.5	1267	1.328	1288	948	886	0.9346	0.6879	0.7925	0.736	0.9075	0.24	0.3796	1.328
cosine	twin	0.85	0.995	10	0.0	330	3.52	1309	1.366	1288	952	892	0.937	0.6925	0.7964	0.7391	0.9061	0.2423	0.3823	1.366
cosine	twin	0.85	0.995	10	0.05	330	3.52	1309	1.366	1288	952	892	0.937	0.6925	0.7964	0.7391	0.9061	0.2423	0.3823	1.366
cosine	twin	0.85	0.995	10	0.1	330	3.52	1309	1.366	1288	952	892	0.937	0.6925	0.7964	0.7391	0.9061	0.2423	0.3823	1.366
cosine	twin	0.85	0.995	10	0.2	330	3.52	1305	1.362	1288	952	892	0.937	0.6925	0.7964	0.7391	0.9061	0.2418	0.3817	1.362
cosine	twin	0.85	0.995	10	0.3	330	3.52	1300	1.358	1288	951	892	0.938	0.6925	0.7968	0.7384	0.9076	0.2418	0.3818	1.358
cosine	twin	0.85	0.995	10	0.5	330	3.52	1267	1.328	1288	948	886	0.9346	0.6879	0.7925	0.736	0.9075	0.24	0.3796	1.328
cosine	twin	0.85	0.995	30	0.0	330	4.63	1311	1.368	1288	952	892	0.937	0.6925	0.7964	0.7391	0.9056	0.2423	0.3823	1.368
cosine	twin	0.85	0.995	30	0.05	330	4.63	1310	1.367	1288	952	892	0.937	0.6925	0.7964	0.7391	0.9056	0.2423	0.3823	1.367
cosine	twin	0.85	0.995	30	0.1	330	4.63	1309	1.366	1288	952	892	0.937	0.6925	0.7964	0.7391	0.9061	0.2423	0.3823	1.366
cosine	twin	0.85	0.995	30	0.2	330	4.63	1305	1.362	1288	952	892	0.937	0.6925	0.7964	0.7391	0.9061	0.2418	0.3817	1.362
cosine	twin	0.85	0.995	30	0.3	330	4.63	1300	1.358	1288	951	892	0.938	0.6925	0.7968	0.7384	0.9076	0.2418	0.3818	1.358
cosine	twin	0.85	0.995	30	0.5	330	4.63	1267	1.328	1288	948	886	0.9346	0.6879	0.7925	0.736	0.9075	0.24	0.3796	1.328
cosine	twin	0.9	0.0	5	0.0	443	4.22	1301	1.54	1288	842	819	0.9727	0.6359	0.769	0.6537	0.9164	0.222	0.3574	1.54
cosine	twin	0.9	0.0	5	0.05	443	4.22	1301	1.54	1288	842	819	0.9727	0.6359	0.769	0.6537	0.9164	0.222	0.3574	1.54
cosine	twin	0.9	0.0	5	0.1	443	4.22	1301	1.54	1288	842	819	0.9727	0.6359	0.769	0.6537	0.9164	0.222	0.3574	1.54
cosine	twin	0.9	0.0	5	0.2	443	4.22	1215	1.438	1288	842	817	0.9703	0.6343	0.7671	0.6537	0.9247	0.221	0.3567	1.438
cosine	twin	0.9	0.0	5	0.3	443	4.22	1174	1.394	1288	839	807	0.9619	0.6266	0.7588	0.6514	0.9269	0.2177	0.3526	1.394
cosine	twin	0.9	0.0	5	0.5	443	4.22	1082	1.305	1288	825	791	0.9588	0.6141	0.7487	0.6405	0.9362	0.2136	0.3478	1.305
cosine	twin	0.9	0.0	10	0.0	443	7.65	1429	1.691	1288	842	819	0.9727	0.6359	0.769	0.6537	0.8991	0.2226	0.3568	1.691
cosine	twin	0.9	0.0	10	0.05	443	7.65	1429	1.691	1288	842	819	0.9727	0.6359	0.769	0.6537	0.8991	0.2226	0.3568	1.691
cosine	twin	0.9	0.0	10	0.1	443	7.65	1354	1.602	1288	842	819	0.9727	0.6359	0.769	0.6537	0.9094	0.2221	0.357	1.602
cosine	twin	0.9	0.0	10	0.2	443	7.65	1217	1.44	1288	842	810	0.962	0.6289	0.7606	0.6537	0.915	0.2181	0.3523	1.44
cosine	twin	0.9	0.0	10	0.3	443	7.65	1171	1.391	1288	838	805	0.9606	0.625	0.7573	0.6506	0.9217	0.2165	0.3506	1.391
cosine	twin	0.9	0.0	10	0.5	443	7.65	1074	1.302	1288	822	787	0.9574	0.611	0.746	0.6382	0.9359	0.2126	0.3465	1.302
cosine	twin	0.9	0.0	30	0.0	443	18.13	1605	1.899	1288	842	819	0.9727	0.6359	0.769	0.6537	0.8829	0.2238	0.3571	1.899
cosine	twin	0.9	0.0	30	0.05	443	18.13	1482	1.754	1288	842	815	0.9679	0.6328	0.7653	0.6537	0.8911	0.2213	0.3546	1.754
cosine	twin	0.9	0.0	30	0.1	443	18.13	1363	1.613	1288	842	811	0.9632	0.6297	0.7615	0.6537	0.8978	0.2195	0.3527	1.613
cosine	twin	0.9	0.0	30	0.2	443	18.13	1245	1.475	1288	841	807	0.9596	0.6266	0.7581	0.653	0.9062	0.2172	0.3504	1.475
cosine	twin	0.9	0.0	30	0.3	443	18.13	1182	1.405	1288	837	798	0.9534	0.6196	0.7511	0.6498	0.9105	0.2144	0.3471	1.405
cosine	twin	0.9	0.0	30	0.5	443	18.13	1068	1.304	1288	816	774	0.9485	0.6009	0.7357	0.6335	0.9275	0.2094	0.3416	1.304
cosine	twin	0.9	0.9	5	0.0	443	4.22	1301	1.54	1288	842	819	0.9727	0.6359	0.769	0.6537	0.9164	0.222	0.3574	1.54
cosine	twin	0.9	0.9	5	0.05	443	4.22	1301	1.54	1288	842	819	0.9727	0.6359	0.769	0.6537	0.9164	0.222	0.3574	1.54
cosine	twin	0.9	0.9	5	0.1	443	4.22	1301	1.54	1288	842	819	0.9727	0.6359	0.769	0.6537	0.9164	0.222	0.3574	1.54
cosine	twin	0.9	0.9	5	0.2	443	4.22	1215	1.438	1288	842	817	0.9703	0.6343	0.7671	0.6537	0.9247	0.221	0.3567	1.438
cosine	twin	0.9	0.9	5	0.3	443	4.22	1174	1.394	1288	839	807	0.9619	0.6266	0.7588	0.6514	0.9269	0.2177	0.3526	1.394
cosine	twin	0.9	0.9	5	0.5	443	4.22	1082	1.305	1288	825	791	0.9588	0.6141	0.7487	0.6405	0.9362	0.2136	0.3478	1.305
cosine	twin	0.9	0.9	10	0.0	443	7.65	1429	1.691	1288	842	819	0.9727	0.6359	0.769	0.6537	0.8991	0.2226	0.3568	1.691
cosine	twin	0.9	0.9	10	0.05	443	7.65	1429	1.691	1288	842	819	0.9727	0.6359	0.769	0.6537	0.8991	0.2226	0.3568	1.691
cosine	twin	0.9	0.9	10	0.1	443	7.65	1354	1.602	1288	842	819	0.9727	0.6359	0.769	0.6537	0.9094	0.2221	0.357	1.602
cosine	twin	0.9	0.9	10	0.2	443	7.65	1217	1.44	1288	842	810	0.962	0.6289	0.7606	0.6537	0.915	0.2181	0.3523	1.44
cosine	twin	0.9	0.9	10	0.3	443	7.65	1171	1.391	1288	838	805	0.9606	0.625	0.7573	0.6506	0.9217	0.2165	0.3506	1.391
cosine	twin	0.9	0.9	10	0.5	443	7.65	1074	1.302	1288	822	787	0.9574	0.611	0.746	0.6382	0.9359	0.2126	0.3465	1.302
cosine	twin	0.9	0.9	30	0.0	443	18.13	1605	1.899	1288	842	819	0.9727	0.6359	0.769	0.6537	0.8829	0.2238	0.3571	1.899
cosine	twin	0.9	0.9	30	0.05	443	18.13	1482	1.754	1288	842	815	0.9679	0.6328	0.7653	0.6537	0.8911	0.2213	0.3546	1.754
cosine	twin	0.9	0.9	30	0.1	443	18.13	1363	1.613	1288	842	811	0.9632	0.6297	0.7615	0.6537	0.8978	0.2195	0.3527	1.613
cosine	twin	0.9	0.9	30	0.2	443	18.13	1245	1.475	1288	841	807	0.9596	0.6266	0.7581	0.653	0.9062	0.2172	0.3504	1.475
cosine	twin	0.9	0.9	30	0.3	443	18.13	1182	1.405	1288	837	798	0.9534	0.6196	0.7511	0.6498	0.9105	0.2144	0.3471	1.405
cosine	twin	0.9	0.9	30	0.5	443	18.13	1068	1.304	1288	816	774	0.9485	0.6009	0.7357	0.6335	0.9275	0.2094	0.3416	1.304
cosine	twin	0.9	0.95	5	0.0	443	4.06	1282	1.517	1288	842	819	0.9727	0.6359	0.769	0.6537	0.9198	0.222	0.3576	1.517
cosine	twin	0.9	0.95	5	0.05	443	4.06	1282	1.517	1288	842	819	0.9727	0.6359	0.769	0.6537	0.9198	0.222	0.3576	1.517
cosine	twin	0.9	0.95	5	0.1	443	4.06	1282	1.517	1288	842	819	0.9727	0.6359	0.769	0.6537	0.9198	0.222	0.3576	1.517
cosine	twin	0.9	0.95	5	0.2	443	4.06	1217	1.44	1288	842	817	0.9703	0.6343	0.7671	0.6537	0.9233	0.221	0.3566	1.44
cosine	twin	0.9	0.95	5	0.3	443	4.06	1177	1.396	1288	840	808	0.9619	0.6273	0.7594	0.6522	0.9262	0.218	0.3529	1.396
cosine	twin	0.9	0.95	5	0.5	443	4.06	1090	1.309	1288	829	796	0.9602	0.618	0.752	0.6436	0.9377	0.2146	0.3492	1.309
cosine	twin	0.9	0.95	10	0.0	443	7.13	1349	1.596	1288	842	819	0.9727	0.6359	0.769	0.6537	0.9066	0.2224	0.3572	1.596
cosine	twin	0.9	0.95	10	0.05	443	7.13	1349	1.596	1288	842	819	0.9727	0.6359	0.769	0.6537	0.9066	0.2224	0.3572	1.596
cosine	twin	0.9	0.95	10	0.1	443	7.13	1315	1.556	1288	842	819	0.9727	0.6359	0.769	0.6537	0.9129	0.2222	0.3573	1.556
cosine	twin	0.9	0.95	10	0.2	443	7.13	1211	1.433	1288	842	812	0.9644	0.6304	0.7624	0.6537	0.9184	0.2195	0.3543	1.433
cosine	twin	0.9	0.95	10	0.3	443	7.13	1178	1.399	1288	839	809	0.9642	0.6281	0.7607	0.6514	0.9257	0.2178	0.3526	1.399
cosine	twin	0.9	0.95	10	0.5	443	7.13	1089	1.306	1288	830	795	0.9578	0.6172	0.7507	0.6444	0.9348	0.2146	0.349	1.306
cosine	twin	0.9	0.95	30	0.0	443	15.52	1415	1.675	1288	842	819	0.9727	0.6359	0.769	0.6537	0.8989	0.2232	0.3576	1.675
cosine	twin	0.9	0.95	30	0.05	443	15.52	1362	1.612	1288	842	817	0.9703	0.6343	0.7671	0.6537	0.904	0.2217	0.356	1.612
cosine	twin	0.9	0.95	30	0.1	443	15.52	1311	1.551	1288	842	815	0.9679	0.6328	0.7653	0.6537	0.9084	0.2205	0.3549	1.551
cosine	twin	0.9	0.95	30	0.2	443	15.52	1224	1.449	1288	842	812	0.9644	0.6304	0.7624	0.6537	0.9125	0.2191	0.3534	1.449
cosine	twin	0.9	0.95	30	0.3	443	15.52	1180	1.401	1288	839	807	0.9619	0.6266	0.7588	0.6514	0.9201	0.2166	0.3507	1.401
cosine	twin	0.9	0.95	30	0.5	443	15.52	1085	1.306	1288	827	787	0.9516	0.611	0.7442	0.6421	0.9285	0.2129	0.3464	1.306
cosine	twin	0.9	0.98	5	0.0	443	3.56	1196	1.415	1288	842	816	0.9691	0.6335	0.7662	0.6537	0.9294	0.2213	0.3575	1.415
cosine	twin	0.9	0.98	5	0.05	443	3.56	1196	1.415	1288	842	816	0.9691	0.6335	0.7662	0.6537	0.9294	0.2213	0.3575	1.415
cosine	twin	0.9	0.98	5	0.1	443	3.56	1196	1.415	1288	842	816	0.9691	0.6335	0.7662	0.6537	0.9294	0.2213	0.3575	1.415
cosine	twin	0.9	0.98	5	0.2	443	3.56	1181	1.398	1288	842	814	0.9667	0.632	0.7643	0.6537	0.9283	0.2205	0.3563	1.398
cosine	twin	0.9	0.98	5	0.3	443	3.56	1163	1.376	1288	842	813	0.9656	0.6312	0.7634	0.6537	0.9312	0.2202	0.3562	1.376
cosine	twin	0.9	0.98	5	0.5	443	3.56	1105	1.314	1288	838	806	0.9618	0.6258	0.7582	0.6506	0.9387	0.2177	0.3535	1.314
cosine	twin	0.9	0.98	10	0.0	443	5.76	1206	1.427	1288	842	816	0.9691	0.6335	0.7662	0.6537	0.9268	0.2214	0.3574	1.427
cosine	twin	0.9	0.98	10	0.05	443	5.76	1206	1.427	1288	842	816	0.9691	0.6335	0.7662	0.6537	0.9268	0.2214	0.3574	1.427
cosine	twin	0.9	0.98	10	0.1	443	5.76	1199	1.419	1288	842	816	0.9691	0.6335	0.7662	0.6537	0.9287	0.2213	0.3575	1.419
cosine	twin	0.9	0.98	10	0.2	443	5.76	1180	1.396	1288	842	815	0.9679	0.6328	0.7653	0.6537	0.9293	0.2207	0.3566	1.396
cosine	twin	0.9	0.98	10	0.3	443	5.76	1165	1.379	1288	842	815	0.9679	0.6328	0.7653	0.6537	0.9326	0.2205	0.3567	1.379
cosine	twin	0.9	0.98	10	0.5	443	5.76	1105	1.312	1288	839	806	0.9607	0.6258	0.7579	0.6514	0.9376	0.2177	0.3533	1.312
cosine	twin	0.9	0.98	30	0.0	443	10.62	1232	1.458	1288	842	816	0.9691	0.6335	0.7662	0.6537	0.9223	0.2219	0.3578	1.458
cosine	twin	0.9	0.98	30	0.05	443	10.62	1221	1.445	1288	842	816	0.9691	0.6335	0.7662	0.6537	0.9256	0.2217	0.3578	1.445
cosine	twin	0.9	0.98	30	0.1	443	10.62	1200	1.42	1288	842	816	0.9691	0.6335	0.7662	0.6537	0.9279	0.221	0.357	1.42
cosine	twin	0.9	0.98	30	0.2	443	10.62	1183	1.4	1288	842	815	0.9679	0.6328	0.7653	0.6537	0.9285	0.2207	0.3566	1.4
cosine	twin	0.9	0.98	30	0.3	443	10.62	1165	1.379	1288	842	815	0.9679	0.6328	0.7653	0.6537	0.932	0.2205	0.3566	1.379
cosine	twin	0.9	0.98	30	0.5	443	10.62	1105	1.312	1288	839	806	0.9607	0.6258	0.7579	0.6514	0.9376	0.2177	0.3533	1.312
cosine	twin	0.9	0.995	5	0.0	443	2.62	1135	1.343	1288	842	807	0.9584	0.6266	0.7577	0.6537	0.9334	0.2187	0.3544	1.343
cosine	twin	0.9	0.995	5	0.05	443	2.62	1135	1.343	1288	842	807	0.9584	0.6266	0.7577	0.6537	0.9334	0.2187	0.3544	1.343
cosine	twin	0.9	0.995	5	0.1	443	2.62	1135	1.343	1288	842	807	0.9584	0.6266	0.7577	0.6537	0.9334	0.2187	0.3544	1.343
cosine	twin	0.9	0.995	5	0.2	443	2.62	1133	1.341	1288	842	807	0.9584	0.6266	0.7577	0.6537	0.9334	0.2182	0.3537	1.341
cosine	twin	0.9	0.995	5	0.3	443	2.62	1132	1.34	1288	842	807	0.9584	0.6266	0.7577	0.6537	0.934	0.2182	0.3537	1.34
cosine	twin	0.9	0.995	5	0.5	443	2.62	1117	1.323	1288	841	805	0.9572	0.625	0.7562	0.653	0.9341	0.2178	0.3532	1.323
cosine	twin	0.9	0.995	10	0.0	443	3.77	1135	1.343	1288	842	807	0.9584	0.6266	0.7577	0.6537	0.9334	0.2187	0.3544	1.343
cosine	twin	0.9	0.995	10	0.05	443	3.77	1135	1.343	1288	842	807	0.9584	0.6266	0.7577	0.6537	0.9334	0.2187	0.3544	1.343
cosine	twin	0.9	0.995	10	0.1	443	3.77	1135	1.343	1288	842	807	0.9584	0.6266	0.7577	0.6537	0.9334	0.2187	0.3544	1.343
cosine	twin	0.9	0.995	10	0.2	443	3.77	1133	1.341	1288	842	807	0.9584	0.6266	0.7577	0.6537	0.9334	0.2182	0.3537	1.341
cosine	twin	0.9	0.995	10	0.3	443	3.77	1132	1.34	1288	842	807	0.9584	0.6266	0.7577	0.6537	0.934	0.2182	0.3537	1.34
cosine	twin	0.9	0.995	10	0.5	443	3.77	1117	1.323	1288	841	805	0.9572	0.625	0.7562	0.653	0.9341	0.2178	0.3532	1.323
cosine	twin	0.9	0.995	30	0.0	443	5.01	1137	1.346	1288	842	807	0.9584	0.6266	0.7577	0.6537	0.9328	0.2187	0.3543	1.346
cosine	twin	0.9	0.995	30	0.05	443	5.01	1136	1.344	1288	842	807	0.9584	0.6266	0.7577	0.6537	0.9328	0.2187	0.3543	1.344
cosine	twin	0.9	0.995	30	0.1	443	5.01	1135	1.343	1288	842	807	0.9584	0.6266	0.7577	0.6537	0.9334	0.2187	0.3544	1.343
cosine	twin	0.9	0.995	30	0.2	443	5.01	1133	1.341	1288	842	807	0.9584	0.6266	0.7577	0.6537	0.9334	0.2182	0.3537	1.341
cosine	twin	0.9	0.995	30	0.3	443	5.01	1132	1.34	1288	842	807	0.9584	0.6266	0.7577	0.6537	0.934	0.2182	0.3537	1.34
cosine	twin	0.9	0.995	30	0.5	443	5.01	1117	1.323	1288	841	805	0.9572	0.625	0.7562	0.653	0.9341	0.2178	0.3532	1.323
