metric	condition	nn_quantile	nn_threshold	floor	n_adjudicable	n_fired	n_correct	precision	recall	f1	coverage	mnxr_macro_precision	mnxr_macro_recall	mnxr_macro_f1	mnxr_mean_pred_size
euclidean	pool	0.0	1.1075	0.0	1288	1286	1075	0.8359	0.8346	0.8353	0.9984	0.4719	0.315	0.3778	8.481
euclidean	pool	0.0	1.1075	0.05	1288	1282	1039	0.8105	0.8067	0.8086	0.9953	0.5289	0.2915	0.3759	4.439
euclidean	pool	0.0	1.1075	0.1	1288	1277	981	0.7682	0.7616	0.7649	0.9915	0.5755	0.2716	0.3691	2.744
euclidean	pool	0.0	1.1075	0.15	1288	1249	907	0.7262	0.7042	0.715	0.9697	0.5914	0.2497	0.3512	2.071
euclidean	pool	0.0	1.1075	0.2	1288	1207	864	0.7158	0.6708	0.6926	0.9371	0.6174	0.2351	0.3406	1.728
euclidean	pool	0.0	1.1075	0.25	1288	1158	818	0.7064	0.6351	0.6688	0.8991	0.6369	0.2221	0.3293	1.529
euclidean	pool	0.0	1.1075	0.3	1288	1104	787	0.7129	0.611	0.658	0.8571	0.6602	0.2126	0.3216	1.421
euclidean	pool	0.0	1.1075	0.35	1288	1064	766	0.7199	0.5947	0.6514	0.8261	0.6782	0.2085	0.3189	1.373
euclidean	pool	0.0	1.1075	0.4	1288	1004	745	0.742	0.5784	0.6501	0.7795	0.7088	0.202	0.3144	1.328
euclidean	pool	0.0	1.1075	0.45	1288	969	730	0.7534	0.5668	0.6469	0.7523	0.7228	0.1989	0.3119	1.314
euclidean	pool	0.0	1.1075	0.5	1288	923	709	0.7681	0.5505	0.6413	0.7166	0.744	0.1881	0.3003	1.304
euclidean	pool	0.0	1.1075	0.55	1288	871	695	0.7979	0.5396	0.6438	0.6762	0.7746	0.1848	0.2985	1.306
euclidean	pool	0.0	1.1075	0.6	1288	830	676	0.8145	0.5248	0.6383	0.6444	0.7936	0.1806	0.2942	1.295
euclidean	pool	0.0	1.1075	0.65	1288	796	659	0.8279	0.5116	0.6324	0.618	0.8071	0.1775	0.291	1.292
euclidean	pool	0.0	1.1075	0.7	1288	753	639	0.8486	0.4961	0.6262	0.5846	0.8276	0.1735	0.2869	1.285
euclidean	pool	0.0	1.1075	0.75	1288	714	622	0.8711	0.4829	0.6214	0.5543	0.8518	0.1679	0.2804	1.279
euclidean	pool	0.0	1.1075	0.8	1288	673	601	0.893	0.4666	0.613	0.5225	0.8748	0.1625	0.274	1.272
euclidean	pool	0.0	1.1075	0.85	1288	637	590	0.9262	0.4581	0.613	0.4946	0.9076	0.1584	0.2697	1.275
euclidean	pool	0.0	1.1075	0.9	1288	597	569	0.9531	0.4418	0.6037	0.4635	0.9341	0.1546	0.2653	1.25
euclidean	pool	0.05	3.3813	0.0	1288	1221	1073	0.8788	0.8331	0.8553	0.948	0.4965	0.3142	0.3848	8.272
euclidean	pool	0.05	3.3813	0.05	1288	1217	1038	0.8529	0.8059	0.8287	0.9449	0.5566	0.2911	0.3823	4.427
euclidean	pool	0.05	3.3813	0.1	1288	1213	980	0.8079	0.7609	0.7837	0.9418	0.6057	0.2712	0.3747	2.745
euclidean	pool	0.05	3.3813	0.15	1288	1189	906	0.762	0.7034	0.7315	0.9231	0.6219	0.2494	0.356	2.075
euclidean	pool	0.05	3.3813	0.2	1288	1148	863	0.7517	0.67	0.7085	0.8913	0.65	0.2347	0.3449	1.722
euclidean	pool	0.05	3.3813	0.25	1288	1102	818	0.7423	0.6351	0.6845	0.8556	0.6699	0.2221	0.3336	1.525
euclidean	pool	0.05	3.3813	0.3	1288	1051	787	0.7488	0.611	0.6729	0.816	0.6941	0.2126	0.3254	1.417
euclidean	pool	0.05	3.3813	0.35	1288	1014	766	0.7554	0.5947	0.6655	0.7873	0.7124	0.2085	0.3225	1.369
euclidean	pool	0.05	3.3813	0.4	1288	958	745	0.7777	0.5784	0.6634	0.7438	0.7431	0.202	0.3176	1.323
euclidean	pool	0.05	3.3813	0.45	1288	927	730	0.7875	0.5668	0.6591	0.7197	0.7558	0.1989	0.3149	1.312
euclidean	pool	0.05	3.3813	0.5	1288	883	709	0.8029	0.5505	0.6532	0.6856	0.7773	0.1881	0.3029	1.302
euclidean	pool	0.05	3.3813	0.55	1288	835	695	0.8323	0.5396	0.6547	0.6483	0.8076	0.1848	0.3008	1.303
euclidean	pool	0.05	3.3813	0.6	1288	796	676	0.8492	0.5248	0.6488	0.618	0.8273	0.1806	0.2965	1.291
euclidean	pool	0.05	3.3813	0.65	1288	765	659	0.8614	0.5116	0.642	0.5939	0.8395	0.1775	0.2931	1.291
euclidean	pool	0.05	3.3813	0.7	1288	725	639	0.8814	0.4961	0.6349	0.5629	0.8593	0.1735	0.2888	1.285
euclidean	pool	0.05	3.3813	0.75	1288	689	622	0.9028	0.4829	0.6292	0.5349	0.8825	0.1679	0.2821	1.277
euclidean	pool	0.05	3.3813	0.8	1288	654	601	0.919	0.4666	0.6189	0.5078	0.9001	0.1625	0.2752	1.271
euclidean	pool	0.05	3.3813	0.85	1288	626	590	0.9425	0.4581	0.6165	0.486	0.9234	0.1584	0.2704	1.273
euclidean	pool	0.05	3.3813	0.9	1288	590	569	0.9644	0.4418	0.606	0.4581	0.9451	0.1546	0.2657	1.251
euclidean	pool	0.1	5.6642	0.0	1288	1158	1070	0.924	0.8307	0.8749	0.8991	0.5236	0.3138	0.3924	7.802
euclidean	pool	0.1	5.6642	0.05	1288	1155	1036	0.897	0.8043	0.8481	0.8967	0.5868	0.291	0.3891	4.221
euclidean	pool	0.1	5.6642	0.1	1288	1151	978	0.8497	0.7593	0.802	0.8936	0.6387	0.2711	0.3806	2.672
euclidean	pool	0.1	5.6642	0.15	1288	1129	904	0.8007	0.7019	0.748	0.8766	0.6548	0.2492	0.361	2.054
euclidean	pool	0.1	5.6642	0.2	1288	1093	861	0.7877	0.6685	0.7232	0.8486	0.6824	0.2346	0.3492	1.719
euclidean	pool	0.1	5.6642	0.25	1288	1049	816	0.7779	0.6335	0.6983	0.8144	0.7035	0.222	0.3375	1.518
euclidean	pool	0.1	5.6642	0.3	1288	1004	785	0.7819	0.6095	0.685	0.7795	0.7262	0.2124	0.3287	1.412
euclidean	pool	0.1	5.6642	0.35	1288	971	765	0.7878	0.5939	0.6773	0.7539	0.7439	0.2084	0.3255	1.364
euclidean	pool	0.1	5.6642	0.4	1288	921	744	0.8078	0.5776	0.6736	0.7151	0.7731	0.2019	0.3201	1.319
euclidean	pool	0.1	5.6642	0.45	1288	894	729	0.8154	0.566	0.6682	0.6941	0.784	0.1987	0.3171	1.312
euclidean	pool	0.1	5.6642	0.5	1288	856	708	0.8271	0.5497	0.6604	0.6646	0.8013	0.188	0.3046	1.303
euclidean	pool	0.1	5.6642	0.55	1288	810	694	0.8568	0.5388	0.6616	0.6289	0.832	0.1847	0.3023	1.304
euclidean	pool	0.1	5.6642	0.6	1288	772	675	0.8744	0.5241	0.6553	0.5994	0.8525	0.1805	0.2979	1.293
euclidean	pool	0.1	5.6642	0.65	1288	743	658	0.8856	0.5109	0.648	0.5769	0.8629	0.1774	0.2943	1.292
euclidean	pool	0.1	5.6642	0.7	1288	705	638	0.905	0.4953	0.6402	0.5474	0.8821	0.1734	0.2899	1.286
euclidean	pool	0.1	5.6642	0.75	1288	669	621	0.9283	0.4821	0.6346	0.5194	0.9073	0.1677	0.2831	1.278
euclidean	pool	0.1	5.6642	0.8	1288	635	600	0.9449	0.4658	0.624	0.493	0.9253	0.1623	0.2762	1.271
euclidean	pool	0.1	5.6642	0.85	1288	613	590	0.9625	0.4581	0.6207	0.4759	0.9429	0.1584	0.2712	1.272
euclidean	pool	0.1	5.6642	0.9	1288	584	569	0.9743	0.4418	0.6079	0.4534	0.9548	0.1546	0.2661	1.253
euclidean	pool	0.15	10.1151	0.0	1288	1094	1063	0.9717	0.8253	0.8925	0.8494	0.5523	0.312	0.3987	7.502
euclidean	pool	0.15	10.1151	0.05	1288	1093	1030	0.9424	0.7997	0.8652	0.8486	0.6189	0.2893	0.3943	4.085
euclidean	pool	0.15	10.1151	0.1	1288	1089	972	0.8926	0.7547	0.8178	0.8455	0.6735	0.2694	0.3849	2.639
euclidean	pool	0.15	10.1151	0.15	1288	1068	898	0.8408	0.6972	0.7623	0.8292	0.69	0.2476	0.3645	2.037
euclidean	pool	0.15	10.1151	0.2	1288	1033	856	0.8287	0.6646	0.7376	0.802	0.7203	0.2338	0.353	1.721
euclidean	pool	0.15	10.1151	0.25	1288	998	812	0.8136	0.6304	0.7104	0.7748	0.7387	0.2212	0.3405	1.516
euclidean	pool	0.15	10.1151	0.3	1288	957	782	0.8171	0.6071	0.6967	0.743	0.7619	0.2118	0.3315	1.416
euclidean	pool	0.15	10.1151	0.35	1288	930	762	0.8194	0.5916	0.6871	0.722	0.777	0.2077	0.3278	1.365
euclidean	pool	0.15	10.1151	0.4	1288	882	741	0.8401	0.5753	0.6829	0.6848	0.8077	0.2012	0.3222	1.318
euclidean	pool	0.15	10.1151	0.45	1288	856	726	0.8481	0.5637	0.6772	0.6646	0.8192	0.1981	0.3191	1.31
euclidean	pool	0.15	10.1151	0.5	1288	818	705	0.8619	0.5474	0.6695	0.6351	0.8381	0.1874	0.3063	1.301
euclidean	pool	0.15	10.1151	0.55	1288	773	691	0.8939	0.5365	0.6705	0.6002	0.8716	0.1841	0.304	1.302
euclidean	pool	0.15	10.1151	0.6	1288	739	672	0.9093	0.5217	0.663	0.5738	0.8905	0.1799	0.2993	1.288
euclidean	pool	0.15	10.1151	0.65	1288	712	655	0.9199	0.5085	0.655	0.5528	0.9003	0.1768	0.2955	1.292
euclidean	pool	0.15	10.1151	0.7	1288	681	635	0.9325	0.493	0.645	0.5287	0.9132	0.1728	0.2906	1.282
euclidean	pool	0.15	10.1151	0.75	1288	650	618	0.9508	0.4798	0.6378	0.5047	0.9339	0.1671	0.2835	1.271
euclidean	pool	0.15	10.1151	0.8	1288	617	597	0.9676	0.4635	0.6268	0.479	0.9525	0.1617	0.2765	1.263
euclidean	pool	0.15	10.1151	0.85	1288	599	587	0.98	0.4557	0.6222	0.4651	0.9652	0.1578	0.2712	1.266
euclidean	pool	0.15	10.1151	0.9	1288	571	566	0.9912	0.4394	0.6089	0.4433	0.9769	0.154	0.266	1.246
euclidean	pool	0.2	13.1279	0.0	1288	1030	1013	0.9835	0.7865	0.874	0.7997	0.5667	0.2958	0.3887	7.349
euclidean	pool	0.2	13.1279	0.05	1288	1029	987	0.9592	0.7663	0.852	0.7989	0.6339	0.2749	0.3835	4.048
euclidean	pool	0.2	13.1279	0.1	1288	1025	933	0.9102	0.7244	0.8067	0.7958	0.6877	0.2565	0.3736	2.612
euclidean	pool	0.2	13.1279	0.15	1288	1006	861	0.8559	0.6685	0.7507	0.7811	0.703	0.2356	0.3529	2.016
euclidean	pool	0.2	13.1279	0.2	1288	975	820	0.841	0.6366	0.7247	0.757	0.7337	0.222	0.3409	1.695
euclidean	pool	0.2	13.1279	0.25	1288	943	776	0.8229	0.6025	0.6957	0.7321	0.7513	0.2094	0.3276	1.485
euclidean	pool	0.2	13.1279	0.3	1288	907	749	0.8258	0.5815	0.6825	0.7042	0.7744	0.2004	0.3184	1.393
euclidean	pool	0.2	13.1279	0.35	1288	881	731	0.8297	0.5675	0.674	0.684	0.7918	0.1964	0.3148	1.342
euclidean	pool	0.2	13.1279	0.4	1288	838	711	0.8484	0.552	0.6689	0.6506	0.8206	0.1907	0.3095	1.291
euclidean	pool	0.2	13.1279	0.45	1288	816	696	0.8529	0.5404	0.6616	0.6335	0.8292	0.1876	0.306	1.281
euclidean	pool	0.2	13.1279	0.5	1288	778	679	0.8728	0.5272	0.6573	0.604	0.8518	0.1792	0.2961	1.279
euclidean	pool	0.2	13.1279	0.55	1288	737	666	0.9037	0.5171	0.6578	0.5722	0.8846	0.176	0.2936	1.277
euclidean	pool	0.2	13.1279	0.6	1288	708	648	0.9153	0.5031	0.6493	0.5497	0.8968	0.1719	0.2884	1.276
euclidean	pool	0.2	13.1279	0.65	1288	682	631	0.9252	0.4899	0.6406	0.5295	0.906	0.1688	0.2845	1.279
euclidean	pool	0.2	13.1279	0.7	1288	652	611	0.9371	0.4744	0.6299	0.5062	0.9184	0.1648	0.2794	1.271
euclidean	pool	0.2	13.1279	0.75	1288	623	596	0.9567	0.4627	0.6238	0.4837	0.9391	0.1597	0.2729	1.267
euclidean	pool	0.2	13.1279	0.8	1288	593	577	0.973	0.448	0.6135	0.4604	0.9573	0.1546	0.2662	1.259
euclidean	pool	0.2	13.1279	0.85	1288	577	568	0.9844	0.441	0.6091	0.448	0.9691	0.151	0.2613	1.263
euclidean	pool	0.2	13.1279	0.9	1288	551	547	0.9927	0.4247	0.5949	0.4278	0.9778	0.1472	0.2559	1.241
euclidean	pool	0.25	14.4087	0.0	1288	966	952	0.9855	0.7391	0.8447	0.75	0.5717	0.2756	0.3719	7.28
euclidean	pool	0.25	14.4087	0.05	1288	965	928	0.9617	0.7205	0.8238	0.7492	0.6386	0.2567	0.3662	4.023
euclidean	pool	0.25	14.4087	0.1	1288	961	879	0.9147	0.6825	0.7817	0.7461	0.6923	0.24	0.3565	2.613
euclidean	pool	0.25	14.4087	0.15	1288	943	816	0.8653	0.6335	0.7315	0.7321	0.7102	0.2223	0.3386	2.018
euclidean	pool	0.25	14.4087	0.2	1288	919	779	0.8477	0.6048	0.7059	0.7135	0.737	0.2093	0.3261	1.703
euclidean	pool	0.25	14.4087	0.25	1288	888	739	0.8322	0.5738	0.6792	0.6894	0.7576	0.1984	0.3145	1.488
euclidean	pool	0.25	14.4087	0.3	1288	856	713	0.8329	0.5536	0.6651	0.6646	0.7797	0.1897	0.3051	1.393
euclidean	pool	0.25	14.4087	0.35	1288	832	696	0.8365	0.5404	0.6566	0.646	0.7963	0.1857	0.3012	1.343
euclidean	pool	0.25	14.4087	0.4	1288	791	677	0.8559	0.5256	0.6513	0.6141	0.8264	0.18	0.2956	1.289
euclidean	pool	0.25	14.4087	0.45	1288	770	662	0.8597	0.514	0.6433	0.5978	0.8346	0.1769	0.2919	1.277
euclidean	pool	0.25	14.4087	0.5	1288	733	645	0.8799	0.5008	0.6383	0.5691	0.8577	0.1685	0.2817	1.274
euclidean	pool	0.25	14.4087	0.55	1288	694	632	0.9107	0.4907	0.6377	0.5388	0.8904	0.1653	0.2789	1.274
euclidean	pool	0.25	14.4087	0.6	1288	666	614	0.9219	0.4767	0.6285	0.5171	0.9023	0.1612	0.2735	1.272
euclidean	pool	0.25	14.4087	0.65	1288	641	597	0.9314	0.4635	0.619	0.4977	0.9109	0.1581	0.2694	1.276
euclidean	pool	0.25	14.4087	0.7	1288	615	578	0.9398	0.4488	0.6075	0.4775	0.92	0.1543	0.2642	1.272
euclidean	pool	0.25	14.4087	0.75	1288	588	564	0.9592	0.4379	0.6013	0.4565	0.9405	0.1492	0.2576	1.268
euclidean	pool	0.25	14.4087	0.8	1288	560	545	0.9732	0.4231	0.5898	0.4348	0.9566	0.1442	0.2505	1.258
euclidean	pool	0.25	14.4087	0.85	1288	544	536	0.9853	0.4161	0.5852	0.4224	0.969	0.1406	0.2456	1.262
euclidean	pool	0.25	14.4087	0.9	1288	520	516	0.9923	0.4006	0.5708	0.4037	0.9765	0.1368	0.24	1.238
euclidean	pool	0.3	15.5905	0.0	1288	901	891	0.9889	0.6918	0.8141	0.6995	0.5837	0.2576	0.3574	7.099
euclidean	pool	0.3	15.5905	0.05	1288	900	869	0.9656	0.6747	0.7943	0.6988	0.6478	0.24	0.3503	3.982
euclidean	pool	0.3	15.5905	0.1	1288	897	824	0.9186	0.6398	0.7542	0.6964	0.6982	0.2248	0.3401	2.61
euclidean	pool	0.3	15.5905	0.15	1288	884	769	0.8699	0.597	0.7081	0.6863	0.7149	0.2084	0.3227	2.019
euclidean	pool	0.3	15.5905	0.2	1288	861	733	0.8513	0.5691	0.6822	0.6685	0.7422	0.1956	0.3097	1.709
euclidean	pool	0.3	15.5905	0.25	1288	832	695	0.8353	0.5396	0.6557	0.646	0.7624	0.185	0.2978	1.495
euclidean	pool	0.3	15.5905	0.3	1288	805	672	0.8348	0.5217	0.6421	0.625	0.7838	0.1779	0.29	1.397
euclidean	pool	0.3	15.5905	0.35	1288	782	656	0.8389	0.5093	0.6338	0.6071	0.8015	0.1741	0.2861	1.348
euclidean	pool	0.3	15.5905	0.4	1288	745	639	0.8577	0.4961	0.6286	0.5784	0.8288	0.1685	0.28	1.297
euclidean	pool	0.3	15.5905	0.45	1288	725	624	0.8607	0.4845	0.62	0.5629	0.8365	0.1654	0.2761	1.285
euclidean	pool	0.3	15.5905	0.5	1288	690	609	0.8826	0.4728	0.6158	0.5357	0.8602	0.1585	0.2677	1.284
euclidean	pool	0.3	15.5905	0.55	1288	653	598	0.9158	0.4643	0.6162	0.507	0.8956	0.1555	0.265	1.284
euclidean	pool	0.3	15.5905	0.6	1288	628	582	0.9268	0.4519	0.6075	0.4876	0.9073	0.1524	0.261	1.281
euclidean	pool	0.3	15.5905	0.65	1288	606	568	0.9373	0.441	0.5998	0.4705	0.9171	0.1499	0.2576	1.285
euclidean	pool	0.3	15.5905	0.7	1288	582	550	0.945	0.427	0.5882	0.4519	0.9256	0.1463	0.2527	1.281
euclidean	pool	0.3	15.5905	0.75	1288	559	537	0.9606	0.4169	0.5815	0.434	0.9427	0.1417	0.2463	1.277
euclidean	pool	0.3	15.5905	0.8	1288	533	519	0.9737	0.403	0.57	0.4138	0.958	0.1366	0.2391	1.266
euclidean	pool	0.3	15.5905	0.85	1288	517	510	0.9865	0.396	0.5651	0.4014	0.9712	0.133	0.234	1.27
euclidean	pool	0.3	15.5905	0.9	1288	495	491	0.9919	0.3812	0.5508	0.3843	0.9773	0.1295	0.2286	1.244
euclidean	pool	0.35	16.4507	0.0	1288	837	829	0.9904	0.6436	0.7802	0.6498	0.5921	0.2417	0.3432	6.926
euclidean	pool	0.35	16.4507	0.05	1288	836	808	0.9665	0.6273	0.7608	0.6491	0.6575	0.2251	0.3354	3.913
euclidean	pool	0.35	16.4507	0.1	1288	834	766	0.9185	0.5947	0.722	0.6475	0.7055	0.2109	0.3248	2.569
euclidean	pool	0.35	16.4507	0.15	1288	823	716	0.87	0.5559	0.6784	0.639	0.7219	0.1956	0.3077	1.967
euclidean	pool	0.35	16.4507	0.2	1288	802	686	0.8554	0.5326	0.6565	0.6227	0.7483	0.1848	0.2964	1.673
euclidean	pool	0.35	16.4507	0.25	1288	775	650	0.8387	0.5047	0.6302	0.6017	0.7671	0.1744	0.2842	1.472
euclidean	pool	0.35	16.4507	0.3	1288	750	630	0.84	0.4891	0.6183	0.5823	0.7909	0.1678	0.2769	1.377
euclidean	pool	0.35	16.4507	0.35	1288	729	616	0.845	0.4783	0.6108	0.566	0.8085	0.1645	0.2733	1.327
euclidean	pool	0.35	16.4507	0.4	1288	697	602	0.8637	0.4674	0.6065	0.5411	0.8359	0.159	0.2672	1.274
euclidean	pool	0.35	16.4507	0.45	1288	678	588	0.8673	0.4565	0.5982	0.5264	0.8445	0.156	0.2633	1.261
euclidean	pool	0.35	16.4507	0.5	1288	645	574	0.8899	0.4457	0.5939	0.5008	0.8685	0.1499	0.2557	1.261
euclidean	pool	0.35	16.4507	0.55	1288	615	564	0.9171	0.4379	0.5927	0.4775	0.8984	0.147	0.2526	1.261
euclidean	pool	0.35	16.4507	0.6	1288	590	548	0.9288	0.4255	0.5836	0.4581	0.911	0.1438	0.2484	1.257
euclidean	pool	0.35	16.4507	0.65	1288	572	536	0.9371	0.4161	0.5763	0.4441	0.9186	0.1417	0.2455	1.258
euclidean	pool	0.35	16.4507	0.7	1288	549	519	0.9454	0.403	0.5651	0.4262	0.9278	0.1385	0.241	1.253
euclidean	pool	0.35	16.4507	0.75	1288	528	508	0.9621	0.3944	0.5595	0.4099	0.9453	0.1348	0.2359	1.248
euclidean	pool	0.35	16.4507	0.8	1288	503	490	0.9742	0.3804	0.5472	0.3905	0.9598	0.1297	0.2285	1.234
euclidean	pool	0.35	16.4507	0.85	1288	488	482	0.9877	0.3742	0.5428	0.3789	0.9739	0.1262	0.2235	1.237
euclidean	pool	0.35	16.4507	0.9	1288	469	466	0.9936	0.3618	0.5304	0.3641	0.9793	0.1238	0.2198	1.243
euclidean	pool	0.4	17.1517	0.0	1288	773	769	0.9948	0.597	0.7462	0.6002	0.6062	0.2263	0.3296	6.643
euclidean	pool	0.4	17.1517	0.05	1288	772	750	0.9715	0.5823	0.7282	0.5994	0.6698	0.211	0.3209	3.854
euclidean	pool	0.4	17.1517	0.1	1288	771	714	0.9261	0.5543	0.6935	0.5986	0.7141	0.1984	0.3105	2.589
euclidean	pool	0.4	17.1517	0.15	1288	761	670	0.8804	0.5202	0.654	0.5908	0.7317	0.1851	0.2955	1.975
euclidean	pool	0.4	17.1517	0.2	1288	745	645	0.8658	0.5008	0.6345	0.5784	0.7595	0.1747	0.2841	1.669
euclidean	pool	0.4	17.1517	0.25	1288	719	612	0.8512	0.4752	0.6099	0.5582	0.7796	0.1648	0.272	1.475
euclidean	pool	0.4	17.1517	0.3	1288	698	594	0.851	0.4612	0.5982	0.5419	0.8023	0.1588	0.2651	1.385
euclidean	pool	0.4	17.1517	0.35	1288	679	580	0.8542	0.4503	0.5897	0.5272	0.8181	0.1555	0.2613	1.334
euclidean	pool	0.4	17.1517	0.4	1288	649	568	0.8752	0.441	0.5865	0.5039	0.8465	0.1515	0.2571	1.277
euclidean	pool	0.4	17.1517	0.45	1288	632	555	0.8782	0.4309	0.5781	0.4907	0.855	0.1491	0.2539	1.266
euclidean	pool	0.4	17.1517	0.5	1288	601	541	0.9002	0.42	0.5728	0.4666	0.8786	0.143	0.246	1.265
euclidean	pool	0.4	17.1517	0.55	1288	574	531	0.9251	0.4123	0.5704	0.4457	0.905	0.1402	0.2428	1.266
euclidean	pool	0.4	17.1517	0.6	1288	552	518	0.9384	0.4022	0.563	0.4286	0.9193	0.1376	0.2394	1.26
euclidean	pool	0.4	17.1517	0.65	1288	535	507	0.9477	0.3936	0.5562	0.4154	0.9279	0.1358	0.237	1.261
euclidean	pool	0.4	17.1517	0.7	1288	515	492	0.9553	0.382	0.5458	0.3998	0.9366	0.1327	0.2325	1.258
euclidean	pool	0.4	17.1517	0.75	1288	497	482	0.9698	0.3742	0.5401	0.3859	0.952	0.1291	0.2274	1.251
euclidean	pool	0.4	17.1517	0.8	1288	475	464	0.9768	0.3602	0.5264	0.3688	0.9617	0.1241	0.2198	1.235
euclidean	pool	0.4	17.1517	0.85	1288	463	458	0.9892	0.3556	0.5231	0.3595	0.9747	0.1215	0.216	1.237
euclidean	pool	0.4	17.1517	0.9	1288	446	444	0.9955	0.3447	0.5121	0.3463	0.9804	0.1192	0.2125	1.242
euclidean	pool	0.45	17.8622	0.0	1288	708	704	0.9944	0.5466	0.7054	0.5497	0.614	0.2104	0.3134	6.442
euclidean	pool	0.45	17.8622	0.05	1288	707	688	0.9731	0.5342	0.6897	0.5489	0.6766	0.1969	0.305	3.774
euclidean	pool	0.45	17.8622	0.1	1288	706	656	0.9292	0.5093	0.658	0.5481	0.7196	0.1856	0.2951	2.556
euclidean	pool	0.45	17.8622	0.15	1288	698	615	0.8811	0.4775	0.6193	0.5419	0.7329	0.1732	0.2802	1.959
euclidean	pool	0.45	17.8622	0.2	1288	684	591	0.864	0.4589	0.5994	0.5311	0.7607	0.1634	0.269	1.645
euclidean	pool	0.45	17.8622	0.25	1288	661	563	0.8517	0.4371	0.5777	0.5132	0.7794	0.1549	0.2584	1.467
euclidean	pool	0.45	17.8622	0.3	1288	641	548	0.8549	0.4255	0.5682	0.4977	0.8034	0.15	0.2528	1.382
euclidean	pool	0.45	17.8622	0.35	1288	625	535	0.856	0.4154	0.5593	0.4852	0.8184	0.1469	0.2491	1.331
euclidean	pool	0.45	17.8622	0.4	1288	599	523	0.8731	0.4061	0.5543	0.4651	0.8429	0.1431	0.2447	1.272
euclidean	pool	0.45	17.8622	0.45	1288	584	511	0.875	0.3967	0.5459	0.4534	0.8509	0.1408	0.2415	1.259
euclidean	pool	0.45	17.8622	0.5	1288	555	498	0.8973	0.3866	0.5404	0.4309	0.8748	0.1351	0.234	1.257
euclidean	pool	0.45	17.8622	0.55	1288	530	488	0.9208	0.3789	0.5369	0.4115	0.899	0.1323	0.2307	1.259
euclidean	pool	0.45	17.8622	0.6	1288	512	478	0.9336	0.3711	0.5311	0.3975	0.913	0.1302	0.2279	1.259
euclidean	pool	0.45	17.8622	0.65	1288	496	468	0.9435	0.3634	0.5247	0.3851	0.9223	0.1285	0.2256	1.259
euclidean	pool	0.45	17.8622	0.7	1288	478	455	0.9519	0.3533	0.5153	0.3711	0.9317	0.1256	0.2214	1.257
euclidean	pool	0.45	17.8622	0.75	1288	463	448	0.9676	0.3478	0.5117	0.3595	0.9485	0.1226	0.2172	1.248
euclidean	pool	0.45	17.8622	0.8	1288	443	432	0.9752	0.3354	0.4991	0.3439	0.9589	0.1178	0.2098	1.239
euclidean	pool	0.45	17.8622	0.85	1288	431	426	0.9884	0.3307	0.4956	0.3346	0.9728	0.1152	0.206	1.241
euclidean	pool	0.45	17.8622	0.9	1288	416	414	0.9952	0.3214	0.4859	0.323	0.979	0.1133	0.2031	1.245
euclidean	pool	0.5	18.6781	0.0	1288	644	640	0.9938	0.4969	0.6625	0.5	0.6179	0.1924	0.2934	6.382
euclidean	pool	0.5	18.6781	0.05	1288	643	627	0.9751	0.4868	0.6494	0.4992	0.6782	0.1806	0.2853	3.795
euclidean	pool	0.5	18.6781	0.1	1288	642	598	0.9315	0.4643	0.6197	0.4984	0.7192	0.1708	0.276	2.582
euclidean	pool	0.5	18.6781	0.15	1288	635	559	0.8803	0.434	0.5814	0.493	0.7309	0.1594	0.2617	1.977
euclidean	pool	0.5	18.6781	0.2	1288	624	538	0.8622	0.4177	0.5628	0.4845	0.7583	0.1506	0.2513	1.656
euclidean	pool	0.5	18.6781	0.25	1288	603	511	0.8474	0.3967	0.5405	0.4682	0.774	0.1425	0.2407	1.474
euclidean	pool	0.5	18.6781	0.3	1288	586	497	0.8481	0.3859	0.5304	0.455	0.7975	0.1379	0.2352	1.386
euclidean	pool	0.5	18.6781	0.35	1288	571	485	0.8494	0.3766	0.5218	0.4433	0.8123	0.1351	0.2317	1.334
euclidean	pool	0.5	18.6781	0.4	1288	546	473	0.8663	0.3672	0.5158	0.4239	0.8357	0.1313	0.2269	1.273
euclidean	pool	0.5	18.6781	0.45	1288	531	461	0.8682	0.3579	0.5069	0.4123	0.8426	0.1289	0.2236	1.258
euclidean	pool	0.5	18.6781	0.5	1288	506	451	0.8913	0.3502	0.5028	0.3929	0.8677	0.125	0.2185	1.254
euclidean	pool	0.5	18.6781	0.55	1288	484	443	0.9153	0.3439	0.5	0.3758	0.8926	0.1227	0.2157	1.255
euclidean	pool	0.5	18.6781	0.6	1288	468	435	0.9295	0.3377	0.4954	0.3634	0.908	0.1207	0.2131	1.253
euclidean	pool	0.5	18.6781	0.65	1288	453	426	0.9404	0.3307	0.4894	0.3517	0.9182	0.1192	0.211	1.253
euclidean	pool	0.5	18.6781	0.7	1288	436	414	0.9495	0.3214	0.4803	0.3385	0.9286	0.1163	0.2067	1.249
euclidean	pool	0.5	18.6781	0.75	1288	424	409	0.9646	0.3175	0.4778	0.3292	0.9449	0.114	0.2034	1.242
euclidean	pool	0.5	18.6781	0.8	1288	405	394	0.9728	0.3059	0.4654	0.3144	0.955	0.1096	0.1967	1.239
euclidean	pool	0.5	18.6781	0.85	1288	394	389	0.9873	0.302	0.4625	0.3059	0.9703	0.1071	0.1928	1.241
euclidean	pool	0.5	18.6781	0.9	1288	379	377	0.9947	0.2927	0.4523	0.2943	0.977	0.1052	0.1899	1.245
euclidean	pool	0.55	19.3994	0.0	1288	580	577	0.9948	0.448	0.6178	0.4503	0.6205	0.172	0.2693	6.381
euclidean	pool	0.55	19.3994	0.05	1288	580	566	0.9759	0.4394	0.606	0.4503	0.682	0.1611	0.2607	3.817
euclidean	pool	0.55	19.3994	0.1	1288	579	538	0.9292	0.4177	0.5763	0.4495	0.7197	0.1516	0.2505	2.576
euclidean	pool	0.55	19.3994	0.15	1288	573	503	0.8778	0.3905	0.5406	0.4449	0.7298	0.1417	0.2373	1.955
euclidean	pool	0.55	19.3994	0.2	1288	564	484	0.8582	0.3758	0.5227	0.4379	0.7579	0.135	0.2292	1.632
euclidean	pool	0.55	19.3994	0.25	1288	545	460	0.844	0.3571	0.5019	0.4231	0.7718	0.128	0.2196	1.454
euclidean	pool	0.55	19.3994	0.3	1288	530	447	0.8434	0.347	0.4917	0.4115	0.7939	0.1243	0.215	1.37
euclidean	pool	0.55	19.3994	0.35	1288	515	435	0.8447	0.3377	0.4825	0.3998	0.8103	0.1215	0.2113	1.312
euclidean	pool	0.55	19.3994	0.4	1288	491	425	0.8656	0.33	0.4778	0.3812	0.8356	0.1182	0.2071	1.283
euclidean	pool	0.55	19.3994	0.45	1288	479	415	0.8664	0.3222	0.4697	0.3719	0.8423	0.1162	0.2042	1.269
euclidean	pool	0.55	19.3994	0.5	1288	456	406	0.8904	0.3152	0.4656	0.354	0.8687	0.1126	0.1994	1.263
euclidean	pool	0.55	19.3994	0.55	1288	438	400	0.9132	0.3106	0.4635	0.3401	0.893	0.1111	0.1975	1.267
euclidean	pool	0.55	19.3994	0.6	1288	423	393	0.9291	0.3051	0.4594	0.3284	0.9104	0.1092	0.195	1.265
euclidean	pool	0.55	19.3994	0.65	1288	411	386	0.9392	0.2997	0.4544	0.3191	0.92	0.1078	0.193	1.268
euclidean	pool	0.55	19.3994	0.7	1288	396	376	0.9495	0.2919	0.4466	0.3075	0.9296	0.1052	0.1889	1.265
euclidean	pool	0.55	19.3994	0.75	1288	385	372	0.9662	0.2888	0.4447	0.2989	0.9478	0.1036	0.1868	1.257
euclidean	pool	0.55	19.3994	0.8	1288	366	357	0.9754	0.2772	0.4317	0.2842	0.9592	0.0993	0.1799	1.254
euclidean	pool	0.55	19.3994	0.85	1288	358	353	0.986	0.2741	0.4289	0.278	0.9709	0.0975	0.1771	1.254
euclidean	pool	0.55	19.3994	0.9	1288	345	343	0.9942	0.2663	0.4201	0.2679	0.9785	0.0956	0.1741	1.258
euclidean	pool	0.6	20.1696	0.0	1288	515	512	0.9942	0.3975	0.5679	0.3998	0.6273	0.1488	0.2405	6.309
euclidean	pool	0.6	20.1696	0.05	1288	515	503	0.9767	0.3905	0.558	0.3998	0.6884	0.1407	0.2336	3.798
euclidean	pool	0.6	20.1696	0.1	1288	514	479	0.9319	0.3719	0.5316	0.3991	0.7271	0.1333	0.2253	2.563
euclidean	pool	0.6	20.1696	0.15	1288	508	453	0.8917	0.3517	0.5045	0.3944	0.7413	0.1256	0.2148	1.963
euclidean	pool	0.6	20.1696	0.2	1288	499	437	0.8758	0.3393	0.4891	0.3874	0.7718	0.1213	0.2097	1.646
euclidean	pool	0.6	20.1696	0.25	1288	487	416	0.8542	0.323	0.4687	0.3781	0.7808	0.1146	0.1999	1.469
euclidean	pool	0.6	20.1696	0.3	1288	473	404	0.8541	0.3137	0.4588	0.3672	0.8036	0.1118	0.1963	1.385
euclidean	pool	0.6	20.1696	0.35	1288	459	393	0.8562	0.3051	0.4499	0.3564	0.8202	0.1094	0.193	1.326
euclidean	pool	0.6	20.1696	0.4	1288	435	383	0.8805	0.2974	0.4446	0.3377	0.8481	0.1061	0.1886	1.3
euclidean	pool	0.6	20.1696	0.45	1288	425	374	0.88	0.2904	0.4367	0.33	0.8543	0.1044	0.1861	1.284
euclidean	pool	0.6	20.1696	0.5	1288	405	366	0.9037	0.2842	0.4324	0.3144	0.8809	0.1013	0.1817	1.279
euclidean	pool	0.6	20.1696	0.55	1288	388	360	0.9278	0.2795	0.4296	0.3012	0.9067	0.0997	0.1796	1.284
euclidean	pool	0.6	20.1696	0.6	1288	379	354	0.934	0.2748	0.4247	0.2943	0.915	0.0986	0.178	1.28
euclidean	pool	0.6	20.1696	0.65	1288	369	349	0.9458	0.271	0.4212	0.2865	0.9262	0.0975	0.1765	1.282
euclidean	pool	0.6	20.1696	0.7	1288	356	341	0.9579	0.2648	0.4148	0.2764	0.9376	0.0953	0.173	1.278
euclidean	pool	0.6	20.1696	0.75	1288	346	337	0.974	0.2616	0.4125	0.2686	0.9554	0.0937	0.1707	1.269
euclidean	pool	0.6	20.1696	0.8	1288	330	323	0.9788	0.2508	0.3993	0.2562	0.9609	0.0898	0.1642	1.27
euclidean	pool	0.6	20.1696	0.85	1288	323	319	0.9876	0.2477	0.396	0.2508	0.9708	0.088	0.1613	1.272
euclidean	pool	0.6	20.1696	0.9	1288	313	311	0.9936	0.2415	0.3885	0.243	0.9763	0.0862	0.1584	1.275
euclidean	pool	0.65	20.8838	0.0	1288	451	449	0.9956	0.3486	0.5164	0.3502	0.632	0.1321	0.2186	6.441
euclidean	pool	0.65	20.8838	0.05	1288	451	440	0.9756	0.3416	0.506	0.3502	0.6911	0.1246	0.2111	3.845
euclidean	pool	0.65	20.8838	0.1	1288	450	417	0.9267	0.3238	0.4799	0.3494	0.7251	0.1175	0.2022	2.605
euclidean	pool	0.65	20.8838	0.15	1288	445	394	0.8854	0.3059	0.4547	0.3455	0.7386	0.1104	0.1922	1.978
euclidean	pool	0.65	20.8838	0.2	1288	437	380	0.8696	0.295	0.4406	0.3393	0.7688	0.1072	0.1882	1.648
euclidean	pool	0.65	20.8838	0.25	1288	425	363	0.8541	0.2818	0.4238	0.33	0.7816	0.1013	0.1793	1.477
euclidean	pool	0.65	20.8838	0.3	1288	411	351	0.854	0.2725	0.4132	0.3191	0.8066	0.0985	0.1755	1.383
euclidean	pool	0.65	20.8838	0.35	1288	399	341	0.8546	0.2648	0.4043	0.3098	0.822	0.0963	0.1724	1.323
euclidean	pool	0.65	20.8838	0.4	1288	377	331	0.878	0.257	0.3976	0.2927	0.8486	0.093	0.1677	1.296
euclidean	pool	0.65	20.8838	0.45	1288	370	326	0.8811	0.2531	0.3932	0.2873	0.8557	0.092	0.1661	1.283
euclidean	pool	0.65	20.8838	0.5	1288	355	320	0.9014	0.2484	0.3895	0.2756	0.8797	0.0894	0.1623	1.273
euclidean	pool	0.65	20.8838	0.55	1288	339	315	0.9292	0.2446	0.3872	0.2632	0.9094	0.0881	0.1606	1.277
euclidean	pool	0.65	20.8838	0.6	1288	332	311	0.9367	0.2415	0.384	0.2578	0.918	0.0874	0.1596	1.274
euclidean	pool	0.65	20.8838	0.65	1288	325	307	0.9446	0.2384	0.3807	0.2523	0.9255	0.0864	0.158	1.277
euclidean	pool	0.65	20.8838	0.7	1288	312	299	0.9583	0.2321	0.3738	0.2422	0.9384	0.0842	0.1545	1.272
euclidean	pool	0.65	20.8838	0.75	1288	302	295	0.9768	0.229	0.3711	0.2345	0.9589	0.0826	0.1521	1.262
euclidean	pool	0.65	20.8838	0.8	1288	289	284	0.9827	0.2205	0.3602	0.2244	0.9657	0.08	0.1478	1.27
euclidean	pool	0.65	20.8838	0.85	1288	284	281	0.9894	0.2182	0.3575	0.2205	0.9721	0.0784	0.1451	1.275
euclidean	pool	0.65	20.8838	0.9	1288	276	275	0.9964	0.2135	0.3517	0.2143	0.9786	0.0767	0.1423	1.275
euclidean	pool	0.7	21.7627	0.0	1288	387	385	0.9948	0.2989	0.4597	0.3005	0.6477	0.1144	0.1945	6.243
euclidean	pool	0.7	21.7627	0.05	1288	387	378	0.9767	0.2935	0.4513	0.3005	0.705	0.1084	0.1879	3.687
euclidean	pool	0.7	21.7627	0.1	1288	387	361	0.9328	0.2803	0.431	0.3005	0.7415	0.103	0.1809	2.561
euclidean	pool	0.7	21.7627	0.15	1288	383	342	0.893	0.2655	0.4093	0.2974	0.7552	0.0967	0.1715	1.964
euclidean	pool	0.7	21.7627	0.2	1288	375	330	0.88	0.2562	0.3969	0.2911	0.7897	0.094	0.1679	1.619
euclidean	pool	0.7	21.7627	0.25	1288	364	316	0.8681	0.2453	0.3826	0.2826	0.8042	0.0886	0.1597	1.468
euclidean	pool	0.7	21.7627	0.3	1288	353	305	0.864	0.2368	0.3717	0.2741	0.8217	0.086	0.1557	1.381
euclidean	pool	0.7	21.7627	0.35	1288	343	296	0.863	0.2298	0.363	0.2663	0.8346	0.0841	0.1527	1.332
euclidean	pool	0.7	21.7627	0.4	1288	325	289	0.8892	0.2244	0.3583	0.2523	0.8619	0.0813	0.1486	1.308
euclidean	pool	0.7	21.7627	0.45	1288	319	284	0.8903	0.2205	0.3535	0.2477	0.8677	0.0803	0.147	1.292
euclidean	pool	0.7	21.7627	0.5	1288	308	280	0.9091	0.2174	0.3509	0.2391	0.8873	0.0789	0.1449	1.292
euclidean	pool	0.7	21.7627	0.55	1288	296	276	0.9324	0.2143	0.3485	0.2298	0.9114	0.0783	0.1442	1.297
euclidean	pool	0.7	21.7627	0.6	1288	290	272	0.9379	0.2112	0.3447	0.2252	0.9182	0.0776	0.1431	1.293
euclidean	pool	0.7	21.7627	0.65	1288	283	268	0.947	0.2081	0.3412	0.2197	0.9268	0.0766	0.1415	1.297
euclidean	pool	0.7	21.7627	0.7	1288	271	261	0.9631	0.2026	0.3348	0.2104	0.942	0.0752	0.1392	1.292
euclidean	pool	0.7	21.7627	0.75	1288	263	257	0.9772	0.1995	0.3314	0.2042	0.9585	0.0736	0.1368	1.281
euclidean	pool	0.7	21.7627	0.8	1288	255	251	0.9843	0.1949	0.3253	0.198	0.967	0.0721	0.1342	1.286
euclidean	pool	0.7	21.7627	0.85	1288	251	249	0.992	0.1933	0.3236	0.1949	0.9744	0.0706	0.1316	1.291
euclidean	pool	0.7	21.7627	0.9	1288	244	244	1.0	0.1894	0.3185	0.1894	0.9819	0.0689	0.1288	1.291
euclidean	pool	0.75	22.7302	0.0	1288	322	321	0.9969	0.2492	0.3988	0.25	0.6704	0.0939	0.1648	6.028
euclidean	pool	0.75	22.7302	0.05	1288	322	314	0.9752	0.2438	0.3901	0.25	0.7195	0.0882	0.1571	3.63
euclidean	pool	0.75	22.7302	0.1	1288	322	307	0.9534	0.2384	0.3814	0.25	0.7631	0.0859	0.1544	2.55
euclidean	pool	0.75	22.7302	0.15	1288	319	292	0.9154	0.2267	0.3634	0.2477	0.7747	0.0814	0.1473	1.941
euclidean	pool	0.75	22.7302	0.2	1288	315	283	0.8984	0.2197	0.3531	0.2446	0.8045	0.0797	0.145	1.622
euclidean	pool	0.75	22.7302	0.25	1288	305	270	0.8852	0.2096	0.339	0.2368	0.8217	0.0753	0.1379	1.484
euclidean	pool	0.75	22.7302	0.3	1288	298	265	0.8893	0.2057	0.3342	0.2314	0.8424	0.0742	0.1364	1.401
euclidean	pool	0.75	22.7302	0.35	1288	289	256	0.8858	0.1988	0.3247	0.2244	0.8539	0.0723	0.1333	1.349
euclidean	pool	0.75	22.7302	0.4	1288	276	250	0.9058	0.1941	0.3197	0.2143	0.8754	0.0698	0.1293	1.33
euclidean	pool	0.75	22.7302	0.45	1288	271	246	0.9077	0.191	0.3156	0.2104	0.8811	0.0688	0.1276	1.314
euclidean	pool	0.75	22.7302	0.5	1288	263	242	0.9202	0.1879	0.3121	0.2042	0.8946	0.0675	0.1255	1.316
euclidean	pool	0.75	22.7302	0.55	1288	253	239	0.9447	0.1856	0.3102	0.1964	0.9201	0.0672	0.1252	1.32
euclidean	pool	0.75	22.7302	0.6	1288	249	235	0.9438	0.1825	0.3058	0.1933	0.9208	0.0665	0.124	1.313
euclidean	pool	0.75	22.7302	0.65	1288	242	231	0.9545	0.1793	0.302	0.1879	0.9309	0.0655	0.1224	1.318
euclidean	pool	0.75	22.7302	0.7	1288	232	225	0.9698	0.1747	0.2961	0.1801	0.9452	0.0643	0.1204	1.315
euclidean	pool	0.75	22.7302	0.75	1288	226	222	0.9823	0.1724	0.2933	0.1755	0.9605	0.063	0.1182	1.305
euclidean	pool	0.75	22.7302	0.8	1288	219	216	0.9863	0.1677	0.2867	0.17	0.9661	0.0615	0.1156	1.311
euclidean	pool	0.75	22.7302	0.85	1288	218	216	0.9908	0.1677	0.2869	0.1693	0.9706	0.0615	0.1156	1.312
euclidean	pool	0.75	22.7302	0.9	1288	211	211	1.0	0.1638	0.2815	0.1638	0.9791	0.0598	0.1128	1.313
euclidean	pool	0.8	23.8229	0.0	1288	258	257	0.9961	0.1995	0.3325	0.2003	0.6792	0.0741	0.1336	5.992
euclidean	pool	0.8	23.8229	0.05	1288	258	253	0.9806	0.1964	0.3273	0.2003	0.7267	0.0692	0.1263	3.725
euclidean	pool	0.8	23.8229	0.1	1288	258	248	0.9612	0.1925	0.3208	0.2003	0.7687	0.0681	0.1252	2.601
euclidean	pool	0.8	23.8229	0.15	1288	255	236	0.9255	0.1832	0.3059	0.198	0.7818	0.065	0.12	1.949
euclidean	pool	0.8	23.8229	0.2	1288	251	228	0.9084	0.177	0.2963	0.1949	0.8089	0.0635	0.1178	1.653
euclidean	pool	0.8	23.8229	0.25	1288	243	217	0.893	0.1685	0.2835	0.1887	0.8249	0.0595	0.111	1.508
euclidean	pool	0.8	23.8229	0.3	1288	238	212	0.8908	0.1646	0.2779	0.1848	0.8439	0.0584	0.1093	1.406
euclidean	pool	0.8	23.8229	0.35	1288	230	205	0.8913	0.1592	0.2701	0.1786	0.8599	0.0571	0.107	1.361
euclidean	pool	0.8	23.8229	0.4	1288	221	201	0.9095	0.1561	0.2664	0.1716	0.8814	0.0556	0.1046	1.335
euclidean	pool	0.8	23.8229	0.45	1288	217	197	0.9078	0.153	0.2618	0.1685	0.8815	0.0545	0.1027	1.327
euclidean	pool	0.8	23.8229	0.5	1288	211	195	0.9242	0.1514	0.2602	0.1638	0.8994	0.0539	0.1017	1.327
euclidean	pool	0.8	23.8229	0.55	1288	202	192	0.9505	0.1491	0.2577	0.1568	0.9247	0.0536	0.1013	1.342
euclidean	pool	0.8	23.8229	0.6	1288	199	189	0.9497	0.1467	0.2542	0.1545	0.9235	0.0531	0.1004	1.342
euclidean	pool	0.8	23.8229	0.65	1288	194	186	0.9588	0.1444	0.251	0.1506	0.9319	0.0522	0.0989	1.345
euclidean	pool	0.8	23.8229	0.7	1288	186	181	0.9731	0.1405	0.2456	0.1444	0.9451	0.051	0.0969	1.339
euclidean	pool	0.8	23.8229	0.75	1288	183	180	0.9836	0.1398	0.2447	0.1421	0.9595	0.0509	0.0967	1.322
euclidean	pool	0.8	23.8229	0.8	1288	177	175	0.9887	0.1359	0.2389	0.1374	0.9666	0.0495	0.0942	1.328
euclidean	pool	0.8	23.8229	0.85	1288	176	175	0.9943	0.1359	0.2391	0.1366	0.9721	0.0495	0.0942	1.33
euclidean	pool	0.8	23.8229	0.9	1288	173	173	1.0	0.1343	0.2368	0.1343	0.9774	0.049	0.0933	1.324
euclidean	pool	0.85	25.1939	0.0	1288	194	193	0.9948	0.1498	0.2605	0.1506	0.6823	0.0591	0.1088	5.83
euclidean	pool	0.85	25.1939	0.05	1288	194	189	0.9742	0.1467	0.2551	0.1506	0.7308	0.0548	0.102	3.619
euclidean	pool	0.85	25.1939	0.1	1288	194	187	0.9639	0.1452	0.2524	0.1506	0.7754	0.0543	0.1015	2.582
euclidean	pool	0.85	25.1939	0.15	1288	191	178	0.9319	0.1382	0.2407	0.1483	0.7924	0.0519	0.0974	1.953
euclidean	pool	0.85	25.1939	0.2	1288	190	172	0.9053	0.1335	0.2327	0.1475	0.8156	0.0504	0.095	1.653
euclidean	pool	0.85	25.1939	0.25	1288	184	165	0.8967	0.1281	0.2242	0.1429	0.8298	0.0473	0.0896	1.503
euclidean	pool	0.85	25.1939	0.3	1288	180	160	0.8889	0.1242	0.218	0.1398	0.8478	0.0463	0.0878	1.376
euclidean	pool	0.85	25.1939	0.35	1288	176	155	0.8807	0.1203	0.2117	0.1366	0.8558	0.0458	0.087	1.335
euclidean	pool	0.85	25.1939	0.4	1288	167	153	0.9162	0.1188	0.2103	0.1297	0.8899	0.0448	0.0853	1.311
euclidean	pool	0.85	25.1939	0.45	1288	163	150	0.9202	0.1165	0.2068	0.1266	0.8934	0.0439	0.0836	1.307
euclidean	pool	0.85	25.1939	0.5	1288	159	149	0.9371	0.1157	0.2059	0.1234	0.9095	0.0433	0.0826	1.308
euclidean	pool	0.85	25.1939	0.55	1288	152	147	0.9671	0.1141	0.2042	0.118	0.9383	0.043	0.0822	1.322
euclidean	pool	0.85	25.1939	0.6	1288	150	145	0.9667	0.1126	0.2017	0.1165	0.9374	0.0427	0.0817	1.32
euclidean	pool	0.85	25.1939	0.65	1288	147	143	0.9728	0.111	0.1993	0.1141	0.943	0.0419	0.0802	1.32
euclidean	pool	0.85	25.1939	0.7	1288	141	138	0.9787	0.1071	0.1931	0.1095	0.9476	0.0407	0.0781	1.326
euclidean	pool	0.85	25.1939	0.75	1288	139	137	0.9856	0.1064	0.192	0.1079	0.9598	0.0406	0.0778	1.302
euclidean	pool	0.85	25.1939	0.8	1288	136	134	0.9853	0.104	0.1882	0.1056	0.9626	0.0399	0.0767	1.301
euclidean	pool	0.85	25.1939	0.85	1288	135	134	0.9926	0.104	0.1883	0.1048	0.9698	0.0399	0.0767	1.304
euclidean	pool	0.85	25.1939	0.9	1288	132	132	1.0	0.1025	0.1859	0.1025	0.9766	0.0394	0.0758	1.295
euclidean	pool	0.9	27.0806	0.0	1288	129	128	0.9922	0.0994	0.1807	0.1002	0.7276	0.042	0.0794	4.837
euclidean	pool	0.9	27.0806	0.05	1288	129	125	0.969	0.097	0.1764	0.1002	0.7699	0.0391	0.0744	3.0
euclidean	pool	0.9	27.0806	0.1	1288	129	123	0.9535	0.0955	0.1736	0.1002	0.8054	0.0387	0.0738	2.124
euclidean	pool	0.9	27.0806	0.15	1288	127	118	0.9291	0.0916	0.1668	0.0986	0.817	0.0369	0.0706	1.734
euclidean	pool	0.9	27.0806	0.2	1288	126	118	0.9365	0.0916	0.1669	0.0978	0.845	0.0369	0.0706	1.548
euclidean	pool	0.9	27.0806	0.25	1288	123	115	0.935	0.0893	0.163	0.0955	0.8721	0.0351	0.0675	1.455
euclidean	pool	0.9	27.0806	0.3	1288	121	111	0.9174	0.0862	0.1576	0.0939	0.8887	0.0342	0.0658	1.339
euclidean	pool	0.9	27.0806	0.35	1288	117	106	0.906	0.0823	0.1509	0.0908	0.8821	0.0337	0.0649	1.316
euclidean	pool	0.9	27.0806	0.4	1288	113	105	0.9292	0.0815	0.1499	0.0877	0.9044	0.0335	0.0645	1.319
euclidean	pool	0.9	27.0806	0.45	1288	112	104	0.9286	0.0807	0.1486	0.087	0.9036	0.0327	0.0631	1.312
euclidean	pool	0.9	27.0806	0.5	1288	109	103	0.945	0.08	0.1475	0.0846	0.9193	0.0323	0.0624	1.321
euclidean	pool	0.9	27.0806	0.55	1288	105	102	0.9714	0.0792	0.1464	0.0815	0.9448	0.0322	0.0623	1.333
euclidean	pool	0.9	27.0806	0.6	1288	105	102	0.9714	0.0792	0.1464	0.0815	0.9448	0.0321	0.062	1.324
euclidean	pool	0.9	27.0806	0.65	1288	103	100	0.9709	0.0776	0.1438	0.08	0.9437	0.0312	0.0605	1.33
euclidean	pool	0.9	27.0806	0.7	1288	100	98	0.98	0.0761	0.1412	0.0776	0.952	0.0307	0.0595	1.33
euclidean	pool	0.9	27.0806	0.75	1288	98	97	0.9898	0.0753	0.14	0.0761	0.9694	0.0306	0.0593	1.296
euclidean	pool	0.9	27.0806	0.8	1288	97	96	0.9897	0.0745	0.1386	0.0753	0.9742	0.0303	0.0588	1.289
euclidean	pool	0.9	27.0806	0.85	1288	97	96	0.9897	0.0745	0.1386	0.0753	0.9742	0.0303	0.0588	1.289
euclidean	pool	0.9	27.0806	0.9	1288	94	94	1.0	0.073	0.136	0.073	0.984	0.0298	0.0578	1.277
euclidean	pool	0.95	30.4513	0.0	1288	65	64	0.9846	0.0497	0.0946	0.0505	0.7762	0.0194	0.0378	3.8
euclidean	pool	0.95	30.4513	0.05	1288	65	62	0.9538	0.0481	0.0916	0.0505	0.7968	0.0179	0.0351	2.723
euclidean	pool	0.95	30.4513	0.1	1288	65	61	0.9385	0.0474	0.0902	0.0505	0.814	0.0178	0.0348	2.046
euclidean	pool	0.95	30.4513	0.15	1288	65	58	0.8923	0.045	0.0857	0.0505	0.8096	0.0172	0.0337	1.723
euclidean	pool	0.95	30.4513	0.2	1288	64	58	0.9062	0.045	0.0858	0.0497	0.8292	0.0172	0.0336	1.469
euclidean	pool	0.95	30.4513	0.25	1288	63	58	0.9206	0.045	0.0859	0.0489	0.8529	0.0172	0.0337	1.429
euclidean	pool	0.95	30.4513	0.3	1288	62	56	0.9032	0.0435	0.083	0.0481	0.8602	0.0167	0.0327	1.323
euclidean	pool	0.95	30.4513	0.35	1288	61	54	0.8852	0.0419	0.0801	0.0474	0.8525	0.0166	0.0325	1.311
euclidean	pool	0.95	30.4513	0.4	1288	59	54	0.9153	0.0419	0.0802	0.0458	0.8814	0.0166	0.0325	1.322
euclidean	pool	0.95	30.4513	0.45	1288	59	54	0.9153	0.0419	0.0802	0.0458	0.8814	0.0166	0.0325	1.322
euclidean	pool	0.95	30.4513	0.5	1288	59	54	0.9153	0.0419	0.0802	0.0458	0.8814	0.0166	0.0325	1.322
euclidean	pool	0.95	30.4513	0.55	1288	57	54	0.9474	0.0419	0.0803	0.0443	0.9123	0.0166	0.0325	1.333
euclidean	pool	0.95	30.4513	0.6	1288	57	54	0.9474	0.0419	0.0803	0.0443	0.9123	0.0166	0.0325	1.333
euclidean	pool	0.95	30.4513	0.65	1288	57	54	0.9474	0.0419	0.0803	0.0443	0.9123	0.0166	0.0325	1.333
euclidean	pool	0.95	30.4513	0.7	1288	54	52	0.963	0.0404	0.0775	0.0419	0.9259	0.016	0.0315	1.333
euclidean	pool	0.95	30.4513	0.75	1288	53	52	0.9811	0.0404	0.0776	0.0411	0.9434	0.016	0.0316	1.34
euclidean	pool	0.95	30.4513	0.8	1288	53	52	0.9811	0.0404	0.0776	0.0411	0.9528	0.016	0.0316	1.321
euclidean	pool	0.95	30.4513	0.85	1288	53	52	0.9811	0.0404	0.0776	0.0411	0.9528	0.016	0.0316	1.321
euclidean	pool	0.95	30.4513	0.9	1288	51	51	1.0	0.0396	0.0762	0.0396	0.9706	0.0157	0.0308	1.314
euclidean	self	0.0	1.1075	0.0	1288	1285	1032	0.8031	0.8012	0.8022	0.9977	0.469	0.2925	0.3603	8.488
euclidean	self	0.0	1.1075	0.05	1288	1282	983	0.7668	0.7632	0.765	0.9953	0.5148	0.2732	0.357	4.443
euclidean	self	0.0	1.1075	0.1	1288	1277	924	0.7236	0.7174	0.7205	0.9915	0.5554	0.2543	0.3489	2.698
euclidean	self	0.0	1.1075	0.15	1288	1242	869	0.6997	0.6747	0.687	0.9643	0.5713	0.2367	0.3347	2.064
euclidean	self	0.0	1.1075	0.2	1288	1209	831	0.6873	0.6452	0.6656	0.9387	0.5985	0.2255	0.3276	1.709
euclidean	self	0.0	1.1075	0.25	1288	1151	793	0.689	0.6157	0.6503	0.8936	0.6209	0.2135	0.3177	1.539
euclidean	self	0.0	1.1075	0.3	1288	1101	773	0.7021	0.6002	0.6471	0.8548	0.6509	0.2092	0.3166	1.42
euclidean	self	0.0	1.1075	0.35	1288	1063	755	0.7103	0.5862	0.6423	0.8253	0.6691	0.2054	0.3143	1.372
euclidean	self	0.0	1.1075	0.4	1288	1007	737	0.7319	0.5722	0.6423	0.7818	0.698	0.2003	0.3113	1.328
euclidean	self	0.0	1.1075	0.45	1288	969	718	0.741	0.5575	0.6362	0.7523	0.7131	0.1926	0.3033	1.309
euclidean	self	0.0	1.1075	0.5	1288	922	698	0.757	0.5419	0.6317	0.7158	0.7327	0.1851	0.2956	1.3
euclidean	self	0.0	1.1075	0.55	1288	875	685	0.7829	0.5318	0.6334	0.6793	0.7583	0.1827	0.2944	1.307
euclidean	self	0.0	1.1075	0.6	1288	826	666	0.8063	0.5171	0.6301	0.6413	0.7849	0.1792	0.2917	1.304
euclidean	self	0.0	1.1075	0.65	1288	795	652	0.8201	0.5062	0.626	0.6172	0.7994	0.1752	0.2873	1.293
euclidean	self	0.0	1.1075	0.7	1288	753	631	0.838	0.4899	0.6183	0.5846	0.817	0.1699	0.2813	1.292
euclidean	self	0.0	1.1075	0.75	1288	718	615	0.8565	0.4775	0.6132	0.5575	0.8381	0.1659	0.277	1.277
euclidean	self	0.0	1.1075	0.8	1288	674	598	0.8872	0.4643	0.6096	0.5233	0.8681	0.1615	0.2723	1.274
euclidean	self	0.0	1.1075	0.85	1288	638	584	0.9154	0.4534	0.6064	0.4953	0.8978	0.1564	0.2664	1.248
euclidean	self	0.0	1.1075	0.9	1288	595	565	0.9496	0.4387	0.6001	0.462	0.9306	0.153	0.2628	1.25
euclidean	self	0.05	3.294	0.0	1288	1221	1030	0.8436	0.7997	0.821	0.948	0.493	0.2917	0.3665	8.249
euclidean	self	0.05	3.294	0.05	1288	1218	982	0.8062	0.7624	0.7837	0.9457	0.5413	0.2728	0.3628	4.414
euclidean	self	0.05	3.294	0.1	1288	1214	923	0.7603	0.7166	0.7378	0.9425	0.584	0.2539	0.354	2.689
euclidean	self	0.05	3.294	0.15	1288	1184	868	0.7331	0.6739	0.7023	0.9193	0.5999	0.2363	0.339	2.063
euclidean	self	0.05	3.294	0.2	1288	1152	830	0.7205	0.6444	0.6803	0.8944	0.6289	0.2251	0.3316	1.699
euclidean	self	0.05	3.294	0.25	1288	1098	793	0.7222	0.6157	0.6647	0.8525	0.6515	0.2135	0.3216	1.532
euclidean	self	0.05	3.294	0.3	1288	1051	773	0.7355	0.6002	0.661	0.816	0.6826	0.2092	0.3202	1.413
euclidean	self	0.05	3.294	0.35	1288	1016	755	0.7431	0.5862	0.6554	0.7888	0.7009	0.2054	0.3177	1.364
euclidean	self	0.05	3.294	0.4	1288	964	737	0.7645	0.5722	0.6545	0.7484	0.7294	0.2003	0.3143	1.32
euclidean	self	0.05	3.294	0.45	1288	930	718	0.772	0.5575	0.6474	0.722	0.7434	0.1926	0.3059	1.303
euclidean	self	0.05	3.294	0.5	1288	885	698	0.7887	0.5419	0.6424	0.6871	0.763	0.1851	0.298	1.296
euclidean	self	0.05	3.294	0.55	1288	843	685	0.8126	0.5318	0.6429	0.6545	0.7868	0.1827	0.2965	1.304
euclidean	self	0.05	3.294	0.6	1288	796	666	0.8367	0.5171	0.6392	0.618	0.8142	0.1792	0.2937	1.299
euclidean	self	0.05	3.294	0.65	1288	768	652	0.849	0.5062	0.6342	0.5963	0.8272	0.1752	0.2891	1.291
euclidean	self	0.05	3.294	0.7	1288	729	631	0.8656	0.4899	0.6257	0.566	0.8437	0.1699	0.2828	1.29
euclidean	self	0.05	3.294	0.75	1288	697	615	0.8824	0.4775	0.6196	0.5411	0.8632	0.1659	0.2784	1.274
euclidean	self	0.05	3.294	0.8	1288	659	598	0.9074	0.4643	0.6143	0.5116	0.8878	0.1615	0.2732	1.271
euclidean	self	0.05	3.294	0.85	1288	631	584	0.9255	0.4534	0.6087	0.4899	0.9077	0.1564	0.2668	1.244
euclidean	self	0.05	3.294	0.9	1288	592	565	0.9544	0.4387	0.6011	0.4596	0.9353	0.153	0.263	1.25
euclidean	self	0.1	5.1954	0.0	1288	1157	1025	0.8859	0.7958	0.8384	0.8983	0.5202	0.2903	0.3727	7.789
euclidean	self	0.1	5.1954	0.05	1288	1155	979	0.8476	0.7601	0.8015	0.8967	0.5711	0.2719	0.3684	4.23
euclidean	self	0.1	5.1954	0.1	1288	1151	920	0.7993	0.7143	0.7544	0.8936	0.6162	0.253	0.3587	2.618
euclidean	self	0.1	5.1954	0.15	1288	1123	866	0.7711	0.6724	0.7184	0.8719	0.6322	0.2362	0.3439	2.043
euclidean	self	0.1	5.1954	0.2	1288	1098	828	0.7541	0.6429	0.694	0.8525	0.6596	0.225	0.3355	1.695
euclidean	self	0.1	5.1954	0.25	1288	1046	791	0.7562	0.6141	0.6778	0.8121	0.6836	0.2133	0.3252	1.527
euclidean	self	0.1	5.1954	0.3	1288	1005	771	0.7672	0.5986	0.6725	0.7803	0.7134	0.2091	0.3234	1.408
euclidean	self	0.1	5.1954	0.35	1288	973	754	0.7749	0.5854	0.667	0.7554	0.7318	0.2053	0.3206	1.361
euclidean	self	0.1	5.1954	0.4	1288	926	736	0.7948	0.5714	0.6649	0.7189	0.7594	0.2002	0.3169	1.319
euclidean	self	0.1	5.1954	0.45	1288	896	717	0.8002	0.5567	0.6566	0.6957	0.7718	0.1925	0.3081	1.305
euclidean	self	0.1	5.1954	0.5	1288	856	697	0.8143	0.5411	0.6502	0.6646	0.7882	0.185	0.2997	1.297
euclidean	self	0.1	5.1954	0.55	1288	816	684	0.8382	0.5311	0.6502	0.6335	0.8123	0.1825	0.2981	1.305
euclidean	self	0.1	5.1954	0.6	1288	770	665	0.8636	0.5163	0.6463	0.5978	0.8412	0.1791	0.2953	1.302
euclidean	self	0.1	5.1954	0.65	1288	744	651	0.875	0.5054	0.6407	0.5776	0.8524	0.175	0.2904	1.293
euclidean	self	0.1	5.1954	0.7	1288	706	630	0.8924	0.4891	0.6319	0.5481	0.8696	0.1698	0.2841	1.293
euclidean	self	0.1	5.1954	0.75	1288	675	614	0.9096	0.4767	0.6256	0.5241	0.8897	0.1658	0.2796	1.275
euclidean	self	0.1	5.1954	0.8	1288	638	597	0.9357	0.4635	0.6199	0.4953	0.9152	0.1613	0.2743	1.273
euclidean	self	0.1	5.1954	0.85	1288	616	584	0.9481	0.4534	0.6134	0.4783	0.9297	0.1564	0.2677	1.244
euclidean	self	0.1	5.1954	0.9	1288	583	565	0.9691	0.4387	0.604	0.4526	0.9496	0.153	0.2635	1.254
euclidean	self	0.15	7.5918	0.0	1288	1092	1010	0.9249	0.7842	0.8487	0.8478	0.5492	0.2831	0.3736	7.39
euclidean	self	0.15	7.5918	0.05	1288	1092	972	0.8901	0.7547	0.8168	0.8478	0.6027	0.2675	0.3706	4.089
euclidean	self	0.15	7.5918	0.1	1288	1088	914	0.8401	0.7096	0.7694	0.8447	0.6505	0.2496	0.3608	2.582
euclidean	self	0.15	7.5918	0.15	1288	1063	862	0.8109	0.6693	0.7333	0.8253	0.6677	0.2343	0.3469	2.021
euclidean	self	0.15	7.5918	0.2	1288	1042	824	0.7908	0.6398	0.7073	0.809	0.6949	0.2231	0.3378	1.696
euclidean	self	0.15	7.5918	0.25	1288	998	787	0.7886	0.611	0.6885	0.7748	0.7163	0.2115	0.3265	1.527
euclidean	self	0.15	7.5918	0.3	1288	963	767	0.7965	0.5955	0.6815	0.7477	0.7444	0.2072	0.3242	1.41
euclidean	self	0.15	7.5918	0.35	1288	935	750	0.8021	0.5823	0.6748	0.7259	0.7616	0.2034	0.3211	1.358
euclidean	self	0.15	7.5918	0.4	1288	891	732	0.8215	0.5683	0.6719	0.6918	0.7883	0.1983	0.3169	1.318
euclidean	self	0.15	7.5918	0.45	1288	863	714	0.8273	0.5543	0.6639	0.67	0.8015	0.1914	0.309	1.304
euclidean	self	0.15	7.5918	0.5	1288	825	694	0.8412	0.5388	0.6569	0.6405	0.8163	0.1839	0.3002	1.3
euclidean	self	0.15	7.5918	0.55	1288	785	681	0.8675	0.5287	0.657	0.6095	0.8427	0.1815	0.2986	1.309
euclidean	self	0.15	7.5918	0.6	1288	743	663	0.8923	0.5148	0.6529	0.5769	0.8709	0.1788	0.2966	1.305
euclidean	self	0.15	7.5918	0.65	1288	719	649	0.9026	0.5039	0.6467	0.5582	0.8811	0.1747	0.2916	1.298
euclidean	self	0.15	7.5918	0.7	1288	688	628	0.9128	0.4876	0.6356	0.5342	0.8915	0.1695	0.2848	1.295
euclidean	self	0.15	7.5918	0.75	1288	661	613	0.9274	0.4759	0.629	0.5132	0.9093	0.1657	0.2804	1.276
euclidean	self	0.15	7.5918	0.8	1288	626	596	0.9521	0.4627	0.6228	0.486	0.9336	0.1612	0.275	1.272
euclidean	self	0.15	7.5918	0.85	1288	606	583	0.962	0.4526	0.6156	0.4705	0.9459	0.1563	0.2682	1.245
euclidean	self	0.15	7.5918	0.9	1288	576	564	0.9792	0.4379	0.6052	0.4472	0.9621	0.1529	0.2638	1.254
euclidean	self	0.2	10.3966	0.0	1288	1029	984	0.9563	0.764	0.8494	0.7989	0.5749	0.273	0.3702	7.079
euclidean	self	0.2	10.3966	0.05	1288	1029	948	0.9213	0.736	0.8183	0.7989	0.6296	0.2583	0.3663	3.965
euclidean	self	0.2	10.3966	0.1	1288	1025	890	0.8683	0.691	0.7696	0.7958	0.6779	0.2404	0.355	2.562
euclidean	self	0.2	10.3966	0.15	1288	1004	840	0.8367	0.6522	0.733	0.7795	0.6951	0.2255	0.3405	2.014
euclidean	self	0.2	10.3966	0.2	1288	986	808	0.8195	0.6273	0.7106	0.7655	0.7245	0.2161	0.333	1.693
euclidean	self	0.2	10.3966	0.25	1288	954	773	0.8103	0.6002	0.6896	0.7407	0.7401	0.2054	0.3216	1.521
euclidean	self	0.2	10.3966	0.3	1288	921	755	0.8198	0.5862	0.6836	0.7151	0.7698	0.2014	0.3193	1.41
euclidean	self	0.2	10.3966	0.35	1288	901	738	0.8191	0.573	0.6743	0.6995	0.7818	0.1976	0.3155	1.356
euclidean	self	0.2	10.3966	0.4	1288	860	722	0.8395	0.5606	0.6723	0.6677	0.8096	0.1941	0.3131	1.315
euclidean	self	0.2	10.3966	0.45	1288	834	706	0.8465	0.5481	0.6654	0.6475	0.8234	0.1887	0.307	1.303
euclidean	self	0.2	10.3966	0.5	1288	796	686	0.8618	0.5326	0.6583	0.618	0.8397	0.1813	0.2982	1.298
euclidean	self	0.2	10.3966	0.55	1288	758	673	0.8879	0.5225	0.6579	0.5885	0.8663	0.1788	0.2964	1.307
euclidean	self	0.2	10.3966	0.6	1288	719	655	0.911	0.5085	0.6527	0.5582	0.8921	0.1761	0.2941	1.301
euclidean	self	0.2	10.3966	0.65	1288	698	641	0.9183	0.4977	0.6455	0.5419	0.8996	0.172	0.2889	1.295
euclidean	self	0.2	10.3966	0.7	1288	668	620	0.9281	0.4814	0.6339	0.5186	0.9085	0.1668	0.2818	1.294
euclidean	self	0.2	10.3966	0.75	1288	643	605	0.9409	0.4697	0.6266	0.4992	0.9247	0.163	0.2772	1.273
euclidean	self	0.2	10.3966	0.8	1288	610	589	0.9656	0.4573	0.6207	0.4736	0.9492	0.1589	0.2722	1.27
euclidean	self	0.2	10.3966	0.85	1288	591	576	0.9746	0.4472	0.6131	0.4589	0.9608	0.1539	0.2653	1.241
euclidean	self	0.2	10.3966	0.9	1288	562	557	0.9911	0.4325	0.6022	0.4363	0.9765	0.1505	0.2608	1.25
euclidean	self	0.25	12.5589	0.0	1288	965	933	0.9668	0.7244	0.8282	0.7492	0.5932	0.2591	0.3607	6.681
euclidean	self	0.25	12.5589	0.05	1288	965	904	0.9368	0.7019	0.8025	0.7492	0.648	0.2467	0.3574	3.846
euclidean	self	0.25	12.5589	0.1	1288	962	849	0.8825	0.6592	0.7547	0.7469	0.6921	0.2295	0.3447	2.519
euclidean	self	0.25	12.5589	0.15	1288	948	804	0.8481	0.6242	0.7191	0.736	0.7068	0.216	0.3309	1.997
euclidean	self	0.25	12.5589	0.2	1288	934	774	0.8287	0.6009	0.6967	0.7252	0.7353	0.2068	0.3228	1.672
euclidean	self	0.25	12.5589	0.25	1288	905	742	0.8199	0.5761	0.6767	0.7026	0.7522	0.1965	0.3116	1.495
euclidean	self	0.25	12.5589	0.3	1288	876	725	0.8276	0.5629	0.6701	0.6801	0.7814	0.1925	0.3089	1.39
euclidean	self	0.25	12.5589	0.35	1288	859	709	0.8254	0.5505	0.6605	0.6669	0.7927	0.1888	0.3049	1.334
euclidean	self	0.25	12.5589	0.4	1288	823	694	0.8433	0.5388	0.6575	0.639	0.8179	0.1853	0.3021	1.289
euclidean	self	0.25	12.5589	0.45	1288	798	680	0.8521	0.528	0.652	0.6196	0.8329	0.1814	0.2979	1.278
euclidean	self	0.25	12.5589	0.5	1288	763	661	0.8663	0.5132	0.6446	0.5924	0.8474	0.174	0.2887	1.275
euclidean	self	0.25	12.5589	0.55	1288	728	649	0.8915	0.5039	0.6438	0.5652	0.8734	0.1716	0.2869	1.282
euclidean	self	0.25	12.5589	0.6	1288	691	631	0.9132	0.4899	0.6377	0.5365	0.8948	0.1689	0.2842	1.29
euclidean	self	0.25	12.5589	0.65	1288	672	618	0.9196	0.4798	0.6306	0.5217	0.9015	0.1653	0.2794	1.283
euclidean	self	0.25	12.5589	0.7	1288	644	598	0.9286	0.4643	0.619	0.5	0.9096	0.1603	0.2725	1.282
euclidean	self	0.25	12.5589	0.75	1288	620	584	0.9419	0.4534	0.6122	0.4814	0.9251	0.1568	0.2682	1.267
euclidean	self	0.25	12.5589	0.8	1288	588	568	0.966	0.441	0.6055	0.4565	0.949	0.1526	0.263	1.263
euclidean	self	0.25	12.5589	0.85	1288	570	556	0.9754	0.4317	0.5985	0.4425	0.9611	0.1481	0.2566	1.234
euclidean	self	0.25	12.5589	0.9	1288	543	539	0.9926	0.4185	0.5887	0.4216	0.9775	0.1447	0.252	1.242
euclidean	self	0.3	13.7338	0.0	1288	901	879	0.9756	0.6825	0.8031	0.6995	0.6085	0.2447	0.349	6.478
euclidean	self	0.3	13.7338	0.05	1288	901	854	0.9478	0.663	0.7803	0.6995	0.6638	0.2332	0.3451	3.797
euclidean	self	0.3	13.7338	0.1	1288	898	806	0.8976	0.6258	0.7374	0.6972	0.7052	0.2185	0.3337	2.507
euclidean	self	0.3	13.7338	0.15	1288	888	768	0.8649	0.5963	0.7059	0.6894	0.7205	0.2059	0.3203	1.997
euclidean	self	0.3	13.7338	0.2	1288	876	739	0.8436	0.5738	0.683	0.6801	0.748	0.1967	0.3115	1.672
euclidean	self	0.3	13.7338	0.25	1288	849	710	0.8363	0.5512	0.6645	0.6592	0.7659	0.1875	0.3013	1.499
euclidean	self	0.3	13.7338	0.3	1288	821	693	0.8441	0.538	0.6572	0.6374	0.7962	0.1835	0.2983	1.392
euclidean	self	0.3	13.7338	0.35	1288	805	678	0.8422	0.5264	0.6479	0.625	0.8083	0.1799	0.2942	1.337
euclidean	self	0.3	13.7338	0.4	1288	772	664	0.8601	0.5155	0.6447	0.5994	0.8341	0.1764	0.2912	1.289
euclidean	self	0.3	13.7338	0.45	1288	752	650	0.8644	0.5047	0.6373	0.5839	0.845	0.1725	0.2866	1.275
euclidean	self	0.3	13.7338	0.5	1288	718	631	0.8788	0.4899	0.6291	0.5575	0.8599	0.1651	0.277	1.272
euclidean	self	0.3	13.7338	0.55	1288	686	619	0.9023	0.4806	0.6272	0.5326	0.8844	0.1627	0.2749	1.278
euclidean	self	0.3	13.7338	0.6	1288	651	602	0.9247	0.4674	0.6209	0.5054	0.9066	0.1601	0.2721	1.285
euclidean	self	0.3	13.7338	0.65	1288	633	589	0.9305	0.4573	0.6132	0.4915	0.9126	0.1565	0.2672	1.282
euclidean	self	0.3	13.7338	0.7	1288	608	571	0.9391	0.4433	0.6023	0.472	0.9206	0.1517	0.2605	1.281
euclidean	self	0.3	13.7338	0.75	1288	587	557	0.9489	0.4325	0.5941	0.4557	0.9327	0.1483	0.2559	1.27
euclidean	self	0.3	13.7338	0.8	1288	559	542	0.9696	0.4208	0.5869	0.434	0.9534	0.1442	0.2505	1.266
euclidean	self	0.3	13.7338	0.85	1288	543	531	0.9779	0.4123	0.58	0.4216	0.9646	0.1397	0.2441	1.235
euclidean	self	0.3	13.7338	0.9	1288	517	514	0.9942	0.3991	0.5695	0.4014	0.9802	0.1363	0.2394	1.243
euclidean	self	0.35	14.8385	0.0	1288	837	821	0.9809	0.6374	0.7727	0.6498	0.625	0.2271	0.3332	6.214
euclidean	self	0.35	14.8385	0.05	1288	837	800	0.9558	0.6211	0.7529	0.6498	0.6785	0.2173	0.3291	3.725
euclidean	self	0.35	14.8385	0.1	1288	835	762	0.9126	0.5916	0.7179	0.6483	0.7192	0.2061	0.3204	2.496
euclidean	self	0.35	14.8385	0.15	1288	828	731	0.8829	0.5675	0.6909	0.6429	0.7363	0.195	0.3083	1.996
euclidean	self	0.35	14.8385	0.2	1288	819	702	0.8571	0.545	0.6664	0.6359	0.7611	0.1858	0.2987	1.661
euclidean	self	0.35	14.8385	0.25	1288	795	674	0.8478	0.5233	0.6471	0.6172	0.7769	0.1774	0.2888	1.488
euclidean	self	0.35	14.8385	0.3	1288	770	659	0.8558	0.5116	0.6404	0.5978	0.8086	0.1734	0.2856	1.38
euclidean	self	0.35	14.8385	0.35	1288	755	645	0.8543	0.5008	0.6314	0.5862	0.822	0.1698	0.2814	1.321
euclidean	self	0.35	14.8385	0.4	1288	726	633	0.8719	0.4915	0.6286	0.5637	0.8461	0.1668	0.2786	1.296
euclidean	self	0.35	14.8385	0.45	1288	708	619	0.8743	0.4806	0.6202	0.5497	0.8537	0.1629	0.2736	1.282
euclidean	self	0.35	14.8385	0.5	1288	675	600	0.8889	0.4658	0.6113	0.5241	0.8687	0.1555	0.2638	1.279
euclidean	self	0.35	14.8385	0.55	1288	647	590	0.9119	0.4581	0.6098	0.5023	0.8929	0.1538	0.2624	1.284
euclidean	self	0.35	14.8385	0.6	1288	616	574	0.9318	0.4457	0.6029	0.4783	0.9127	0.1512	0.2594	1.293
euclidean	self	0.35	14.8385	0.65	1288	601	563	0.9368	0.4371	0.5961	0.4666	0.918	0.1482	0.2553	1.289
euclidean	self	0.35	14.8385	0.7	1288	577	546	0.9463	0.4239	0.5855	0.448	0.9267	0.1439	0.2491	1.289
euclidean	self	0.35	14.8385	0.75	1288	558	533	0.9552	0.4138	0.5775	0.4332	0.9381	0.1404	0.2443	1.277
euclidean	self	0.35	14.8385	0.8	1288	533	518	0.9719	0.4022	0.5689	0.4138	0.9549	0.1364	0.2386	1.272
euclidean	self	0.35	14.8385	0.85	1288	518	508	0.9807	0.3944	0.5626	0.4022	0.9668	0.1321	0.2324	1.239
euclidean	self	0.35	14.8385	0.9	1288	495	492	0.9939	0.382	0.5519	0.3843	0.9793	0.1287	0.2275	1.248
euclidean	self	0.4	15.9319	0.0	1288	773	761	0.9845	0.5908	0.7385	0.6002	0.6417	0.215	0.3221	5.925
euclidean	self	0.4	15.9319	0.05	1288	773	742	0.9599	0.5761	0.72	0.6002	0.6933	0.2056	0.3171	3.629
euclidean	self	0.4	15.9319	0.1	1288	772	710	0.9197	0.5512	0.6893	0.5994	0.7318	0.1953	0.3084	2.439
euclidean	self	0.4	15.9319	0.15	1288	767	685	0.8931	0.5318	0.6667	0.5955	0.749	0.1862	0.2983	1.958
euclidean	self	0.4	15.9319	0.2	1288	759	656	0.8643	0.5093	0.6409	0.5893	0.7715	0.177	0.288	1.637
euclidean	self	0.4	15.9319	0.25	1288	738	633	0.8577	0.4915	0.6249	0.573	0.7885	0.1693	0.2787	1.474
euclidean	self	0.4	15.9319	0.3	1288	716	619	0.8645	0.4806	0.6178	0.5559	0.8198	0.1653	0.2752	1.362
euclidean	self	0.4	15.9319	0.35	1288	703	608	0.8649	0.472	0.6107	0.5458	0.8349	0.1619	0.2712	1.301
euclidean	self	0.4	15.9319	0.4	1288	675	596	0.883	0.4627	0.6072	0.5241	0.8594	0.1589	0.2683	1.274
euclidean	self	0.4	15.9319	0.45	1288	659	583	0.8847	0.4526	0.5989	0.5116	0.8668	0.1555	0.2636	1.259
euclidean	self	0.4	15.9319	0.5	1288	628	565	0.8997	0.4387	0.5898	0.4876	0.8817	0.1481	0.2536	1.256
euclidean	self	0.4	15.9319	0.55	1288	602	556	0.9236	0.4317	0.5884	0.4674	0.9071	0.1465	0.2523	1.262
euclidean	self	0.4	15.9319	0.6	1288	575	541	0.9409	0.42	0.5808	0.4464	0.9245	0.1442	0.2494	1.271
euclidean	self	0.4	15.9319	0.65	1288	560	530	0.9464	0.4115	0.5736	0.4348	0.9305	0.1412	0.2452	1.266
euclidean	self	0.4	15.9319	0.7	1288	540	516	0.9556	0.4006	0.5646	0.4193	0.939	0.1371	0.2393	1.265
euclidean	self	0.4	15.9319	0.75	1288	524	506	0.9656	0.3929	0.5585	0.4068	0.9505	0.1342	0.2352	1.258
euclidean	self	0.4	15.9319	0.8	1288	505	491	0.9723	0.3812	0.5477	0.3921	0.9576	0.1301	0.2291	1.25
euclidean	self	0.4	15.9319	0.85	1288	492	483	0.9817	0.375	0.5427	0.382	0.969	0.1269	0.2244	1.248
euclidean	self	0.4	15.9319	0.9	1288	471	468	0.9936	0.3634	0.5321	0.3657	0.9804	0.1236	0.2195	1.257
euclidean	self	0.45	16.849	0.0	1288	708	699	0.9873	0.5427	0.7004	0.5497	0.6581	0.1993	0.3059	5.703
euclidean	self	0.45	16.849	0.05	1288	708	681	0.9619	0.5287	0.6824	0.5497	0.7082	0.1901	0.2997	3.538
euclidean	self	0.45	16.849	0.1	1288	708	656	0.9266	0.5093	0.6573	0.5497	0.7484	0.1822	0.2931	2.404
euclidean	self	0.45	16.849	0.15	1288	704	635	0.902	0.493	0.6376	0.5466	0.7649	0.1734	0.2827	1.926
euclidean	self	0.45	16.849	0.2	1288	696	609	0.875	0.4728	0.6139	0.5404	0.7877	0.1653	0.2732	1.607
euclidean	self	0.45	16.849	0.25	1288	680	590	0.8676	0.4581	0.5996	0.528	0.8036	0.1583	0.2644	1.456
euclidean	self	0.45	16.849	0.3	1288	660	578	0.8758	0.4488	0.5934	0.5124	0.8342	0.1549	0.2613	1.349
euclidean	self	0.45	16.849	0.35	1288	649	569	0.8767	0.4418	0.5875	0.5039	0.8494	0.1526	0.2587	1.287
euclidean	self	0.45	16.849	0.4	1288	626	560	0.8946	0.4348	0.5852	0.486	0.8715	0.15	0.256	1.262
euclidean	self	0.45	16.849	0.45	1288	611	548	0.8969	0.4255	0.5771	0.4744	0.8801	0.1469	0.2518	1.247
euclidean	self	0.45	16.849	0.5	1288	582	532	0.9141	0.413	0.569	0.4519	0.8964	0.1405	0.2429	1.245
euclidean	self	0.45	16.849	0.55	1288	561	525	0.9358	0.4076	0.5679	0.4356	0.9199	0.139	0.2416	1.25
euclidean	self	0.45	16.849	0.6	1288	538	512	0.9517	0.3975	0.5608	0.4177	0.936	0.1368	0.2388	1.258
euclidean	self	0.45	16.849	0.65	1288	524	502	0.958	0.3898	0.5541	0.4068	0.9429	0.1343	0.2351	1.254
euclidean	self	0.45	16.849	0.7	1288	508	489	0.9626	0.3797	0.5445	0.3944	0.947	0.131	0.2301	1.258
euclidean	self	0.45	16.849	0.75	1288	492	479	0.9736	0.3719	0.5382	0.382	0.9585	0.128	0.2259	1.252
euclidean	self	0.45	16.849	0.8	1288	474	464	0.9789	0.3602	0.5267	0.368	0.9643	0.124	0.2197	1.243
euclidean	self	0.45	16.849	0.85	1288	464	457	0.9849	0.3548	0.5217	0.3602	0.9725	0.1208	0.215	1.239
euclidean	self	0.45	16.849	0.9	1288	447	445	0.9955	0.3455	0.513	0.347	0.9827	0.1185	0.2114	1.246
euclidean	self	0.5	17.6633	0.0	1288	644	637	0.9891	0.4946	0.6594	0.5	0.6693	0.1833	0.2878	5.498
euclidean	self	0.5	17.6633	0.05	1288	644	624	0.9689	0.4845	0.646	0.5	0.7206	0.1769	0.2841	3.446
euclidean	self	0.5	17.6633	0.1	1288	644	602	0.9348	0.4674	0.6232	0.5	0.7583	0.1695	0.2771	2.339
euclidean	self	0.5	17.6633	0.15	1288	641	582	0.908	0.4519	0.6034	0.4977	0.771	0.1612	0.2667	1.911
euclidean	self	0.5	17.6633	0.2	1288	633	560	0.8847	0.4348	0.583	0.4915	0.7969	0.1542	0.2585	1.588
euclidean	self	0.5	17.6633	0.25	1288	619	541	0.874	0.42	0.5674	0.4806	0.8098	0.1477	0.2498	1.459
euclidean	self	0.5	17.6633	0.3	1288	600	530	0.8833	0.4115	0.5614	0.4658	0.8396	0.1447	0.2469	1.361
euclidean	self	0.5	17.6633	0.35	1288	590	521	0.8831	0.4045	0.5548	0.4581	0.8549	0.1424	0.2441	1.295
euclidean	self	0.5	17.6633	0.4	1288	571	513	0.8984	0.3983	0.5519	0.4433	0.8743	0.14	0.2413	1.268
euclidean	self	0.5	17.6633	0.45	1288	558	502	0.8996	0.3898	0.5439	0.4332	0.8825	0.137	0.2372	1.251
euclidean	self	0.5	17.6633	0.5	1288	530	486	0.917	0.3773	0.5347	0.4115	0.8988	0.1307	0.2282	1.25
euclidean	self	0.5	17.6633	0.55	1288	511	480	0.9393	0.3727	0.5336	0.3967	0.9232	0.1293	0.2269	1.254
euclidean	self	0.5	17.6633	0.6	1288	491	469	0.9552	0.3641	0.5273	0.3812	0.9394	0.1273	0.2242	1.263
euclidean	self	0.5	17.6633	0.65	1288	478	460	0.9623	0.3571	0.521	0.3711	0.9472	0.1252	0.2212	1.259
euclidean	self	0.5	17.6633	0.7	1288	468	451	0.9637	0.3502	0.5137	0.3634	0.9482	0.1222	0.2165	1.261
euclidean	self	0.5	17.6633	0.75	1288	453	442	0.9757	0.3432	0.5078	0.3517	0.9608	0.1195	0.2126	1.254
euclidean	self	0.5	17.6633	0.8	1288	436	428	0.9817	0.3323	0.4965	0.3385	0.9673	0.1157	0.2066	1.243
euclidean	self	0.5	17.6633	0.85	1288	429	424	0.9883	0.3292	0.4939	0.3331	0.9749	0.1137	0.2036	1.242
euclidean	self	0.5	17.6633	0.9	1288	415	413	0.9952	0.3207	0.485	0.3222	0.9813	0.1114	0.2	1.248
euclidean	self	0.55	18.4252	0.0	1288	580	574	0.9897	0.4457	0.6146	0.4503	0.6738	0.1694	0.2707	5.553
euclidean	self	0.55	18.4252	0.05	1288	580	564	0.9724	0.4379	0.6039	0.4503	0.7238	0.1638	0.2672	3.472
euclidean	self	0.55	18.4252	0.1	1288	580	542	0.9345	0.4208	0.5803	0.4503	0.7592	0.1564	0.2594	2.338
euclidean	self	0.55	18.4252	0.15	1288	578	523	0.9048	0.4061	0.5606	0.4488	0.7709	0.1483	0.2487	1.903
euclidean	self	0.55	18.4252	0.2	1288	570	502	0.8807	0.3898	0.5404	0.4425	0.7948	0.1418	0.2406	1.574
euclidean	self	0.55	18.4252	0.25	1288	556	485	0.8723	0.3766	0.526	0.4317	0.8081	0.1366	0.2337	1.453
euclidean	self	0.55	18.4252	0.3	1288	538	475	0.8829	0.3688	0.5203	0.4177	0.8397	0.134	0.231	1.351
euclidean	self	0.55	18.4252	0.35	1288	528	466	0.8826	0.3618	0.5132	0.4099	0.855	0.1317	0.2282	1.288
euclidean	self	0.55	18.4252	0.4	1288	511	460	0.9002	0.3571	0.5114	0.3967	0.8752	0.1296	0.2257	1.26
euclidean	self	0.55	18.4252	0.45	1288	499	450	0.9018	0.3494	0.5036	0.3874	0.8846	0.127	0.2221	1.24
euclidean	self	0.55	18.4252	0.5	1288	476	437	0.9181	0.3393	0.4955	0.3696	0.8988	0.1226	0.2158	1.239
euclidean	self	0.55	18.4252	0.55	1288	461	434	0.9414	0.337	0.4963	0.3579	0.9246	0.1216	0.2149	1.241
euclidean	self	0.55	18.4252	0.6	1288	442	423	0.957	0.3284	0.489	0.3432	0.9406	0.1195	0.2121	1.249
euclidean	self	0.55	18.4252	0.65	1288	429	414	0.965	0.3214	0.4822	0.3331	0.9493	0.1174	0.209	1.245
euclidean	self	0.55	18.4252	0.7	1288	420	406	0.9667	0.3152	0.4754	0.3261	0.9506	0.1148	0.2049	1.245
euclidean	self	0.55	18.4252	0.75	1288	407	398	0.9779	0.309	0.4696	0.316	0.9613	0.1127	0.2017	1.248
euclidean	self	0.55	18.4252	0.8	1288	395	389	0.9848	0.302	0.4623	0.3067	0.969	0.1092	0.1963	1.243
euclidean	self	0.55	18.4252	0.85	1288	389	385	0.9897	0.2989	0.4592	0.302	0.9749	0.1072	0.1932	1.242
euclidean	self	0.55	18.4252	0.9	1288	377	375	0.9947	0.2911	0.4505	0.2927	0.9794	0.1049	0.1896	1.247
euclidean	self	0.6	19.3236	0.0	1288	515	511	0.9922	0.3967	0.5668	0.3998	0.6794	0.1483	0.2435	5.52
euclidean	self	0.6	19.3236	0.05	1288	515	501	0.9728	0.389	0.5557	0.3998	0.7297	0.1431	0.2392	3.493
euclidean	self	0.6	19.3236	0.1	1288	515	481	0.934	0.3734	0.5336	0.3998	0.7634	0.1362	0.2312	2.317
euclidean	self	0.6	19.3236	0.15	1288	513	466	0.9084	0.3618	0.5175	0.3983	0.7761	0.1307	0.2238	1.875
euclidean	self	0.6	19.3236	0.2	1288	507	448	0.8836	0.3478	0.4992	0.3936	0.7968	0.1258	0.2173	1.566
euclidean	self	0.6	19.3236	0.25	1288	494	432	0.8745	0.3354	0.4848	0.3835	0.8106	0.1215	0.2114	1.455
euclidean	self	0.6	19.3236	0.3	1288	479	424	0.8852	0.3292	0.4799	0.3719	0.8405	0.1194	0.209	1.356
euclidean	self	0.6	19.3236	0.35	1288	469	415	0.8849	0.3222	0.4724	0.3641	0.8566	0.1171	0.2061	1.292
euclidean	self	0.6	19.3236	0.4	1288	453	410	0.9051	0.3183	0.471	0.3517	0.878	0.115	0.2034	1.276
euclidean	self	0.6	19.3236	0.45	1288	444	402	0.9054	0.3121	0.4642	0.3447	0.8861	0.113	0.2005	1.257
euclidean	self	0.6	19.3236	0.5	1288	424	391	0.9222	0.3036	0.4568	0.3292	0.9006	0.1093	0.195	1.259
euclidean	self	0.6	19.3236	0.55	1288	412	388	0.9417	0.3012	0.4565	0.3199	0.9229	0.1083	0.1938	1.26
euclidean	self	0.6	19.3236	0.6	1288	394	378	0.9594	0.2935	0.4495	0.3059	0.941	0.1063	0.1911	1.269
euclidean	self	0.6	19.3236	0.65	1288	385	372	0.9662	0.2888	0.4447	0.2989	0.9487	0.1046	0.1884	1.265
euclidean	self	0.6	19.3236	0.7	1288	379	367	0.9683	0.2849	0.4403	0.2943	0.9505	0.1029	0.1857	1.264
euclidean	self	0.6	19.3236	0.75	1288	366	359	0.9809	0.2787	0.4341	0.2842	0.9624	0.1007	0.1823	1.268
euclidean	self	0.6	19.3236	0.8	1288	357	352	0.986	0.2733	0.428	0.2772	0.9685	0.0984	0.1787	1.261
euclidean	self	0.6	19.3236	0.85	1288	353	349	0.9887	0.271	0.4254	0.2741	0.9724	0.0972	0.1768	1.258
euclidean	self	0.6	19.3236	0.9	1288	342	340	0.9942	0.264	0.4172	0.2655	0.9773	0.095	0.1731	1.263
euclidean	self	0.65	20.1015	0.0	1288	451	447	0.9911	0.347	0.5141	0.3502	0.6862	0.1264	0.2135	5.397
euclidean	self	0.65	20.1015	0.05	1288	451	439	0.9734	0.3408	0.5049	0.3502	0.7353	0.1222	0.2096	3.468
euclidean	self	0.65	20.1015	0.1	1288	451	425	0.9424	0.33	0.4888	0.3502	0.7715	0.117	0.2032	2.322
euclidean	self	0.65	20.1015	0.15	1288	450	415	0.9222	0.3222	0.4776	0.3494	0.7874	0.1149	0.2005	1.873
euclidean	self	0.65	20.1015	0.2	1288	445	399	0.8966	0.3098	0.4605	0.3455	0.8056	0.1107	0.1946	1.571
euclidean	self	0.65	20.1015	0.25	1288	434	385	0.8871	0.2989	0.4472	0.337	0.8216	0.1075	0.1901	1.457
euclidean	self	0.65	20.1015	0.3	1288	422	377	0.8934	0.2927	0.4409	0.3276	0.8461	0.1053	0.1873	1.378
euclidean	self	0.65	20.1015	0.35	1288	412	368	0.8932	0.2857	0.4329	0.3199	0.8631	0.1031	0.1842	1.311
euclidean	self	0.65	20.1015	0.4	1288	398	363	0.9121	0.2818	0.4306	0.309	0.8834	0.1009	0.1812	1.299
euclidean	self	0.65	20.1015	0.45	1288	392	357	0.9107	0.2772	0.425	0.3043	0.8897	0.0997	0.1794	1.278
euclidean	self	0.65	20.1015	0.5	1288	373	346	0.9276	0.2686	0.4166	0.2896	0.904	0.096	0.1736	1.283
euclidean	self	0.65	20.1015	0.55	1288	364	344	0.9451	0.2671	0.4165	0.2826	0.9247	0.0958	0.1736	1.283
euclidean	self	0.65	20.1015	0.6	1288	352	337	0.9574	0.2616	0.411	0.2733	0.9377	0.0942	0.1712	1.29
euclidean	self	0.65	20.1015	0.65	1288	344	332	0.9651	0.2578	0.4069	0.2671	0.9465	0.0926	0.1686	1.285
euclidean	self	0.65	20.1015	0.7	1288	338	327	0.9675	0.2539	0.4022	0.2624	0.9485	0.0909	0.1659	1.284
euclidean	self	0.65	20.1015	0.75	1288	326	320	0.9816	0.2484	0.3965	0.2531	0.9619	0.089	0.1629	1.288
euclidean	self	0.65	20.1015	0.8	1288	318	314	0.9874	0.2438	0.391	0.2469	0.9688	0.0869	0.1594	1.28
euclidean	self	0.65	20.1015	0.85	1288	314	311	0.9904	0.2415	0.3883	0.2438	0.9732	0.0857	0.1575	1.277
euclidean	self	0.65	20.1015	0.9	1288	305	304	0.9967	0.236	0.3817	0.2368	0.979	0.0835	0.1539	1.282
euclidean	self	0.7	20.9076	0.0	1288	387	384	0.9922	0.2981	0.4585	0.3005	0.697	0.1096	0.1894	5.566
euclidean	self	0.7	20.9076	0.05	1288	387	376	0.9716	0.2919	0.449	0.3005	0.7443	0.1057	0.1851	3.525
euclidean	self	0.7	20.9076	0.1	1288	387	364	0.9406	0.2826	0.4346	0.3005	0.7765	0.101	0.1787	2.349
euclidean	self	0.7	20.9076	0.15	1288	386	355	0.9197	0.2756	0.4241	0.2997	0.7919	0.0991	0.1761	1.886
euclidean	self	0.7	20.9076	0.2	1288	381	343	0.9003	0.2663	0.411	0.2958	0.8139	0.0953	0.1706	1.58
euclidean	self	0.7	20.9076	0.25	1288	370	330	0.8919	0.2562	0.3981	0.2873	0.8297	0.0929	0.1671	1.461
euclidean	self	0.7	20.9076	0.3	1288	358	322	0.8994	0.25	0.3913	0.278	0.8575	0.0907	0.1641	1.37
euclidean	self	0.7	20.9076	0.35	1288	350	314	0.8971	0.2438	0.3834	0.2717	0.8717	0.0888	0.1611	1.303
euclidean	self	0.7	20.9076	0.4	1288	338	311	0.9201	0.2415	0.3825	0.2624	0.8952	0.0871	0.1587	1.296
euclidean	self	0.7	20.9076	0.45	1288	333	308	0.9249	0.2391	0.38	0.2585	0.9047	0.0863	0.1576	1.279
euclidean	self	0.7	20.9076	0.5	1288	320	299	0.9344	0.2321	0.3719	0.2484	0.9115	0.0831	0.1523	1.28
euclidean	self	0.7	20.9076	0.55	1288	312	297	0.9519	0.2306	0.3712	0.2422	0.933	0.0828	0.1521	1.279
euclidean	self	0.7	20.9076	0.6	1288	304	293	0.9638	0.2275	0.3681	0.236	0.9444	0.0818	0.1505	1.286
euclidean	self	0.7	20.9076	0.65	1288	298	288	0.9664	0.2236	0.3632	0.2314	0.9483	0.0801	0.1478	1.282
euclidean	self	0.7	20.9076	0.7	1288	292	283	0.9692	0.2197	0.3582	0.2267	0.9506	0.0785	0.145	1.281
euclidean	self	0.7	20.9076	0.75	1288	282	278	0.9858	0.2158	0.3541	0.2189	0.9666	0.0772	0.143	1.284
euclidean	self	0.7	20.9076	0.8	1288	275	273	0.9927	0.212	0.3493	0.2135	0.9748	0.0758	0.1407	1.284
euclidean	self	0.7	20.9076	0.85	1288	272	270	0.9926	0.2096	0.3462	0.2112	0.9746	0.0746	0.1386	1.283
euclidean	self	0.7	20.9076	0.9	1288	264	264	1.0	0.205	0.3402	0.205	0.9814	0.0733	0.1364	1.288
euclidean	self	0.75	21.9063	0.0	1288	322	321	0.9969	0.2492	0.3988	0.25	0.7252	0.0911	0.1619	5.124
euclidean	self	0.75	21.9063	0.05	1288	322	314	0.9752	0.2438	0.3901	0.25	0.7639	0.0878	0.1575	3.311
euclidean	self	0.75	21.9063	0.1	1288	322	306	0.9503	0.2376	0.3801	0.25	0.7916	0.0839	0.1518	2.292
euclidean	self	0.75	21.9063	0.15	1288	322	299	0.9286	0.2321	0.3714	0.25	0.809	0.0828	0.1502	1.854
euclidean	self	0.75	21.9063	0.2	1288	317	290	0.9148	0.2252	0.3614	0.2461	0.8341	0.0795	0.1452	1.549
euclidean	self	0.75	21.9063	0.25	1288	309	280	0.9061	0.2174	0.3507	0.2399	0.8522	0.0774	0.142	1.44
euclidean	self	0.75	21.9063	0.3	1288	301	274	0.9103	0.2127	0.3449	0.2337	0.8765	0.0757	0.1394	1.349
euclidean	self	0.75	21.9063	0.35	1288	296	269	0.9088	0.2089	0.3396	0.2298	0.8849	0.0749	0.138	1.301
euclidean	self	0.75	21.9063	0.4	1288	285	266	0.9333	0.2065	0.3382	0.2213	0.9085	0.0733	0.1357	1.302
euclidean	self	0.75	21.9063	0.45	1288	283	264	0.9329	0.205	0.3361	0.2197	0.9137	0.0729	0.1351	1.279
euclidean	self	0.75	21.9063	0.5	1288	273	257	0.9414	0.1995	0.3293	0.212	0.9216	0.0713	0.1324	1.289
euclidean	self	0.75	21.9063	0.55	1288	270	256	0.9481	0.1988	0.3286	0.2096	0.9281	0.0712	0.1323	1.285
euclidean	self	0.75	21.9063	0.6	1288	263	252	0.9582	0.1957	0.325	0.2042	0.9376	0.0702	0.1306	1.293
euclidean	self	0.75	21.9063	0.65	1288	258	248	0.9612	0.1925	0.3208	0.2003	0.9422	0.0693	0.1292	1.287
euclidean	self	0.75	21.9063	0.7	1288	252	243	0.9643	0.1887	0.3156	0.1957	0.9448	0.0679	0.1267	1.294
euclidean	self	0.75	21.9063	0.75	1288	245	241	0.9837	0.1871	0.3144	0.1902	0.9636	0.0673	0.1259	1.294
euclidean	self	0.75	21.9063	0.8	1288	239	237	0.9916	0.184	0.3104	0.1856	0.9732	0.0662	0.124	1.293
euclidean	self	0.75	21.9063	0.85	1288	236	234	0.9915	0.1817	0.3071	0.1832	0.9728	0.065	0.1219	1.292
euclidean	self	0.75	21.9063	0.9	1288	230	230	1.0	0.1786	0.303	0.1786	0.9808	0.0638	0.1197	1.296
euclidean	self	0.8	23.319	0.0	1288	258	257	0.9961	0.1995	0.3325	0.2003	0.7415	0.0697	0.1273	5.016
euclidean	self	0.8	23.319	0.05	1288	258	252	0.9767	0.1957	0.326	0.2003	0.776	0.0676	0.1244	3.279
euclidean	self	0.8	23.319	0.1	1288	258	248	0.9612	0.1925	0.3208	0.2003	0.8051	0.0659	0.1218	2.287
euclidean	self	0.8	23.319	0.15	1288	258	241	0.9341	0.1871	0.3118	0.2003	0.8217	0.0648	0.1201	1.837
euclidean	self	0.8	23.319	0.2	1288	255	234	0.9176	0.1817	0.3033	0.198	0.8399	0.0629	0.117	1.565
euclidean	self	0.8	23.319	0.25	1288	248	226	0.9113	0.1755	0.2943	0.1925	0.8625	0.0616	0.115	1.448
euclidean	self	0.8	23.319	0.3	1288	241	221	0.917	0.1716	0.2891	0.1871	0.8845	0.0602	0.1128	1.357
euclidean	self	0.8	23.319	0.35	1288	237	217	0.9156	0.1685	0.2846	0.184	0.8921	0.0597	0.1118	1.304
euclidean	self	0.8	23.319	0.4	1288	228	215	0.943	0.1669	0.2836	0.177	0.9185	0.0589	0.1107	1.307
euclidean	self	0.8	23.319	0.45	1288	226	214	0.9469	0.1661	0.2827	0.1755	0.9274	0.0586	0.1102	1.288
euclidean	self	0.8	23.319	0.5	1288	220	209	0.95	0.1623	0.2772	0.1708	0.9299	0.0575	0.1083	1.295
euclidean	self	0.8	23.319	0.55	1288	218	208	0.9541	0.1615	0.2762	0.1693	0.9339	0.0575	0.1083	1.298
euclidean	self	0.8	23.319	0.6	1288	212	205	0.967	0.1592	0.2733	0.1646	0.9461	0.0565	0.1067	1.307
euclidean	self	0.8	23.319	0.65	1288	208	202	0.9712	0.1568	0.2701	0.1615	0.9499	0.0558	0.1054	1.303
euclidean	self	0.8	23.319	0.7	1288	205	199	0.9707	0.1545	0.2666	0.1592	0.9492	0.0551	0.1042	1.307
euclidean	self	0.8	23.319	0.75	1288	200	198	0.99	0.1537	0.2661	0.1553	0.9679	0.055	0.104	1.305
euclidean	self	0.8	23.319	0.8	1288	195	194	0.9949	0.1506	0.2616	0.1514	0.9748	0.0538	0.1021	1.308
euclidean	self	0.8	23.319	0.85	1288	193	192	0.9948	0.1491	0.2593	0.1498	0.9745	0.0534	0.1013	1.306
euclidean	self	0.8	23.319	0.9	1288	190	190	1.0	0.1475	0.2571	0.1475	0.9794	0.0523	0.0994	1.305
euclidean	self	0.85	24.5076	0.0	1288	194	193	0.9948	0.1498	0.2605	0.1506	0.7332	0.0544	0.1013	4.814
euclidean	self	0.85	24.5076	0.05	1288	194	191	0.9845	0.1483	0.2578	0.1506	0.7742	0.0531	0.0994	3.149
euclidean	self	0.85	24.5076	0.1	1288	194	188	0.9691	0.146	0.2537	0.1506	0.8075	0.0521	0.0979	2.294
euclidean	self	0.85	24.5076	0.15	1288	194	181	0.933	0.1405	0.2443	0.1506	0.8229	0.051	0.0961	1.861
euclidean	self	0.85	24.5076	0.2	1288	192	176	0.9167	0.1366	0.2378	0.1491	0.8445	0.0492	0.093	1.562
euclidean	self	0.85	24.5076	0.25	1288	187	171	0.9144	0.1328	0.2319	0.1452	0.8632	0.0487	0.0922	1.449
euclidean	self	0.85	24.5076	0.3	1288	182	166	0.9121	0.1289	0.2259	0.1413	0.8796	0.0474	0.09	1.357
euclidean	self	0.85	24.5076	0.35	1288	179	163	0.9106	0.1266	0.2222	0.139	0.8887	0.0469	0.089	1.307
euclidean	self	0.85	24.5076	0.4	1288	173	162	0.9364	0.1258	0.2218	0.1343	0.9138	0.0469	0.0891	1.306
euclidean	self	0.85	24.5076	0.45	1288	172	162	0.9419	0.1258	0.2219	0.1335	0.9191	0.0467	0.0888	1.302
euclidean	self	0.85	24.5076	0.5	1288	168	158	0.9405	0.1227	0.217	0.1304	0.9172	0.046	0.0876	1.31
euclidean	self	0.85	24.5076	0.55	1288	166	157	0.9458	0.1219	0.216	0.1289	0.9222	0.0459	0.0875	1.313
euclidean	self	0.85	24.5076	0.6	1288	161	155	0.9627	0.1203	0.2139	0.125	0.9384	0.0451	0.0861	1.323
euclidean	self	0.85	24.5076	0.65	1288	157	152	0.9682	0.118	0.2104	0.1219	0.9432	0.0444	0.0848	1.318
euclidean	self	0.85	24.5076	0.7	1288	154	149	0.9675	0.1157	0.2067	0.1196	0.9421	0.0437	0.0836	1.325
euclidean	self	0.85	24.5076	0.75	1288	149	148	0.9933	0.1149	0.206	0.1157	0.967	0.0436	0.0834	1.322
euclidean	self	0.85	24.5076	0.8	1288	147	146	0.9932	0.1134	0.2035	0.1141	0.97	0.0432	0.0828	1.32
euclidean	self	0.85	24.5076	0.85	1288	145	144	0.9931	0.1118	0.201	0.1126	0.9695	0.0428	0.082	1.317
euclidean	self	0.85	24.5076	0.9	1288	143	143	1.0	0.111	0.1999	0.111	0.9761	0.0419	0.0804	1.315
euclidean	self	0.9	26.3943	0.0	1288	129	128	0.9922	0.0994	0.1807	0.1002	0.8148	0.0387	0.0739	3.318
euclidean	self	0.9	26.3943	0.05	1288	129	127	0.9845	0.0986	0.1793	0.1002	0.8447	0.0382	0.073	2.605
euclidean	self	0.9	26.3943	0.1	1288	129	127	0.9845	0.0986	0.1793	0.1002	0.8686	0.0378	0.0724	2.078
euclidean	self	0.9	26.3943	0.15	1288	129	124	0.9612	0.0963	0.175	0.1002	0.8801	0.0374	0.0717	1.721
euclidean	self	0.9	26.3943	0.2	1288	128	122	0.9531	0.0947	0.1723	0.0994	0.8964	0.0364	0.07	1.523
euclidean	self	0.9	26.3943	0.25	1288	127	120	0.9449	0.0932	0.1696	0.0986	0.9016	0.0363	0.0698	1.449
euclidean	self	0.9	26.3943	0.3	1288	126	118	0.9365	0.0916	0.1669	0.0978	0.9127	0.0362	0.0696	1.325
euclidean	self	0.9	26.3943	0.35	1288	123	116	0.9431	0.0901	0.1644	0.0955	0.9268	0.0359	0.0691	1.285
euclidean	self	0.9	26.3943	0.4	1288	122	116	0.9508	0.0901	0.1645	0.0947	0.9344	0.0359	0.0691	1.287
euclidean	self	0.9	26.3943	0.45	1288	121	116	0.9587	0.0901	0.1647	0.0939	0.9421	0.0359	0.0691	1.289
euclidean	self	0.9	26.3943	0.5	1288	119	114	0.958	0.0885	0.162	0.0924	0.9412	0.0354	0.0683	1.294
euclidean	self	0.9	26.3943	0.55	1288	117	113	0.9658	0.0877	0.1609	0.0908	0.9487	0.0354	0.0682	1.299
euclidean	self	0.9	26.3943	0.6	1288	114	111	0.9737	0.0862	0.1583	0.0885	0.9561	0.0346	0.0667	1.307
euclidean	self	0.9	26.3943	0.65	1288	114	111	0.9737	0.0862	0.1583	0.0885	0.9561	0.0344	0.0664	1.298
euclidean	self	0.9	26.3943	0.7	1288	112	109	0.9732	0.0846	0.1557	0.087	0.9554	0.0339	0.0655	1.304
euclidean	self	0.9	26.3943	0.75	1288	110	109	0.9909	0.0846	0.1559	0.0854	0.9727	0.0339	0.0655	1.3
euclidean	self	0.9	26.3943	0.8	1288	109	108	0.9908	0.0839	0.1546	0.0846	0.9771	0.0337	0.0652	1.294
euclidean	self	0.9	26.3943	0.85	1288	107	106	0.9907	0.0823	0.152	0.0831	0.9766	0.0333	0.0644	1.29
euclidean	self	0.9	26.3943	0.9	1288	105	105	1.0	0.0815	0.1508	0.0815	0.9857	0.0324	0.0628	1.286
euclidean	self	0.95	29.6615	0.0	1288	65	64	0.9846	0.0497	0.0946	0.0505	0.8374	0.0196	0.0383	2.169
euclidean	self	0.95	29.6615	0.05	1288	65	63	0.9692	0.0489	0.0931	0.0505	0.8677	0.0192	0.0375	1.754
euclidean	self	0.95	29.6615	0.1	1288	65	63	0.9692	0.0489	0.0931	0.0505	0.8833	0.0192	0.0376	1.631
euclidean	self	0.95	29.6615	0.15	1288	65	63	0.9692	0.0489	0.0931	0.0505	0.9013	0.0192	0.0376	1.523
euclidean	self	0.95	29.6615	0.2	1288	64	63	0.9844	0.0489	0.0932	0.0497	0.9271	0.0192	0.0376	1.391
euclidean	self	0.95	29.6615	0.25	1288	64	62	0.9688	0.0481	0.0917	0.0497	0.9193	0.0191	0.0375	1.375
euclidean	self	0.95	29.6615	0.3	1288	64	61	0.9531	0.0474	0.0902	0.0497	0.9219	0.019	0.0373	1.344
euclidean	self	0.95	29.6615	0.35	1288	64	61	0.9531	0.0474	0.0902	0.0497	0.9219	0.019	0.0373	1.344
euclidean	self	0.95	29.6615	0.4	1288	64	61	0.9531	0.0474	0.0902	0.0497	0.9219	0.019	0.0373	1.344
euclidean	self	0.95	29.6615	0.45	1288	64	61	0.9531	0.0474	0.0902	0.0497	0.9219	0.019	0.0373	1.344
euclidean	self	0.95	29.6615	0.5	1288	64	61	0.9531	0.0474	0.0902	0.0497	0.9219	0.019	0.0373	1.344
euclidean	self	0.95	29.6615	0.55	1288	63	61	0.9683	0.0474	0.0903	0.0489	0.9365	0.019	0.0373	1.349
euclidean	self	0.95	29.6615	0.6	1288	63	61	0.9683	0.0474	0.0903	0.0489	0.9365	0.019	0.0373	1.349
euclidean	self	0.95	29.6615	0.65	1288	63	61	0.9683	0.0474	0.0903	0.0489	0.9365	0.0189	0.037	1.333
euclidean	self	0.95	29.6615	0.7	1288	61	59	0.9672	0.0458	0.0875	0.0474	0.9344	0.0184	0.036	1.344
euclidean	self	0.95	29.6615	0.75	1288	59	59	1.0	0.0458	0.0876	0.0458	0.9661	0.0184	0.0361	1.339
euclidean	self	0.95	29.6615	0.8	1288	59	59	1.0	0.0458	0.0876	0.0458	0.9746	0.0184	0.0361	1.322
euclidean	self	0.95	29.6615	0.85	1288	58	58	1.0	0.045	0.0862	0.045	0.9741	0.018	0.0353	1.31
euclidean	self	0.95	29.6615	0.9	1288	57	57	1.0	0.0443	0.0848	0.0443	0.9737	0.0171	0.0336	1.298
euclidean	twin	0.0	1.1075	0.0	1288	1285	1007	0.7837	0.7818	0.7827	0.9977	0.4444	0.2825	0.3454	8.842
euclidean	twin	0.0	1.1075	0.05	1288	1282	944	0.7363	0.7329	0.7346	0.9953	0.4853	0.259	0.3378	4.558
euclidean	twin	0.0	1.1075	0.1	1288	1277	887	0.6946	0.6887	0.6916	0.9915	0.5271	0.2409	0.3307	2.771
euclidean	twin	0.0	1.1075	0.15	1288	1239	825	0.6659	0.6405	0.6529	0.962	0.544	0.2243	0.3176	2.06
euclidean	twin	0.0	1.1075	0.2	1288	1202	790	0.6572	0.6134	0.6345	0.9332	0.5699	0.2137	0.3109	1.706
euclidean	twin	0.0	1.1075	0.25	1288	1144	762	0.6661	0.5916	0.6266	0.8882	0.5971	0.2036	0.3036	1.533
euclidean	twin	0.0	1.1075	0.3	1288	1093	743	0.6798	0.5769	0.6241	0.8486	0.6267	0.1997	0.3029	1.418
euclidean	twin	0.0	1.1075	0.35	1288	1054	731	0.6935	0.5675	0.6243	0.8183	0.6474	0.1958	0.3006	1.367
euclidean	twin	0.0	1.1075	0.4	1288	994	710	0.7143	0.5512	0.6223	0.7717	0.6772	0.1895	0.2961	1.305
euclidean	twin	0.0	1.1075	0.45	1288	948	685	0.7226	0.5318	0.6127	0.736	0.6945	0.1795	0.2853	1.281
euclidean	twin	0.0	1.1075	0.5	1288	907	672	0.7409	0.5217	0.6123	0.7042	0.7168	0.1774	0.2845	1.273
euclidean	twin	0.0	1.1075	0.55	1288	849	648	0.7633	0.5031	0.6065	0.6592	0.7384	0.1716	0.2784	1.283
euclidean	twin	0.0	1.1075	0.6	1288	800	629	0.7863	0.4884	0.6025	0.6211	0.7645	0.1651	0.2715	1.276
euclidean	twin	0.0	1.1075	0.65	1288	765	612	0.8	0.4752	0.5962	0.5939	0.7804	0.1599	0.2654	1.26
euclidean	twin	0.0	1.1075	0.7	1288	731	602	0.8235	0.4674	0.5963	0.5675	0.8039	0.1581	0.2643	1.251
euclidean	twin	0.0	1.1075	0.75	1288	695	581	0.836	0.4511	0.586	0.5396	0.8182	0.1514	0.2555	1.243
euclidean	twin	0.0	1.1075	0.8	1288	649	570	0.8783	0.4425	0.5885	0.5039	0.8589	0.1487	0.2535	1.239
euclidean	twin	0.0	1.1075	0.85	1288	611	556	0.91	0.4317	0.5856	0.4744	0.8911	0.1455	0.2502	1.234
euclidean	twin	0.0	1.1075	0.9	1288	563	531	0.9432	0.4123	0.5737	0.4371	0.924	0.1414	0.2453	1.231
euclidean	twin	0.05	3.211	0.0	1288	1220	1005	0.8238	0.7803	0.8014	0.9472	0.4675	0.2817	0.3516	8.591
euclidean	twin	0.05	3.211	0.05	1288	1217	943	0.7749	0.7321	0.7529	0.9449	0.5107	0.2586	0.3434	4.534
euclidean	twin	0.05	3.211	0.1	1288	1213	886	0.7304	0.6879	0.7085	0.9418	0.5548	0.2405	0.3355	2.766
euclidean	twin	0.05	3.211	0.15	1288	1180	824	0.6983	0.6398	0.6677	0.9161	0.5718	0.2239	0.3218	2.061
euclidean	twin	0.05	3.211	0.2	1288	1145	789	0.6891	0.6126	0.6486	0.889	0.5989	0.2133	0.3146	1.697
euclidean	twin	0.05	3.211	0.25	1288	1091	762	0.6984	0.5916	0.6406	0.847	0.6267	0.2036	0.3073	1.527
euclidean	twin	0.05	3.211	0.3	1288	1044	743	0.7117	0.5769	0.6372	0.8106	0.6568	0.1997	0.3063	1.412
euclidean	twin	0.05	3.211	0.35	1288	1008	731	0.7252	0.5675	0.6368	0.7826	0.6777	0.1958	0.3038	1.359
euclidean	twin	0.05	3.211	0.4	1288	952	710	0.7458	0.5512	0.6339	0.7391	0.7072	0.1895	0.2989	1.297
euclidean	twin	0.05	3.211	0.45	1288	910	685	0.7527	0.5318	0.6233	0.7065	0.7238	0.1795	0.2876	1.275
euclidean	twin	0.05	3.211	0.5	1288	871	672	0.7715	0.5217	0.6225	0.6762	0.7461	0.1774	0.2867	1.268
euclidean	twin	0.05	3.211	0.55	1288	818	648	0.7922	0.5031	0.6154	0.6351	0.766	0.1716	0.2803	1.28
euclidean	twin	0.05	3.211	0.6	1288	771	629	0.8158	0.4884	0.611	0.5986	0.7929	0.1651	0.2733	1.271
euclidean	twin	0.05	3.211	0.65	1288	739	612	0.8281	0.4752	0.6038	0.5738	0.8076	0.1599	0.2669	1.257
euclidean	twin	0.05	3.211	0.7	1288	707	602	0.8515	0.4674	0.6035	0.5489	0.8309	0.1581	0.2657	1.248
euclidean	twin	0.05	3.211	0.75	1288	674	581	0.862	0.4511	0.5923	0.5233	0.8435	0.1514	0.2567	1.239
euclidean	twin	0.05	3.211	0.8	1288	634	570	0.8991	0.4425	0.5931	0.4922	0.8791	0.1487	0.2544	1.235
euclidean	twin	0.05	3.211	0.85	1288	604	556	0.9205	0.4317	0.5877	0.4689	0.9013	0.1455	0.2506	1.23
euclidean	twin	0.05	3.211	0.9	1288	560	531	0.9482	0.4123	0.5747	0.4348	0.9289	0.1414	0.2455	1.23
euclidean	twin	0.1	5.0235	0.0	1288	1157	1002	0.866	0.778	0.8196	0.8983	0.493	0.2812	0.3581	8.253
euclidean	twin	0.1	5.0235	0.05	1288	1155	942	0.8156	0.7314	0.7712	0.8967	0.5385	0.2585	0.3493	4.459
euclidean	twin	0.1	5.0235	0.1	1288	1151	885	0.7689	0.6871	0.7257	0.8936	0.5851	0.2404	0.3408	2.761
euclidean	twin	0.1	5.0235	0.15	1288	1121	823	0.7342	0.639	0.6833	0.8703	0.6017	0.2238	0.3263	2.05
euclidean	twin	0.1	5.0235	0.2	1288	1092	788	0.7216	0.6118	0.6622	0.8478	0.6278	0.2132	0.3183	1.693
euclidean	twin	0.1	5.0235	0.25	1288	1040	761	0.7317	0.5908	0.6538	0.8075	0.6572	0.2035	0.3107	1.523
euclidean	twin	0.1	5.0235	0.3	1288	998	742	0.7435	0.5761	0.6492	0.7748	0.6868	0.1996	0.3093	1.406
euclidean	twin	0.1	5.0235	0.35	1288	965	730	0.7565	0.5668	0.648	0.7492	0.7077	0.1957	0.3066	1.353
euclidean	twin	0.1	5.0235	0.4	1288	913	709	0.7766	0.5505	0.6443	0.7089	0.7373	0.1894	0.3014	1.293
euclidean	twin	0.1	5.0235	0.45	1288	875	684	0.7817	0.5311	0.6325	0.6793	0.7528	0.1794	0.2897	1.275
euclidean	twin	0.1	5.0235	0.5	1288	841	671	0.7979	0.521	0.6303	0.653	0.772	0.1773	0.2884	1.268
euclidean	twin	0.1	5.0235	0.55	1288	791	647	0.818	0.5023	0.6224	0.6141	0.7915	0.1715	0.2818	1.279
euclidean	twin	0.1	5.0235	0.6	1288	745	628	0.843	0.4876	0.6178	0.5784	0.82	0.165	0.2747	1.271
euclidean	twin	0.1	5.0235	0.65	1288	715	611	0.8545	0.4744	0.6101	0.5551	0.833	0.1598	0.2681	1.258
euclidean	twin	0.1	5.0235	0.7	1288	685	601	0.8774	0.4666	0.6092	0.5318	0.8559	0.158	0.2668	1.249
euclidean	twin	0.1	5.0235	0.75	1288	653	580	0.8882	0.4503	0.5976	0.507	0.8689	0.1512	0.2576	1.239
euclidean	twin	0.1	5.0235	0.8	1288	614	569	0.9267	0.4418	0.5983	0.4767	0.9059	0.1486	0.2553	1.234
euclidean	twin	0.1	5.0235	0.85	1288	590	556	0.9424	0.4317	0.5921	0.4581	0.9225	0.1455	0.2514	1.229
euclidean	twin	0.1	5.0235	0.9	1288	551	531	0.9637	0.4123	0.5775	0.4278	0.944	0.1414	0.246	1.234
euclidean	twin	0.15	6.9044	0.0	1288	1092	981	0.8984	0.7616	0.8244	0.8478	0.5199	0.2735	0.3585	7.721
euclidean	twin	0.15	6.9044	0.05	1288	1091	927	0.8497	0.7197	0.7793	0.847	0.5667	0.2529	0.3497	4.226
euclidean	twin	0.15	6.9044	0.1	1288	1088	870	0.7996	0.6755	0.7323	0.8447	0.6136	0.235	0.3399	2.648
euclidean	twin	0.15	6.9044	0.15	1288	1060	814	0.7679	0.632	0.6934	0.823	0.6321	0.2211	0.3276	2.014
euclidean	twin	0.15	6.9044	0.2	1288	1039	781	0.7517	0.6064	0.6713	0.8067	0.6568	0.2112	0.3196	1.694
euclidean	twin	0.15	6.9044	0.25	1288	998	754	0.7555	0.5854	0.6597	0.7748	0.6817	0.2014	0.3109	1.522
euclidean	twin	0.15	6.9044	0.3	1288	961	736	0.7659	0.5714	0.6545	0.7461	0.7103	0.1977	0.3093	1.407
euclidean	twin	0.15	6.9044	0.35	1288	931	725	0.7787	0.5629	0.6534	0.7228	0.7309	0.1938	0.3064	1.353
euclidean	twin	0.15	6.9044	0.4	1288	883	704	0.7973	0.5466	0.6485	0.6856	0.7586	0.1875	0.3007	1.291
euclidean	twin	0.15	6.9044	0.45	1288	847	680	0.8028	0.528	0.637	0.6576	0.775	0.1783	0.2899	1.273
euclidean	twin	0.15	6.9044	0.5	1288	816	667	0.8174	0.5179	0.634	0.6335	0.7921	0.1762	0.2883	1.27
euclidean	twin	0.15	6.9044	0.55	1288	766	643	0.8394	0.4992	0.6261	0.5947	0.8135	0.1704	0.2817	1.282
euclidean	twin	0.15	6.9044	0.6	1288	724	626	0.8646	0.486	0.6223	0.5621	0.8419	0.1647	0.2756	1.274
euclidean	twin	0.15	6.9044	0.65	1288	694	609	0.8775	0.4728	0.6145	0.5388	0.8564	0.1595	0.269	1.263
euclidean	twin	0.15	6.9044	0.7	1288	670	599	0.894	0.4651	0.6118	0.5202	0.8733	0.1578	0.2673	1.252
euclidean	twin	0.15	6.9044	0.75	1288	642	579	0.9019	0.4495	0.6	0.4984	0.8835	0.1512	0.2582	1.24
euclidean	twin	0.15	6.9044	0.8	1288	604	568	0.9404	0.441	0.6004	0.4689	0.9206	0.1486	0.2558	1.235
euclidean	twin	0.15	6.9044	0.85	1288	582	555	0.9536	0.4309	0.5936	0.4519	0.935	0.1455	0.2518	1.232
euclidean	twin	0.15	6.9044	0.9	1288	546	530	0.9707	0.4115	0.578	0.4239	0.9525	0.1414	0.2462	1.237
euclidean	twin	0.2	9.3819	0.0	1288	1029	953	0.9261	0.7399	0.8226	0.7989	0.5446	0.2624	0.3542	7.406
euclidean	twin	0.2	9.3819	0.05	1288	1029	904	0.8785	0.7019	0.7803	0.7989	0.5923	0.244	0.3456	4.098
euclidean	twin	0.2	9.3819	0.1	1288	1026	849	0.8275	0.6592	0.7338	0.7966	0.6406	0.2272	0.3355	2.622
euclidean	twin	0.2	9.3819	0.15	1288	1002	796	0.7944	0.618	0.6952	0.778	0.6587	0.2138	0.3229	1.997
euclidean	twin	0.2	9.3819	0.2	1288	983	766	0.7792	0.5947	0.6746	0.7632	0.6851	0.2057	0.3164	1.683
euclidean	twin	0.2	9.3819	0.25	1288	950	740	0.7789	0.5745	0.6613	0.7376	0.7071	0.1967	0.3078	1.511
euclidean	twin	0.2	9.3819	0.3	1288	918	724	0.7887	0.5621	0.6564	0.7127	0.735	0.1933	0.3061	1.404
euclidean	twin	0.2	9.3819	0.35	1288	894	713	0.7975	0.5536	0.6535	0.6941	0.7517	0.1894	0.3025	1.348
euclidean	twin	0.2	9.3819	0.4	1288	850	693	0.8153	0.538	0.6483	0.6599	0.7794	0.1838	0.2975	1.285
euclidean	twin	0.2	9.3819	0.45	1288	816	671	0.8223	0.521	0.6378	0.6335	0.7967	0.175	0.287	1.269
euclidean	twin	0.2	9.3819	0.5	1288	786	659	0.8384	0.5116	0.6355	0.6102	0.8146	0.1731	0.2855	1.265
euclidean	twin	0.2	9.3819	0.55	1288	738	635	0.8604	0.493	0.6269	0.573	0.8362	0.1672	0.2787	1.277
euclidean	twin	0.2	9.3819	0.6	1288	698	618	0.8854	0.4798	0.6224	0.5419	0.8647	0.1616	0.2723	1.267
euclidean	twin	0.2	9.3819	0.65	1288	671	601	0.8957	0.4666	0.6136	0.521	0.8769	0.1564	0.2654	1.257
euclidean	twin	0.2	9.3819	0.7	1288	649	591	0.9106	0.4589	0.6102	0.5039	0.8925	0.1546	0.2636	1.247
euclidean	twin	0.2	9.3819	0.75	1288	624	571	0.9151	0.4433	0.5973	0.4845	0.8997	0.148	0.2542	1.233
euclidean	twin	0.2	9.3819	0.8	1288	588	560	0.9524	0.4348	0.597	0.4565	0.9358	0.1454	0.2517	1.227
euclidean	twin	0.2	9.3819	0.85	1288	568	547	0.963	0.4247	0.5894	0.441	0.9479	0.1423	0.2475	1.224
euclidean	twin	0.2	9.3819	0.9	1288	534	522	0.9775	0.4053	0.573	0.4146	0.9632	0.1382	0.2417	1.228
euclidean	twin	0.25	11.3112	0.0	1288	965	911	0.944	0.7073	0.8087	0.7492	0.5654	0.2495	0.3462	7.062
euclidean	twin	0.25	11.3112	0.05	1288	965	868	0.8995	0.6739	0.7705	0.7492	0.6134	0.2333	0.338	3.967
euclidean	twin	0.25	11.3112	0.1	1288	963	815	0.8463	0.6328	0.7241	0.7477	0.6599	0.2176	0.3273	2.589
euclidean	twin	0.25	11.3112	0.15	1288	941	765	0.813	0.5939	0.6864	0.7306	0.6788	0.2047	0.3146	1.992
euclidean	twin	0.25	11.3112	0.2	1288	926	740	0.7991	0.5745	0.6685	0.7189	0.7057	0.1969	0.3079	1.681
euclidean	twin	0.25	11.3112	0.25	1288	900	715	0.7944	0.5551	0.6536	0.6988	0.7246	0.1882	0.2987	1.504
euclidean	twin	0.25	11.3112	0.3	1288	870	701	0.8057	0.5443	0.6497	0.6755	0.7538	0.1849	0.2969	1.401
euclidean	twin	0.25	11.3112	0.35	1288	854	691	0.8091	0.5365	0.6452	0.663	0.766	0.181	0.2928	1.343
euclidean	twin	0.25	11.3112	0.4	1288	813	672	0.8266	0.5217	0.6397	0.6312	0.7936	0.1762	0.2884	1.278
euclidean	twin	0.25	11.3112	0.45	1288	781	653	0.8361	0.507	0.6312	0.6064	0.8123	0.1697	0.2808	1.264
euclidean	twin	0.25	11.3112	0.5	1288	751	642	0.8549	0.4984	0.6297	0.5831	0.8319	0.1678	0.2793	1.265
euclidean	twin	0.25	11.3112	0.55	1288	706	619	0.8768	0.4806	0.6209	0.5481	0.8536	0.162	0.2723	1.276
euclidean	twin	0.25	11.3112	0.6	1288	672	602	0.8958	0.4674	0.6143	0.5217	0.8756	0.1564	0.2654	1.264
euclidean	twin	0.25	11.3112	0.65	1288	650	586	0.9015	0.455	0.6047	0.5047	0.8835	0.1516	0.2588	1.254
euclidean	twin	0.25	11.3112	0.7	1288	628	576	0.9172	0.4472	0.6013	0.4876	0.8984	0.1498	0.2568	1.245
euclidean	twin	0.25	11.3112	0.75	1288	603	556	0.9221	0.4317	0.588	0.4682	0.9061	0.1433	0.2474	1.231
euclidean	twin	0.25	11.3112	0.8	1288	568	546	0.9613	0.4239	0.5884	0.441	0.9441	0.1409	0.2452	1.229
euclidean	twin	0.25	11.3112	0.85	1288	549	533	0.9709	0.4138	0.5803	0.4262	0.9552	0.1379	0.2409	1.226
euclidean	twin	0.25	11.3112	0.9	1288	515	508	0.9864	0.3944	0.5635	0.3998	0.9715	0.1338	0.2351	1.23
euclidean	twin	0.3	12.5976	0.0	1288	900	858	0.9533	0.6661	0.7843	0.6988	0.5853	0.2356	0.336	6.653
euclidean	twin	0.3	12.5976	0.05	1288	900	824	0.9156	0.6398	0.7532	0.6988	0.6342	0.222	0.3288	3.84
euclidean	twin	0.3	12.5976	0.1	1288	899	776	0.8632	0.6025	0.7096	0.698	0.6764	0.2071	0.3171	2.55
euclidean	twin	0.3	12.5976	0.15	1288	884	732	0.8281	0.5683	0.674	0.6863	0.6927	0.1956	0.3051	1.98
euclidean	twin	0.3	12.5976	0.2	1288	872	708	0.8119	0.5497	0.6556	0.677	0.7196	0.1886	0.2989	1.66
euclidean	twin	0.3	12.5976	0.25	1288	850	683	0.8035	0.5303	0.6389	0.6599	0.7366	0.1798	0.2891	1.479
euclidean	twin	0.3	12.5976	0.3	1288	824	673	0.8167	0.5225	0.6373	0.6398	0.7674	0.1769	0.2875	1.383
euclidean	twin	0.3	12.5976	0.35	1288	809	663	0.8195	0.5148	0.6323	0.6281	0.7797	0.173	0.2832	1.326
euclidean	twin	0.3	12.5976	0.4	1288	772	646	0.8368	0.5016	0.6272	0.5994	0.8065	0.1683	0.2785	1.258
euclidean	twin	0.3	12.5976	0.45	1288	742	628	0.8464	0.4876	0.6187	0.5761	0.8254	0.1626	0.2717	1.243
euclidean	twin	0.3	12.5976	0.5	1288	717	619	0.8633	0.4806	0.6175	0.5567	0.8437	0.1612	0.2707	1.241
euclidean	twin	0.3	12.5976	0.55	1288	674	596	0.8843	0.4627	0.6075	0.5233	0.8647	0.1554	0.2635	1.251
euclidean	twin	0.3	12.5976	0.6	1288	641	579	0.9033	0.4495	0.6003	0.4977	0.8834	0.1498	0.2562	1.254
euclidean	twin	0.3	12.5976	0.65	1288	621	565	0.9098	0.4387	0.5919	0.4821	0.8923	0.1454	0.2501	1.244
euclidean	twin	0.3	12.5976	0.7	1288	600	555	0.925	0.4309	0.5879	0.4658	0.9068	0.1436	0.248	1.234
euclidean	twin	0.3	12.5976	0.75	1288	576	536	0.9306	0.4161	0.5751	0.4472	0.9138	0.1374	0.2388	1.226
euclidean	twin	0.3	12.5976	0.8	1288	546	526	0.9634	0.4084	0.5736	0.4239	0.9455	0.135	0.2363	1.23
euclidean	twin	0.3	12.5976	0.85	1288	529	515	0.9735	0.3998	0.5669	0.4107	0.9572	0.1325	0.2328	1.226
euclidean	twin	0.3	12.5976	0.9	1288	497	492	0.9899	0.382	0.5513	0.3859	0.9744	0.1284	0.227	1.228
euclidean	twin	0.35	13.6193	0.0	1288	837	806	0.963	0.6258	0.7586	0.6498	0.6074	0.2218	0.325	6.301
euclidean	twin	0.35	13.6193	0.05	1288	837	775	0.9259	0.6017	0.7294	0.6498	0.6542	0.2091	0.317	3.767
euclidean	twin	0.35	13.6193	0.1	1288	836	737	0.8816	0.5722	0.694	0.6491	0.6941	0.1979	0.308	2.541
euclidean	twin	0.35	13.6193	0.15	1288	826	698	0.845	0.5419	0.6604	0.6413	0.7101	0.1874	0.2966	1.979
euclidean	twin	0.35	13.6193	0.2	1288	817	675	0.8262	0.5241	0.6413	0.6343	0.7348	0.1805	0.2897	1.661
euclidean	twin	0.35	13.6193	0.25	1288	797	652	0.8181	0.5062	0.6254	0.6188	0.7522	0.1725	0.2807	1.483
euclidean	twin	0.35	13.6193	0.3	1288	771	642	0.8327	0.4984	0.6236	0.5986	0.7845	0.1697	0.2791	1.392
euclidean	twin	0.35	13.6193	0.35	1288	757	633	0.8362	0.4915	0.6191	0.5877	0.7963	0.1662	0.275	1.339
euclidean	twin	0.35	13.6193	0.4	1288	725	618	0.8524	0.4798	0.614	0.5629	0.823	0.1618	0.2704	1.266
euclidean	twin	0.35	13.6193	0.45	1288	699	601	0.8598	0.4666	0.6049	0.5427	0.8387	0.1561	0.2632	1.249
euclidean	twin	0.35	13.6193	0.5	1288	678	594	0.8761	0.4612	0.6043	0.5264	0.8565	0.1548	0.2622	1.247
euclidean	twin	0.35	13.6193	0.55	1288	640	573	0.8953	0.4449	0.5944	0.4969	0.876	0.1493	0.2551	1.255
euclidean	twin	0.35	13.6193	0.6	1288	609	556	0.913	0.4317	0.5862	0.4728	0.8934	0.1437	0.2475	1.258
euclidean	twin	0.35	13.6193	0.65	1288	590	542	0.9186	0.4208	0.5772	0.4581	0.9017	0.1393	0.2412	1.252
euclidean	twin	0.35	13.6193	0.7	1288	570	533	0.9351	0.4138	0.5737	0.4425	0.9175	0.1377	0.2394	1.241
euclidean	twin	0.35	13.6193	0.75	1288	549	516	0.9399	0.4006	0.5618	0.4262	0.9239	0.1315	0.2303	1.232
euclidean	twin	0.35	13.6193	0.8	1288	524	507	0.9676	0.3936	0.5596	0.4068	0.9507	0.1293	0.2276	1.236
euclidean	twin	0.35	13.6193	0.85	1288	509	497	0.9764	0.3859	0.5531	0.3952	0.9614	0.1269	0.2242	1.231
euclidean	twin	0.35	13.6193	0.9	1288	478	474	0.9916	0.368	0.5368	0.3711	0.9776	0.1228	0.2182	1.234
euclidean	twin	0.4	14.6673	0.0	1288	773	750	0.9702	0.5823	0.7278	0.6002	0.6256	0.2082	0.3124	6.113
euclidean	twin	0.4	14.6673	0.05	1288	773	721	0.9327	0.5598	0.6997	0.6002	0.6708	0.1964	0.3039	3.691
euclidean	twin	0.4	14.6673	0.1	1288	772	691	0.8951	0.5365	0.6709	0.5994	0.7087	0.1872	0.2962	2.515
euclidean	twin	0.4	14.6673	0.15	1288	767	659	0.8592	0.5116	0.6414	0.5955	0.7253	0.1781	0.286	1.944
euclidean	twin	0.4	14.6673	0.2	1288	759	637	0.8393	0.4946	0.6224	0.5893	0.7487	0.1711	0.2786	1.637
euclidean	twin	0.4	14.6673	0.25	1288	740	615	0.8311	0.4775	0.6065	0.5745	0.7655	0.1636	0.2695	1.459
euclidean	twin	0.4	14.6673	0.3	1288	717	606	0.8452	0.4705	0.6045	0.5567	0.7983	0.1608	0.2676	1.367
euclidean	twin	0.4	14.6673	0.35	1288	703	597	0.8492	0.4635	0.5997	0.5458	0.8113	0.1572	0.2634	1.31
euclidean	twin	0.4	14.6673	0.4	1288	676	584	0.8639	0.4534	0.5947	0.5248	0.8347	0.1535	0.2593	1.27
euclidean	twin	0.4	14.6673	0.45	1288	654	569	0.87	0.4418	0.586	0.5078	0.8488	0.1483	0.2525	1.252
euclidean	twin	0.4	14.6673	0.5	1288	634	562	0.8864	0.4363	0.5848	0.4922	0.8668	0.1471	0.2515	1.248
euclidean	twin	0.4	14.6673	0.55	1288	600	543	0.905	0.4216	0.5752	0.4658	0.8859	0.1419	0.2446	1.256
euclidean	twin	0.4	14.6673	0.6	1288	570	526	0.9228	0.4084	0.5662	0.4425	0.9035	0.1363	0.2368	1.259
euclidean	twin	0.4	14.6673	0.65	1288	557	515	0.9246	0.3998	0.5583	0.4325	0.9082	0.1326	0.2315	1.254
euclidean	twin	0.4	14.6673	0.7	1288	539	507	0.9406	0.3936	0.555	0.4185	0.9237	0.1311	0.2297	1.244
euclidean	twin	0.4	14.6673	0.75	1288	520	491	0.9442	0.3812	0.5431	0.4037	0.9291	0.125	0.2204	1.234
euclidean	twin	0.4	14.6673	0.8	1288	498	482	0.9679	0.3742	0.5398	0.3866	0.9521	0.1228	0.2176	1.236
euclidean	twin	0.4	14.6673	0.85	1288	484	473	0.9773	0.3672	0.5339	0.3758	0.9634	0.1207	0.2146	1.235
euclidean	twin	0.4	14.6673	0.9	1288	457	453	0.9912	0.3517	0.5192	0.3548	0.9765	0.1173	0.2095	1.236
euclidean	twin	0.45	15.637	0.0	1288	708	688	0.9718	0.5342	0.6894	0.5497	0.6463	0.1933	0.2975	5.698
euclidean	twin	0.45	15.637	0.05	1288	708	666	0.9407	0.5171	0.6673	0.5497	0.6899	0.1832	0.2895	3.527
euclidean	twin	0.45	15.637	0.1	1288	708	642	0.9068	0.4984	0.6433	0.5497	0.7279	0.1758	0.2832	2.418
euclidean	twin	0.45	15.637	0.15	1288	705	614	0.8709	0.4767	0.6162	0.5474	0.743	0.168	0.274	1.897
euclidean	twin	0.45	15.637	0.2	1288	698	596	0.8539	0.4627	0.6002	0.5419	0.7656	0.1615	0.2667	1.615
euclidean	twin	0.45	15.637	0.25	1288	683	577	0.8448	0.448	0.5855	0.5303	0.7792	0.1541	0.2574	1.464
euclidean	twin	0.45	15.637	0.3	1288	662	568	0.858	0.441	0.5826	0.514	0.8122	0.1514	0.2553	1.373
euclidean	twin	0.45	15.637	0.35	1288	650	560	0.8615	0.4348	0.5779	0.5047	0.8256	0.148	0.2511	1.316
euclidean	twin	0.45	15.637	0.4	1288	625	548	0.8768	0.4255	0.5729	0.4852	0.8505	0.1443	0.2468	1.273
euclidean	twin	0.45	15.637	0.45	1288	608	536	0.8816	0.4161	0.5654	0.472	0.8617	0.1412	0.2426	1.258
euclidean	twin	0.45	15.637	0.5	1288	588	529	0.8997	0.4107	0.564	0.4565	0.8816	0.1399	0.2415	1.255
euclidean	twin	0.45	15.637	0.55	1288	558	513	0.9194	0.3983	0.5558	0.4332	0.9021	0.136	0.2363	1.261
euclidean	twin	0.45	15.637	0.6	1288	532	496	0.9323	0.3851	0.5451	0.413	0.9152	0.1305	0.2284	1.265
euclidean	twin	0.45	15.637	0.65	1288	519	485	0.9345	0.3766	0.5368	0.403	0.9196	0.1269	0.223	1.266
euclidean	twin	0.45	15.637	0.7	1288	503	479	0.9523	0.3719	0.5349	0.3905	0.9369	0.1254	0.2212	1.254
euclidean	twin	0.45	15.637	0.75	1288	485	464	0.9567	0.3602	0.5234	0.3766	0.9435	0.1194	0.212	1.243
euclidean	twin	0.45	15.637	0.8	1288	470	456	0.9702	0.354	0.5188	0.3649	0.9566	0.1173	0.209	1.245
euclidean	twin	0.45	15.637	0.85	1288	456	447	0.9803	0.347	0.5126	0.354	0.9688	0.1152	0.206	1.243
euclidean	twin	0.45	15.637	0.9	1288	434	430	0.9908	0.3339	0.4994	0.337	0.9787	0.1122	0.2012	1.244
euclidean	twin	0.5	16.5437	0.0	1288	644	630	0.9783	0.4891	0.6522	0.5	0.665	0.1774	0.2801	5.391
euclidean	twin	0.5	16.5437	0.05	1288	644	611	0.9488	0.4744	0.6325	0.5	0.7071	0.1686	0.2722	3.382
euclidean	twin	0.5	16.5437	0.1	1288	644	594	0.9224	0.4612	0.6149	0.5	0.7469	0.1633	0.268	2.37
euclidean	twin	0.5	16.5437	0.15	1288	641	570	0.8892	0.4425	0.591	0.4977	0.7601	0.1562	0.2592	1.857
euclidean	twin	0.5	16.5437	0.2	1288	635	554	0.8724	0.4301	0.5762	0.493	0.7822	0.1507	0.2527	1.576
euclidean	twin	0.5	16.5437	0.25	1288	623	538	0.8636	0.4177	0.5631	0.4837	0.7955	0.1443	0.2443	1.44
euclidean	twin	0.5	16.5437	0.3	1288	607	530	0.8731	0.4115	0.5594	0.4713	0.8261	0.1417	0.2419	1.363
euclidean	twin	0.5	16.5437	0.35	1288	597	523	0.876	0.4061	0.5549	0.4635	0.8399	0.1386	0.2379	1.301
euclidean	twin	0.5	16.5437	0.4	1288	573	512	0.8935	0.3975	0.5502	0.4449	0.8662	0.1357	0.2346	1.256
euclidean	twin	0.5	16.5437	0.45	1288	558	500	0.8961	0.3882	0.5417	0.4332	0.8758	0.1325	0.2302	1.24
euclidean	twin	0.5	16.5437	0.5	1288	543	494	0.9098	0.3835	0.5396	0.4216	0.8917	0.1315	0.2292	1.237
euclidean	twin	0.5	16.5437	0.55	1288	516	479	0.9283	0.3719	0.531	0.4006	0.9112	0.1276	0.2238	1.242
euclidean	twin	0.5	16.5437	0.6	1288	491	463	0.943	0.3595	0.5205	0.3812	0.926	0.1223	0.216	1.246
euclidean	twin	0.5	16.5437	0.65	1288	482	455	0.944	0.3533	0.5141	0.3742	0.9296	0.1196	0.212	1.247
euclidean	twin	0.5	16.5437	0.7	1288	468	449	0.9594	0.3486	0.5114	0.3634	0.9446	0.1182	0.2101	1.241
euclidean	twin	0.5	16.5437	0.75	1288	451	435	0.9645	0.3377	0.5003	0.3502	0.9503	0.1125	0.2011	1.237
euclidean	twin	0.5	16.5437	0.8	1288	437	427	0.9771	0.3315	0.4951	0.3393	0.9624	0.1103	0.198	1.238
euclidean	twin	0.5	16.5437	0.85	1288	426	419	0.9836	0.3253	0.4889	0.3307	0.9712	0.109	0.1961	1.235
euclidean	twin	0.5	16.5437	0.9	1288	409	406	0.9927	0.3152	0.4785	0.3175	0.9798	0.1071	0.193	1.232
euclidean	twin	0.55	17.4038	0.0	1288	581	571	0.9828	0.4433	0.611	0.4511	0.6771	0.163	0.2627	5.198
euclidean	twin	0.55	17.4038	0.05	1288	581	552	0.9501	0.4286	0.5907	0.4511	0.7173	0.1549	0.2548	3.258
euclidean	twin	0.55	17.4038	0.1	1288	581	537	0.9243	0.4169	0.5746	0.4511	0.7543	0.1508	0.2514	2.324
euclidean	twin	0.55	17.4038	0.15	1288	578	514	0.8893	0.3991	0.5509	0.4488	0.7652	0.144	0.2424	1.853
euclidean	twin	0.55	17.4038	0.2	1288	572	501	0.8759	0.389	0.5387	0.4441	0.788	0.1396	0.2371	1.572
euclidean	twin	0.55	17.4038	0.25	1288	561	486	0.8663	0.3773	0.5257	0.4356	0.8035	0.1332	0.2286	1.438
euclidean	twin	0.55	17.4038	0.3	1288	547	479	0.8757	0.3719	0.5221	0.4247	0.8298	0.131	0.2263	1.367
euclidean	twin	0.55	17.4038	0.35	1288	539	472	0.8757	0.3665	0.5167	0.4185	0.8403	0.1279	0.222	1.303
euclidean	twin	0.55	17.4038	0.4	1288	517	462	0.8936	0.3587	0.5119	0.4014	0.8662	0.1251	0.2186	1.256
euclidean	twin	0.55	17.4038	0.45	1288	504	451	0.8948	0.3502	0.5033	0.3913	0.8748	0.1222	0.2145	1.242
euclidean	twin	0.55	17.4038	0.5	1288	491	447	0.9104	0.347	0.5025	0.3812	0.8928	0.1214	0.2137	1.238
euclidean	twin	0.55	17.4038	0.55	1288	468	436	0.9316	0.3385	0.4966	0.3634	0.9152	0.1182	0.2094	1.243
euclidean	twin	0.55	17.4038	0.6	1288	448	423	0.9442	0.3284	0.4873	0.3478	0.9271	0.114	0.203	1.254
euclidean	twin	0.55	17.4038	0.65	1288	442	418	0.9457	0.3245	0.4832	0.3432	0.9316	0.1124	0.2006	1.253
euclidean	twin	0.55	17.4038	0.7	1288	432	415	0.9606	0.3222	0.4826	0.3354	0.9462	0.1113	0.1992	1.245
euclidean	twin	0.55	17.4038	0.75	1288	415	401	0.9663	0.3113	0.4709	0.3222	0.9524	0.1056	0.1901	1.241
euclidean	twin	0.55	17.4038	0.8	1288	402	393	0.9776	0.3051	0.4651	0.3121	0.9633	0.1035	0.1869	1.241
euclidean	twin	0.55	17.4038	0.85	1288	392	386	0.9847	0.2997	0.4595	0.3043	0.9713	0.1023	0.185	1.242
euclidean	twin	0.55	17.4038	0.9	1288	376	373	0.992	0.2896	0.4483	0.2919	0.9781	0.1003	0.1819	1.239
euclidean	twin	0.6	18.2144	0.0	1288	515	506	0.9825	0.3929	0.5613	0.3998	0.6857	0.1462	0.241	5.031
euclidean	twin	0.6	18.2144	0.05	1288	515	493	0.9573	0.3828	0.5469	0.3998	0.7266	0.1405	0.2355	3.227
euclidean	twin	0.6	18.2144	0.1	1288	515	480	0.932	0.3727	0.5324	0.3998	0.7612	0.1367	0.2318	2.318
euclidean	twin	0.6	18.2144	0.15	1288	513	458	0.8928	0.3556	0.5086	0.3983	0.7711	0.1302	0.2228	1.852
euclidean	twin	0.6	18.2144	0.2	1288	509	446	0.8762	0.3463	0.4964	0.3952	0.7901	0.1262	0.2177	1.562
euclidean	twin	0.6	18.2144	0.25	1288	499	433	0.8677	0.3362	0.4846	0.3874	0.8051	0.1211	0.2105	1.426
euclidean	twin	0.6	18.2144	0.3	1288	485	426	0.8784	0.3307	0.4805	0.3766	0.8338	0.1189	0.2082	1.356
euclidean	twin	0.6	18.2144	0.35	1288	478	421	0.8808	0.3269	0.4768	0.3711	0.846	0.117	0.2056	1.296
euclidean	twin	0.6	18.2144	0.4	1288	459	413	0.8998	0.3207	0.4728	0.3564	0.8719	0.1147	0.2028	1.252
euclidean	twin	0.6	18.2144	0.45	1288	448	403	0.8996	0.3129	0.4643	0.3478	0.88	0.1122	0.199	1.239
euclidean	twin	0.6	18.2144	0.5	1288	437	399	0.913	0.3098	0.4626	0.3393	0.8953	0.1114	0.1981	1.236
euclidean	twin	0.6	18.2144	0.55	1288	417	390	0.9353	0.3028	0.4575	0.3238	0.9191	0.1084	0.1939	1.24
euclidean	twin	0.6	18.2144	0.6	1288	401	380	0.9476	0.295	0.45	0.3113	0.9308	0.1044	0.1877	1.249
euclidean	twin	0.6	18.2144	0.65	1288	396	376	0.9495	0.2919	0.4466	0.3075	0.9337	0.1032	0.1858	1.247
euclidean	twin	0.6	18.2144	0.7	1288	387	373	0.9638	0.2896	0.4454	0.3005	0.9477	0.1021	0.1844	1.238
euclidean	twin	0.6	18.2144	0.75	1288	371	359	0.9677	0.2787	0.4328	0.288	0.9522	0.0964	0.1751	1.237
euclidean	twin	0.6	18.2144	0.8	1288	359	352	0.9805	0.2733	0.4274	0.2787	0.9645	0.0944	0.172	1.237
euclidean	twin	0.6	18.2144	0.85	1288	350	345	0.9857	0.2679	0.4212	0.2717	0.9707	0.0932	0.17	1.237
euclidean	twin	0.6	18.2144	0.9	1288	338	335	0.9911	0.2601	0.4121	0.2624	0.9756	0.0915	0.1672	1.243
euclidean	twin	0.65	18.9043	0.0	1288	451	444	0.9845	0.3447	0.5106	0.3502	0.6946	0.1249	0.2118	5.053
euclidean	twin	0.65	18.9043	0.05	1288	451	434	0.9623	0.337	0.4991	0.3502	0.7334	0.1201	0.2064	3.22
euclidean	twin	0.65	18.9043	0.1	1288	451	422	0.9357	0.3276	0.4853	0.3502	0.7677	0.117	0.2031	2.304
euclidean	twin	0.65	18.9043	0.15	1288	449	406	0.9042	0.3152	0.4675	0.3486	0.7835	0.1124	0.1965	1.853
euclidean	twin	0.65	18.9043	0.2	1288	445	396	0.8899	0.3075	0.457	0.3455	0.8033	0.11	0.1935	1.564
euclidean	twin	0.65	18.9043	0.25	1288	436	385	0.883	0.2989	0.4466	0.3385	0.8182	0.1053	0.1866	1.442
euclidean	twin	0.65	18.9043	0.3	1288	424	380	0.8962	0.295	0.4439	0.3292	0.8488	0.1043	0.1858	1.372
euclidean	twin	0.65	18.9043	0.35	1288	417	375	0.8993	0.2911	0.4399	0.3238	0.863	0.1024	0.1831	1.309
euclidean	twin	0.65	18.9043	0.4	1288	403	370	0.9181	0.2873	0.4376	0.3129	0.8888	0.1006	0.1808	1.272
euclidean	twin	0.65	18.9043	0.45	1288	393	360	0.916	0.2795	0.4283	0.3051	0.8963	0.0981	0.1769	1.257
euclidean	twin	0.65	18.9043	0.5	1288	384	357	0.9297	0.2772	0.427	0.2981	0.9108	0.0977	0.1764	1.258
euclidean	twin	0.65	18.9043	0.55	1288	370	350	0.9459	0.2717	0.4222	0.2873	0.9277	0.0956	0.1734	1.262
euclidean	twin	0.65	18.9043	0.6	1288	355	340	0.9577	0.264	0.4139	0.2756	0.9387	0.0916	0.1669	1.273
euclidean	twin	0.65	18.9043	0.65	1288	351	336	0.9573	0.2609	0.41	0.2725	0.9395	0.0904	0.1649	1.271
euclidean	twin	0.65	18.9043	0.7	1288	342	333	0.9737	0.2585	0.4086	0.2655	0.9554	0.0894	0.1634	1.26
euclidean	twin	0.65	18.9043	0.75	1288	327	320	0.9786	0.2484	0.3963	0.2539	0.961	0.0844	0.1552	1.26
euclidean	twin	0.65	18.9043	0.8	1288	319	314	0.9843	0.2438	0.3908	0.2477	0.9663	0.0824	0.1519	1.26
euclidean	twin	0.65	18.9043	0.85	1288	312	308	0.9872	0.2391	0.385	0.2422	0.9704	0.082	0.1512	1.26
euclidean	twin	0.65	18.9043	0.9	1288	302	299	0.9901	0.2321	0.3761	0.2345	0.9727	0.0804	0.1486	1.265
euclidean	twin	0.7	19.9705	0.0	1288	387	381	0.9845	0.2958	0.4549	0.3005	0.704	0.1072	0.186	4.871
euclidean	twin	0.7	19.9705	0.05	1288	387	374	0.9664	0.2904	0.4466	0.3005	0.7412	0.1036	0.1818	3.194
euclidean	twin	0.7	19.9705	0.1	1288	387	364	0.9406	0.2826	0.4346	0.3005	0.7747	0.1007	0.1783	2.344
euclidean	twin	0.7	19.9705	0.15	1288	386	351	0.9093	0.2725	0.4194	0.2997	0.791	0.0971	0.173	1.865
euclidean	twin	0.7	19.9705	0.2	1288	383	341	0.8903	0.2648	0.4081	0.2974	0.8112	0.095	0.1701	1.559
euclidean	twin	0.7	19.9705	0.25	1288	374	332	0.8877	0.2578	0.3995	0.2904	0.8272	0.0913	0.1645	1.448
euclidean	twin	0.7	19.9705	0.3	1288	366	328	0.8962	0.2547	0.3966	0.2842	0.854	0.0904	0.1635	1.381
euclidean	twin	0.7	19.9705	0.35	1288	360	324	0.9	0.2516	0.3932	0.2795	0.8682	0.0889	0.1612	1.313
euclidean	twin	0.7	19.9705	0.4	1288	347	320	0.9222	0.2484	0.3914	0.2694	0.8975	0.0878	0.16	1.282
euclidean	twin	0.7	19.9705	0.45	1288	339	311	0.9174	0.2415	0.3823	0.2632	0.8985	0.0857	0.1565	1.274
euclidean	twin	0.7	19.9705	0.5	1288	331	308	0.9305	0.2391	0.3805	0.257	0.9126	0.0853	0.156	1.275
euclidean	twin	0.7	19.9705	0.55	1288	317	301	0.9495	0.2337	0.3751	0.2461	0.9324	0.0832	0.1528	1.281
euclidean	twin	0.7	19.9705	0.6	1288	307	295	0.9609	0.229	0.3699	0.2384	0.9433	0.0806	0.1485	1.29
euclidean	twin	0.7	19.9705	0.65	1288	304	292	0.9605	0.2267	0.3668	0.236	0.9444	0.0795	0.1466	1.286
euclidean	twin	0.7	19.9705	0.7	1288	296	289	0.9764	0.2244	0.3649	0.2298	0.9597	0.0784	0.145	1.274
euclidean	twin	0.7	19.9705	0.75	1288	284	279	0.9824	0.2166	0.355	0.2205	0.9668	0.0748	0.1388	1.271
euclidean	twin	0.7	19.9705	0.8	1288	277	274	0.9892	0.2127	0.3502	0.2151	0.9732	0.0732	0.1362	1.271
euclidean	twin	0.7	19.9705	0.85	1288	272	269	0.989	0.2089	0.3449	0.2112	0.9727	0.0728	0.1354	1.272
euclidean	twin	0.7	19.9705	0.9	1288	264	262	0.9924	0.2034	0.3376	0.205	0.9757	0.0713	0.133	1.277
euclidean	twin	0.75	20.7718	0.0	1288	322	318	0.9876	0.2469	0.395	0.25	0.7213	0.0905	0.1608	4.736
euclidean	twin	0.75	20.7718	0.05	1288	322	315	0.9783	0.2446	0.3913	0.25	0.7599	0.0886	0.1587	3.096
euclidean	twin	0.75	20.7718	0.1	1288	322	307	0.9534	0.2384	0.3814	0.25	0.7903	0.0864	0.1557	2.317
euclidean	twin	0.75	20.7718	0.15	1288	321	295	0.919	0.229	0.3667	0.2492	0.8067	0.0829	0.1503	1.854
euclidean	twin	0.75	20.7718	0.2	1288	318	287	0.9025	0.2228	0.3574	0.2469	0.8242	0.081	0.1475	1.56
euclidean	twin	0.75	20.7718	0.25	1288	310	280	0.9032	0.2174	0.3504	0.2407	0.8469	0.0783	0.1434	1.448
euclidean	twin	0.75	20.7718	0.3	1288	303	276	0.9109	0.2143	0.347	0.2352	0.8716	0.0774	0.1421	1.383
euclidean	twin	0.75	20.7718	0.35	1288	297	272	0.9158	0.2112	0.3432	0.2306	0.8858	0.0761	0.1401	1.327
euclidean	twin	0.75	20.7718	0.4	1288	286	269	0.9406	0.2089	0.3418	0.222	0.9164	0.0752	0.1389	1.297
euclidean	twin	0.75	20.7718	0.45	1288	280	263	0.9393	0.2042	0.3355	0.2174	0.9182	0.0736	0.1363	1.293
euclidean	twin	0.75	20.7718	0.5	1288	275	261	0.9491	0.2026	0.334	0.2135	0.9276	0.0732	0.1357	1.298
euclidean	twin	0.75	20.7718	0.55	1288	265	256	0.966	0.1988	0.3297	0.2057	0.9456	0.072	0.1339	1.302
euclidean	twin	0.75	20.7718	0.6	1288	259	252	0.973	0.1957	0.3258	0.2011	0.9521	0.07	0.1304	1.309
euclidean	twin	0.75	20.7718	0.65	1288	256	249	0.9727	0.1933	0.3225	0.1988	0.9535	0.0688	0.1284	1.305
euclidean	twin	0.75	20.7718	0.7	1288	250	246	0.984	0.191	0.3199	0.1941	0.9643	0.0678	0.1267	1.292
euclidean	twin	0.75	20.7718	0.75	1288	240	238	0.9917	0.1848	0.3115	0.1863	0.9733	0.0648	0.1215	1.288
euclidean	twin	0.75	20.7718	0.8	1288	235	234	0.9957	0.1817	0.3073	0.1825	0.977	0.0634	0.1191	1.285
euclidean	twin	0.75	20.7718	0.85	1288	232	231	0.9957	0.1793	0.3039	0.1801	0.9767	0.0631	0.1185	1.284
euclidean	twin	0.75	20.7718	0.9	1288	224	224	1.0	0.1739	0.2963	0.1739	0.9803	0.0616	0.116	1.29
euclidean	twin	0.8	21.9406	0.0	1288	258	257	0.9961	0.1995	0.3325	0.2003	0.7587	0.0703	0.1287	4.279
euclidean	twin	0.8	21.9406	0.05	1288	258	255	0.9884	0.198	0.3299	0.2003	0.7932	0.0687	0.1264	2.938
euclidean	twin	0.8	21.9406	0.1	1288	258	251	0.9729	0.1949	0.3247	0.2003	0.8179	0.068	0.1256	2.248
euclidean	twin	0.8	21.9406	0.15	1288	258	243	0.9419	0.1887	0.3144	0.2003	0.8349	0.0654	0.1212	1.833
euclidean	twin	0.8	21.9406	0.2	1288	255	236	0.9255	0.1832	0.3059	0.198	0.8511	0.0635	0.1182	1.565
euclidean	twin	0.8	21.9406	0.25	1288	250	232	0.928	0.1801	0.3017	0.1941	0.8732	0.0626	0.1168	1.464
euclidean	twin	0.8	21.9406	0.3	1288	245	229	0.9347	0.1778	0.2988	0.1902	0.8973	0.0618	0.1156	1.4
euclidean	twin	0.8	21.9406	0.35	1288	241	227	0.9419	0.1762	0.2969	0.1871	0.9084	0.0617	0.1155	1.349
euclidean	twin	0.8	21.9406	0.4	1288	236	225	0.9534	0.1747	0.2953	0.1832	0.9283	0.0609	0.1143	1.322
euclidean	twin	0.8	21.9406	0.45	1288	232	222	0.9569	0.1724	0.2921	0.1801	0.9335	0.0605	0.1136	1.319
euclidean	twin	0.8	21.9406	0.5	1288	228	220	0.9649	0.1708	0.2902	0.177	0.9412	0.0601	0.1129	1.325
euclidean	twin	0.8	21.9406	0.55	1288	223	217	0.9731	0.1685	0.2872	0.1731	0.9488	0.0598	0.1125	1.327
euclidean	twin	0.8	21.9406	0.6	1288	217	213	0.9816	0.1654	0.2831	0.1685	0.9566	0.0577	0.1089	1.336
euclidean	twin	0.8	21.9406	0.65	1288	214	210	0.9813	0.163	0.2796	0.1661	0.9583	0.0566	0.1069	1.332
euclidean	twin	0.8	21.9406	0.7	1288	210	207	0.9857	0.1607	0.2764	0.163	0.9623	0.0558	0.1054	1.319
euclidean	twin	0.8	21.9406	0.75	1288	203	202	0.9951	0.1568	0.271	0.1576	0.9733	0.0545	0.1032	1.31
euclidean	twin	0.8	21.9406	0.8	1288	199	198	0.995	0.1537	0.2663	0.1545	0.9728	0.0531	0.1007	1.307
euclidean	twin	0.8	21.9406	0.85	1288	197	196	0.9949	0.1522	0.264	0.153	0.9725	0.0528	0.1002	1.31
euclidean	twin	0.8	21.9406	0.9	1288	192	192	1.0	0.1491	0.2595	0.1491	0.977	0.0522	0.0991	1.312
euclidean	twin	0.85	23.3451	0.0	1288	194	193	0.9948	0.1498	0.2605	0.1506	0.7758	0.0535	0.1001	3.572
euclidean	twin	0.85	23.3451	0.05	1288	194	191	0.9845	0.1483	0.2578	0.1506	0.8127	0.0523	0.0982	2.505
euclidean	twin	0.85	23.3451	0.1	1288	194	190	0.9794	0.1475	0.2564	0.1506	0.8375	0.0519	0.0977	1.964
euclidean	twin	0.85	23.3451	0.15	1288	194	185	0.9536	0.1436	0.2497	0.1506	0.8506	0.05	0.0945	1.68
euclidean	twin	0.85	23.3451	0.2	1288	192	180	0.9375	0.1398	0.2432	0.1491	0.8565	0.0489	0.0925	1.51
euclidean	twin	0.85	23.3451	0.25	1288	188	178	0.9468	0.1382	0.2412	0.146	0.8855	0.0483	0.0917	1.404
euclidean	twin	0.85	23.3451	0.3	1288	186	176	0.9462	0.1366	0.2388	0.1444	0.9023	0.048	0.0911	1.355
euclidean	twin	0.85	23.3451	0.35	1288	184	174	0.9457	0.1351	0.2364	0.1429	0.9072	0.0479	0.0909	1.326
euclidean	twin	0.85	23.3451	0.4	1288	180	173	0.9611	0.1343	0.2357	0.1398	0.9338	0.0479	0.091	1.294
euclidean	twin	0.85	23.3451	0.45	1288	178	171	0.9607	0.1328	0.2333	0.1382	0.9359	0.0477	0.0908	1.292
euclidean	twin	0.85	23.3451	0.5	1288	175	169	0.9657	0.1312	0.231	0.1359	0.9405	0.0473	0.09	1.297
euclidean	twin	0.85	23.3451	0.55	1288	171	166	0.9708	0.1289	0.2276	0.1328	0.9449	0.047	0.0896	1.304
euclidean	twin	0.85	23.3451	0.6	1288	165	162	0.9818	0.1258	0.223	0.1281	0.9551	0.0449	0.0858	1.315
euclidean	twin	0.85	23.3451	0.65	1288	164	161	0.9817	0.125	0.2218	0.1273	0.9548	0.0444	0.0848	1.311
euclidean	twin	0.85	23.3451	0.7	1288	163	160	0.9816	0.1242	0.2205	0.1266	0.9545	0.044	0.084	1.294
euclidean	twin	0.85	23.3451	0.75	1288	157	156	0.9936	0.1211	0.2159	0.1219	0.9687	0.0432	0.0827	1.287
euclidean	twin	0.85	23.3451	0.8	1288	153	152	0.9935	0.118	0.211	0.1188	0.9679	0.0419	0.0803	1.288
euclidean	twin	0.85	23.3451	0.85	1288	152	151	0.9934	0.1172	0.2097	0.118	0.9677	0.0418	0.0801	1.289
euclidean	twin	0.85	23.3451	0.9	1288	150	150	1.0	0.1165	0.2086	0.1165	0.9739	0.0416	0.0799	1.293
euclidean	twin	0.9	25.416	0.0	1288	129	128	0.9922	0.0994	0.1807	0.1002	0.803	0.0395	0.0754	2.992
euclidean	twin	0.9	25.416	0.05	1288	129	127	0.9845	0.0986	0.1793	0.1002	0.8342	0.039	0.0745	2.225
euclidean	twin	0.9	25.416	0.1	1288	129	126	0.9767	0.0978	0.1778	0.1002	0.8506	0.0388	0.0742	1.814
euclidean	twin	0.9	25.416	0.15	1288	129	122	0.9457	0.0947	0.1722	0.1002	0.8551	0.0374	0.0716	1.589
euclidean	twin	0.9	25.416	0.2	1288	128	119	0.9297	0.0924	0.1681	0.0994	0.8605	0.0364	0.0698	1.438
euclidean	twin	0.9	25.416	0.25	1288	125	118	0.944	0.0916	0.167	0.097	0.8967	0.0363	0.0697	1.352
euclidean	twin	0.9	25.416	0.3	1288	124	117	0.9435	0.0908	0.1657	0.0963	0.9093	0.0362	0.0696	1.331
euclidean	twin	0.9	25.416	0.35	1288	123	116	0.9431	0.0901	0.1644	0.0955	0.9085	0.0361	0.0695	1.325
euclidean	twin	0.9	25.416	0.4	1288	123	116	0.9431	0.0901	0.1644	0.0955	0.9167	0.0361	0.0695	1.309
euclidean	twin	0.9	25.416	0.45	1288	122	116	0.9508	0.0901	0.1645	0.0947	0.9242	0.0361	0.0695	1.311
euclidean	twin	0.9	25.416	0.5	1288	120	114	0.95	0.0885	0.1619	0.0932	0.9229	0.0357	0.0687	1.317
euclidean	twin	0.9	25.416	0.55	1288	118	113	0.9576	0.0877	0.1607	0.0916	0.9301	0.0356	0.0685	1.322
euclidean	twin	0.9	25.416	0.6	1288	114	111	0.9737	0.0862	0.1583	0.0885	0.9452	0.034	0.0656	1.333
euclidean	twin	0.9	25.416	0.65	1288	113	110	0.9735	0.0854	0.157	0.0877	0.9447	0.0335	0.0646	1.327
euclidean	twin	0.9	25.416	0.7	1288	113	110	0.9735	0.0854	0.157	0.0877	0.9447	0.0334	0.0645	1.301
euclidean	twin	0.9	25.416	0.75	1288	109	108	0.9908	0.0839	0.1546	0.0846	0.9656	0.0332	0.0642	1.284
euclidean	twin	0.9	25.416	0.8	1288	105	104	0.9905	0.0807	0.1493	0.0815	0.9643	0.0319	0.0618	1.286
euclidean	twin	0.9	25.416	0.85	1288	104	103	0.9904	0.08	0.148	0.0807	0.9639	0.0318	0.0616	1.288
euclidean	twin	0.9	25.416	0.9	1288	103	103	1.0	0.08	0.1481	0.08	0.9733	0.0318	0.0616	1.291
euclidean	twin	0.95	28.3702	0.0	1288	65	64	0.9846	0.0497	0.0946	0.0505	0.852	0.0186	0.0364	2.215
euclidean	twin	0.95	28.3702	0.05	1288	65	63	0.9692	0.0489	0.0931	0.0505	0.8679	0.0182	0.0356	1.815
euclidean	twin	0.95	28.3702	0.1	1288	65	63	0.9692	0.0489	0.0931	0.0505	0.8727	0.0182	0.0356	1.662
euclidean	twin	0.95	28.3702	0.15	1288	65	63	0.9692	0.0489	0.0931	0.0505	0.8833	0.0182	0.0357	1.554
euclidean	twin	0.95	28.3702	0.2	1288	64	62	0.9688	0.0481	0.0917	0.0497	0.9036	0.0174	0.0341	1.391
euclidean	twin	0.95	28.3702	0.25	1288	63	61	0.9683	0.0474	0.0903	0.0489	0.918	0.0173	0.034	1.349
euclidean	twin	0.95	28.3702	0.3	1288	63	60	0.9524	0.0466	0.0888	0.0489	0.9127	0.0172	0.0338	1.333
euclidean	twin	0.95	28.3702	0.35	1288	63	60	0.9524	0.0466	0.0888	0.0489	0.9127	0.0172	0.0338	1.333
euclidean	twin	0.95	28.3702	0.4	1288	63	60	0.9524	0.0466	0.0888	0.0489	0.9206	0.0172	0.0338	1.317
euclidean	twin	0.95	28.3702	0.45	1288	63	60	0.9524	0.0466	0.0888	0.0489	0.9206	0.0172	0.0338	1.317
euclidean	twin	0.95	28.3702	0.5	1288	63	60	0.9524	0.0466	0.0888	0.0489	0.9206	0.0172	0.0338	1.317
euclidean	twin	0.95	28.3702	0.55	1288	61	59	0.9672	0.0458	0.0875	0.0474	0.9344	0.0171	0.0336	1.328
euclidean	twin	0.95	28.3702	0.6	1288	61	59	0.9672	0.0458	0.0875	0.0474	0.9344	0.0171	0.0336	1.328
euclidean	twin	0.95	28.3702	0.65	1288	61	59	0.9672	0.0458	0.0875	0.0474	0.9344	0.0169	0.0333	1.311
euclidean	twin	0.95	28.3702	0.7	1288	61	59	0.9672	0.0458	0.0875	0.0474	0.9344	0.0169	0.0333	1.311
euclidean	twin	0.95	28.3702	0.75	1288	59	59	1.0	0.0458	0.0876	0.0458	0.9746	0.0169	0.0333	1.288
euclidean	twin	0.95	28.3702	0.8	1288	57	57	1.0	0.0443	0.0848	0.0443	0.9737	0.0158	0.031	1.281
euclidean	twin	0.95	28.3702	0.85	1288	56	56	1.0	0.0435	0.0833	0.0435	0.9732	0.0157	0.0308	1.286
euclidean	twin	0.95	28.3702	0.9	1288	56	56	1.0	0.0435	0.0833	0.0435	0.9732	0.0157	0.0308	1.286
