metric	condition	nn_quantile	nn_threshold	floor	n_adjudicable	n_fired	n_correct	precision	recall	f1	coverage	mnxr_macro_precision	mnxr_macro_recall	mnxr_macro_f1	mnxr_mean_pred_size
zscore	pool	0.0	0.2405	0.0	1288	1286	1073	0.8344	0.8331	0.8337	0.9984	0.4852	0.3138	0.3812	7.457
zscore	pool	0.0	0.2405	0.05	1288	1281	1037	0.8095	0.8051	0.8073	0.9946	0.5349	0.2909	0.3769	4.222
zscore	pool	0.0	0.2405	0.1	1288	1280	977	0.7633	0.7585	0.7609	0.9938	0.5699	0.2672	0.3638	2.803
zscore	pool	0.0	0.2405	0.15	1288	1258	904	0.7186	0.7019	0.7101	0.9767	0.5787	0.2482	0.3474	2.134
zscore	pool	0.0	0.2405	0.2	1288	1228	861	0.7011	0.6685	0.6844	0.9534	0.6024	0.2348	0.3379	1.783
zscore	pool	0.0	0.2405	0.25	1288	1185	823	0.6945	0.639	0.6656	0.92	0.6159	0.2248	0.3294	1.583
zscore	pool	0.0	0.2405	0.3	1288	1141	797	0.6985	0.6188	0.6562	0.8859	0.6369	0.2157	0.3223	1.457
zscore	pool	0.0	0.2405	0.35	1288	1093	769	0.7036	0.597	0.6459	0.8486	0.6594	0.2101	0.3187	1.391
zscore	pool	0.0	0.2405	0.4	1288	1048	755	0.7204	0.5862	0.6464	0.8137	0.6797	0.2049	0.3149	1.362
zscore	pool	0.0	0.2405	0.45	1288	1005	734	0.7303	0.5699	0.6402	0.7803	0.6989	0.1995	0.3104	1.315
zscore	pool	0.0	0.2405	0.5	1288	959	717	0.7477	0.5567	0.6382	0.7446	0.7188	0.1912	0.302	1.311
zscore	pool	0.0	0.2405	0.55	1288	909	695	0.7646	0.5396	0.6327	0.7057	0.7379	0.1851	0.296	1.292
zscore	pool	0.0	0.2405	0.6	1288	855	673	0.7871	0.5225	0.6281	0.6638	0.7639	0.1812	0.2929	1.288
zscore	pool	0.0	0.2405	0.65	1288	821	661	0.8051	0.5132	0.6268	0.6374	0.7807	0.179	0.2912	1.284
zscore	pool	0.0	0.2405	0.7	1288	776	641	0.826	0.4977	0.6211	0.6025	0.803	0.1732	0.285	1.281
zscore	pool	0.0	0.2405	0.75	1288	735	626	0.8517	0.486	0.6189	0.5707	0.8319	0.1687	0.2806	1.274
zscore	pool	0.0	0.2405	0.8	1288	694	607	0.8746	0.4713	0.6125	0.5388	0.8571	0.1637	0.2749	1.266
zscore	pool	0.0	0.2405	0.85	1288	665	598	0.8992	0.4643	0.6124	0.5163	0.8821	0.1614	0.2728	1.26
zscore	pool	0.0	0.2405	0.9	1288	628	576	0.9172	0.4472	0.6013	0.4876	0.9022	0.1556	0.2654	1.243
zscore	pool	0.05	0.3944	0.0	1288	1222	1071	0.8764	0.8315	0.8534	0.9488	0.5105	0.3132	0.3882	7.391
zscore	pool	0.05	0.3944	0.05	1288	1218	1035	0.8498	0.8036	0.826	0.9457	0.5625	0.2903	0.383	4.193
zscore	pool	0.05	0.3944	0.1	1288	1217	975	0.8012	0.757	0.7784	0.9449	0.5994	0.2666	0.369	2.784
zscore	pool	0.05	0.3944	0.15	1288	1199	902	0.7523	0.7003	0.7254	0.9309	0.608	0.2476	0.3519	2.117
zscore	pool	0.05	0.3944	0.2	1288	1170	859	0.7342	0.6669	0.6989	0.9084	0.6333	0.2342	0.3419	1.765
zscore	pool	0.05	0.3944	0.25	1288	1132	821	0.7253	0.6374	0.6785	0.8789	0.6458	0.2242	0.3328	1.572
zscore	pool	0.05	0.3944	0.3	1288	1090	795	0.7294	0.6172	0.6686	0.8463	0.6678	0.2151	0.3254	1.455
zscore	pool	0.05	0.3944	0.35	1288	1042	767	0.7361	0.5955	0.6584	0.809	0.6923	0.2095	0.3216	1.388
zscore	pool	0.05	0.3944	0.4	1288	998	754	0.7555	0.5854	0.6597	0.7748	0.715	0.2047	0.3183	1.366
zscore	pool	0.05	0.3944	0.45	1288	962	733	0.762	0.5691	0.6516	0.7469	0.7315	0.1993	0.3132	1.319
zscore	pool	0.05	0.3944	0.5	1288	920	716	0.7783	0.5559	0.6486	0.7143	0.7509	0.1909	0.3044	1.315
zscore	pool	0.05	0.3944	0.55	1288	873	694	0.795	0.5388	0.6423	0.6778	0.7701	0.1849	0.2981	1.298
zscore	pool	0.05	0.3944	0.6	1288	821	672	0.8185	0.5217	0.6373	0.6374	0.7959	0.1809	0.2948	1.292
zscore	pool	0.05	0.3944	0.65	1288	791	660	0.8344	0.5124	0.6349	0.6141	0.8107	0.1787	0.2929	1.287
zscore	pool	0.05	0.3944	0.7	1288	746	640	0.8579	0.4969	0.6293	0.5792	0.8348	0.173	0.2866	1.283
zscore	pool	0.05	0.3944	0.75	1288	708	625	0.8828	0.4852	0.6263	0.5497	0.862	0.1685	0.2819	1.279
zscore	pool	0.05	0.3944	0.8	1288	672	606	0.9018	0.4705	0.6184	0.5217	0.8835	0.1635	0.2759	1.271
zscore	pool	0.05	0.3944	0.85	1288	647	597	0.9227	0.4635	0.6171	0.5023	0.905	0.1611	0.2735	1.265
zscore	pool	0.05	0.3944	0.9	1288	614	576	0.9381	0.4472	0.6057	0.4767	0.9228	0.1556	0.2662	1.245
zscore	pool	0.1	0.5014	0.0	1288	1160	1070	0.9224	0.8307	0.8742	0.9006	0.5378	0.3128	0.3955	7.239
zscore	pool	0.1	0.5014	0.05	1288	1158	1034	0.8929	0.8028	0.8455	0.8991	0.5926	0.2899	0.3893	4.141
zscore	pool	0.1	0.5014	0.1	1288	1157	974	0.8418	0.7562	0.7967	0.8983	0.6315	0.2662	0.3745	2.752
zscore	pool	0.1	0.5014	0.15	1288	1139	901	0.791	0.6995	0.7425	0.8843	0.6409	0.2472	0.3568	2.102
zscore	pool	0.1	0.5014	0.2	1288	1112	858	0.7716	0.6661	0.715	0.8634	0.6673	0.2338	0.3463	1.74
zscore	pool	0.1	0.5014	0.25	1288	1078	820	0.7607	0.6366	0.6932	0.837	0.6791	0.2238	0.3366	1.551
zscore	pool	0.1	0.5014	0.3	1288	1042	794	0.762	0.6165	0.6815	0.809	0.7009	0.2147	0.3287	1.437
zscore	pool	0.1	0.5014	0.35	1288	996	766	0.7691	0.5947	0.6708	0.7733	0.7269	0.2091	0.3248	1.379
zscore	pool	0.1	0.5014	0.4	1288	954	753	0.7893	0.5846	0.6717	0.7407	0.7508	0.2043	0.3212	1.36
zscore	pool	0.1	0.5014	0.45	1288	923	732	0.7931	0.5683	0.6621	0.7166	0.765	0.1989	0.3157	1.32
zscore	pool	0.1	0.5014	0.5	1288	884	715	0.8088	0.5551	0.6584	0.6863	0.7834	0.1905	0.3065	1.317
zscore	pool	0.1	0.5014	0.55	1288	840	693	0.825	0.538	0.6513	0.6522	0.8026	0.1845	0.3	1.3
zscore	pool	0.1	0.5014	0.6	1288	793	672	0.8474	0.5217	0.6458	0.6157	0.8268	0.1809	0.2969	1.298
zscore	pool	0.1	0.5014	0.65	1288	764	660	0.8639	0.5124	0.6433	0.5932	0.8424	0.1787	0.2949	1.293
zscore	pool	0.1	0.5014	0.7	1288	722	640	0.8864	0.4969	0.6368	0.5606	0.8658	0.173	0.2884	1.288
zscore	pool	0.1	0.5014	0.75	1288	693	625	0.9019	0.4852	0.631	0.538	0.8843	0.1685	0.283	1.282
zscore	pool	0.1	0.5014	0.8	1288	660	606	0.9182	0.4705	0.6222	0.5124	0.9022	0.1635	0.2768	1.272
zscore	pool	0.1	0.5014	0.85	1288	636	597	0.9387	0.4635	0.6206	0.4938	0.922	0.1611	0.2743	1.268
zscore	pool	0.1	0.5014	0.9	1288	604	576	0.9536	0.4472	0.6089	0.4689	0.938	0.1556	0.2669	1.248
zscore	pool	0.15	0.6887	0.0	1288	1094	1063	0.9717	0.8253	0.8925	0.8494	0.5683	0.3112	0.4021	6.856
zscore	pool	0.15	0.6887	0.05	1288	1092	1028	0.9414	0.7981	0.8639	0.8478	0.6264	0.2885	0.395	3.977
zscore	pool	0.15	0.6887	0.1	1288	1091	969	0.8882	0.7523	0.8146	0.847	0.6676	0.2655	0.3799	2.658
zscore	pool	0.15	0.6887	0.15	1288	1074	896	0.8343	0.6957	0.7587	0.8339	0.6774	0.2466	0.3616	2.069
zscore	pool	0.15	0.6887	0.2	1288	1053	854	0.811	0.663	0.7296	0.8175	0.7021	0.2333	0.3502	1.733
zscore	pool	0.15	0.6887	0.25	1288	1023	816	0.7977	0.6335	0.7062	0.7943	0.7129	0.2232	0.34	1.545
zscore	pool	0.15	0.6887	0.3	1288	990	791	0.799	0.6141	0.6945	0.7686	0.7357	0.2143	0.3319	1.438
zscore	pool	0.15	0.6887	0.35	1288	949	763	0.804	0.5924	0.6822	0.7368	0.7609	0.2087	0.3275	1.378
zscore	pool	0.15	0.6887	0.4	1288	910	750	0.8242	0.5823	0.6824	0.7065	0.785	0.2039	0.3237	1.357
zscore	pool	0.15	0.6887	0.45	1288	880	729	0.8284	0.566	0.6725	0.6832	0.8003	0.1985	0.3181	1.314
zscore	pool	0.15	0.6887	0.5	1288	843	712	0.8446	0.5528	0.6682	0.6545	0.8194	0.1901	0.3086	1.314
zscore	pool	0.15	0.6887	0.55	1288	800	690	0.8625	0.5357	0.6609	0.6211	0.8405	0.184	0.302	1.298
zscore	pool	0.15	0.6887	0.6	1288	756	669	0.8849	0.5194	0.6546	0.587	0.8651	0.1805	0.2987	1.295
zscore	pool	0.15	0.6887	0.65	1288	729	657	0.9012	0.5101	0.6515	0.566	0.8806	0.1783	0.2966	1.291
zscore	pool	0.15	0.6887	0.7	1288	691	637	0.9219	0.4946	0.6438	0.5365	0.9024	0.1726	0.2897	1.284
zscore	pool	0.15	0.6887	0.75	1288	664	622	0.9367	0.4829	0.6373	0.5155	0.9193	0.1681	0.2842	1.279
zscore	pool	0.15	0.6887	0.8	1288	633	603	0.9526	0.4682	0.6278	0.4915	0.9369	0.163	0.2777	1.268
zscore	pool	0.15	0.6887	0.85	1288	613	594	0.969	0.4612	0.6249	0.4759	0.9527	0.1607	0.275	1.265
zscore	pool	0.15	0.6887	0.9	1288	585	575	0.9829	0.4464	0.614	0.4542	0.9678	0.1555	0.2679	1.245
zscore	pool	0.2	1.0	0.0	1288	1035	1031	0.9961	0.8005	0.8876	0.8036	0.5898	0.3042	0.4013	6.772
zscore	pool	0.2	1.0	0.05	1288	1034	999	0.9662	0.7756	0.8605	0.8028	0.6494	0.2827	0.3939	3.93
zscore	pool	0.2	1.0	0.1	1288	1033	943	0.9129	0.7321	0.8126	0.802	0.6917	0.2602	0.3781	2.637
zscore	pool	0.2	1.0	0.15	1288	1018	872	0.8566	0.677	0.7563	0.7904	0.7021	0.2416	0.3595	2.044
zscore	pool	0.2	1.0	0.2	1288	998	833	0.8347	0.6467	0.7288	0.7748	0.7266	0.2294	0.3487	1.714
zscore	pool	0.2	1.0	0.25	1288	971	795	0.8187	0.6172	0.7039	0.7539	0.7364	0.2193	0.338	1.518
zscore	pool	0.2	1.0	0.3	1288	942	770	0.8174	0.5978	0.6906	0.7314	0.7597	0.2104	0.3295	1.42
zscore	pool	0.2	1.0	0.35	1288	905	743	0.821	0.5769	0.6776	0.7026	0.782	0.205	0.3249	1.367
zscore	pool	0.2	1.0	0.4	1288	868	730	0.841	0.5668	0.6772	0.6739	0.8065	0.2002	0.3208	1.346
zscore	pool	0.2	1.0	0.45	1288	839	711	0.8474	0.552	0.6685	0.6514	0.8232	0.1949	0.3152	1.304
zscore	pool	0.2	1.0	0.5	1288	804	695	0.8644	0.5396	0.6644	0.6242	0.8436	0.1869	0.3061	1.305
zscore	pool	0.2	1.0	0.55	1288	766	674	0.8799	0.5233	0.6563	0.5947	0.8621	0.181	0.2992	1.301
zscore	pool	0.2	1.0	0.6	1288	728	655	0.8997	0.5085	0.6498	0.5652	0.8824	0.1779	0.2961	1.295
zscore	pool	0.2	1.0	0.65	1288	704	643	0.9134	0.4992	0.6456	0.5466	0.8953	0.1757	0.2938	1.289
zscore	pool	0.2	1.0	0.7	1288	670	626	0.9343	0.486	0.6394	0.5202	0.9179	0.1705	0.2875	1.288
zscore	pool	0.2	1.0	0.75	1288	644	611	0.9488	0.4744	0.6325	0.5	0.9332	0.1659	0.2818	1.282
zscore	pool	0.2	1.0	0.8	1288	615	594	0.9659	0.4612	0.6243	0.4775	0.9522	0.1611	0.2756	1.269
zscore	pool	0.2	1.0	0.85	1288	596	585	0.9815	0.4542	0.621	0.4627	0.9675	0.1587	0.2727	1.268
zscore	pool	0.2	1.0	0.9	1288	571	567	0.993	0.4402	0.61	0.4433	0.9803	0.1543	0.2666	1.247
zscore	pool	0.25	1.0	0.0	1288	1001	997	0.996	0.7741	0.8711	0.7772	0.5886	0.2937	0.3918	6.782
zscore	pool	0.25	1.0	0.05	1288	1000	966	0.966	0.75	0.8444	0.7764	0.6478	0.2734	0.3845	3.919
zscore	pool	0.25	1.0	0.1	1288	999	911	0.9119	0.7073	0.7967	0.7756	0.69	0.2517	0.3688	2.611
zscore	pool	0.25	1.0	0.15	1288	985	844	0.8569	0.6553	0.7426	0.7648	0.7005	0.2349	0.3518	2.036
zscore	pool	0.25	1.0	0.2	1288	965	806	0.8352	0.6258	0.7155	0.7492	0.7261	0.223	0.3412	1.708
zscore	pool	0.25	1.0	0.25	1288	940	768	0.817	0.5963	0.6894	0.7298	0.7353	0.213	0.3303	1.514
zscore	pool	0.25	1.0	0.3	1288	912	743	0.8147	0.5769	0.6755	0.7081	0.7586	0.204	0.3215	1.415
zscore	pool	0.25	1.0	0.35	1288	875	719	0.8217	0.5582	0.6648	0.6793	0.7814	0.1992	0.3174	1.365
zscore	pool	0.25	1.0	0.4	1288	838	706	0.8425	0.5481	0.6642	0.6506	0.8068	0.1944	0.3133	1.343
zscore	pool	0.25	1.0	0.45	1288	809	687	0.8492	0.5334	0.6552	0.6281	0.8241	0.1891	0.3076	1.299
zscore	pool	0.25	1.0	0.5	1288	774	671	0.8669	0.521	0.6508	0.6009	0.8453	0.1811	0.2983	1.3
zscore	pool	0.25	1.0	0.55	1288	736	650	0.8832	0.5047	0.6423	0.5714	0.8647	0.1751	0.2913	1.298
zscore	pool	0.25	1.0	0.6	1288	698	631	0.904	0.4899	0.6354	0.5419	0.8859	0.172	0.2881	1.291
zscore	pool	0.25	1.0	0.65	1288	677	620	0.9158	0.4814	0.631	0.5256	0.8971	0.17	0.2858	1.286
zscore	pool	0.25	1.0	0.7	1288	646	603	0.9334	0.4682	0.6236	0.5016	0.9164	0.1647	0.2792	1.284
zscore	pool	0.25	1.0	0.75	1288	620	588	0.9484	0.4565	0.6164	0.4814	0.9322	0.1602	0.2734	1.279
zscore	pool	0.25	1.0	0.8	1288	591	571	0.9662	0.4433	0.6078	0.4589	0.952	0.1553	0.267	1.265
zscore	pool	0.25	1.0	0.85	1288	575	564	0.9809	0.4379	0.6055	0.4464	0.9663	0.1538	0.2654	1.267
zscore	pool	0.25	1.0	0.9	1288	550	546	0.9927	0.4239	0.5941	0.427	0.9796	0.1494	0.2592	1.245
zscore	pool	0.3	1.0	0.0	1288	902	898	0.9956	0.6972	0.8201	0.7003	0.5903	0.2608	0.3618	6.884
zscore	pool	0.3	1.0	0.05	1288	901	871	0.9667	0.6762	0.7958	0.6995	0.6484	0.2432	0.3537	3.966
zscore	pool	0.3	1.0	0.1	1288	900	820	0.9111	0.6366	0.7495	0.6988	0.6886	0.2241	0.3382	2.634
zscore	pool	0.3	1.0	0.15	1288	887	759	0.8557	0.5893	0.6979	0.6887	0.6992	0.2087	0.3215	2.057
zscore	pool	0.3	1.0	0.2	1288	868	728	0.8387	0.5652	0.6753	0.6739	0.7283	0.1997	0.3134	1.724
zscore	pool	0.3	1.0	0.25	1288	846	692	0.818	0.5373	0.6485	0.6568	0.7381	0.19	0.3022	1.517
zscore	pool	0.3	1.0	0.3	1288	821	671	0.8173	0.521	0.6363	0.6374	0.7619	0.1821	0.294	1.421
zscore	pool	0.3	1.0	0.35	1288	789	649	0.8226	0.5039	0.6249	0.6126	0.7816	0.1781	0.2901	1.374
zscore	pool	0.3	1.0	0.4	1288	753	636	0.8446	0.4938	0.6232	0.5846	0.8089	0.1735	0.2858	1.351
zscore	pool	0.3	1.0	0.45	1288	726	619	0.8526	0.4806	0.6147	0.5637	0.8278	0.1689	0.2805	1.304
zscore	pool	0.3	1.0	0.5	1288	699	607	0.8684	0.4713	0.611	0.5427	0.8466	0.163	0.2734	1.308
zscore	pool	0.3	1.0	0.55	1288	662	587	0.8867	0.4557	0.6021	0.514	0.8684	0.1574	0.2664	1.306
zscore	pool	0.3	1.0	0.6	1288	627	570	0.9091	0.4425	0.5953	0.4868	0.8913	0.1544	0.2632	1.297
zscore	pool	0.3	1.0	0.65	1288	610	560	0.918	0.4348	0.5901	0.4736	0.8997	0.1524	0.2607	1.289
zscore	pool	0.3	1.0	0.7	1288	582	544	0.9347	0.4224	0.5818	0.4519	0.9184	0.1479	0.2548	1.286
zscore	pool	0.3	1.0	0.75	1288	559	531	0.9499	0.4123	0.575	0.434	0.9347	0.144	0.2496	1.282
zscore	pool	0.3	1.0	0.8	1288	534	515	0.9644	0.3998	0.5653	0.4146	0.9516	0.1392	0.2429	1.265
zscore	pool	0.3	1.0	0.85	1288	519	509	0.9807	0.3952	0.5634	0.403	0.9675	0.1378	0.2412	1.269
zscore	pool	0.3	1.0	0.9	1288	495	492	0.9939	0.382	0.5519	0.3843	0.9814	0.1334	0.2348	1.246
zscore	pool	0.35	1.0	0.0	1288	859	857	0.9977	0.6654	0.7983	0.6669	0.5954	0.246	0.3482	6.712
zscore	pool	0.35	1.0	0.05	1288	858	830	0.9674	0.6444	0.7735	0.6661	0.654	0.2285	0.3387	3.874
zscore	pool	0.35	1.0	0.1	1288	858	787	0.9172	0.611	0.7335	0.6661	0.6965	0.2138	0.3272	2.588
zscore	pool	0.35	1.0	0.15	1288	846	732	0.8652	0.5683	0.686	0.6568	0.709	0.2006	0.3128	2.013
zscore	pool	0.35	1.0	0.2	1288	827	701	0.8476	0.5443	0.6629	0.6421	0.7392	0.1916	0.3043	1.693
zscore	pool	0.35	1.0	0.25	1288	808	669	0.828	0.5194	0.6384	0.6273	0.7504	0.1833	0.2946	1.509
zscore	pool	0.35	1.0	0.3	1288	785	650	0.828	0.5047	0.6271	0.6095	0.7733	0.1767	0.2876	1.423
zscore	pool	0.35	1.0	0.35	1288	755	630	0.8344	0.4891	0.6167	0.5862	0.7923	0.1727	0.2836	1.374
zscore	pool	0.35	1.0	0.4	1288	724	617	0.8522	0.479	0.6133	0.5621	0.815	0.1682	0.2788	1.355
zscore	pool	0.35	1.0	0.45	1288	698	600	0.8596	0.4658	0.6042	0.5419	0.8338	0.1635	0.2734	1.306
zscore	pool	0.35	1.0	0.5	1288	674	588	0.8724	0.4565	0.5994	0.5233	0.8498	0.1577	0.266	1.309
zscore	pool	0.35	1.0	0.55	1288	638	568	0.8903	0.441	0.5898	0.4953	0.8713	0.152	0.2588	1.306
zscore	pool	0.35	1.0	0.6	1288	603	551	0.9138	0.4278	0.5828	0.4682	0.8952	0.1492	0.2557	1.299
zscore	pool	0.35	1.0	0.65	1288	587	542	0.9233	0.4208	0.5781	0.4557	0.9043	0.1474	0.2534	1.29
zscore	pool	0.35	1.0	0.7	1288	559	526	0.941	0.4084	0.5696	0.434	0.924	0.1429	0.2475	1.288
zscore	pool	0.35	1.0	0.75	1288	540	515	0.9537	0.3998	0.5635	0.4193	0.9379	0.1392	0.2425	1.281
zscore	pool	0.35	1.0	0.8	1288	516	499	0.9671	0.3874	0.5532	0.4006	0.9537	0.1345	0.2357	1.263
zscore	pool	0.35	1.0	0.85	1288	501	493	0.984	0.3828	0.5511	0.389	0.9703	0.133	0.234	1.267
zscore	pool	0.35	1.0	0.9	1288	480	477	0.9938	0.3703	0.5396	0.3727	0.9808	0.1286	0.2274	1.241
zscore	pool	0.4	1.0	0.0	1288	859	857	0.9977	0.6654	0.7983	0.6669	0.5954	0.246	0.3482	6.712
zscore	pool	0.4	1.0	0.05	1288	858	830	0.9674	0.6444	0.7735	0.6661	0.654	0.2285	0.3387	3.874
zscore	pool	0.4	1.0	0.1	1288	858	787	0.9172	0.611	0.7335	0.6661	0.6965	0.2138	0.3272	2.588
zscore	pool	0.4	1.0	0.15	1288	846	732	0.8652	0.5683	0.686	0.6568	0.709	0.2006	0.3128	2.013
zscore	pool	0.4	1.0	0.2	1288	827	701	0.8476	0.5443	0.6629	0.6421	0.7392	0.1916	0.3043	1.693
zscore	pool	0.4	1.0	0.25	1288	808	669	0.828	0.5194	0.6384	0.6273	0.7504	0.1833	0.2946	1.509
zscore	pool	0.4	1.0	0.3	1288	785	650	0.828	0.5047	0.6271	0.6095	0.7733	0.1767	0.2876	1.423
zscore	pool	0.4	1.0	0.35	1288	755	630	0.8344	0.4891	0.6167	0.5862	0.7923	0.1727	0.2836	1.374
zscore	pool	0.4	1.0	0.4	1288	724	617	0.8522	0.479	0.6133	0.5621	0.815	0.1682	0.2788	1.355
zscore	pool	0.4	1.0	0.45	1288	698	600	0.8596	0.4658	0.6042	0.5419	0.8338	0.1635	0.2734	1.306
zscore	pool	0.4	1.0	0.5	1288	674	588	0.8724	0.4565	0.5994	0.5233	0.8498	0.1577	0.266	1.309
zscore	pool	0.4	1.0	0.55	1288	638	568	0.8903	0.441	0.5898	0.4953	0.8713	0.152	0.2588	1.306
zscore	pool	0.4	1.0	0.6	1288	603	551	0.9138	0.4278	0.5828	0.4682	0.8952	0.1492	0.2557	1.299
zscore	pool	0.4	1.0	0.65	1288	587	542	0.9233	0.4208	0.5781	0.4557	0.9043	0.1474	0.2534	1.29
zscore	pool	0.4	1.0	0.7	1288	559	526	0.941	0.4084	0.5696	0.434	0.924	0.1429	0.2475	1.288
zscore	pool	0.4	1.0	0.75	1288	540	515	0.9537	0.3998	0.5635	0.4193	0.9379	0.1392	0.2425	1.281
zscore	pool	0.4	1.0	0.8	1288	516	499	0.9671	0.3874	0.5532	0.4006	0.9537	0.1345	0.2357	1.263
zscore	pool	0.4	1.0	0.85	1288	501	493	0.984	0.3828	0.5511	0.389	0.9703	0.133	0.234	1.267
zscore	pool	0.4	1.0	0.9	1288	480	477	0.9938	0.3703	0.5396	0.3727	0.9808	0.1286	0.2274	1.241
zscore	pool	0.45	1.0	0.0	1288	859	857	0.9977	0.6654	0.7983	0.6669	0.5954	0.246	0.3482	6.712
zscore	pool	0.45	1.0	0.05	1288	858	830	0.9674	0.6444	0.7735	0.6661	0.654	0.2285	0.3387	3.874
zscore	pool	0.45	1.0	0.1	1288	858	787	0.9172	0.611	0.7335	0.6661	0.6965	0.2138	0.3272	2.588
zscore	pool	0.45	1.0	0.15	1288	846	732	0.8652	0.5683	0.686	0.6568	0.709	0.2006	0.3128	2.013
zscore	pool	0.45	1.0	0.2	1288	827	701	0.8476	0.5443	0.6629	0.6421	0.7392	0.1916	0.3043	1.693
zscore	pool	0.45	1.0	0.25	1288	808	669	0.828	0.5194	0.6384	0.6273	0.7504	0.1833	0.2946	1.509
zscore	pool	0.45	1.0	0.3	1288	785	650	0.828	0.5047	0.6271	0.6095	0.7733	0.1767	0.2876	1.423
zscore	pool	0.45	1.0	0.35	1288	755	630	0.8344	0.4891	0.6167	0.5862	0.7923	0.1727	0.2836	1.374
zscore	pool	0.45	1.0	0.4	1288	724	617	0.8522	0.479	0.6133	0.5621	0.815	0.1682	0.2788	1.355
zscore	pool	0.45	1.0	0.45	1288	698	600	0.8596	0.4658	0.6042	0.5419	0.8338	0.1635	0.2734	1.306
zscore	pool	0.45	1.0	0.5	1288	674	588	0.8724	0.4565	0.5994	0.5233	0.8498	0.1577	0.266	1.309
zscore	pool	0.45	1.0	0.55	1288	638	568	0.8903	0.441	0.5898	0.4953	0.8713	0.152	0.2588	1.306
zscore	pool	0.45	1.0	0.6	1288	603	551	0.9138	0.4278	0.5828	0.4682	0.8952	0.1492	0.2557	1.299
zscore	pool	0.45	1.0	0.65	1288	587	542	0.9233	0.4208	0.5781	0.4557	0.9043	0.1474	0.2534	1.29
zscore	pool	0.45	1.0	0.7	1288	559	526	0.941	0.4084	0.5696	0.434	0.924	0.1429	0.2475	1.288
zscore	pool	0.45	1.0	0.75	1288	540	515	0.9537	0.3998	0.5635	0.4193	0.9379	0.1392	0.2425	1.281
zscore	pool	0.45	1.0	0.8	1288	516	499	0.9671	0.3874	0.5532	0.4006	0.9537	0.1345	0.2357	1.263
zscore	pool	0.45	1.0	0.85	1288	501	493	0.984	0.3828	0.5511	0.389	0.9703	0.133	0.234	1.267
zscore	pool	0.45	1.0	0.9	1288	480	477	0.9938	0.3703	0.5396	0.3727	0.9808	0.1286	0.2274	1.241
zscore	pool	0.5	1.0	0.0	1288	703	701	0.9972	0.5443	0.7042	0.5458	0.5993	0.2007	0.3007	6.469
zscore	pool	0.5	1.0	0.05	1288	702	682	0.9715	0.5295	0.6854	0.545	0.6563	0.1864	0.2904	3.828
zscore	pool	0.5	1.0	0.1	1288	702	645	0.9188	0.5008	0.6482	0.545	0.6982	0.1743	0.2789	2.576
zscore	pool	0.5	1.0	0.15	1288	694	600	0.8646	0.4658	0.6054	0.5388	0.7128	0.1634	0.2658	1.974
zscore	pool	0.5	1.0	0.2	1288	676	576	0.8521	0.4472	0.5866	0.5248	0.7435	0.1567	0.2588	1.666
zscore	pool	0.5	1.0	0.25	1288	663	554	0.8356	0.4301	0.5679	0.5148	0.7561	0.1513	0.2522	1.502
zscore	pool	0.5	1.0	0.3	1288	648	537	0.8287	0.4169	0.5548	0.5031	0.7703	0.145	0.2441	1.429
zscore	pool	0.5	1.0	0.35	1288	623	521	0.8363	0.4045	0.5453	0.4837	0.7933	0.1415	0.2402	1.379
zscore	pool	0.5	1.0	0.4	1288	599	514	0.8581	0.3991	0.5448	0.4651	0.8202	0.1396	0.2386	1.362
zscore	pool	0.5	1.0	0.45	1288	577	499	0.8648	0.3874	0.5351	0.448	0.8411	0.1354	0.2333	1.306
zscore	pool	0.5	1.0	0.5	1288	556	489	0.8795	0.3797	0.5304	0.4317	0.8575	0.1299	0.2257	1.308
zscore	pool	0.5	1.0	0.55	1288	531	473	0.8908	0.3672	0.5201	0.4123	0.8711	0.1255	0.2193	1.302
zscore	pool	0.5	1.0	0.6	1288	501	460	0.9182	0.3571	0.5143	0.389	0.8992	0.123	0.2164	1.29
zscore	pool	0.5	1.0	0.65	1288	488	452	0.9262	0.3509	0.509	0.3789	0.9067	0.1216	0.2144	1.292
zscore	pool	0.5	1.0	0.7	1288	462	437	0.9459	0.3393	0.4994	0.3587	0.9289	0.1175	0.2086	1.287
zscore	pool	0.5	1.0	0.75	1288	447	429	0.9597	0.3331	0.4945	0.347	0.9433	0.1146	0.2044	1.281
zscore	pool	0.5	1.0	0.8	1288	425	414	0.9741	0.3214	0.4834	0.33	0.9595	0.1098	0.1971	1.261
zscore	pool	0.5	1.0	0.85	1288	415	408	0.9831	0.3168	0.4792	0.3222	0.9681	0.1084	0.195	1.264
zscore	pool	0.5	1.0	0.9	1288	396	393	0.9924	0.3051	0.4667	0.3075	0.9784	0.1042	0.1884	1.232
zscore	pool	0.55	1.0	0.0	1288	629	627	0.9968	0.4868	0.6541	0.4884	0.6048	0.1789	0.2762	6.548
zscore	pool	0.55	1.0	0.05	1288	628	609	0.9697	0.4728	0.6357	0.4876	0.6627	0.1666	0.2662	3.866
zscore	pool	0.55	1.0	0.1	1288	628	578	0.9204	0.4488	0.6033	0.4876	0.7042	0.1555	0.2547	2.614
zscore	pool	0.55	1.0	0.15	1288	621	538	0.8663	0.4177	0.5636	0.4821	0.7183	0.146	0.2427	2.0
zscore	pool	0.55	1.0	0.2	1288	603	514	0.8524	0.3991	0.5436	0.4682	0.7492	0.1394	0.2351	1.672
zscore	pool	0.55	1.0	0.25	1288	591	494	0.8359	0.3835	0.5258	0.4589	0.7608	0.1345	0.2286	1.506
zscore	pool	0.55	1.0	0.3	1288	577	481	0.8336	0.3734	0.5158	0.448	0.7752	0.1295	0.2219	1.438
zscore	pool	0.55	1.0	0.35	1288	555	467	0.8414	0.3626	0.5068	0.4309	0.7983	0.1264	0.2182	1.389
zscore	pool	0.55	1.0	0.4	1288	535	461	0.8617	0.3579	0.5058	0.4154	0.8236	0.1246	0.2165	1.37
zscore	pool	0.55	1.0	0.45	1288	517	449	0.8685	0.3486	0.4975	0.4014	0.8458	0.1214	0.2123	1.31
zscore	pool	0.55	1.0	0.5	1288	497	440	0.8853	0.3416	0.493	0.3859	0.8647	0.1163	0.205	1.315
zscore	pool	0.55	1.0	0.55	1288	477	427	0.8952	0.3315	0.4839	0.3703	0.8764	0.1124	0.1993	1.307
zscore	pool	0.55	1.0	0.6	1288	453	416	0.9183	0.323	0.4779	0.3517	0.9006	0.1104	0.1966	1.292
zscore	pool	0.55	1.0	0.65	1288	442	408	0.9231	0.3168	0.4717	0.3432	0.9049	0.1089	0.1945	1.295
zscore	pool	0.55	1.0	0.7	1288	419	395	0.9427	0.3067	0.4628	0.3253	0.9276	0.1053	0.1891	1.29
zscore	pool	0.55	1.0	0.75	1288	406	388	0.9557	0.3012	0.4581	0.3152	0.94	0.1032	0.186	1.285
zscore	pool	0.55	1.0	0.8	1288	385	374	0.9714	0.2904	0.4471	0.2989	0.9579	0.099	0.1794	1.264
zscore	pool	0.55	1.0	0.85	1288	375	368	0.9813	0.2857	0.4426	0.2911	0.9674	0.0975	0.1772	1.269
zscore	pool	0.55	1.0	0.9	1288	357	354	0.9916	0.2748	0.4304	0.2772	0.9788	0.0941	0.1717	1.232
zscore	pool	0.6	1.0	0.0	1288	629	627	0.9968	0.4868	0.6541	0.4884	0.6048	0.1789	0.2762	6.548
zscore	pool	0.6	1.0	0.05	1288	628	609	0.9697	0.4728	0.6357	0.4876	0.6627	0.1666	0.2662	3.866
zscore	pool	0.6	1.0	0.1	1288	628	578	0.9204	0.4488	0.6033	0.4876	0.7042	0.1555	0.2547	2.614
zscore	pool	0.6	1.0	0.15	1288	621	538	0.8663	0.4177	0.5636	0.4821	0.7183	0.146	0.2427	2.0
zscore	pool	0.6	1.0	0.2	1288	603	514	0.8524	0.3991	0.5436	0.4682	0.7492	0.1394	0.2351	1.672
zscore	pool	0.6	1.0	0.25	1288	591	494	0.8359	0.3835	0.5258	0.4589	0.7608	0.1345	0.2286	1.506
zscore	pool	0.6	1.0	0.3	1288	577	481	0.8336	0.3734	0.5158	0.448	0.7752	0.1295	0.2219	1.438
zscore	pool	0.6	1.0	0.35	1288	555	467	0.8414	0.3626	0.5068	0.4309	0.7983	0.1264	0.2182	1.389
zscore	pool	0.6	1.0	0.4	1288	535	461	0.8617	0.3579	0.5058	0.4154	0.8236	0.1246	0.2165	1.37
zscore	pool	0.6	1.0	0.45	1288	517	449	0.8685	0.3486	0.4975	0.4014	0.8458	0.1214	0.2123	1.31
zscore	pool	0.6	1.0	0.5	1288	497	440	0.8853	0.3416	0.493	0.3859	0.8647	0.1163	0.205	1.315
zscore	pool	0.6	1.0	0.55	1288	477	427	0.8952	0.3315	0.4839	0.3703	0.8764	0.1124	0.1993	1.307
zscore	pool	0.6	1.0	0.6	1288	453	416	0.9183	0.323	0.4779	0.3517	0.9006	0.1104	0.1966	1.292
zscore	pool	0.6	1.0	0.65	1288	442	408	0.9231	0.3168	0.4717	0.3432	0.9049	0.1089	0.1945	1.295
zscore	pool	0.6	1.0	0.7	1288	419	395	0.9427	0.3067	0.4628	0.3253	0.9276	0.1053	0.1891	1.29
zscore	pool	0.6	1.0	0.75	1288	406	388	0.9557	0.3012	0.4581	0.3152	0.94	0.1032	0.186	1.285
zscore	pool	0.6	1.0	0.8	1288	385	374	0.9714	0.2904	0.4471	0.2989	0.9579	0.099	0.1794	1.264
zscore	pool	0.6	1.0	0.85	1288	375	368	0.9813	0.2857	0.4426	0.2911	0.9674	0.0975	0.1772	1.269
zscore	pool	0.6	1.0	0.9	1288	357	354	0.9916	0.2748	0.4304	0.2772	0.9788	0.0941	0.1717	1.232
zscore	pool	0.65	1.0	0.0	1288	629	627	0.9968	0.4868	0.6541	0.4884	0.6048	0.1789	0.2762	6.548
zscore	pool	0.65	1.0	0.05	1288	628	609	0.9697	0.4728	0.6357	0.4876	0.6627	0.1666	0.2662	3.866
zscore	pool	0.65	1.0	0.1	1288	628	578	0.9204	0.4488	0.6033	0.4876	0.7042	0.1555	0.2547	2.614
zscore	pool	0.65	1.0	0.15	1288	621	538	0.8663	0.4177	0.5636	0.4821	0.7183	0.146	0.2427	2.0
zscore	pool	0.65	1.0	0.2	1288	603	514	0.8524	0.3991	0.5436	0.4682	0.7492	0.1394	0.2351	1.672
zscore	pool	0.65	1.0	0.25	1288	591	494	0.8359	0.3835	0.5258	0.4589	0.7608	0.1345	0.2286	1.506
zscore	pool	0.65	1.0	0.3	1288	577	481	0.8336	0.3734	0.5158	0.448	0.7752	0.1295	0.2219	1.438
zscore	pool	0.65	1.0	0.35	1288	555	467	0.8414	0.3626	0.5068	0.4309	0.7983	0.1264	0.2182	1.389
zscore	pool	0.65	1.0	0.4	1288	535	461	0.8617	0.3579	0.5058	0.4154	0.8236	0.1246	0.2165	1.37
zscore	pool	0.65	1.0	0.45	1288	517	449	0.8685	0.3486	0.4975	0.4014	0.8458	0.1214	0.2123	1.31
zscore	pool	0.65	1.0	0.5	1288	497	440	0.8853	0.3416	0.493	0.3859	0.8647	0.1163	0.205	1.315
zscore	pool	0.65	1.0	0.55	1288	477	427	0.8952	0.3315	0.4839	0.3703	0.8764	0.1124	0.1993	1.307
zscore	pool	0.65	1.0	0.6	1288	453	416	0.9183	0.323	0.4779	0.3517	0.9006	0.1104	0.1966	1.292
zscore	pool	0.65	1.0	0.65	1288	442	408	0.9231	0.3168	0.4717	0.3432	0.9049	0.1089	0.1945	1.295
zscore	pool	0.65	1.0	0.7	1288	419	395	0.9427	0.3067	0.4628	0.3253	0.9276	0.1053	0.1891	1.29
zscore	pool	0.65	1.0	0.75	1288	406	388	0.9557	0.3012	0.4581	0.3152	0.94	0.1032	0.186	1.285
zscore	pool	0.65	1.0	0.8	1288	385	374	0.9714	0.2904	0.4471	0.2989	0.9579	0.099	0.1794	1.264
zscore	pool	0.65	1.0	0.85	1288	375	368	0.9813	0.2857	0.4426	0.2911	0.9674	0.0975	0.1772	1.269
zscore	pool	0.65	1.0	0.9	1288	357	354	0.9916	0.2748	0.4304	0.2772	0.9788	0.0941	0.1717	1.232
zscore	pool	0.7	1.0	0.0	1288	629	627	0.9968	0.4868	0.6541	0.4884	0.6048	0.1789	0.2762	6.548
zscore	pool	0.7	1.0	0.05	1288	628	609	0.9697	0.4728	0.6357	0.4876	0.6627	0.1666	0.2662	3.866
zscore	pool	0.7	1.0	0.1	1288	628	578	0.9204	0.4488	0.6033	0.4876	0.7042	0.1555	0.2547	2.614
zscore	pool	0.7	1.0	0.15	1288	621	538	0.8663	0.4177	0.5636	0.4821	0.7183	0.146	0.2427	2.0
zscore	pool	0.7	1.0	0.2	1288	603	514	0.8524	0.3991	0.5436	0.4682	0.7492	0.1394	0.2351	1.672
zscore	pool	0.7	1.0	0.25	1288	591	494	0.8359	0.3835	0.5258	0.4589	0.7608	0.1345	0.2286	1.506
zscore	pool	0.7	1.0	0.3	1288	577	481	0.8336	0.3734	0.5158	0.448	0.7752	0.1295	0.2219	1.438
zscore	pool	0.7	1.0	0.35	1288	555	467	0.8414	0.3626	0.5068	0.4309	0.7983	0.1264	0.2182	1.389
zscore	pool	0.7	1.0	0.4	1288	535	461	0.8617	0.3579	0.5058	0.4154	0.8236	0.1246	0.2165	1.37
zscore	pool	0.7	1.0	0.45	1288	517	449	0.8685	0.3486	0.4975	0.4014	0.8458	0.1214	0.2123	1.31
zscore	pool	0.7	1.0	0.5	1288	497	440	0.8853	0.3416	0.493	0.3859	0.8647	0.1163	0.205	1.315
zscore	pool	0.7	1.0	0.55	1288	477	427	0.8952	0.3315	0.4839	0.3703	0.8764	0.1124	0.1993	1.307
zscore	pool	0.7	1.0	0.6	1288	453	416	0.9183	0.323	0.4779	0.3517	0.9006	0.1104	0.1966	1.292
zscore	pool	0.7	1.0	0.65	1288	442	408	0.9231	0.3168	0.4717	0.3432	0.9049	0.1089	0.1945	1.295
zscore	pool	0.7	1.0	0.7	1288	419	395	0.9427	0.3067	0.4628	0.3253	0.9276	0.1053	0.1891	1.29
zscore	pool	0.7	1.0	0.75	1288	406	388	0.9557	0.3012	0.4581	0.3152	0.94	0.1032	0.186	1.285
zscore	pool	0.7	1.0	0.8	1288	385	374	0.9714	0.2904	0.4471	0.2989	0.9579	0.099	0.1794	1.264
zscore	pool	0.7	1.0	0.85	1288	375	368	0.9813	0.2857	0.4426	0.2911	0.9674	0.0975	0.1772	1.269
zscore	pool	0.7	1.0	0.9	1288	357	354	0.9916	0.2748	0.4304	0.2772	0.9788	0.0941	0.1717	1.232
zscore	pool	0.75	1.0	0.0	1288	352	351	0.9972	0.2725	0.428	0.2733	0.6255	0.1033	0.1774	6.631
zscore	pool	0.75	1.0	0.05	1288	351	343	0.9772	0.2663	0.4185	0.2725	0.683	0.0974	0.1705	3.844
zscore	pool	0.75	1.0	0.1	1288	351	325	0.9259	0.2523	0.3966	0.2725	0.723	0.0902	0.1603	2.602
zscore	pool	0.75	1.0	0.15	1288	347	303	0.8732	0.2352	0.3706	0.2694	0.7357	0.0839	0.1507	1.966
zscore	pool	0.75	1.0	0.2	1288	335	292	0.8716	0.2267	0.3598	0.2601	0.7672	0.0803	0.1453	1.678
zscore	pool	0.75	1.0	0.25	1288	331	280	0.8459	0.2174	0.3459	0.257	0.7795	0.0768	0.1398	1.464
zscore	pool	0.75	1.0	0.3	1288	325	275	0.8462	0.2135	0.341	0.2523	0.7931	0.0751	0.1371	1.394
zscore	pool	0.75	1.0	0.35	1288	309	265	0.8576	0.2057	0.3319	0.2399	0.8171	0.0729	0.1338	1.35
zscore	pool	0.75	1.0	0.4	1288	298	262	0.8792	0.2034	0.3304	0.2314	0.8415	0.0715	0.1318	1.33
zscore	pool	0.75	1.0	0.45	1288	288	255	0.8854	0.198	0.3236	0.2236	0.8655	0.069	0.1277	1.304
zscore	pool	0.75	1.0	0.5	1288	278	250	0.8993	0.1941	0.3193	0.2158	0.8803	0.0658	0.1225	1.312
zscore	pool	0.75	1.0	0.55	1288	270	248	0.9185	0.1925	0.3184	0.2096	0.899	0.0643	0.12	1.31
zscore	pool	0.75	1.0	0.6	1288	258	241	0.9341	0.1871	0.3118	0.2003	0.9155	0.0636	0.1189	1.29
zscore	pool	0.75	1.0	0.65	1288	252	237	0.9405	0.184	0.3078	0.1957	0.9214	0.0632	0.1182	1.292
zscore	pool	0.75	1.0	0.7	1288	241	231	0.9585	0.1793	0.3022	0.1871	0.9418	0.0613	0.115	1.285
zscore	pool	0.75	1.0	0.75	1288	238	229	0.9622	0.1778	0.3001	0.1848	0.9453	0.0606	0.114	1.28
zscore	pool	0.75	1.0	0.8	1288	227	220	0.9692	0.1708	0.2904	0.1762	0.9514	0.058	0.1094	1.254
zscore	pool	0.75	1.0	0.85	1288	220	216	0.9818	0.1677	0.2865	0.1708	0.9634	0.0568	0.1073	1.258
zscore	pool	0.75	1.0	0.9	1288	212	210	0.9906	0.163	0.28	0.1646	0.9714	0.0561	0.1061	1.268
zscore	pool	0.8	1.0	0.0	1288	352	351	0.9972	0.2725	0.428	0.2733	0.6255	0.1033	0.1774	6.631
zscore	pool	0.8	1.0	0.05	1288	351	343	0.9772	0.2663	0.4185	0.2725	0.683	0.0974	0.1705	3.844
zscore	pool	0.8	1.0	0.1	1288	351	325	0.9259	0.2523	0.3966	0.2725	0.723	0.0902	0.1603	2.602
zscore	pool	0.8	1.0	0.15	1288	347	303	0.8732	0.2352	0.3706	0.2694	0.7357	0.0839	0.1507	1.966
zscore	pool	0.8	1.0	0.2	1288	335	292	0.8716	0.2267	0.3598	0.2601	0.7672	0.0803	0.1453	1.678
zscore	pool	0.8	1.0	0.25	1288	331	280	0.8459	0.2174	0.3459	0.257	0.7795	0.0768	0.1398	1.464
zscore	pool	0.8	1.0	0.3	1288	325	275	0.8462	0.2135	0.341	0.2523	0.7931	0.0751	0.1371	1.394
zscore	pool	0.8	1.0	0.35	1288	309	265	0.8576	0.2057	0.3319	0.2399	0.8171	0.0729	0.1338	1.35
zscore	pool	0.8	1.0	0.4	1288	298	262	0.8792	0.2034	0.3304	0.2314	0.8415	0.0715	0.1318	1.33
zscore	pool	0.8	1.0	0.45	1288	288	255	0.8854	0.198	0.3236	0.2236	0.8655	0.069	0.1277	1.304
zscore	pool	0.8	1.0	0.5	1288	278	250	0.8993	0.1941	0.3193	0.2158	0.8803	0.0658	0.1225	1.312
zscore	pool	0.8	1.0	0.55	1288	270	248	0.9185	0.1925	0.3184	0.2096	0.899	0.0643	0.12	1.31
zscore	pool	0.8	1.0	0.6	1288	258	241	0.9341	0.1871	0.3118	0.2003	0.9155	0.0636	0.1189	1.29
zscore	pool	0.8	1.0	0.65	1288	252	237	0.9405	0.184	0.3078	0.1957	0.9214	0.0632	0.1182	1.292
zscore	pool	0.8	1.0	0.7	1288	241	231	0.9585	0.1793	0.3022	0.1871	0.9418	0.0613	0.115	1.285
zscore	pool	0.8	1.0	0.75	1288	238	229	0.9622	0.1778	0.3001	0.1848	0.9453	0.0606	0.114	1.28
zscore	pool	0.8	1.0	0.8	1288	227	220	0.9692	0.1708	0.2904	0.1762	0.9514	0.058	0.1094	1.254
zscore	pool	0.8	1.0	0.85	1288	220	216	0.9818	0.1677	0.2865	0.1708	0.9634	0.0568	0.1073	1.258
zscore	pool	0.8	1.0	0.9	1288	212	210	0.9906	0.163	0.28	0.1646	0.9714	0.0561	0.1061	1.268
zscore	pool	0.85	1.0	0.0	1288	352	351	0.9972	0.2725	0.428	0.2733	0.6255	0.1033	0.1774	6.631
zscore	pool	0.85	1.0	0.05	1288	351	343	0.9772	0.2663	0.4185	0.2725	0.683	0.0974	0.1705	3.844
zscore	pool	0.85	1.0	0.1	1288	351	325	0.9259	0.2523	0.3966	0.2725	0.723	0.0902	0.1603	2.602
zscore	pool	0.85	1.0	0.15	1288	347	303	0.8732	0.2352	0.3706	0.2694	0.7357	0.0839	0.1507	1.966
zscore	pool	0.85	1.0	0.2	1288	335	292	0.8716	0.2267	0.3598	0.2601	0.7672	0.0803	0.1453	1.678
zscore	pool	0.85	1.0	0.25	1288	331	280	0.8459	0.2174	0.3459	0.257	0.7795	0.0768	0.1398	1.464
zscore	pool	0.85	1.0	0.3	1288	325	275	0.8462	0.2135	0.341	0.2523	0.7931	0.0751	0.1371	1.394
zscore	pool	0.85	1.0	0.35	1288	309	265	0.8576	0.2057	0.3319	0.2399	0.8171	0.0729	0.1338	1.35
zscore	pool	0.85	1.0	0.4	1288	298	262	0.8792	0.2034	0.3304	0.2314	0.8415	0.0715	0.1318	1.33
zscore	pool	0.85	1.0	0.45	1288	288	255	0.8854	0.198	0.3236	0.2236	0.8655	0.069	0.1277	1.304
zscore	pool	0.85	1.0	0.5	1288	278	250	0.8993	0.1941	0.3193	0.2158	0.8803	0.0658	0.1225	1.312
zscore	pool	0.85	1.0	0.55	1288	270	248	0.9185	0.1925	0.3184	0.2096	0.899	0.0643	0.12	1.31
zscore	pool	0.85	1.0	0.6	1288	258	241	0.9341	0.1871	0.3118	0.2003	0.9155	0.0636	0.1189	1.29
zscore	pool	0.85	1.0	0.65	1288	252	237	0.9405	0.184	0.3078	0.1957	0.9214	0.0632	0.1182	1.292
zscore	pool	0.85	1.0	0.7	1288	241	231	0.9585	0.1793	0.3022	0.1871	0.9418	0.0613	0.115	1.285
zscore	pool	0.85	1.0	0.75	1288	238	229	0.9622	0.1778	0.3001	0.1848	0.9453	0.0606	0.114	1.28
zscore	pool	0.85	1.0	0.8	1288	227	220	0.9692	0.1708	0.2904	0.1762	0.9514	0.058	0.1094	1.254
zscore	pool	0.85	1.0	0.85	1288	220	216	0.9818	0.1677	0.2865	0.1708	0.9634	0.0568	0.1073	1.258
zscore	pool	0.85	1.0	0.9	1288	212	210	0.9906	0.163	0.28	0.1646	0.9714	0.0561	0.1061	1.268
zscore	pool	0.9	1.0	0.0	1288	171	170	0.9942	0.132	0.233	0.1328	0.6622	0.0486	0.0906	6.398
zscore	pool	0.9	1.0	0.05	1288	170	167	0.9824	0.1297	0.2291	0.132	0.7141	0.0461	0.0865	3.76
zscore	pool	0.9	1.0	0.1	1288	170	157	0.9235	0.1219	0.2154	0.132	0.7449	0.0434	0.0821	2.596
zscore	pool	0.9	1.0	0.15	1288	168	148	0.881	0.1149	0.2033	0.1304	0.7489	0.0393	0.0747	2.047
zscore	pool	0.9	1.0	0.2	1288	164	143	0.872	0.111	0.197	0.1273	0.7775	0.0377	0.0719	1.681
zscore	pool	0.9	1.0	0.25	1288	163	137	0.8405	0.1064	0.1888	0.1266	0.7744	0.0352	0.0673	1.461
zscore	pool	0.9	1.0	0.3	1288	160	135	0.8438	0.1048	0.1865	0.1242	0.7963	0.0349	0.0669	1.379
zscore	pool	0.9	1.0	0.35	1288	151	130	0.8609	0.1009	0.1807	0.1172	0.8248	0.0342	0.0656	1.342
zscore	pool	0.9	1.0	0.4	1288	146	130	0.8904	0.1009	0.1813	0.1134	0.8528	0.0341	0.0656	1.327
zscore	pool	0.9	1.0	0.45	1288	142	129	0.9085	0.1002	0.1804	0.1102	0.8802	0.0341	0.0656	1.315
zscore	pool	0.9	1.0	0.5	1288	141	127	0.9007	0.0986	0.1777	0.1095	0.8758	0.0329	0.0635	1.31
zscore	pool	0.9	1.0	0.55	1288	137	126	0.9197	0.0978	0.1768	0.1064	0.894	0.0321	0.0621	1.319
zscore	pool	0.9	1.0	0.6	1288	132	122	0.9242	0.0947	0.1718	0.1025	0.9013	0.0317	0.0612	1.308
zscore	pool	0.9	1.0	0.65	1288	129	120	0.9302	0.0932	0.1694	0.1002	0.9067	0.0315	0.0609	1.308
zscore	pool	0.9	1.0	0.7	1288	124	118	0.9516	0.0916	0.1671	0.0963	0.9333	0.031	0.06	1.28
zscore	pool	0.9	1.0	0.75	1288	123	118	0.9593	0.0916	0.1673	0.0955	0.9409	0.0309	0.0599	1.266
zscore	pool	0.9	1.0	0.8	1288	116	113	0.9741	0.0877	0.161	0.0901	0.9544	0.0298	0.0578	1.231
zscore	pool	0.9	1.0	0.85	1288	112	111	0.9911	0.0862	0.1586	0.087	0.9705	0.0295	0.0573	1.23
zscore	pool	0.9	1.0	0.9	1288	110	109	0.9909	0.0846	0.1559	0.0854	0.97	0.0293	0.0568	1.234
zscore	pool	0.95	1.0	0.0	1288	171	170	0.9942	0.132	0.233	0.1328	0.6622	0.0486	0.0906	6.398
zscore	pool	0.95	1.0	0.05	1288	170	167	0.9824	0.1297	0.2291	0.132	0.7141	0.0461	0.0865	3.76
zscore	pool	0.95	1.0	0.1	1288	170	157	0.9235	0.1219	0.2154	0.132	0.7449	0.0434	0.0821	2.596
zscore	pool	0.95	1.0	0.15	1288	168	148	0.881	0.1149	0.2033	0.1304	0.7489	0.0393	0.0747	2.047
zscore	pool	0.95	1.0	0.2	1288	164	143	0.872	0.111	0.197	0.1273	0.7775	0.0377	0.0719	1.681
zscore	pool	0.95	1.0	0.25	1288	163	137	0.8405	0.1064	0.1888	0.1266	0.7744	0.0352	0.0673	1.461
zscore	pool	0.95	1.0	0.3	1288	160	135	0.8438	0.1048	0.1865	0.1242	0.7963	0.0349	0.0669	1.379
zscore	pool	0.95	1.0	0.35	1288	151	130	0.8609	0.1009	0.1807	0.1172	0.8248	0.0342	0.0656	1.342
zscore	pool	0.95	1.0	0.4	1288	146	130	0.8904	0.1009	0.1813	0.1134	0.8528	0.0341	0.0656	1.327
zscore	pool	0.95	1.0	0.45	1288	142	129	0.9085	0.1002	0.1804	0.1102	0.8802	0.0341	0.0656	1.315
zscore	pool	0.95	1.0	0.5	1288	141	127	0.9007	0.0986	0.1777	0.1095	0.8758	0.0329	0.0635	1.31
zscore	pool	0.95	1.0	0.55	1288	137	126	0.9197	0.0978	0.1768	0.1064	0.894	0.0321	0.0621	1.319
zscore	pool	0.95	1.0	0.6	1288	132	122	0.9242	0.0947	0.1718	0.1025	0.9013	0.0317	0.0612	1.308
zscore	pool	0.95	1.0	0.65	1288	129	120	0.9302	0.0932	0.1694	0.1002	0.9067	0.0315	0.0609	1.308
zscore	pool	0.95	1.0	0.7	1288	124	118	0.9516	0.0916	0.1671	0.0963	0.9333	0.031	0.06	1.28
zscore	pool	0.95	1.0	0.75	1288	123	118	0.9593	0.0916	0.1673	0.0955	0.9409	0.0309	0.0599	1.266
zscore	pool	0.95	1.0	0.8	1288	116	113	0.9741	0.0877	0.161	0.0901	0.9544	0.0298	0.0578	1.231
zscore	pool	0.95	1.0	0.85	1288	112	111	0.9911	0.0862	0.1586	0.087	0.9705	0.0295	0.0573	1.23
zscore	pool	0.95	1.0	0.9	1288	110	109	0.9909	0.0846	0.1559	0.0854	0.97	0.0293	0.0568	1.234
zscore	self	0.0	0.2405	0.0	1288	1285	1028	0.8	0.7981	0.7991	0.9977	0.483	0.2912	0.3634	7.415
zscore	self	0.0	0.2405	0.05	1288	1281	980	0.765	0.7609	0.7629	0.9946	0.5231	0.2711	0.3571	4.189
zscore	self	0.0	0.2405	0.1	1288	1275	917	0.7192	0.712	0.7156	0.9899	0.551	0.2511	0.345	2.771
zscore	self	0.0	0.2405	0.15	1288	1259	866	0.6878	0.6724	0.68	0.9775	0.5594	0.2357	0.3316	2.125
zscore	self	0.0	0.2405	0.2	1288	1224	832	0.6797	0.646	0.6624	0.9503	0.587	0.2271	0.3275	1.767
zscore	self	0.0	0.2405	0.25	1288	1185	800	0.6751	0.6211	0.647	0.92	0.6019	0.217	0.319	1.592
zscore	self	0.0	0.2405	0.3	1288	1138	774	0.6801	0.6009	0.6381	0.8835	0.6234	0.2105	0.3148	1.447
zscore	self	0.0	0.2405	0.35	1288	1097	758	0.691	0.5885	0.6356	0.8517	0.6466	0.2065	0.3131	1.392
zscore	self	0.0	0.2405	0.4	1288	1047	743	0.7096	0.5769	0.6364	0.8129	0.6684	0.2017	0.3099	1.349
zscore	self	0.0	0.2405	0.45	1288	1004	723	0.7201	0.5613	0.6309	0.7795	0.6879	0.1944	0.3032	1.32
zscore	self	0.0	0.2405	0.5	1288	953	702	0.7366	0.545	0.6265	0.7399	0.7075	0.1865	0.2952	1.311
zscore	self	0.0	0.2405	0.55	1288	913	687	0.7525	0.5334	0.6243	0.7089	0.7253	0.1833	0.2927	1.29
zscore	self	0.0	0.2405	0.6	1288	859	669	0.7788	0.5194	0.6232	0.6669	0.7552	0.1804	0.2913	1.291
zscore	self	0.0	0.2405	0.65	1288	824	653	0.7925	0.507	0.6184	0.6398	0.7683	0.1762	0.2867	1.294
zscore	self	0.0	0.2405	0.7	1288	775	633	0.8168	0.4915	0.6137	0.6017	0.7938	0.1704	0.2805	1.278
zscore	self	0.0	0.2405	0.75	1288	738	619	0.8388	0.4806	0.6111	0.573	0.8191	0.167	0.2774	1.276
zscore	self	0.0	0.2405	0.8	1288	694	604	0.8703	0.4689	0.6095	0.5388	0.8518	0.1633	0.274	1.271
zscore	self	0.0	0.2405	0.85	1288	670	594	0.8866	0.4612	0.6067	0.5202	0.8713	0.1598	0.2701	1.238
zscore	self	0.0	0.2405	0.9	1288	629	572	0.9094	0.4441	0.5968	0.4884	0.8945	0.1545	0.2634	1.242
zscore	self	0.05	0.3944	0.0	1288	1221	1026	0.8403	0.7966	0.8179	0.948	0.5081	0.2906	0.3697	7.347
zscore	self	0.05	0.3944	0.05	1288	1218	978	0.803	0.7593	0.7805	0.9457	0.5501	0.2704	0.3626	4.158
zscore	self	0.05	0.3944	0.1	1288	1212	915	0.755	0.7104	0.732	0.941	0.5796	0.2505	0.3498	2.751
zscore	self	0.05	0.3944	0.15	1288	1200	864	0.72	0.6708	0.6945	0.9317	0.5876	0.235	0.3358	2.108
zscore	self	0.05	0.3944	0.2	1288	1166	830	0.7118	0.6444	0.6764	0.9053	0.6171	0.2265	0.3314	1.749
zscore	self	0.05	0.3944	0.25	1288	1132	798	0.7049	0.6196	0.6595	0.8789	0.6311	0.2163	0.3222	1.581
zscore	self	0.05	0.3944	0.3	1288	1087	772	0.7102	0.5994	0.6501	0.8439	0.6537	0.2099	0.3178	1.446
zscore	self	0.05	0.3944	0.35	1288	1046	756	0.7228	0.587	0.6478	0.8121	0.6787	0.2059	0.3159	1.389
zscore	self	0.05	0.3944	0.4	1288	997	742	0.7442	0.5761	0.6495	0.7741	0.703	0.2015	0.3132	1.353
zscore	self	0.05	0.3944	0.45	1288	961	722	0.7513	0.5606	0.6421	0.7461	0.72	0.1942	0.3059	1.324
zscore	self	0.05	0.3944	0.5	1288	914	701	0.767	0.5443	0.6367	0.7096	0.7393	0.1862	0.2975	1.316
zscore	self	0.05	0.3944	0.55	1288	877	686	0.7822	0.5326	0.6337	0.6809	0.7568	0.1831	0.2948	1.295
zscore	self	0.05	0.3944	0.6	1288	825	668	0.8097	0.5186	0.6323	0.6405	0.7867	0.1802	0.2932	1.295
zscore	self	0.05	0.3944	0.65	1288	794	652	0.8212	0.5062	0.6263	0.6165	0.7977	0.176	0.2884	1.297
zscore	self	0.05	0.3944	0.7	1288	745	632	0.8483	0.4907	0.6217	0.5784	0.8252	0.1701	0.2821	1.281
zscore	self	0.05	0.3944	0.75	1288	711	618	0.8692	0.4798	0.6183	0.552	0.8486	0.1667	0.2786	1.281
zscore	self	0.05	0.3944	0.8	1288	672	603	0.8973	0.4682	0.6153	0.5217	0.8781	0.163	0.275	1.275
zscore	self	0.05	0.3944	0.85	1288	652	593	0.9095	0.4604	0.6113	0.5062	0.8938	0.1596	0.2708	1.241
zscore	self	0.05	0.3944	0.9	1288	615	572	0.9301	0.4441	0.6012	0.4775	0.9148	0.1545	0.2643	1.245
zscore	self	0.1	0.5005	0.0	1288	1158	1023	0.8834	0.7943	0.8365	0.8991	0.5354	0.2893	0.3757	7.182
zscore	self	0.1	0.5005	0.05	1288	1157	976	0.8436	0.7578	0.7984	0.8983	0.5799	0.27	0.3684	4.099
zscore	self	0.1	0.5005	0.1	1288	1151	913	0.7932	0.7089	0.7487	0.8936	0.6112	0.25	0.3549	2.71
zscore	self	0.1	0.5005	0.15	1288	1139	863	0.7577	0.67	0.7112	0.8843	0.6199	0.2346	0.3404	2.09
zscore	self	0.1	0.5005	0.2	1288	1107	829	0.7489	0.6436	0.6923	0.8595	0.651	0.2261	0.3356	1.721
zscore	self	0.1	0.5005	0.25	1288	1077	797	0.74	0.6188	0.674	0.8362	0.6643	0.2159	0.3259	1.56
zscore	self	0.1	0.5005	0.3	1288	1039	771	0.7421	0.5986	0.6627	0.8067	0.6862	0.2095	0.321	1.423
zscore	self	0.1	0.5005	0.35	1288	1000	755	0.755	0.5862	0.66	0.7764	0.7124	0.2055	0.319	1.378
zscore	self	0.1	0.5005	0.4	1288	953	741	0.7775	0.5753	0.6613	0.7399	0.7383	0.2011	0.3161	1.344
zscore	self	0.1	0.5005	0.45	1288	923	721	0.7811	0.5598	0.6522	0.7166	0.7521	0.1938	0.3082	1.325
zscore	self	0.1	0.5005	0.5	1288	879	700	0.7964	0.5435	0.6461	0.6825	0.7706	0.1858	0.2995	1.318
zscore	self	0.1	0.5005	0.55	1288	844	685	0.8116	0.5318	0.6426	0.6553	0.7885	0.1827	0.2967	1.297
zscore	self	0.1	0.5005	0.6	1288	797	668	0.8381	0.5186	0.6408	0.6188	0.8171	0.1802	0.2953	1.302
zscore	self	0.1	0.5005	0.65	1288	767	652	0.8501	0.5062	0.6345	0.5955	0.8287	0.176	0.2903	1.303
zscore	self	0.1	0.5005	0.7	1288	721	632	0.8766	0.4907	0.6292	0.5598	0.856	0.1701	0.2838	1.286
zscore	self	0.1	0.5005	0.75	1288	695	618	0.8892	0.4798	0.6233	0.5396	0.8717	0.1667	0.2799	1.284
zscore	self	0.1	0.5005	0.8	1288	660	603	0.9136	0.4682	0.6191	0.5124	0.8967	0.163	0.2759	1.276
zscore	self	0.1	0.5005	0.85	1288	641	593	0.9251	0.4604	0.6148	0.4977	0.9104	0.1596	0.2716	1.244
zscore	self	0.1	0.5005	0.9	1288	605	572	0.9455	0.4441	0.6043	0.4697	0.9298	0.1545	0.2649	1.247
zscore	self	0.15	0.5978	0.0	1288	1093	1014	0.9277	0.7873	0.8517	0.8486	0.5658	0.2847	0.3788	6.933
zscore	self	0.15	0.5978	0.05	1288	1092	971	0.8892	0.7539	0.816	0.8478	0.6126	0.2671	0.372	4.038
zscore	self	0.15	0.5978	0.1	1288	1086	909	0.837	0.7057	0.7658	0.8432	0.6459	0.2482	0.3586	2.679
zscore	self	0.15	0.5978	0.15	1288	1077	860	0.7985	0.6677	0.7273	0.8362	0.6547	0.2335	0.3443	2.089
zscore	self	0.15	0.5978	0.2	1288	1050	826	0.7867	0.6413	0.7066	0.8152	0.6848	0.225	0.3387	1.728
zscore	self	0.15	0.5978	0.25	1288	1023	794	0.7761	0.6165	0.6871	0.7943	0.6977	0.2149	0.3286	1.566
zscore	self	0.15	0.5978	0.3	1288	990	768	0.7758	0.5963	0.6743	0.7686	0.7185	0.2084	0.3231	1.429
zscore	self	0.15	0.5978	0.35	1288	955	752	0.7874	0.5839	0.6705	0.7415	0.7443	0.2044	0.3207	1.381
zscore	self	0.15	0.5978	0.4	1288	915	738	0.8066	0.573	0.67	0.7104	0.7673	0.2	0.3173	1.343
zscore	self	0.15	0.5978	0.45	1288	885	718	0.8113	0.5575	0.6608	0.6871	0.7822	0.1927	0.3092	1.325
zscore	self	0.15	0.5978	0.5	1288	843	697	0.8268	0.5411	0.6542	0.6545	0.8012	0.1848	0.3003	1.318
zscore	self	0.15	0.5978	0.55	1288	812	683	0.8411	0.5303	0.6505	0.6304	0.8184	0.1824	0.2983	1.298
zscore	self	0.15	0.5978	0.6	1288	768	666	0.8672	0.5171	0.6479	0.5963	0.8469	0.1799	0.2967	1.302
zscore	self	0.15	0.5978	0.65	1288	740	650	0.8784	0.5047	0.641	0.5745	0.8579	0.1757	0.2916	1.305
zscore	self	0.15	0.5978	0.7	1288	696	630	0.9052	0.4891	0.6351	0.5404	0.8857	0.1698	0.285	1.286
zscore	self	0.15	0.5978	0.75	1288	672	616	0.9167	0.4783	0.6286	0.5217	0.8992	0.1664	0.2808	1.286
zscore	self	0.15	0.5978	0.8	1288	639	601	0.9405	0.4666	0.6238	0.4961	0.9229	0.1627	0.2766	1.279
zscore	self	0.15	0.5978	0.85	1288	622	591	0.9502	0.4589	0.6188	0.4829	0.935	0.1593	0.2722	1.245
zscore	self	0.15	0.5978	0.9	1288	590	572	0.9695	0.4441	0.6092	0.4581	0.9534	0.1545	0.2658	1.25
zscore	self	0.2	0.719	0.0	1288	1029	985	0.9572	0.7648	0.8502	0.7989	0.5925	0.2767	0.3772	6.36
zscore	self	0.2	0.719	0.05	1288	1028	950	0.9241	0.7376	0.8204	0.7981	0.6419	0.2621	0.3722	3.771
zscore	self	0.2	0.719	0.1	1288	1022	891	0.8718	0.6918	0.7714	0.7935	0.6772	0.2443	0.359	2.546
zscore	self	0.2	0.719	0.15	1288	1015	844	0.8315	0.6553	0.733	0.788	0.6862	0.2301	0.3446	2.05
zscore	self	0.2	0.719	0.2	1288	997	815	0.8175	0.6328	0.7133	0.7741	0.7133	0.2218	0.3384	1.714
zscore	self	0.2	0.719	0.25	1288	977	784	0.8025	0.6087	0.6923	0.7585	0.7229	0.2124	0.3284	1.559
zscore	self	0.2	0.719	0.3	1288	946	759	0.8023	0.5893	0.6795	0.7345	0.7443	0.2061	0.3228	1.43
zscore	self	0.2	0.719	0.35	1288	916	743	0.8111	0.5769	0.6742	0.7112	0.7682	0.2021	0.32	1.384
zscore	self	0.2	0.719	0.4	1288	881	729	0.8275	0.566	0.6722	0.684	0.7889	0.1977	0.3162	1.342
zscore	self	0.2	0.719	0.45	1288	854	709	0.8302	0.5505	0.662	0.663	0.8023	0.1904	0.3077	1.323
zscore	self	0.2	0.719	0.5	1288	813	689	0.8475	0.5349	0.6559	0.6312	0.8234	0.1832	0.2998	1.318
zscore	self	0.2	0.719	0.55	1288	783	675	0.8621	0.5241	0.6519	0.6079	0.8411	0.1809	0.2977	1.297
zscore	self	0.2	0.719	0.6	1288	743	658	0.8856	0.5109	0.648	0.5769	0.8674	0.1783	0.2959	1.299
zscore	self	0.2	0.719	0.65	1288	717	642	0.8954	0.4984	0.6404	0.5567	0.8772	0.1741	0.2906	1.301
zscore	self	0.2	0.719	0.7	1288	677	622	0.9188	0.4829	0.6331	0.5256	0.9006	0.1683	0.2836	1.279
zscore	self	0.2	0.719	0.75	1288	654	608	0.9297	0.472	0.6262	0.5078	0.9137	0.1649	0.2793	1.279
zscore	self	0.2	0.719	0.8	1288	623	593	0.9518	0.4604	0.6206	0.4837	0.9359	0.1612	0.275	1.272
zscore	self	0.2	0.719	0.85	1288	608	583	0.9589	0.4526	0.615	0.472	0.9455	0.1579	0.2705	1.241
zscore	self	0.2	0.719	0.9	1288	577	565	0.9792	0.4387	0.6059	0.448	0.965	0.1532	0.2645	1.245
zscore	self	0.25	0.8162	0.0	1288	966	945	0.9783	0.7337	0.8385	0.75	0.618	0.2659	0.3718	6.046
zscore	self	0.25	0.8162	0.05	1288	965	917	0.9503	0.712	0.814	0.7492	0.6689	0.2538	0.368	3.635
zscore	self	0.25	0.8162	0.1	1288	960	859	0.8948	0.6669	0.7642	0.7453	0.7039	0.236	0.3535	2.465
zscore	self	0.25	0.8162	0.15	1288	954	819	0.8585	0.6359	0.7306	0.7407	0.7148	0.2234	0.3404	1.993
zscore	self	0.25	0.8162	0.2	1288	940	793	0.8436	0.6157	0.7118	0.7298	0.7405	0.2152	0.3335	1.675
zscore	self	0.25	0.8162	0.25	1288	925	766	0.8281	0.5947	0.6923	0.7182	0.7505	0.2073	0.3249	1.523
zscore	self	0.25	0.8162	0.3	1288	899	741	0.8242	0.5753	0.6776	0.698	0.7707	0.201	0.3189	1.393
zscore	self	0.25	0.8162	0.35	1288	874	725	0.8295	0.5629	0.6707	0.6786	0.7916	0.197	0.3155	1.347
zscore	self	0.25	0.8162	0.4	1288	844	715	0.8472	0.5551	0.6707	0.6553	0.8128	0.1939	0.3131	1.325
zscore	self	0.25	0.8162	0.45	1288	819	695	0.8486	0.5396	0.6597	0.6359	0.8258	0.1865	0.3043	1.305
zscore	self	0.25	0.8162	0.5	1288	781	675	0.8643	0.5241	0.6525	0.6064	0.8452	0.1794	0.296	1.301
zscore	self	0.25	0.8162	0.55	1288	754	662	0.878	0.514	0.6484	0.5854	0.8617	0.1772	0.294	1.292
zscore	self	0.25	0.8162	0.6	1288	715	645	0.9021	0.5008	0.644	0.5551	0.8855	0.1747	0.2918	1.293
zscore	self	0.25	0.8162	0.65	1288	690	629	0.9116	0.4884	0.636	0.5357	0.8951	0.1705	0.2864	1.295
zscore	self	0.25	0.8162	0.7	1288	654	611	0.9343	0.4744	0.6292	0.5078	0.9168	0.1652	0.2799	1.284
zscore	self	0.25	0.8162	0.75	1288	632	597	0.9446	0.4635	0.6219	0.4907	0.9296	0.1617	0.2755	1.283
zscore	self	0.25	0.8162	0.8	1288	606	583	0.962	0.4526	0.6156	0.4705	0.9471	0.1582	0.2711	1.277
zscore	self	0.25	0.8162	0.85	1288	591	573	0.9695	0.4449	0.6099	0.4589	0.9573	0.1549	0.2666	1.245
zscore	self	0.25	0.8162	0.9	1288	563	555	0.9858	0.4309	0.5997	0.4371	0.973	0.1502	0.2603	1.25
zscore	self	0.3	0.8725	0.0	1288	901	892	0.99	0.6925	0.815	0.6995	0.6466	0.2469	0.3574	5.711
zscore	self	0.3	0.8725	0.05	1288	901	871	0.9667	0.6762	0.7958	0.6995	0.6991	0.2371	0.3541	3.525
zscore	self	0.3	0.8725	0.1	1288	898	823	0.9165	0.639	0.753	0.6972	0.7337	0.2217	0.3405	2.425
zscore	self	0.3	0.8725	0.15	1288	892	792	0.8879	0.6149	0.7266	0.6925	0.7474	0.2111	0.3293	1.978
zscore	self	0.3	0.8725	0.2	1288	879	769	0.8749	0.597	0.7097	0.6825	0.774	0.2042	0.3232	1.661
zscore	self	0.3	0.8725	0.25	1288	867	744	0.8581	0.5776	0.6905	0.6731	0.7843	0.1973	0.3153	1.514
zscore	self	0.3	0.8725	0.3	1288	843	721	0.8553	0.5598	0.6767	0.6545	0.8056	0.1919	0.3099	1.388
zscore	self	0.3	0.8725	0.35	1288	823	709	0.8615	0.5505	0.6717	0.639	0.8264	0.1897	0.3086	1.346
zscore	self	0.3	0.8725	0.4	1288	800	700	0.875	0.5435	0.6705	0.6211	0.8439	0.1873	0.3066	1.329
zscore	self	0.3	0.8725	0.45	1288	778	683	0.8779	0.5303	0.6612	0.604	0.8572	0.1823	0.3007	1.311
zscore	self	0.3	0.8725	0.5	1288	745	665	0.8926	0.5163	0.6542	0.5784	0.8737	0.1767	0.294	1.309
zscore	self	0.3	0.8725	0.55	1288	721	652	0.9043	0.5062	0.6491	0.5598	0.8884	0.1746	0.2918	1.299
zscore	self	0.3	0.8725	0.6	1288	688	637	0.9259	0.4946	0.6447	0.5342	0.9099	0.1723	0.2897	1.298
zscore	self	0.3	0.8725	0.65	1288	666	622	0.9339	0.4829	0.6366	0.5171	0.9182	0.1685	0.2847	1.298
zscore	self	0.3	0.8725	0.7	1288	634	605	0.9543	0.4697	0.6296	0.4922	0.9377	0.1632	0.278	1.285
zscore	self	0.3	0.8725	0.75	1288	613	591	0.9641	0.4589	0.6218	0.4759	0.9501	0.1597	0.2735	1.284
zscore	self	0.3	0.8725	0.8	1288	590	577	0.978	0.448	0.6145	0.4581	0.9643	0.1562	0.2688	1.278
zscore	self	0.3	0.8725	0.85	1288	579	567	0.9793	0.4402	0.6074	0.4495	0.9685	0.1529	0.2641	1.245
zscore	self	0.3	0.8725	0.9	1288	555	550	0.991	0.427	0.5969	0.4309	0.9797	0.1484	0.2577	1.254
zscore	self	0.35	0.914	0.0	1288	837	833	0.9952	0.6467	0.784	0.6498	0.672	0.2299	0.3426	5.474
zscore	self	0.35	0.914	0.05	1288	837	819	0.9785	0.6359	0.7708	0.6498	0.7228	0.2225	0.3402	3.418
zscore	self	0.35	0.914	0.1	1288	834	783	0.9388	0.6079	0.738	0.6475	0.7596	0.2102	0.3292	2.38
zscore	self	0.35	0.914	0.15	1288	829	755	0.9107	0.5862	0.7133	0.6436	0.7724	0.2005	0.3184	1.947
zscore	self	0.35	0.914	0.2	1288	818	732	0.8949	0.5683	0.6952	0.6351	0.7985	0.1939	0.312	1.639
zscore	self	0.35	0.914	0.25	1288	807	709	0.8786	0.5505	0.6768	0.6266	0.8081	0.188	0.305	1.506
zscore	self	0.35	0.914	0.3	1288	788	689	0.8744	0.5349	0.6638	0.6118	0.8297	0.1832	0.3002	1.378
zscore	self	0.35	0.914	0.35	1288	770	678	0.8805	0.5264	0.6589	0.5978	0.8483	0.1812	0.2986	1.344
zscore	self	0.35	0.914	0.4	1288	750	671	0.8947	0.521	0.6585	0.5823	0.866	0.1789	0.2966	1.327
zscore	self	0.35	0.914	0.45	1288	731	657	0.8988	0.5101	0.6508	0.5675	0.8794	0.1741	0.2907	1.31
zscore	self	0.35	0.914	0.5	1288	702	639	0.9103	0.4961	0.6422	0.545	0.8929	0.1685	0.2835	1.307
zscore	self	0.35	0.914	0.55	1288	680	628	0.9235	0.4876	0.6382	0.528	0.9076	0.1666	0.2815	1.304
zscore	self	0.35	0.914	0.6	1288	654	615	0.9404	0.4775	0.6334	0.5078	0.9246	0.1647	0.2796	1.299
zscore	self	0.35	0.914	0.65	1288	634	601	0.9479	0.4666	0.6254	0.4922	0.9324	0.1613	0.275	1.301
zscore	self	0.35	0.914	0.7	1288	605	586	0.9686	0.455	0.6191	0.4697	0.9523	0.1563	0.2685	1.29
zscore	self	0.35	0.914	0.75	1288	586	573	0.9778	0.4449	0.6115	0.455	0.9643	0.1529	0.264	1.288
zscore	self	0.35	0.914	0.8	1288	566	559	0.9876	0.434	0.603	0.4394	0.9745	0.1494	0.259	1.281
zscore	self	0.35	0.914	0.85	1288	556	550	0.9892	0.427	0.5965	0.4317	0.978	0.1468	0.2553	1.25
zscore	self	0.35	0.914	0.9	1288	536	535	0.9981	0.4154	0.5866	0.4161	0.9865	0.1424	0.2489	1.257
zscore	self	0.4	0.9695	0.0	1288	773	773	1.0	0.6002	0.7501	0.6002	0.6968	0.2175	0.3316	5.257
zscore	self	0.4	0.9695	0.05	1288	773	763	0.9871	0.5924	0.7404	0.6002	0.7467	0.2122	0.3305	3.295
zscore	self	0.4	0.9695	0.1	1288	770	734	0.9532	0.5699	0.7133	0.5978	0.783	0.2009	0.3197	2.339
zscore	self	0.4	0.9695	0.15	1288	767	711	0.927	0.552	0.692	0.5955	0.7944	0.1931	0.3107	1.931
zscore	self	0.4	0.9695	0.2	1288	757	692	0.9141	0.5373	0.6768	0.5877	0.8209	0.1872	0.3048	1.636
zscore	self	0.4	0.9695	0.25	1288	747	673	0.9009	0.5225	0.6614	0.58	0.8326	0.1816	0.2981	1.509
zscore	self	0.4	0.9695	0.3	1288	730	655	0.8973	0.5085	0.6492	0.5668	0.8536	0.1773	0.2936	1.379
zscore	self	0.4	0.9695	0.35	1288	717	646	0.901	0.5016	0.6444	0.5567	0.8694	0.1753	0.2918	1.349
zscore	self	0.4	0.9695	0.4	1288	698	639	0.9155	0.4961	0.6435	0.5419	0.8881	0.1732	0.2899	1.332
zscore	self	0.4	0.9695	0.45	1288	682	626	0.9179	0.486	0.6355	0.5295	0.8992	0.1684	0.2837	1.315
zscore	self	0.4	0.9695	0.5	1288	655	609	0.9298	0.4728	0.6269	0.5085	0.9132	0.1632	0.2769	1.311
zscore	self	0.4	0.9695	0.55	1288	638	602	0.9436	0.4674	0.6251	0.4953	0.928	0.1618	0.2756	1.309
zscore	self	0.4	0.9695	0.6	1288	617	590	0.9562	0.4581	0.6194	0.479	0.941	0.1602	0.2738	1.305
zscore	self	0.4	0.9695	0.65	1288	600	577	0.9617	0.448	0.6112	0.4658	0.9468	0.1572	0.2696	1.305
zscore	self	0.4	0.9695	0.7	1288	577	564	0.9775	0.4379	0.6048	0.448	0.962	0.1526	0.2634	1.291
zscore	self	0.4	0.9695	0.75	1288	559	552	0.9875	0.4286	0.5977	0.434	0.9733	0.1494	0.2591	1.288
zscore	self	0.4	0.9695	0.8	1288	543	539	0.9926	0.4185	0.5887	0.4216	0.979	0.1459	0.2539	1.28
zscore	self	0.4	0.9695	0.85	1288	533	530	0.9944	0.4115	0.5821	0.4138	0.9826	0.1434	0.2502	1.248
zscore	self	0.4	0.9695	0.9	1288	516	516	1.0	0.4006	0.5721	0.4006	0.9879	0.1389	0.2436	1.254
zscore	self	0.45	0.9945	0.0	1288	708	708	1.0	0.5497	0.7094	0.5497	0.7303	0.203	0.3177	4.734
zscore	self	0.45	0.9945	0.05	1288	708	701	0.9901	0.5443	0.7024	0.5497	0.7764	0.1987	0.3164	3.0
zscore	self	0.45	0.9945	0.1	1288	707	683	0.9661	0.5303	0.6847	0.5489	0.8113	0.1912	0.3095	2.242
zscore	self	0.45	0.9945	0.15	1288	704	662	0.9403	0.514	0.6647	0.5466	0.8215	0.1844	0.3012	1.858
zscore	self	0.45	0.9945	0.2	1288	698	646	0.9255	0.5016	0.6506	0.5419	0.8417	0.1792	0.2954	1.601
zscore	self	0.45	0.9945	0.25	1288	690	631	0.9145	0.4899	0.638	0.5357	0.85	0.1742	0.2891	1.481
zscore	self	0.45	0.9945	0.3	1288	677	615	0.9084	0.4775	0.626	0.5256	0.8662	0.1704	0.2847	1.376
zscore	self	0.45	0.9945	0.35	1288	665	606	0.9113	0.4705	0.6206	0.5163	0.8793	0.1685	0.2828	1.356
zscore	self	0.45	0.9945	0.4	1288	647	599	0.9258	0.4651	0.6191	0.5023	0.897	0.1664	0.2807	1.338
zscore	self	0.45	0.9945	0.45	1288	634	589	0.929	0.4573	0.6129	0.4922	0.9097	0.1622	0.2753	1.319
zscore	self	0.45	0.9945	0.5	1288	608	573	0.9424	0.4449	0.6044	0.472	0.9254	0.1573	0.2688	1.314
zscore	self	0.45	0.9945	0.55	1288	595	567	0.9529	0.4402	0.6022	0.462	0.9371	0.156	0.2675	1.309
zscore	self	0.45	0.9945	0.6	1288	578	558	0.9654	0.4332	0.5981	0.4488	0.95	0.1547	0.266	1.303
zscore	self	0.45	0.9945	0.65	1288	565	547	0.9681	0.4247	0.5904	0.4387	0.9524	0.1525	0.2629	1.304
zscore	self	0.45	0.9945	0.7	1288	548	537	0.9799	0.4169	0.585	0.4255	0.9637	0.1485	0.2573	1.303
zscore	self	0.45	0.9945	0.75	1288	532	527	0.9906	0.4092	0.5791	0.413	0.9757	0.1458	0.2536	1.299
zscore	self	0.45	0.9945	0.8	1288	519	517	0.9961	0.4014	0.5722	0.403	0.9819	0.1432	0.25	1.289
zscore	self	0.45	0.9945	0.85	1288	512	511	0.998	0.3967	0.5678	0.3975	0.9858	0.1409	0.2465	1.254
zscore	self	0.45	0.9945	0.9	1288	501	501	1.0	0.389	0.5601	0.389	0.9875	0.1368	0.2403	1.259
zscore	self	0.5	0.9991	0.0	1288	644	644	1.0	0.5	0.6667	0.5	0.7521	0.1828	0.2941	4.449
zscore	self	0.5	0.9991	0.05	1288	644	639	0.9922	0.4961	0.6615	0.5	0.7986	0.179	0.2924	2.818
zscore	self	0.5	0.9991	0.1	1288	643	625	0.972	0.4852	0.6473	0.4992	0.831	0.1739	0.2876	2.123
zscore	self	0.5	0.9991	0.15	1288	641	611	0.9532	0.4744	0.6335	0.4977	0.8405	0.1681	0.2801	1.793
zscore	self	0.5	0.9991	0.2	1288	636	599	0.9418	0.4651	0.6227	0.4938	0.8624	0.165	0.277	1.553
zscore	self	0.5	0.9991	0.25	1288	630	586	0.9302	0.455	0.6111	0.4891	0.8696	0.1611	0.2718	1.456
zscore	self	0.5	0.9991	0.3	1288	619	570	0.9208	0.4425	0.5978	0.4806	0.8823	0.1572	0.2669	1.36
zscore	self	0.5	0.9991	0.35	1288	611	562	0.9198	0.4363	0.5919	0.4744	0.8877	0.1554	0.2645	1.346
zscore	self	0.5	0.9991	0.4	1288	596	557	0.9346	0.4325	0.5913	0.4627	0.9061	0.1538	0.263	1.327
zscore	self	0.5	0.9991	0.45	1288	584	548	0.9384	0.4255	0.5855	0.4534	0.9182	0.1497	0.2575	1.312
zscore	self	0.5	0.9991	0.5	1288	563	534	0.9485	0.4146	0.577	0.4371	0.931	0.1454	0.2515	1.307
zscore	self	0.5	0.9991	0.55	1288	553	530	0.9584	0.4115	0.5758	0.4293	0.9423	0.145	0.2513	1.3
zscore	self	0.5	0.9991	0.6	1288	540	522	0.9667	0.4053	0.5711	0.4193	0.9511	0.1437	0.2497	1.298
zscore	self	0.5	0.9991	0.65	1288	528	512	0.9697	0.3975	0.5639	0.4099	0.9538	0.1417	0.2467	1.299
zscore	self	0.5	0.9991	0.7	1288	512	502	0.9805	0.3898	0.5578	0.3975	0.964	0.1377	0.2409	1.299
zscore	self	0.5	0.9991	0.75	1288	497	492	0.9899	0.382	0.5513	0.3859	0.974	0.1349	0.237	1.296
zscore	self	0.5	0.9991	0.8	1288	488	486	0.9959	0.3773	0.5473	0.3789	0.9807	0.1332	0.2346	1.291
zscore	self	0.5	0.9991	0.85	1288	481	480	0.9979	0.3727	0.5427	0.3734	0.9849	0.1309	0.2311	1.256
zscore	self	0.5	0.9991	0.9	1288	473	473	1.0	0.3672	0.5372	0.3672	0.9868	0.1285	0.2273	1.26
zscore	self	0.55	1.0	0.0	1288	584	584	1.0	0.4534	0.6239	0.4534	0.7575	0.1661	0.2725	4.488
zscore	self	0.55	1.0	0.05	1288	584	579	0.9914	0.4495	0.6186	0.4534	0.8052	0.1627	0.2707	2.815
zscore	self	0.55	1.0	0.1	1288	583	566	0.9708	0.4394	0.605	0.4526	0.8368	0.1577	0.2654	2.087
zscore	self	0.55	1.0	0.15	1288	581	553	0.9518	0.4293	0.5918	0.4511	0.8454	0.1529	0.2589	1.746
zscore	self	0.55	1.0	0.2	1288	576	542	0.941	0.4208	0.5815	0.4472	0.8684	0.15	0.2559	1.506
zscore	self	0.55	1.0	0.25	1288	570	531	0.9316	0.4123	0.5716	0.4425	0.8742	0.1465	0.2509	1.448
zscore	self	0.55	1.0	0.3	1288	561	518	0.9234	0.4022	0.5603	0.4356	0.8854	0.1432	0.2465	1.365
zscore	self	0.55	1.0	0.35	1288	553	511	0.9241	0.3967	0.5551	0.4293	0.8909	0.1413	0.244	1.354
zscore	self	0.55	1.0	0.4	1288	539	507	0.9406	0.3936	0.555	0.4185	0.9116	0.1398	0.2425	1.335
zscore	self	0.55	1.0	0.45	1288	528	500	0.947	0.3882	0.5507	0.4099	0.9247	0.1365	0.2379	1.326
zscore	self	0.55	1.0	0.5	1288	511	488	0.955	0.3789	0.5425	0.3967	0.9357	0.1329	0.2327	1.32
zscore	self	0.55	1.0	0.55	1288	501	484	0.9661	0.3758	0.5411	0.389	0.9483	0.1324	0.2324	1.317
zscore	self	0.55	1.0	0.6	1288	489	476	0.9734	0.3696	0.5357	0.3797	0.9562	0.1312	0.2308	1.315
zscore	self	0.55	1.0	0.65	1288	479	468	0.977	0.3634	0.5297	0.3719	0.9595	0.1294	0.2281	1.315
zscore	self	0.55	1.0	0.7	1288	469	460	0.9808	0.3571	0.5236	0.3641	0.9629	0.1266	0.2237	1.311
zscore	self	0.55	1.0	0.75	1288	456	452	0.9912	0.3509	0.5183	0.354	0.9739	0.1245	0.2208	1.307
zscore	self	0.55	1.0	0.8	1288	449	447	0.9955	0.347	0.5147	0.3486	0.979	0.1229	0.2184	1.301
zscore	self	0.55	1.0	0.85	1288	442	441	0.9977	0.3424	0.5098	0.3432	0.9836	0.1206	0.2148	1.262
zscore	self	0.55	1.0	0.9	1288	435	435	1.0	0.3377	0.5049	0.3377	0.9856	0.1189	0.2122	1.267
zscore	self	0.6	1.0	0.0	1288	525	525	1.0	0.4076	0.5792	0.4076	0.7589	0.1478	0.2474	4.528
zscore	self	0.6	1.0	0.05	1288	525	520	0.9905	0.4037	0.5736	0.4076	0.8041	0.1446	0.2451	2.855
zscore	self	0.6	1.0	0.1	1288	524	510	0.9733	0.396	0.5629	0.4068	0.8349	0.141	0.2412	2.124
zscore	self	0.6	1.0	0.15	1288	523	497	0.9503	0.3859	0.5489	0.4061	0.8416	0.1361	0.2344	1.771
zscore	self	0.6	1.0	0.2	1288	519	488	0.9403	0.3789	0.5401	0.403	0.8675	0.1336	0.2316	1.523
zscore	self	0.6	1.0	0.25	1288	513	477	0.9298	0.3703	0.5297	0.3983	0.8739	0.1302	0.2267	1.461
zscore	self	0.6	1.0	0.3	1288	505	465	0.9208	0.361	0.5187	0.3921	0.8855	0.1277	0.2232	1.37
zscore	self	0.6	1.0	0.35	1288	497	458	0.9215	0.3556	0.5132	0.3859	0.8907	0.1259	0.2206	1.359
zscore	self	0.6	1.0	0.4	1288	483	455	0.942	0.3533	0.5138	0.375	0.9134	0.1248	0.2195	1.343
zscore	self	0.6	1.0	0.45	1288	474	450	0.9494	0.3494	0.5108	0.368	0.9284	0.122	0.2157	1.331
zscore	self	0.6	1.0	0.5	1288	459	439	0.9564	0.3408	0.5026	0.3564	0.9403	0.1192	0.2115	1.329
zscore	self	0.6	1.0	0.55	1288	451	435	0.9645	0.3377	0.5003	0.3502	0.9481	0.1187	0.211	1.326
zscore	self	0.6	1.0	0.6	1288	440	428	0.9727	0.3323	0.4954	0.3416	0.957	0.1176	0.2095	1.323
zscore	self	0.6	1.0	0.65	1288	430	420	0.9767	0.3261	0.4889	0.3339	0.9607	0.1159	0.2068	1.323
zscore	self	0.6	1.0	0.7	1288	420	412	0.981	0.3199	0.4824	0.3261	0.9645	0.113	0.2023	1.319
zscore	self	0.6	1.0	0.75	1288	407	404	0.9926	0.3137	0.4767	0.316	0.9769	0.1109	0.1992	1.314
zscore	self	0.6	1.0	0.8	1288	402	400	0.995	0.3106	0.4734	0.3121	0.9803	0.1095	0.197	1.306
zscore	self	0.6	1.0	0.85	1288	396	395	0.9975	0.3067	0.4691	0.3075	0.9842	0.108	0.1946	1.265
zscore	self	0.6	1.0	0.9	1288	390	390	1.0	0.3028	0.4648	0.3028	0.9865	0.1065	0.1922	1.269
zscore	self	0.65	1.0	0.0	1288	506	506	1.0	0.3929	0.5641	0.3929	0.762	0.1418	0.2391	4.403
zscore	self	0.65	1.0	0.05	1288	506	502	0.9921	0.3898	0.5596	0.3929	0.8064	0.139	0.2372	2.836
zscore	self	0.65	1.0	0.1	1288	506	493	0.9743	0.3828	0.5496	0.3929	0.8366	0.1362	0.2342	2.117
zscore	self	0.65	1.0	0.15	1288	505	480	0.9505	0.3727	0.5354	0.3921	0.8432	0.1314	0.2273	1.765
zscore	self	0.65	1.0	0.2	1288	501	472	0.9421	0.3665	0.5277	0.389	0.8692	0.129	0.2246	1.522
zscore	self	0.65	1.0	0.25	1288	496	464	0.9355	0.3602	0.5202	0.3851	0.8776	0.1266	0.2213	1.463
zscore	self	0.65	1.0	0.3	1288	489	452	0.9243	0.3509	0.5087	0.3797	0.8879	0.1241	0.2178	1.371
zscore	self	0.65	1.0	0.35	1288	481	445	0.9252	0.3455	0.5031	0.3734	0.8933	0.1223	0.2151	1.361
zscore	self	0.65	1.0	0.4	1288	468	442	0.9444	0.3432	0.5034	0.3634	0.9149	0.1212	0.214	1.343
zscore	self	0.65	1.0	0.45	1288	460	437	0.95	0.3393	0.5	0.3571	0.9284	0.1185	0.2101	1.33
zscore	self	0.65	1.0	0.5	1288	446	426	0.9552	0.3307	0.4913	0.3463	0.9385	0.1156	0.2058	1.327
zscore	self	0.65	1.0	0.55	1288	438	422	0.9635	0.3276	0.489	0.3401	0.9465	0.1151	0.2053	1.324
zscore	self	0.65	1.0	0.6	1288	427	415	0.9719	0.3222	0.484	0.3315	0.9557	0.114	0.2038	1.321
zscore	self	0.65	1.0	0.65	1288	417	407	0.976	0.316	0.4774	0.3238	0.9594	0.1123	0.201	1.321
zscore	self	0.65	1.0	0.7	1288	407	399	0.9803	0.3098	0.4708	0.316	0.9633	0.1094	0.1965	1.317
zscore	self	0.65	1.0	0.75	1288	394	391	0.9924	0.3036	0.4649	0.3059	0.9761	0.1073	0.1934	1.312
zscore	self	0.65	1.0	0.8	1288	389	387	0.9949	0.3005	0.4615	0.302	0.9796	0.1059	0.1912	1.303
zscore	self	0.65	1.0	0.85	1288	383	382	0.9974	0.2966	0.4572	0.2974	0.9837	0.1044	0.1887	1.261
zscore	self	0.65	1.0	0.9	1288	377	377	1.0	0.2927	0.4529	0.2927	0.9861	0.1029	0.1863	1.265
zscore	self	0.7	1.0	0.0	1288	423	423	1.0	0.3284	0.4944	0.3284	0.7626	0.1182	0.2047	4.333
zscore	self	0.7	1.0	0.05	1288	423	419	0.9905	0.3253	0.4898	0.3284	0.805	0.1158	0.2024	2.87
zscore	self	0.7	1.0	0.1	1288	423	410	0.9693	0.3183	0.4793	0.3284	0.8343	0.1131	0.1991	2.125
zscore	self	0.7	1.0	0.15	1288	422	398	0.9431	0.309	0.4655	0.3276	0.8417	0.1089	0.1928	1.74
zscore	self	0.7	1.0	0.2	1288	419	393	0.9379	0.3051	0.4605	0.3253	0.8649	0.1072	0.1908	1.512
zscore	self	0.7	1.0	0.25	1288	415	387	0.9325	0.3005	0.4545	0.3222	0.8736	0.105	0.1874	1.454
zscore	self	0.7	1.0	0.3	1288	410	377	0.9195	0.2927	0.4441	0.3183	0.8826	0.1028	0.1842	1.365
zscore	self	0.7	1.0	0.35	1288	404	373	0.9233	0.2896	0.4409	0.3137	0.8895	0.1014	0.1821	1.358
zscore	self	0.7	1.0	0.4	1288	393	371	0.944	0.288	0.4414	0.3051	0.9131	0.1012	0.1822	1.34
zscore	self	0.7	1.0	0.45	1288	386	366	0.9482	0.2842	0.4373	0.2997	0.9268	0.0985	0.1781	1.326
zscore	self	0.7	1.0	0.5	1288	376	360	0.9574	0.2795	0.4327	0.2919	0.9408	0.0971	0.176	1.324
zscore	self	0.7	1.0	0.55	1288	370	356	0.9622	0.2764	0.4294	0.2873	0.9453	0.0967	0.1754	1.319
zscore	self	0.7	1.0	0.6	1288	360	350	0.9722	0.2717	0.4248	0.2795	0.9563	0.0956	0.1739	1.314
zscore	self	0.7	1.0	0.65	1288	351	343	0.9772	0.2663	0.4185	0.2725	0.9608	0.0942	0.1717	1.313
zscore	self	0.7	1.0	0.7	1288	341	335	0.9824	0.2601	0.4113	0.2648	0.9655	0.0914	0.167	1.308
zscore	self	0.7	1.0	0.75	1288	331	329	0.994	0.2554	0.4064	0.257	0.9781	0.0895	0.1639	1.302
zscore	self	0.7	1.0	0.8	1288	327	325	0.9939	0.2523	0.4025	0.2539	0.9778	0.0881	0.1616	1.294
zscore	self	0.7	1.0	0.85	1288	321	320	0.9969	0.2484	0.3978	0.2492	0.9826	0.0865	0.159	1.243
zscore	self	0.7	1.0	0.9	1288	316	316	1.0	0.2453	0.394	0.2453	0.9855	0.0858	0.1579	1.247
zscore	self	0.75	1.0	0.0	1288	381	381	1.0	0.2958	0.4566	0.2958	0.7734	0.1052	0.1851	4.357
zscore	self	0.75	1.0	0.05	1288	381	377	0.9895	0.2927	0.4518	0.2958	0.8155	0.1027	0.1825	2.895
zscore	self	0.75	1.0	0.1	1288	381	370	0.9711	0.2873	0.4434	0.2958	0.8446	0.1006	0.1798	2.139
zscore	self	0.75	1.0	0.15	1288	380	358	0.9421	0.278	0.4293	0.295	0.8483	0.0965	0.1733	1.738
zscore	self	0.75	1.0	0.2	1288	377	353	0.9363	0.2741	0.424	0.2927	0.8719	0.0949	0.1711	1.492
zscore	self	0.75	1.0	0.25	1288	373	350	0.9383	0.2717	0.4214	0.2896	0.8821	0.0938	0.1696	1.447
zscore	self	0.75	1.0	0.3	1288	369	341	0.9241	0.2648	0.4116	0.2865	0.8894	0.0921	0.1669	1.354
zscore	self	0.75	1.0	0.35	1288	363	338	0.9311	0.2624	0.4094	0.2818	0.8986	0.0908	0.1649	1.352
zscore	self	0.75	1.0	0.4	1288	355	337	0.9493	0.2616	0.4102	0.2756	0.9188	0.0906	0.165	1.334
zscore	self	0.75	1.0	0.45	1288	350	334	0.9543	0.2593	0.4078	0.2717	0.9336	0.0887	0.162	1.323
zscore	self	0.75	1.0	0.5	1288	342	330	0.9649	0.2562	0.4049	0.2655	0.9496	0.0878	0.1607	1.319
zscore	self	0.75	1.0	0.55	1288	337	327	0.9703	0.2539	0.4025	0.2616	0.9547	0.0874	0.1602	1.315
zscore	self	0.75	1.0	0.6	1288	329	321	0.9757	0.2492	0.397	0.2554	0.9612	0.0864	0.1586	1.31
zscore	self	0.75	1.0	0.65	1288	322	315	0.9783	0.2446	0.3913	0.25	0.9635	0.0851	0.1564	1.311
zscore	self	0.75	1.0	0.7	1288	315	309	0.981	0.2399	0.3855	0.2446	0.9659	0.0834	0.1536	1.305
zscore	self	0.75	1.0	0.75	1288	305	303	0.9934	0.2352	0.3804	0.2368	0.9795	0.0815	0.1505	1.298
zscore	self	0.75	1.0	0.8	1288	301	299	0.9934	0.2321	0.3763	0.2337	0.9792	0.0801	0.1481	1.289
zscore	self	0.75	1.0	0.85	1288	295	294	0.9966	0.2283	0.3714	0.229	0.9845	0.0785	0.1455	1.234
zscore	self	0.75	1.0	0.9	1288	290	290	1.0	0.2252	0.3676	0.2252	0.9876	0.0778	0.1443	1.238
zscore	self	0.8	1.0	0.0	1288	381	381	1.0	0.2958	0.4566	0.2958	0.7734	0.1052	0.1851	4.357
zscore	self	0.8	1.0	0.05	1288	381	377	0.9895	0.2927	0.4518	0.2958	0.8155	0.1027	0.1825	2.895
zscore	self	0.8	1.0	0.1	1288	381	370	0.9711	0.2873	0.4434	0.2958	0.8446	0.1006	0.1798	2.139
zscore	self	0.8	1.0	0.15	1288	380	358	0.9421	0.278	0.4293	0.295	0.8483	0.0965	0.1733	1.738
zscore	self	0.8	1.0	0.2	1288	377	353	0.9363	0.2741	0.424	0.2927	0.8719	0.0949	0.1711	1.492
zscore	self	0.8	1.0	0.25	1288	373	350	0.9383	0.2717	0.4214	0.2896	0.8821	0.0938	0.1696	1.447
zscore	self	0.8	1.0	0.3	1288	369	341	0.9241	0.2648	0.4116	0.2865	0.8894	0.0921	0.1669	1.354
zscore	self	0.8	1.0	0.35	1288	363	338	0.9311	0.2624	0.4094	0.2818	0.8986	0.0908	0.1649	1.352
zscore	self	0.8	1.0	0.4	1288	355	337	0.9493	0.2616	0.4102	0.2756	0.9188	0.0906	0.165	1.334
zscore	self	0.8	1.0	0.45	1288	350	334	0.9543	0.2593	0.4078	0.2717	0.9336	0.0887	0.162	1.323
zscore	self	0.8	1.0	0.5	1288	342	330	0.9649	0.2562	0.4049	0.2655	0.9496	0.0878	0.1607	1.319
zscore	self	0.8	1.0	0.55	1288	337	327	0.9703	0.2539	0.4025	0.2616	0.9547	0.0874	0.1602	1.315
zscore	self	0.8	1.0	0.6	1288	329	321	0.9757	0.2492	0.397	0.2554	0.9612	0.0864	0.1586	1.31
zscore	self	0.8	1.0	0.65	1288	322	315	0.9783	0.2446	0.3913	0.25	0.9635	0.0851	0.1564	1.311
zscore	self	0.8	1.0	0.7	1288	315	309	0.981	0.2399	0.3855	0.2446	0.9659	0.0834	0.1536	1.305
zscore	self	0.8	1.0	0.75	1288	305	303	0.9934	0.2352	0.3804	0.2368	0.9795	0.0815	0.1505	1.298
zscore	self	0.8	1.0	0.8	1288	301	299	0.9934	0.2321	0.3763	0.2337	0.9792	0.0801	0.1481	1.289
zscore	self	0.8	1.0	0.85	1288	295	294	0.9966	0.2283	0.3714	0.229	0.9845	0.0785	0.1455	1.234
zscore	self	0.8	1.0	0.9	1288	290	290	1.0	0.2252	0.3676	0.2252	0.9876	0.0778	0.1443	1.238
zscore	self	0.85	1.0	0.0	1288	222	222	1.0	0.1724	0.294	0.1724	0.7684	0.0621	0.115	4.608
zscore	self	0.85	1.0	0.05	1288	222	218	0.982	0.1693	0.2887	0.1724	0.8151	0.0607	0.1129	2.892
zscore	self	0.85	1.0	0.1	1288	222	214	0.964	0.1661	0.2834	0.1724	0.8436	0.0593	0.1108	2.252
zscore	self	0.85	1.0	0.15	1288	221	209	0.9457	0.1623	0.277	0.1716	0.8535	0.0565	0.1061	1.784
zscore	self	0.85	1.0	0.2	1288	219	205	0.9361	0.1592	0.2721	0.17	0.8708	0.055	0.1035	1.477
zscore	self	0.85	1.0	0.25	1288	216	203	0.9398	0.1576	0.2699	0.1677	0.8844	0.0544	0.1024	1.429
zscore	self	0.85	1.0	0.3	1288	214	199	0.9299	0.1545	0.265	0.1661	0.8942	0.0538	0.1015	1.312
zscore	self	0.85	1.0	0.35	1288	210	196	0.9333	0.1522	0.2617	0.163	0.8993	0.0525	0.0993	1.308
zscore	self	0.85	1.0	0.4	1288	205	196	0.9561	0.1522	0.2626	0.1592	0.9211	0.0525	0.0994	1.311
zscore	self	0.85	1.0	0.45	1288	200	193	0.965	0.1498	0.2594	0.1553	0.9421	0.0506	0.096	1.3
zscore	self	0.85	1.0	0.5	1288	199	193	0.9698	0.1498	0.2596	0.1545	0.9518	0.0506	0.0961	1.291
zscore	self	0.85	1.0	0.55	1288	196	191	0.9745	0.1483	0.2574	0.1522	0.9562	0.0503	0.0956	1.281
zscore	self	0.85	1.0	0.6	1288	192	188	0.9792	0.146	0.2541	0.1491	0.9631	0.0501	0.0952	1.271
zscore	self	0.85	1.0	0.65	1288	189	185	0.9788	0.1436	0.2505	0.1467	0.9625	0.0498	0.0947	1.275
zscore	self	0.85	1.0	0.7	1288	186	183	0.9839	0.1421	0.2483	0.1444	0.9673	0.0493	0.0938	1.269
zscore	self	0.85	1.0	0.75	1288	182	180	0.989	0.1398	0.2449	0.1413	0.9721	0.0484	0.0922	1.275
zscore	self	0.85	1.0	0.8	1288	179	177	0.9888	0.1374	0.2413	0.139	0.9716	0.0472	0.0899	1.257
zscore	self	0.85	1.0	0.85	1288	175	174	0.9943	0.1351	0.2379	0.1359	0.9767	0.0463	0.0883	1.263
zscore	self	0.85	1.0	0.9	1288	171	171	1.0	0.1328	0.2344	0.1328	0.982	0.0457	0.0873	1.269
zscore	self	0.9	1.0	0.0	1288	222	222	1.0	0.1724	0.294	0.1724	0.7684	0.0621	0.115	4.608
zscore	self	0.9	1.0	0.05	1288	222	218	0.982	0.1693	0.2887	0.1724	0.8151	0.0607	0.1129	2.892
zscore	self	0.9	1.0	0.1	1288	222	214	0.964	0.1661	0.2834	0.1724	0.8436	0.0593	0.1108	2.252
zscore	self	0.9	1.0	0.15	1288	221	209	0.9457	0.1623	0.277	0.1716	0.8535	0.0565	0.1061	1.784
zscore	self	0.9	1.0	0.2	1288	219	205	0.9361	0.1592	0.2721	0.17	0.8708	0.055	0.1035	1.477
zscore	self	0.9	1.0	0.25	1288	216	203	0.9398	0.1576	0.2699	0.1677	0.8844	0.0544	0.1024	1.429
zscore	self	0.9	1.0	0.3	1288	214	199	0.9299	0.1545	0.265	0.1661	0.8942	0.0538	0.1015	1.312
zscore	self	0.9	1.0	0.35	1288	210	196	0.9333	0.1522	0.2617	0.163	0.8993	0.0525	0.0993	1.308
zscore	self	0.9	1.0	0.4	1288	205	196	0.9561	0.1522	0.2626	0.1592	0.9211	0.0525	0.0994	1.311
zscore	self	0.9	1.0	0.45	1288	200	193	0.965	0.1498	0.2594	0.1553	0.9421	0.0506	0.096	1.3
zscore	self	0.9	1.0	0.5	1288	199	193	0.9698	0.1498	0.2596	0.1545	0.9518	0.0506	0.0961	1.291
zscore	self	0.9	1.0	0.55	1288	196	191	0.9745	0.1483	0.2574	0.1522	0.9562	0.0503	0.0956	1.281
zscore	self	0.9	1.0	0.6	1288	192	188	0.9792	0.146	0.2541	0.1491	0.9631	0.0501	0.0952	1.271
zscore	self	0.9	1.0	0.65	1288	189	185	0.9788	0.1436	0.2505	0.1467	0.9625	0.0498	0.0947	1.275
zscore	self	0.9	1.0	0.7	1288	186	183	0.9839	0.1421	0.2483	0.1444	0.9673	0.0493	0.0938	1.269
zscore	self	0.9	1.0	0.75	1288	182	180	0.989	0.1398	0.2449	0.1413	0.9721	0.0484	0.0922	1.275
zscore	self	0.9	1.0	0.8	1288	179	177	0.9888	0.1374	0.2413	0.139	0.9716	0.0472	0.0899	1.257
zscore	self	0.9	1.0	0.85	1288	175	174	0.9943	0.1351	0.2379	0.1359	0.9767	0.0463	0.0883	1.263
zscore	self	0.9	1.0	0.9	1288	171	171	1.0	0.1328	0.2344	0.1328	0.982	0.0457	0.0873	1.269
zscore	self	0.95	1.0	0.0	1288	106	106	1.0	0.0823	0.1521	0.0823	0.7837	0.0296	0.057	4.519
zscore	self	0.95	1.0	0.05	1288	106	104	0.9811	0.0807	0.1492	0.0823	0.842	0.029	0.0561	2.84
zscore	self	0.95	1.0	0.1	1288	106	103	0.9717	0.08	0.1478	0.0823	0.8664	0.028	0.0542	2.16
zscore	self	0.95	1.0	0.15	1288	106	101	0.9528	0.0784	0.1449	0.0823	0.8757	0.0268	0.052	1.792
zscore	self	0.95	1.0	0.2	1288	106	98	0.9245	0.0761	0.1406	0.0823	0.8767	0.0257	0.0499	1.406
zscore	self	0.95	1.0	0.25	1288	105	98	0.9333	0.0761	0.1407	0.0815	0.893	0.0257	0.0499	1.381
zscore	self	0.95	1.0	0.3	1288	103	95	0.9223	0.0738	0.1366	0.08	0.8997	0.0252	0.049	1.243
zscore	self	0.95	1.0	0.35	1288	102	95	0.9314	0.0738	0.1367	0.0792	0.9085	0.0252	0.049	1.245
zscore	self	0.95	1.0	0.4	1288	98	95	0.9694	0.0738	0.1371	0.0761	0.9456	0.0252	0.049	1.255
zscore	self	0.95	1.0	0.45	1288	97	95	0.9794	0.0738	0.1372	0.0753	0.9553	0.0252	0.049	1.258
zscore	self	0.95	1.0	0.5	1288	96	95	0.9896	0.0738	0.1373	0.0745	0.9705	0.0252	0.0491	1.25
zscore	self	0.95	1.0	0.55	1288	95	94	0.9895	0.073	0.1359	0.0738	0.9702	0.025	0.0487	1.242
zscore	self	0.95	1.0	0.6	1288	95	93	0.9789	0.0722	0.1345	0.0738	0.9649	0.025	0.0487	1.232
zscore	self	0.95	1.0	0.65	1288	93	91	0.9785	0.0707	0.1318	0.0722	0.9642	0.0248	0.0484	1.237
zscore	self	0.95	1.0	0.7	1288	91	90	0.989	0.0699	0.1305	0.0707	0.9744	0.0245	0.0478	1.22
zscore	self	0.95	1.0	0.75	1288	91	90	0.989	0.0699	0.1305	0.0707	0.9744	0.0245	0.0478	1.22
zscore	self	0.95	1.0	0.8	1288	88	87	0.9886	0.0675	0.1265	0.0683	0.9735	0.0236	0.0461	1.216
zscore	self	0.95	1.0	0.85	1288	86	86	1.0	0.0668	0.1252	0.0668	0.9845	0.0236	0.046	1.221
zscore	self	0.95	1.0	0.9	1288	85	85	1.0	0.066	0.1238	0.066	0.9843	0.0234	0.0456	1.224
zscore	twin	0.0	0.2405	0.0	1288	1285	1003	0.7805	0.7787	0.7796	0.9977	0.4575	0.2811	0.3483	7.729
zscore	twin	0.0	0.2405	0.05	1288	1281	942	0.7354	0.7314	0.7334	0.9946	0.4954	0.2574	0.3388	4.285
zscore	twin	0.0	0.2405	0.1	1288	1276	879	0.6889	0.6825	0.6856	0.9907	0.5252	0.2384	0.3279	2.815
zscore	twin	0.0	0.2405	0.15	1288	1258	831	0.6606	0.6452	0.6528	0.9767	0.5345	0.2247	0.3164	2.125
zscore	twin	0.0	0.2405	0.2	1288	1220	791	0.6484	0.6141	0.6308	0.9472	0.5595	0.2149	0.3106	1.767
zscore	twin	0.0	0.2405	0.25	1288	1180	766	0.6492	0.5947	0.6207	0.9161	0.5791	0.2066	0.3045	1.58
zscore	twin	0.0	0.2405	0.3	1288	1131	749	0.6622	0.5815	0.6193	0.8781	0.6016	0.2018	0.3023	1.45
zscore	twin	0.0	0.2405	0.35	1288	1092	733	0.6712	0.5691	0.616	0.8478	0.6235	0.197	0.2994	1.379
zscore	twin	0.0	0.2405	0.4	1288	1033	714	0.6912	0.5543	0.6153	0.802	0.6491	0.1906	0.2947	1.324
zscore	twin	0.0	0.2405	0.45	1288	990	693	0.7	0.538	0.6084	0.7686	0.6648	0.1838	0.2879	1.293
zscore	twin	0.0	0.2405	0.5	1288	947	680	0.7181	0.528	0.6085	0.7352	0.6889	0.1796	0.285	1.282
zscore	twin	0.0	0.2405	0.55	1288	890	650	0.7303	0.5047	0.5969	0.691	0.7031	0.1718	0.2761	1.268
zscore	twin	0.0	0.2405	0.6	1288	833	629	0.7551	0.4884	0.5931	0.6467	0.7313	0.1651	0.2694	1.265
zscore	twin	0.0	0.2405	0.65	1288	795	616	0.7748	0.4783	0.5915	0.6172	0.7512	0.1612	0.2654	1.262
zscore	twin	0.0	0.2405	0.7	1288	752	599	0.7965	0.4651	0.5873	0.5839	0.775	0.1577	0.2621	1.239
zscore	twin	0.0	0.2405	0.75	1288	718	587	0.8175	0.4557	0.5852	0.5575	0.7987	0.1532	0.2571	1.238
zscore	twin	0.0	0.2405	0.8	1288	668	575	0.8608	0.4464	0.5879	0.5186	0.8421	0.1503	0.2551	1.235
zscore	twin	0.0	0.2405	0.85	1288	642	564	0.8785	0.4379	0.5845	0.4984	0.8621	0.1468	0.2509	1.226
zscore	twin	0.0	0.2405	0.9	1288	598	538	0.8997	0.4177	0.5705	0.4643	0.8849	0.1423	0.2452	1.227
zscore	twin	0.05	0.3935	0.0	1288	1221	1000	0.819	0.7764	0.7971	0.948	0.4811	0.2802	0.3542	7.676
zscore	twin	0.05	0.3935	0.05	1288	1218	939	0.7709	0.729	0.7494	0.9457	0.5208	0.2565	0.3437	4.255
zscore	twin	0.05	0.3935	0.1	1288	1213	876	0.7222	0.6801	0.7005	0.9418	0.5519	0.2375	0.3321	2.795
zscore	twin	0.05	0.3935	0.15	1288	1199	828	0.6906	0.6429	0.6659	0.9309	0.5611	0.2238	0.32	2.106
zscore	twin	0.05	0.3935	0.2	1288	1162	789	0.679	0.6126	0.6441	0.9022	0.5883	0.2143	0.3141	1.75
zscore	twin	0.05	0.3935	0.25	1288	1127	764	0.6779	0.5932	0.6327	0.875	0.6072	0.2059	0.3076	1.569
zscore	twin	0.05	0.3935	0.3	1288	1080	747	0.6917	0.58	0.6309	0.8385	0.6309	0.2012	0.3051	1.449
zscore	twin	0.05	0.3935	0.35	1288	1041	731	0.7022	0.5675	0.6277	0.8082	0.6544	0.1964	0.3021	1.375
zscore	twin	0.05	0.3935	0.4	1288	984	713	0.7246	0.5536	0.6276	0.764	0.6824	0.1903	0.2976	1.326
zscore	twin	0.05	0.3935	0.45	1288	948	692	0.73	0.5373	0.619	0.736	0.6954	0.1835	0.2904	1.296
zscore	twin	0.05	0.3935	0.5	1288	909	679	0.747	0.5272	0.6181	0.7057	0.7191	0.1794	0.2871	1.285
zscore	twin	0.05	0.3935	0.55	1288	855	649	0.7591	0.5039	0.6057	0.6638	0.7335	0.1716	0.2781	1.272
zscore	twin	0.05	0.3935	0.6	1288	800	628	0.785	0.4876	0.6015	0.6211	0.7617	0.1649	0.2711	1.268
zscore	twin	0.05	0.3935	0.65	1288	765	615	0.8039	0.4775	0.5991	0.5939	0.7809	0.1609	0.2669	1.264
zscore	twin	0.05	0.3935	0.7	1288	722	598	0.8283	0.4643	0.595	0.5606	0.8065	0.1574	0.2634	1.24
zscore	twin	0.05	0.3935	0.75	1288	691	586	0.848	0.455	0.5922	0.5365	0.8282	0.153	0.2582	1.241
zscore	twin	0.05	0.3935	0.8	1288	646	574	0.8885	0.4457	0.5936	0.5016	0.869	0.15	0.2559	1.238
zscore	twin	0.05	0.3935	0.85	1288	624	563	0.9022	0.4371	0.5889	0.4845	0.8852	0.1466	0.2515	1.229
zscore	twin	0.05	0.3935	0.9	1288	584	538	0.9212	0.4177	0.5748	0.4534	0.906	0.1423	0.246	1.229
zscore	twin	0.1	0.4924	0.0	1288	1158	998	0.8618	0.7748	0.816	0.8991	0.5069	0.2791	0.36	7.453
zscore	twin	0.1	0.4924	0.05	1288	1157	938	0.8107	0.7283	0.7673	0.8983	0.5491	0.2561	0.3493	4.196
zscore	twin	0.1	0.4924	0.1	1288	1152	875	0.7595	0.6793	0.7172	0.8944	0.5821	0.2371	0.3369	2.763
zscore	twin	0.1	0.4924	0.15	1288	1139	827	0.7261	0.6421	0.6815	0.8843	0.5919	0.2234	0.3244	2.089
zscore	twin	0.1	0.4924	0.2	1288	1104	788	0.7138	0.6118	0.6589	0.8571	0.6206	0.2139	0.3181	1.727
zscore	twin	0.1	0.4924	0.25	1288	1075	763	0.7098	0.5924	0.6458	0.8346	0.6375	0.2055	0.3109	1.547
zscore	twin	0.1	0.4924	0.3	1288	1034	746	0.7215	0.5792	0.6425	0.8028	0.6611	0.2008	0.308	1.427
zscore	twin	0.1	0.4924	0.35	1288	997	730	0.7322	0.5668	0.6389	0.7741	0.6857	0.196	0.3048	1.364
zscore	twin	0.1	0.4924	0.4	1288	942	712	0.7558	0.5528	0.6386	0.7314	0.7155	0.1899	0.3002	1.317
zscore	twin	0.1	0.4924	0.45	1288	912	691	0.7577	0.5365	0.6282	0.7081	0.7251	0.1831	0.2924	1.296
zscore	twin	0.1	0.4924	0.5	1288	876	678	0.774	0.5264	0.6266	0.6801	0.748	0.179	0.2889	1.285
zscore	twin	0.1	0.4924	0.55	1288	825	648	0.7855	0.5031	0.6133	0.6405	0.7622	0.1712	0.2796	1.273
zscore	twin	0.1	0.4924	0.6	1288	774	628	0.8114	0.4876	0.6091	0.6009	0.7899	0.1649	0.2728	1.273
zscore	twin	0.1	0.4924	0.65	1288	740	615	0.8311	0.4775	0.6065	0.5745	0.8103	0.1609	0.2685	1.268
zscore	twin	0.1	0.4924	0.7	1288	699	598	0.8555	0.4643	0.6019	0.5427	0.8363	0.1574	0.265	1.243
zscore	twin	0.1	0.4924	0.75	1288	676	586	0.8669	0.455	0.5967	0.5248	0.8501	0.153	0.2593	1.243
zscore	twin	0.1	0.4924	0.8	1288	635	574	0.9039	0.4457	0.597	0.493	0.8868	0.15	0.2567	1.238
zscore	twin	0.1	0.4924	0.85	1288	614	563	0.9169	0.4371	0.592	0.4767	0.901	0.1466	0.2521	1.232
zscore	twin	0.1	0.4924	0.9	1288	575	538	0.9357	0.4177	0.5776	0.4464	0.9201	0.1423	0.2465	1.231
zscore	twin	0.15	0.5862	0.0	1288	1093	991	0.9067	0.7694	0.8324	0.8486	0.5361	0.2763	0.3646	7.184
zscore	twin	0.15	0.5862	0.05	1288	1092	933	0.8544	0.7244	0.784	0.8478	0.5803	0.2536	0.3529	4.121
zscore	twin	0.15	0.5862	0.1	1288	1088	871	0.8006	0.6762	0.7332	0.8447	0.6149	0.2354	0.3404	2.724
zscore	twin	0.15	0.5862	0.15	1288	1077	824	0.7651	0.6398	0.6968	0.8362	0.6244	0.2217	0.3273	2.08
zscore	twin	0.15	0.5862	0.2	1288	1047	786	0.7507	0.6102	0.6732	0.8129	0.6527	0.213	0.3212	1.726
zscore	twin	0.15	0.5862	0.25	1288	1021	761	0.7453	0.5908	0.6592	0.7927	0.6694	0.2047	0.3135	1.548
zscore	twin	0.15	0.5862	0.3	1288	985	744	0.7553	0.5776	0.6546	0.7648	0.6921	0.1999	0.3102	1.428
zscore	twin	0.15	0.5862	0.35	1288	952	728	0.7647	0.5652	0.65	0.7391	0.7161	0.1951	0.3066	1.363
zscore	twin	0.15	0.5862	0.4	1288	903	710	0.7863	0.5512	0.6481	0.7011	0.7443	0.1891	0.3015	1.311
zscore	twin	0.15	0.5862	0.45	1288	873	689	0.7892	0.5349	0.6377	0.6778	0.7548	0.1822	0.2936	1.292
zscore	twin	0.15	0.5862	0.5	1288	839	676	0.8057	0.5248	0.6356	0.6514	0.7782	0.1781	0.2899	1.282
zscore	twin	0.15	0.5862	0.55	1288	792	647	0.8169	0.5023	0.6221	0.6149	0.7923	0.1711	0.2814	1.271
zscore	twin	0.15	0.5862	0.6	1288	745	627	0.8416	0.4868	0.6168	0.5784	0.8191	0.1648	0.2743	1.271
zscore	twin	0.15	0.5862	0.65	1288	714	614	0.8599	0.4767	0.6134	0.5543	0.8381	0.1608	0.2698	1.268
zscore	twin	0.15	0.5862	0.7	1288	676	597	0.8831	0.4635	0.6079	0.5248	0.8631	0.1573	0.2661	1.241
zscore	twin	0.15	0.5862	0.75	1288	655	585	0.8931	0.4542	0.6022	0.5085	0.8758	0.1528	0.2603	1.243
zscore	twin	0.15	0.5862	0.8	1288	616	573	0.9302	0.4449	0.6019	0.4783	0.9124	0.1499	0.2575	1.237
zscore	twin	0.15	0.5862	0.85	1288	597	562	0.9414	0.4363	0.5963	0.4635	0.9249	0.1465	0.2529	1.23
zscore	twin	0.15	0.5862	0.9	1288	561	538	0.959	0.4177	0.5819	0.4356	0.943	0.1423	0.2473	1.231
zscore	twin	0.2	0.6836	0.0	1288	1029	960	0.9329	0.7453	0.8287	0.7989	0.5637	0.2657	0.3611	6.603
zscore	twin	0.2	0.6836	0.05	1288	1028	908	0.8833	0.705	0.7841	0.7981	0.6084	0.2467	0.351	3.874
zscore	twin	0.2	0.6836	0.1	1288	1024	850	0.8301	0.6599	0.7353	0.795	0.6444	0.2307	0.3398	2.59
zscore	twin	0.2	0.6836	0.15	1288	1015	806	0.7941	0.6258	0.7	0.788	0.6544	0.2183	0.3274	2.041
zscore	twin	0.2	0.6836	0.2	1288	993	773	0.7784	0.6002	0.6778	0.771	0.6802	0.2098	0.3206	1.717
zscore	twin	0.2	0.6836	0.25	1288	971	749	0.7714	0.5815	0.6631	0.7539	0.6957	0.2014	0.3124	1.539
zscore	twin	0.2	0.6836	0.3	1288	938	734	0.7825	0.5699	0.6595	0.7283	0.7189	0.1971	0.3094	1.427
zscore	twin	0.2	0.6836	0.35	1288	912	720	0.7895	0.559	0.6545	0.7081	0.741	0.1925	0.3056	1.363
zscore	twin	0.2	0.6836	0.4	1288	872	703	0.8062	0.5458	0.6509	0.677	0.7651	0.1866	0.3	1.306
zscore	twin	0.2	0.6836	0.45	1288	844	682	0.8081	0.5295	0.6398	0.6553	0.775	0.1798	0.2918	1.287
zscore	twin	0.2	0.6836	0.5	1288	811	670	0.8261	0.5202	0.6384	0.6297	0.8004	0.1764	0.2891	1.279
zscore	twin	0.2	0.6836	0.55	1288	765	642	0.8392	0.4984	0.6254	0.5939	0.816	0.1696	0.2809	1.267
zscore	twin	0.2	0.6836	0.6	1288	719	622	0.8651	0.4829	0.6198	0.5582	0.8443	0.1633	0.2737	1.268
zscore	twin	0.2	0.6836	0.65	1288	689	609	0.8839	0.4728	0.6161	0.5349	0.864	0.1594	0.2691	1.264
zscore	twin	0.2	0.6836	0.7	1288	656	592	0.9024	0.4596	0.6091	0.5093	0.8847	0.1559	0.2651	1.235
zscore	twin	0.2	0.6836	0.75	1288	639	581	0.9092	0.4511	0.603	0.4961	0.8932	0.1515	0.2591	1.235
zscore	twin	0.2	0.6836	0.8	1288	602	569	0.9452	0.4418	0.6021	0.4674	0.928	0.1486	0.2562	1.231
zscore	twin	0.2	0.6836	0.85	1288	585	558	0.9538	0.4332	0.5958	0.4542	0.9381	0.1453	0.2516	1.228
zscore	twin	0.2	0.6836	0.9	1288	550	535	0.9727	0.4154	0.5822	0.427	0.9576	0.1413	0.2463	1.228
zscore	twin	0.25	0.7658	0.0	1288	965	920	0.9534	0.7143	0.8167	0.7492	0.5881	0.2554	0.3561	6.351
zscore	twin	0.25	0.7658	0.05	1288	964	877	0.9098	0.6809	0.7789	0.7484	0.6344	0.239	0.3472	3.753
zscore	twin	0.25	0.7658	0.1	1288	960	821	0.8552	0.6374	0.7304	0.7453	0.6698	0.2234	0.3351	2.542
zscore	twin	0.25	0.7658	0.15	1288	953	780	0.8185	0.6056	0.6961	0.7399	0.6804	0.2121	0.3234	2.017
zscore	twin	0.25	0.7658	0.2	1288	936	751	0.8024	0.5831	0.6754	0.7267	0.7053	0.2049	0.3176	1.705
zscore	twin	0.25	0.7658	0.25	1288	920	731	0.7946	0.5675	0.6621	0.7143	0.7205	0.1985	0.3112	1.539
zscore	twin	0.25	0.7658	0.3	1288	892	716	0.8027	0.5559	0.6569	0.6925	0.743	0.1941	0.3078	1.431
zscore	twin	0.25	0.7658	0.35	1288	869	703	0.809	0.5458	0.6518	0.6747	0.7647	0.1897	0.304	1.365
zscore	twin	0.25	0.7658	0.4	1288	834	689	0.8261	0.5349	0.6494	0.6475	0.789	0.1847	0.2993	1.307
zscore	twin	0.25	0.7658	0.45	1288	807	668	0.8278	0.5186	0.6377	0.6266	0.7992	0.1778	0.2909	1.288
zscore	twin	0.25	0.7658	0.5	1288	777	656	0.8443	0.5093	0.6354	0.6033	0.8233	0.1746	0.2881	1.282
zscore	twin	0.25	0.7658	0.55	1288	736	630	0.856	0.4891	0.6225	0.5714	0.8382	0.1681	0.28	1.269
zscore	twin	0.25	0.7658	0.6	1288	694	610	0.879	0.4736	0.6155	0.5388	0.8606	0.1618	0.2724	1.266
zscore	twin	0.25	0.7658	0.65	1288	666	597	0.8964	0.4635	0.6111	0.5171	0.8792	0.1578	0.2676	1.261
zscore	twin	0.25	0.7658	0.7	1288	635	581	0.915	0.4511	0.6043	0.493	0.8976	0.1546	0.2638	1.238
zscore	twin	0.25	0.7658	0.75	1288	619	570	0.9208	0.4425	0.5978	0.4806	0.9053	0.1503	0.2577	1.238
zscore	twin	0.25	0.7658	0.8	1288	585	558	0.9538	0.4332	0.5958	0.4542	0.9372	0.1473	0.2546	1.233
zscore	twin	0.25	0.7658	0.85	1288	568	547	0.963	0.4247	0.5894	0.441	0.9479	0.144	0.25	1.229
zscore	twin	0.25	0.7658	0.9	1288	536	526	0.9813	0.4084	0.5768	0.4161	0.967	0.1402	0.245	1.229
zscore	twin	0.3	0.8219	0.0	1288	902	874	0.969	0.6786	0.7982	0.7003	0.6115	0.2441	0.3489	5.989
zscore	twin	0.3	0.8219	0.05	1288	901	837	0.929	0.6498	0.7647	0.6995	0.6587	0.2293	0.3401	3.595
zscore	twin	0.3	0.8219	0.1	1288	898	785	0.8742	0.6095	0.7182	0.6972	0.6931	0.2138	0.3268	2.466
zscore	twin	0.3	0.8219	0.15	1288	892	749	0.8397	0.5815	0.6872	0.6925	0.704	0.2032	0.3153	1.958
zscore	twin	0.3	0.8219	0.2	1288	880	725	0.8239	0.5629	0.6688	0.6832	0.7273	0.1964	0.3093	1.67
zscore	twin	0.3	0.8219	0.25	1288	869	707	0.8136	0.5489	0.6555	0.6747	0.7405	0.1906	0.3031	1.505
zscore	twin	0.3	0.8219	0.3	1288	844	692	0.8199	0.5373	0.6492	0.6553	0.7613	0.1862	0.2992	1.392
zscore	twin	0.3	0.8219	0.35	1288	825	680	0.8242	0.528	0.6436	0.6405	0.7819	0.1822	0.2955	1.326
zscore	twin	0.3	0.8219	0.4	1288	793	668	0.8424	0.5186	0.642	0.6157	0.8068	0.1776	0.2911	1.288
zscore	twin	0.3	0.8219	0.45	1288	768	647	0.8424	0.5023	0.6294	0.5963	0.8154	0.1708	0.2824	1.269
zscore	twin	0.3	0.8219	0.5	1288	740	638	0.8622	0.4953	0.6292	0.5745	0.842	0.1686	0.281	1.266
zscore	twin	0.3	0.8219	0.55	1288	704	614	0.8722	0.4767	0.6165	0.5466	0.8546	0.1623	0.2728	1.266
zscore	twin	0.3	0.8219	0.6	1288	665	594	0.8932	0.4612	0.6083	0.5163	0.8753	0.156	0.2648	1.262
zscore	twin	0.3	0.8219	0.65	1288	640	582	0.9094	0.4519	0.6037	0.4969	0.8928	0.1521	0.2599	1.255
zscore	twin	0.3	0.8219	0.7	1288	611	567	0.928	0.4402	0.5972	0.4744	0.9114	0.1492	0.2564	1.238
zscore	twin	0.3	0.8219	0.75	1288	597	556	0.9313	0.4317	0.5899	0.4635	0.9167	0.1448	0.2501	1.237
zscore	twin	0.3	0.8219	0.8	1288	568	545	0.9595	0.4231	0.5873	0.441	0.944	0.142	0.2469	1.235
zscore	twin	0.3	0.8219	0.85	1288	552	534	0.9674	0.4146	0.5804	0.4286	0.9535	0.1386	0.2421	1.231
zscore	twin	0.3	0.8219	0.9	1288	522	513	0.9828	0.3983	0.5669	0.4053	0.9699	0.1349	0.2369	1.231
zscore	twin	0.35	0.8582	0.0	1288	837	821	0.9809	0.6374	0.7727	0.6498	0.6427	0.2253	0.3336	5.539
zscore	twin	0.35	0.8582	0.05	1288	837	793	0.9474	0.6157	0.7464	0.6498	0.6911	0.2137	0.3265	3.422
zscore	twin	0.35	0.8582	0.1	1288	834	748	0.8969	0.5807	0.705	0.6475	0.7261	0.2009	0.3148	2.371
zscore	twin	0.35	0.8582	0.15	1288	830	716	0.8627	0.5559	0.6761	0.6444	0.7367	0.1911	0.3035	1.91
zscore	twin	0.35	0.8582	0.2	1288	821	696	0.8477	0.5404	0.66	0.6374	0.7584	0.1857	0.2983	1.639
zscore	twin	0.35	0.8582	0.25	1288	812	680	0.8374	0.528	0.6476	0.6304	0.771	0.1808	0.2929	1.489
zscore	twin	0.35	0.8582	0.3	1288	789	668	0.8466	0.5186	0.6432	0.6126	0.7937	0.1767	0.289	1.385
zscore	twin	0.35	0.8582	0.35	1288	776	660	0.8505	0.5124	0.6395	0.6025	0.812	0.1741	0.2868	1.322
zscore	twin	0.35	0.8582	0.4	1288	751	650	0.8655	0.5047	0.6376	0.5831	0.8344	0.1706	0.2832	1.288
zscore	twin	0.35	0.8582	0.45	1288	731	633	0.8659	0.4915	0.627	0.5675	0.8414	0.1668	0.2785	1.273
zscore	twin	0.35	0.8582	0.5	1288	712	626	0.8792	0.486	0.626	0.5528	0.8593	0.1656	0.2777	1.268
zscore	twin	0.35	0.8582	0.55	1288	680	604	0.8882	0.4689	0.6138	0.528	0.8713	0.1596	0.2697	1.266
zscore	twin	0.35	0.8582	0.6	1288	644	585	0.9084	0.4542	0.6056	0.5	0.8912	0.1533	0.2616	1.261
zscore	twin	0.35	0.8582	0.65	1288	621	574	0.9243	0.4457	0.6014	0.4821	0.9086	0.1498	0.2572	1.254
zscore	twin	0.35	0.8582	0.7	1288	595	560	0.9412	0.4348	0.5948	0.462	0.9256	0.1469	0.2535	1.235
zscore	twin	0.35	0.8582	0.75	1288	581	549	0.9449	0.4262	0.5875	0.4511	0.9314	0.1425	0.2472	1.234
zscore	twin	0.35	0.8582	0.8	1288	556	538	0.9676	0.4177	0.5835	0.4317	0.9535	0.1398	0.2439	1.233
zscore	twin	0.35	0.8582	0.85	1288	542	527	0.9723	0.4092	0.576	0.4208	0.9599	0.1365	0.239	1.23
zscore	twin	0.35	0.8582	0.9	1288	513	506	0.9864	0.3929	0.5619	0.3983	0.9751	0.1327	0.2337	1.236
zscore	twin	0.4	0.889	0.0	1288	773	762	0.9858	0.5916	0.7394	0.6002	0.675	0.2087	0.3189	4.705
zscore	twin	0.4	0.889	0.05	1288	773	742	0.9599	0.5761	0.72	0.6002	0.7217	0.1991	0.3121	3.048
zscore	twin	0.4	0.889	0.1	1288	773	707	0.9146	0.5489	0.6861	0.6002	0.7528	0.1884	0.3014	2.194
zscore	twin	0.4	0.889	0.15	1288	769	682	0.8869	0.5295	0.6631	0.597	0.7652	0.1804	0.2919	1.84
zscore	twin	0.4	0.889	0.2	1288	761	665	0.8739	0.5163	0.6491	0.5908	0.7858	0.1756	0.2871	1.606
zscore	twin	0.4	0.889	0.25	1288	754	650	0.8621	0.5047	0.6366	0.5854	0.7973	0.1709	0.2815	1.464
zscore	twin	0.4	0.889	0.3	1288	737	640	0.8684	0.4969	0.6321	0.5722	0.8179	0.1676	0.2782	1.385
zscore	twin	0.4	0.889	0.35	1288	729	635	0.8711	0.493	0.6296	0.566	0.835	0.1667	0.2779	1.325
zscore	twin	0.4	0.889	0.4	1288	710	629	0.8859	0.4884	0.6296	0.5512	0.8561	0.1641	0.2753	1.293
zscore	twin	0.4	0.889	0.45	1288	693	615	0.8874	0.4775	0.6209	0.538	0.8634	0.1613	0.2718	1.278
zscore	twin	0.4	0.889	0.5	1288	681	610	0.8957	0.4736	0.6196	0.5287	0.8761	0.1602	0.2708	1.273
zscore	twin	0.4	0.889	0.55	1288	651	588	0.9032	0.4565	0.6065	0.5054	0.8868	0.1541	0.2626	1.273
zscore	twin	0.4	0.889	0.6	1288	618	571	0.9239	0.4433	0.5992	0.4798	0.9074	0.1481	0.2546	1.266
zscore	twin	0.4	0.889	0.65	1288	598	560	0.9365	0.4348	0.5938	0.4643	0.9201	0.1445	0.2498	1.258
zscore	twin	0.4	0.889	0.7	1288	575	548	0.953	0.4255	0.5883	0.4464	0.9369	0.142	0.2466	1.237
zscore	twin	0.4	0.889	0.75	1288	562	538	0.9573	0.4177	0.5816	0.4363	0.9433	0.1381	0.2409	1.238
zscore	twin	0.4	0.889	0.8	1288	539	527	0.9777	0.4092	0.5769	0.4185	0.9631	0.1354	0.2374	1.239
zscore	twin	0.4	0.889	0.85	1288	530	518	0.9774	0.4022	0.5699	0.4115	0.9647	0.1328	0.2335	1.234
zscore	twin	0.4	0.889	0.9	1288	504	498	0.9881	0.3866	0.5558	0.3913	0.9767	0.1292	0.2282	1.238
zscore	twin	0.45	0.9105	0.0	1288	708	703	0.9929	0.5458	0.7044	0.5497	0.7119	0.1917	0.3021	4.282
zscore	twin	0.45	0.9105	0.05	1288	708	690	0.9746	0.5357	0.6914	0.5497	0.7556	0.1847	0.2969	2.833
zscore	twin	0.45	0.9105	0.1	1288	708	663	0.9364	0.5148	0.6643	0.5497	0.7857	0.1761	0.2877	2.11
zscore	twin	0.45	0.9105	0.15	1288	705	643	0.9121	0.4992	0.6453	0.5474	0.797	0.1695	0.2795	1.809
zscore	twin	0.45	0.9105	0.2	1288	700	627	0.8957	0.4868	0.6308	0.5435	0.8146	0.165	0.2744	1.583
zscore	twin	0.45	0.9105	0.25	1288	694	614	0.8847	0.4767	0.6196	0.5388	0.8247	0.1611	0.2696	1.448
zscore	twin	0.45	0.9105	0.3	1288	681	607	0.8913	0.4713	0.6166	0.5287	0.8464	0.1585	0.267	1.369
zscore	twin	0.45	0.9105	0.35	1288	674	603	0.8947	0.4682	0.6147	0.5233	0.8616	0.1577	0.2667	1.321
zscore	twin	0.45	0.9105	0.4	1288	662	598	0.9033	0.4643	0.6133	0.514	0.8758	0.1554	0.264	1.288
zscore	twin	0.45	0.9105	0.45	1288	649	588	0.906	0.4565	0.6071	0.5039	0.8832	0.153	0.2608	1.274
zscore	twin	0.45	0.9105	0.5	1288	639	583	0.9124	0.4526	0.6051	0.4961	0.8945	0.1518	0.2596	1.268
zscore	twin	0.45	0.9105	0.55	1288	612	563	0.9199	0.4371	0.5926	0.4752	0.9035	0.1467	0.2524	1.275
zscore	twin	0.45	0.9105	0.6	1288	584	547	0.9366	0.4247	0.5844	0.4534	0.9202	0.141	0.2446	1.266
zscore	twin	0.45	0.9105	0.65	1288	566	538	0.9505	0.4177	0.5804	0.4394	0.9344	0.138	0.2405	1.259
zscore	twin	0.45	0.9105	0.7	1288	547	528	0.9653	0.4099	0.5755	0.4247	0.9495	0.1358	0.2376	1.24
zscore	twin	0.45	0.9105	0.75	1288	536	519	0.9683	0.403	0.5691	0.4161	0.9548	0.1319	0.2318	1.24
zscore	twin	0.45	0.9105	0.8	1288	515	509	0.9883	0.3952	0.5646	0.3998	0.9743	0.1293	0.2283	1.24
zscore	twin	0.45	0.9105	0.85	1288	506	500	0.9881	0.3882	0.5574	0.3929	0.9749	0.1268	0.2244	1.239
zscore	twin	0.45	0.9105	0.9	1288	486	484	0.9959	0.3758	0.5457	0.3773	0.9841	0.1236	0.2197	1.241
zscore	twin	0.5	0.9386	0.0	1288	644	640	0.9938	0.4969	0.6625	0.5	0.7414	0.1741	0.2819	3.978
zscore	twin	0.5	0.9386	0.05	1288	644	632	0.9814	0.4907	0.6542	0.5	0.7816	0.1695	0.2787	2.668
zscore	twin	0.5	0.9386	0.1	1288	644	616	0.9565	0.4783	0.6377	0.5	0.8142	0.1644	0.2735	2.037
zscore	twin	0.5	0.9386	0.15	1288	641	599	0.9345	0.4651	0.621	0.4977	0.8247	0.1592	0.2668	1.781
zscore	twin	0.5	0.9386	0.2	1288	637	585	0.9184	0.4542	0.6078	0.4946	0.8416	0.155	0.2617	1.557
zscore	twin	0.5	0.9386	0.25	1288	633	574	0.9068	0.4457	0.5976	0.4915	0.8494	0.1526	0.2587	1.449
zscore	twin	0.5	0.9386	0.3	1288	623	567	0.9101	0.4402	0.5934	0.4837	0.8679	0.15	0.2558	1.368
zscore	twin	0.5	0.9386	0.35	1288	618	565	0.9142	0.4387	0.5929	0.4798	0.8824	0.1493	0.2554	1.325
zscore	twin	0.5	0.9386	0.4	1288	607	560	0.9226	0.4348	0.591	0.4713	0.8948	0.147	0.2525	1.295
zscore	twin	0.5	0.9386	0.45	1288	596	553	0.9279	0.4293	0.587	0.4627	0.9038	0.145	0.2499	1.282
zscore	twin	0.5	0.9386	0.5	1288	589	548	0.9304	0.4255	0.5839	0.4573	0.9117	0.1438	0.2485	1.274
zscore	twin	0.5	0.9386	0.55	1288	567	532	0.9383	0.413	0.5736	0.4402	0.9214	0.1392	0.2418	1.279
zscore	twin	0.5	0.9386	0.6	1288	545	518	0.9505	0.4022	0.5652	0.4231	0.9337	0.1345	0.2351	1.269
zscore	twin	0.5	0.9386	0.65	1288	531	510	0.9605	0.396	0.5607	0.4123	0.9442	0.1319	0.2314	1.266
zscore	twin	0.5	0.9386	0.7	1288	515	501	0.9728	0.389	0.5557	0.3998	0.957	0.1296	0.2284	1.248
zscore	twin	0.5	0.9386	0.75	1288	504	492	0.9762	0.382	0.5491	0.3913	0.9629	0.1258	0.2225	1.248
zscore	twin	0.5	0.9386	0.8	1288	490	485	0.9898	0.3766	0.5456	0.3804	0.9761	0.1235	0.2193	1.246
zscore	twin	0.5	0.9386	0.85	1288	482	477	0.9896	0.3703	0.539	0.3742	0.9767	0.1211	0.2155	1.244
zscore	twin	0.5	0.9386	0.9	1288	464	462	0.9957	0.3587	0.5274	0.3602	0.9844	0.1181	0.211	1.246
zscore	twin	0.55	0.954	0.0	1288	580	577	0.9948	0.448	0.6178	0.4503	0.7684	0.1551	0.2582	3.817
zscore	twin	0.55	0.954	0.05	1288	580	570	0.9828	0.4425	0.6103	0.4503	0.8034	0.1513	0.2547	2.605
zscore	twin	0.55	0.954	0.1	1288	580	557	0.9603	0.4325	0.5964	0.4503	0.8343	0.1477	0.251	2.017
zscore	twin	0.55	0.954	0.15	1288	578	543	0.9394	0.4216	0.582	0.4488	0.843	0.1441	0.2462	1.765
zscore	twin	0.55	0.954	0.2	1288	574	530	0.9233	0.4115	0.5693	0.4457	0.8596	0.1403	0.2412	1.534
zscore	twin	0.55	0.954	0.25	1288	570	521	0.914	0.4045	0.5608	0.4425	0.8676	0.138	0.2382	1.433
zscore	twin	0.55	0.954	0.3	1288	561	516	0.9198	0.4006	0.5581	0.4356	0.8853	0.1363	0.2363	1.371
zscore	twin	0.55	0.954	0.35	1288	556	514	0.9245	0.3991	0.5575	0.4317	0.8992	0.1357	0.2359	1.334
zscore	twin	0.55	0.954	0.4	1288	545	509	0.9339	0.3952	0.5554	0.4231	0.912	0.1336	0.2331	1.303
zscore	twin	0.55	0.954	0.45	1288	536	503	0.9384	0.3905	0.5515	0.4161	0.916	0.1319	0.2306	1.297
zscore	twin	0.55	0.954	0.5	1288	533	501	0.94	0.389	0.5502	0.4138	0.9229	0.1317	0.2305	1.288
zscore	twin	0.55	0.954	0.55	1288	519	491	0.9461	0.3812	0.5434	0.403	0.9303	0.1297	0.2277	1.294
zscore	twin	0.55	0.954	0.6	1288	504	482	0.9563	0.3742	0.5379	0.3913	0.9411	0.1263	0.2227	1.279
zscore	twin	0.55	0.954	0.65	1288	492	475	0.9654	0.3688	0.5337	0.382	0.9508	0.124	0.2194	1.276
zscore	twin	0.55	0.954	0.7	1288	478	467	0.977	0.3626	0.5289	0.3711	0.9629	0.1218	0.2163	1.255
zscore	twin	0.55	0.954	0.75	1288	468	459	0.9808	0.3564	0.5228	0.3634	0.9675	0.1181	0.2105	1.254
zscore	twin	0.55	0.954	0.8	1288	460	455	0.9891	0.3533	0.5206	0.3571	0.9756	0.1166	0.2082	1.252
zscore	twin	0.55	0.954	0.85	1288	453	448	0.989	0.3478	0.5146	0.3517	0.9763	0.1142	0.2044	1.249
zscore	twin	0.55	0.954	0.9	1288	436	434	0.9954	0.337	0.5035	0.3385	0.9845	0.1112	0.1999	1.25
zscore	twin	0.6	0.9663	0.0	1288	515	513	0.9961	0.3983	0.5691	0.3998	0.7986	0.1389	0.2367	3.495
zscore	twin	0.6	0.9663	0.05	1288	515	507	0.9845	0.3936	0.5624	0.3998	0.8314	0.1356	0.2332	2.45
zscore	twin	0.6	0.9663	0.1	1288	515	497	0.965	0.3859	0.5513	0.3998	0.8561	0.1324	0.2293	1.951
zscore	twin	0.6	0.9663	0.15	1288	513	490	0.9552	0.3804	0.5441	0.3983	0.8628	0.1301	0.2261	1.747
zscore	twin	0.6	0.9663	0.2	1288	510	480	0.9412	0.3727	0.5339	0.396	0.8776	0.1265	0.2212	1.524
zscore	twin	0.6	0.9663	0.25	1288	507	473	0.9329	0.3672	0.527	0.3936	0.8856	0.1245	0.2183	1.425
zscore	twin	0.6	0.9663	0.3	1288	499	469	0.9399	0.3641	0.5249	0.3874	0.9044	0.1232	0.2168	1.371
zscore	twin	0.6	0.9663	0.35	1288	496	467	0.9415	0.3626	0.5235	0.3851	0.9162	0.1226	0.2162	1.338
zscore	twin	0.6	0.9663	0.4	1288	487	462	0.9487	0.3587	0.5206	0.3781	0.925	0.1204	0.2131	1.308
zscore	twin	0.6	0.9663	0.45	1288	479	456	0.952	0.354	0.5161	0.3719	0.9279	0.1187	0.2105	1.303
zscore	twin	0.6	0.9663	0.5	1288	476	454	0.9538	0.3525	0.5147	0.3696	0.9357	0.1185	0.2104	1.293
zscore	twin	0.6	0.9663	0.55	1288	465	447	0.9613	0.347	0.51	0.361	0.9447	0.1169	0.2081	1.298
zscore	twin	0.6	0.9663	0.6	1288	454	440	0.9692	0.3416	0.5052	0.3525	0.9522	0.1142	0.2039	1.292
zscore	twin	0.6	0.9663	0.65	1288	446	435	0.9753	0.3377	0.5017	0.3463	0.9592	0.1124	0.2012	1.289
zscore	twin	0.6	0.9663	0.7	1288	436	428	0.9817	0.3323	0.4965	0.3385	0.9662	0.1106	0.1984	1.263
zscore	twin	0.6	0.9663	0.75	1288	427	421	0.9859	0.3269	0.491	0.3315	0.9714	0.1076	0.1938	1.262
zscore	twin	0.6	0.9663	0.8	1288	421	418	0.9929	0.3245	0.4892	0.3269	0.9781	0.1062	0.1916	1.258
zscore	twin	0.6	0.9663	0.85	1288	415	412	0.9928	0.3199	0.4839	0.3222	0.979	0.1041	0.1882	1.26
zscore	twin	0.6	0.9663	0.9	1288	402	401	0.9975	0.3113	0.4746	0.3121	0.9857	0.102	0.1849	1.259
zscore	twin	0.65	0.974	0.0	1288	451	450	0.9978	0.3494	0.5175	0.3502	0.8209	0.123	0.214	3.166
zscore	twin	0.65	0.974	0.05	1288	451	445	0.9867	0.3455	0.5118	0.3502	0.849	0.1205	0.2111	2.266
zscore	twin	0.65	0.974	0.1	1288	451	436	0.9667	0.3385	0.5014	0.3502	0.8726	0.1177	0.2075	1.849
zscore	twin	0.65	0.974	0.15	1288	450	431	0.9578	0.3346	0.496	0.3494	0.8769	0.1166	0.2059	1.667
zscore	twin	0.65	0.974	0.2	1288	448	423	0.9442	0.3284	0.4873	0.3478	0.8896	0.1131	0.2007	1.488
zscore	twin	0.65	0.974	0.25	1288	447	419	0.9374	0.3253	0.483	0.347	0.8956	0.1117	0.1986	1.404
zscore	twin	0.65	0.974	0.3	1288	439	415	0.9453	0.3222	0.4806	0.3408	0.9148	0.1104	0.1969	1.356
zscore	twin	0.65	0.974	0.35	1288	437	413	0.9451	0.3207	0.4788	0.3393	0.9231	0.1099	0.1964	1.326
zscore	twin	0.65	0.974	0.4	1288	431	409	0.949	0.3175	0.4759	0.3346	0.929	0.1079	0.1933	1.3
zscore	twin	0.65	0.974	0.45	1288	426	405	0.9507	0.3144	0.4726	0.3307	0.9305	0.1067	0.1914	1.292
zscore	twin	0.65	0.974	0.5	1288	423	403	0.9527	0.3129	0.4711	0.3284	0.9359	0.1064	0.1911	1.282
zscore	twin	0.65	0.974	0.55	1288	415	399	0.9614	0.3098	0.4686	0.3222	0.9465	0.1052	0.1893	1.286
zscore	twin	0.65	0.974	0.6	1288	406	393	0.968	0.3051	0.464	0.3152	0.9527	0.1032	0.1863	1.285
zscore	twin	0.65	0.974	0.65	1288	399	389	0.9749	0.302	0.4612	0.3098	0.9594	0.1017	0.1839	1.282
zscore	twin	0.65	0.974	0.7	1288	392	385	0.9821	0.2989	0.4583	0.3043	0.9663	0.1006	0.1822	1.254
zscore	twin	0.65	0.974	0.75	1288	384	379	0.987	0.2943	0.4533	0.2981	0.9721	0.0979	0.1778	1.252
zscore	twin	0.65	0.974	0.8	1288	379	376	0.9921	0.2919	0.4511	0.2943	0.977	0.0964	0.1755	1.247
zscore	twin	0.65	0.974	0.85	1288	374	371	0.992	0.288	0.4465	0.2904	0.978	0.0944	0.1721	1.248
zscore	twin	0.65	0.974	0.9	1288	363	362	0.9972	0.2811	0.4385	0.2818	0.9855	0.0924	0.169	1.245
zscore	twin	0.7	0.9783	0.0	1288	387	387	1.0	0.3005	0.4621	0.3005	0.8432	0.1025	0.1828	2.959
zscore	twin	0.7	0.9783	0.05	1288	387	384	0.9922	0.2981	0.4585	0.3005	0.8718	0.1008	0.1808	2.116
zscore	twin	0.7	0.9783	0.1	1288	387	378	0.9767	0.2935	0.4513	0.3005	0.8958	0.0995	0.1791	1.747
zscore	twin	0.7	0.9783	0.15	1288	387	374	0.9664	0.2904	0.4466	0.3005	0.8989	0.0986	0.1777	1.574
zscore	twin	0.7	0.9783	0.2	1288	385	367	0.9532	0.2849	0.4387	0.2989	0.9024	0.0954	0.1726	1.442
zscore	twin	0.7	0.9783	0.25	1288	384	363	0.9453	0.2818	0.4342	0.2981	0.9069	0.0939	0.1703	1.385
zscore	twin	0.7	0.9783	0.3	1288	378	362	0.9577	0.2811	0.4346	0.2935	0.9303	0.0938	0.1704	1.347
zscore	twin	0.7	0.9783	0.35	1288	377	360	0.9549	0.2795	0.4324	0.2927	0.9332	0.0934	0.1697	1.326
zscore	twin	0.7	0.9783	0.4	1288	372	356	0.957	0.2764	0.4289	0.2888	0.9377	0.0913	0.1665	1.298
zscore	twin	0.7	0.9783	0.45	1288	367	352	0.9591	0.2733	0.4254	0.2849	0.9395	0.0901	0.1645	1.293
zscore	twin	0.7	0.9783	0.5	1288	365	350	0.9589	0.2717	0.4235	0.2834	0.9433	0.0901	0.1644	1.287
zscore	twin	0.7	0.9783	0.55	1288	357	346	0.9692	0.2686	0.4207	0.2772	0.9559	0.0888	0.1625	1.291
zscore	twin	0.7	0.9783	0.6	1288	352	342	0.9716	0.2655	0.4171	0.2733	0.9581	0.0877	0.1607	1.293
zscore	twin	0.7	0.9783	0.65	1288	347	340	0.9798	0.264	0.4159	0.2694	0.9661	0.0871	0.1599	1.288
zscore	twin	0.7	0.9783	0.7	1288	342	338	0.9883	0.2624	0.4147	0.2655	0.9744	0.0866	0.159	1.26
zscore	twin	0.7	0.9783	0.75	1288	336	334	0.994	0.2593	0.4113	0.2609	0.9814	0.0849	0.1562	1.256
zscore	twin	0.7	0.9783	0.8	1288	334	332	0.994	0.2578	0.4094	0.2593	0.9813	0.0838	0.1544	1.254
zscore	twin	0.7	0.9783	0.85	1288	332	330	0.994	0.2562	0.4074	0.2578	0.9812	0.083	0.1531	1.256
zscore	twin	0.7	0.9783	0.9	1288	323	323	1.0	0.2508	0.401	0.2508	0.9868	0.0812	0.1501	1.251
zscore	twin	0.75	0.9806	0.0	1288	322	322	1.0	0.25	0.4	0.25	0.8655	0.0848	0.1545	2.649
zscore	twin	0.75	0.9806	0.05	1288	322	320	0.9938	0.2484	0.3975	0.25	0.8893	0.0837	0.153	1.938
zscore	twin	0.75	0.9806	0.1	1288	322	317	0.9845	0.2461	0.3938	0.25	0.9092	0.0833	0.1527	1.624
zscore	twin	0.75	0.9806	0.15	1288	322	313	0.972	0.243	0.3888	0.25	0.9118	0.0824	0.1512	1.447
zscore	twin	0.75	0.9806	0.2	1288	320	307	0.9594	0.2384	0.3818	0.2484	0.9156	0.0797	0.1467	1.363
zscore	twin	0.75	0.9806	0.25	1288	319	303	0.9498	0.2352	0.3771	0.2477	0.9171	0.0784	0.1444	1.32
zscore	twin	0.75	0.9806	0.3	1288	315	302	0.9587	0.2345	0.3768	0.2446	0.9328	0.0782	0.1444	1.295
zscore	twin	0.75	0.9806	0.35	1288	314	301	0.9586	0.2337	0.3758	0.2438	0.9374	0.0782	0.1444	1.277
zscore	twin	0.75	0.9806	0.4	1288	311	299	0.9614	0.2321	0.374	0.2415	0.9415	0.077	0.1424	1.263
zscore	twin	0.75	0.9806	0.45	1288	310	298	0.9613	0.2314	0.373	0.2407	0.9413	0.077	0.1424	1.26
zscore	twin	0.75	0.9806	0.5	1288	309	296	0.9579	0.2298	0.3707	0.2399	0.9411	0.077	0.1423	1.255
zscore	twin	0.75	0.9806	0.55	1288	302	293	0.9702	0.2275	0.3686	0.2345	0.9561	0.0765	0.1416	1.258
zscore	twin	0.75	0.9806	0.6	1288	299	291	0.9732	0.2259	0.3667	0.2321	0.959	0.0756	0.1401	1.258
zscore	twin	0.75	0.9806	0.65	1288	295	289	0.9797	0.2244	0.3651	0.229	0.9653	0.075	0.1392	1.251
zscore	twin	0.75	0.9806	0.7	1288	291	287	0.9863	0.2228	0.3635	0.2259	0.9716	0.0745	0.1384	1.251
zscore	twin	0.75	0.9806	0.75	1288	286	284	0.993	0.2205	0.3609	0.222	0.9799	0.0728	0.1356	1.248
zscore	twin	0.75	0.9806	0.8	1288	284	282	0.993	0.2189	0.3588	0.2205	0.9798	0.0718	0.1337	1.246
zscore	twin	0.75	0.9806	0.85	1288	282	280	0.9929	0.2174	0.3567	0.2189	0.9796	0.071	0.1323	1.248
zscore	twin	0.75	0.9806	0.9	1288	277	277	1.0	0.2151	0.354	0.2151	0.9865	0.07	0.1307	1.238
zscore	twin	0.8	0.9824	0.0	1288	258	258	1.0	0.2003	0.3338	0.2003	0.8683	0.0691	0.1279	2.663
zscore	twin	0.8	0.9824	0.05	1288	258	256	0.9922	0.1988	0.3312	0.2003	0.8931	0.0682	0.1268	1.953
zscore	twin	0.8	0.9824	0.1	1288	258	254	0.9845	0.1972	0.3286	0.2003	0.9101	0.0679	0.1264	1.671
zscore	twin	0.8	0.9824	0.15	1288	258	253	0.9806	0.1964	0.3273	0.2003	0.9158	0.0674	0.1255	1.496
zscore	twin	0.8	0.9824	0.2	1288	257	249	0.9689	0.1933	0.3223	0.1995	0.9202	0.0649	0.1212	1.412
zscore	twin	0.8	0.9824	0.25	1288	256	245	0.957	0.1902	0.3174	0.1988	0.9202	0.0636	0.1189	1.363
zscore	twin	0.8	0.9824	0.3	1288	252	244	0.9683	0.1894	0.3169	0.1957	0.9378	0.0634	0.1188	1.337
zscore	twin	0.8	0.9824	0.35	1288	251	243	0.9681	0.1887	0.3158	0.1949	0.9436	0.0634	0.1188	1.315
zscore	twin	0.8	0.9824	0.4	1288	249	241	0.9679	0.1871	0.3136	0.1933	0.945	0.0622	0.1167	1.3
zscore	twin	0.8	0.9824	0.45	1288	248	240	0.9677	0.1863	0.3125	0.1925	0.9448	0.0622	0.1166	1.297
zscore	twin	0.8	0.9824	0.5	1288	247	239	0.9676	0.1856	0.3114	0.1918	0.9466	0.0621	0.1166	1.294
zscore	twin	0.8	0.9824	0.55	1288	240	236	0.9833	0.1832	0.3089	0.1863	0.9656	0.0617	0.1159	1.3
zscore	twin	0.8	0.9824	0.6	1288	237	234	0.9873	0.1817	0.3069	0.184	0.9694	0.0607	0.1143	1.3
zscore	twin	0.8	0.9824	0.65	1288	234	232	0.9915	0.1801	0.3049	0.1817	0.9733	0.0602	0.1133	1.291
zscore	twin	0.8	0.9824	0.7	1288	232	231	0.9957	0.1793	0.3039	0.1801	0.9774	0.0601	0.1132	1.289
zscore	twin	0.8	0.9824	0.75	1288	231	230	0.9957	0.1786	0.3028	0.1793	0.9794	0.0593	0.1118	1.286
zscore	twin	0.8	0.9824	0.8	1288	229	228	0.9956	0.177	0.3006	0.1778	0.9793	0.0582	0.1099	1.284
zscore	twin	0.8	0.9824	0.85	1288	228	227	0.9956	0.1762	0.2995	0.177	0.9792	0.0582	0.1099	1.285
zscore	twin	0.8	0.9824	0.9	1288	225	225	1.0	0.1747	0.2974	0.1747	0.9833	0.058	0.1095	1.271
zscore	twin	0.85	0.9836	0.0	1288	194	194	1.0	0.1506	0.2618	0.1506	0.867	0.0516	0.0974	2.706
zscore	twin	0.85	0.9836	0.05	1288	194	192	0.9897	0.1491	0.2591	0.1506	0.8937	0.0508	0.0961	1.923
zscore	twin	0.85	0.9836	0.1	1288	194	190	0.9794	0.1475	0.2564	0.1506	0.9116	0.0505	0.0957	1.66
zscore	twin	0.85	0.9836	0.15	1288	194	189	0.9742	0.1467	0.2551	0.1506	0.9142	0.0499	0.0947	1.474
zscore	twin	0.85	0.9836	0.2	1288	193	186	0.9637	0.1444	0.2512	0.1498	0.9197	0.0482	0.0917	1.383
zscore	twin	0.85	0.9836	0.25	1288	193	182	0.943	0.1413	0.2458	0.1498	0.9119	0.0469	0.0893	1.358
zscore	twin	0.85	0.9836	0.3	1288	189	181	0.9577	0.1405	0.2451	0.1467	0.9295	0.0468	0.0891	1.339
zscore	twin	0.85	0.9836	0.35	1288	189	181	0.9577	0.1405	0.2451	0.1467	0.9347	0.0468	0.0891	1.323
zscore	twin	0.85	0.9836	0.4	1288	188	180	0.9574	0.1398	0.2439	0.146	0.9369	0.046	0.0877	1.302
zscore	twin	0.85	0.9836	0.45	1288	187	179	0.9572	0.139	0.2427	0.1452	0.9366	0.0459	0.0876	1.298
zscore	twin	0.85	0.9836	0.5	1288	187	179	0.9572	0.139	0.2427	0.1452	0.9366	0.0459	0.0876	1.298
zscore	twin	0.85	0.9836	0.55	1288	180	176	0.9778	0.1366	0.2398	0.1398	0.9616	0.0455	0.0868	1.306
zscore	twin	0.85	0.9836	0.6	1288	178	175	0.9831	0.1359	0.2387	0.1382	0.9668	0.0449	0.0859	1.303
zscore	twin	0.85	0.9836	0.65	1288	175	173	0.9886	0.1343	0.2365	0.1359	0.9719	0.0444	0.0849	1.291
zscore	twin	0.85	0.9836	0.7	1288	174	173	0.9943	0.1343	0.2367	0.1351	0.9775	0.0444	0.0849	1.287
zscore	twin	0.85	0.9836	0.75	1288	174	173	0.9943	0.1343	0.2367	0.1351	0.9775	0.0444	0.0849	1.287
zscore	twin	0.85	0.9836	0.8	1288	173	172	0.9942	0.1335	0.2355	0.1343	0.9774	0.0435	0.0833	1.283
zscore	twin	0.85	0.9836	0.85	1288	172	171	0.9942	0.1328	0.2342	0.1335	0.9772	0.0435	0.0833	1.285
zscore	twin	0.85	0.9836	0.9	1288	169	169	1.0	0.1312	0.232	0.1312	0.9827	0.0433	0.0829	1.266
zscore	twin	0.9	0.9846	0.0	1288	129	129	1.0	0.1002	0.1821	0.1002	0.8666	0.0362	0.0694	2.736
zscore	twin	0.9	0.9846	0.05	1288	129	129	1.0	0.1002	0.1821	0.1002	0.9013	0.0359	0.069	1.977
zscore	twin	0.9	0.9846	0.1	1288	129	127	0.9845	0.0986	0.1793	0.1002	0.9159	0.0356	0.0685	1.705
zscore	twin	0.9	0.9846	0.15	1288	129	126	0.9767	0.0978	0.1778	0.1002	0.9159	0.035	0.0675	1.481
zscore	twin	0.9	0.9846	0.2	1288	129	125	0.969	0.097	0.1764	0.1002	0.9186	0.035	0.0675	1.442
zscore	twin	0.9	0.9846	0.25	1288	129	122	0.9457	0.0947	0.1722	0.1002	0.9096	0.0341	0.0657	1.419
zscore	twin	0.9	0.9846	0.3	1288	127	121	0.9528	0.0939	0.171	0.0986	0.9213	0.0339	0.0655	1.394
zscore	twin	0.9	0.9846	0.35	1288	127	121	0.9528	0.0939	0.171	0.0986	0.9213	0.0339	0.0654	1.386
zscore	twin	0.9	0.9846	0.4	1288	126	120	0.9524	0.0932	0.1697	0.0978	0.9245	0.0331	0.064	1.354
zscore	twin	0.9	0.9846	0.45	1288	125	119	0.952	0.0924	0.1684	0.097	0.9239	0.0331	0.0639	1.349
zscore	twin	0.9	0.9846	0.5	1288	125	119	0.952	0.0924	0.1684	0.097	0.9239	0.0331	0.0639	1.349
zscore	twin	0.9	0.9846	0.55	1288	123	119	0.9675	0.0924	0.1687	0.0955	0.9465	0.0331	0.064	1.35
zscore	twin	0.9	0.9846	0.6	1288	121	118	0.9752	0.0916	0.1675	0.0939	0.9539	0.0326	0.063	1.347
zscore	twin	0.9	0.9846	0.65	1288	118	116	0.9831	0.0901	0.165	0.0916	0.9612	0.032	0.062	1.331
zscore	twin	0.9	0.9846	0.7	1288	117	116	0.9915	0.0901	0.1651	0.0908	0.9694	0.032	0.062	1.325
zscore	twin	0.9	0.9846	0.75	1288	117	116	0.9915	0.0901	0.1651	0.0908	0.9694	0.032	0.062	1.325
zscore	twin	0.9	0.9846	0.8	1288	116	115	0.9914	0.0893	0.1638	0.0901	0.9691	0.0312	0.0604	1.319
zscore	twin	0.9	0.9846	0.85	1288	116	115	0.9914	0.0893	0.1638	0.0901	0.9691	0.0312	0.0604	1.319
zscore	twin	0.9	0.9846	0.9	1288	113	113	1.0	0.0877	0.1613	0.0877	0.9771	0.0309	0.06	1.292
zscore	twin	0.95	0.9855	0.0	1288	65	65	1.0	0.0505	0.0961	0.0505	0.8961	0.0188	0.0368	2.569
zscore	twin	0.95	0.9855	0.05	1288	65	65	1.0	0.0505	0.0961	0.0505	0.9231	0.0188	0.0368	1.785
zscore	twin	0.95	0.9855	0.1	1288	65	65	1.0	0.0505	0.0961	0.0505	0.95	0.0188	0.0368	1.569
zscore	twin	0.95	0.9855	0.15	1288	65	65	1.0	0.0505	0.0961	0.0505	0.95	0.0185	0.0363	1.462
zscore	twin	0.95	0.9855	0.2	1288	65	65	1.0	0.0505	0.0961	0.0505	0.9603	0.0185	0.0363	1.431
zscore	twin	0.95	0.9855	0.25	1288	65	64	0.9846	0.0497	0.0946	0.0505	0.9551	0.0185	0.0363	1.415
zscore	twin	0.95	0.9855	0.3	1288	64	64	1.0	0.0497	0.0947	0.0497	0.9701	0.0184	0.0362	1.391
zscore	twin	0.95	0.9855	0.35	1288	64	64	1.0	0.0497	0.0947	0.0497	0.9701	0.0184	0.0362	1.391
zscore	twin	0.95	0.9855	0.4	1288	63	63	1.0	0.0489	0.0933	0.0489	0.9648	0.0176	0.0347	1.375
zscore	twin	0.95	0.9855	0.45	1288	63	63	1.0	0.0489	0.0933	0.0489	0.9648	0.0176	0.0347	1.375
zscore	twin	0.95	0.9855	0.5	1288	63	63	1.0	0.0489	0.0933	0.0489	0.9648	0.0176	0.0347	1.375
zscore	twin	0.95	0.9855	0.55	1288	63	63	1.0	0.0489	0.0933	0.0489	0.9802	0.0176	0.0347	1.365
zscore	twin	0.95	0.9855	0.6	1288	62	62	1.0	0.0481	0.0919	0.0481	0.9798	0.0171	0.0337	1.355
zscore	twin	0.95	0.9855	0.65	1288	61	61	1.0	0.0474	0.0904	0.0474	0.9795	0.0167	0.0329	1.361
zscore	twin	0.95	0.9855	0.7	1288	61	61	1.0	0.0474	0.0904	0.0474	0.9795	0.0167	0.0329	1.361
zscore	twin	0.95	0.9855	0.75	1288	61	61	1.0	0.0474	0.0904	0.0474	0.9795	0.0167	0.0329	1.361
zscore	twin	0.95	0.9855	0.8	1288	60	60	1.0	0.0466	0.089	0.0466	0.9792	0.016	0.0314	1.367
zscore	twin	0.95	0.9855	0.85	1288	60	60	1.0	0.0466	0.089	0.0466	0.9792	0.016	0.0314	1.367
zscore	twin	0.95	0.9855	0.9	1288	58	58	1.0	0.045	0.0862	0.045	0.9784	0.0157	0.031	1.31
