metric	condition	nn_quantile	nn_threshold	floor	n_adjudicable	n_fired	n_correct	precision	recall	f1	coverage	mnxr_macro_precision	mnxr_macro_recall	mnxr_macro_f1	mnxr_mean_pred_size
correlation	pool	0.0	0.43	0.0	1288	1286	1074	0.8351	0.8339	0.8345	0.9984	0.4833	0.3142	0.3808	7.341
correlation	pool	0.0	0.43	0.05	1288	1283	1038	0.809	0.8059	0.8075	0.9961	0.5341	0.291	0.3768	4.161
correlation	pool	0.0	0.43	0.1	1288	1281	980	0.765	0.7609	0.7629	0.9946	0.5719	0.2693	0.3662	2.725
correlation	pool	0.0	0.43	0.15	1288	1264	905	0.716	0.7026	0.7092	0.9814	0.5777	0.2494	0.3484	2.111
correlation	pool	0.0	0.43	0.2	1288	1225	859	0.7012	0.6669	0.6836	0.9511	0.6006	0.2342	0.3369	1.779
correlation	pool	0.0	0.43	0.25	1288	1188	818	0.6886	0.6351	0.6607	0.9224	0.6097	0.2224	0.3259	1.575
correlation	pool	0.0	0.43	0.3	1288	1131	789	0.6976	0.6126	0.6523	0.8781	0.6391	0.2127	0.3192	1.462
correlation	pool	0.0	0.43	0.35	1288	1091	766	0.7021	0.5947	0.644	0.847	0.6566	0.2081	0.316	1.388
correlation	pool	0.0	0.43	0.4	1288	1050	752	0.7162	0.5839	0.6433	0.8152	0.6793	0.2047	0.3146	1.331
correlation	pool	0.0	0.43	0.45	1288	1008	733	0.7272	0.5691	0.6385	0.7826	0.6973	0.1995	0.3102	1.3
correlation	pool	0.0	0.43	0.5	1288	950	712	0.7495	0.5528	0.6363	0.7376	0.7222	0.1895	0.3003	1.3
correlation	pool	0.0	0.43	0.55	1288	898	695	0.7739	0.5396	0.6359	0.6972	0.7484	0.1858	0.2977	1.289
correlation	pool	0.0	0.43	0.6	1288	863	674	0.781	0.5233	0.6267	0.67	0.7598	0.1808	0.2921	1.289
correlation	pool	0.0	0.43	0.65	1288	819	658	0.8034	0.5109	0.6246	0.6359	0.7809	0.1778	0.2897	1.292
correlation	pool	0.0	0.43	0.7	1288	773	637	0.8241	0.4946	0.6181	0.6002	0.801	0.1718	0.2829	1.271
correlation	pool	0.0	0.43	0.75	1288	736	623	0.8465	0.4837	0.6156	0.5714	0.8267	0.1684	0.2798	1.27
correlation	pool	0.0	0.43	0.8	1288	705	608	0.8624	0.472	0.6101	0.5474	0.8452	0.1637	0.2742	1.257
correlation	pool	0.0	0.43	0.85	1288	668	594	0.8892	0.4612	0.6074	0.5186	0.873	0.1604	0.271	1.255
correlation	pool	0.0	0.43	0.9	1288	626	573	0.9153	0.4449	0.5987	0.486	0.8989	0.1551	0.2646	1.243
correlation	pool	0.05	0.5691	0.0	1288	1222	1072	0.8773	0.8323	0.8542	0.9488	0.5081	0.3136	0.3878	7.333
correlation	pool	0.05	0.5691	0.05	1288	1220	1037	0.85	0.8051	0.827	0.9472	0.5621	0.2906	0.3832	4.156
correlation	pool	0.05	0.5691	0.1	1288	1218	979	0.8038	0.7601	0.7813	0.9457	0.6019	0.2689	0.3717	2.717
correlation	pool	0.05	0.5691	0.15	1288	1205	904	0.7502	0.7019	0.7252	0.9356	0.6077	0.2491	0.3533	2.095
correlation	pool	0.05	0.5691	0.2	1288	1169	858	0.734	0.6661	0.6984	0.9076	0.6312	0.2338	0.3412	1.754
correlation	pool	0.05	0.5691	0.25	1288	1135	818	0.7207	0.6351	0.6752	0.8812	0.6409	0.2224	0.3302	1.564
correlation	pool	0.05	0.5691	0.3	1288	1081	789	0.7299	0.6126	0.6661	0.8393	0.6718	0.2127	0.3231	1.454
correlation	pool	0.05	0.5691	0.35	1288	1043	766	0.7344	0.5947	0.6572	0.8098	0.6908	0.2081	0.3198	1.383
correlation	pool	0.05	0.5691	0.4	1288	1004	752	0.749	0.5839	0.6562	0.7795	0.7148	0.2047	0.3183	1.336
correlation	pool	0.05	0.5691	0.45	1288	965	733	0.7596	0.5691	0.6507	0.7492	0.7331	0.1995	0.3136	1.305
correlation	pool	0.05	0.5691	0.5	1288	911	712	0.7816	0.5528	0.6476	0.7073	0.7575	0.1895	0.3032	1.307
correlation	pool	0.05	0.5691	0.55	1288	863	695	0.8053	0.5396	0.6462	0.67	0.7828	0.1858	0.3003	1.297
correlation	pool	0.05	0.5691	0.6	1288	828	674	0.814	0.5233	0.6371	0.6429	0.7935	0.1808	0.2945	1.296
correlation	pool	0.05	0.5691	0.65	1288	785	658	0.8382	0.5109	0.6348	0.6095	0.8164	0.1778	0.2921	1.299
correlation	pool	0.05	0.5691	0.7	1288	742	637	0.8585	0.4946	0.6276	0.5761	0.8363	0.1718	0.285	1.279
correlation	pool	0.05	0.5691	0.75	1288	709	623	0.8787	0.4837	0.6239	0.5505	0.8592	0.1684	0.2816	1.278
correlation	pool	0.05	0.5691	0.8	1288	681	608	0.8928	0.472	0.6176	0.5287	0.8761	0.1637	0.2758	1.263
correlation	pool	0.05	0.5691	0.85	1288	648	594	0.9167	0.4612	0.6136	0.5031	0.9012	0.1604	0.2723	1.26
correlation	pool	0.05	0.5691	0.9	1288	612	573	0.9363	0.4449	0.6032	0.4752	0.9209	0.1551	0.2655	1.246
correlation	pool	0.1	0.6401	0.0	1288	1158	1071	0.9249	0.8315	0.8757	0.8991	0.5359	0.3132	0.3953	7.161
correlation	pool	0.1	0.6401	0.05	1288	1157	1036	0.8954	0.8043	0.8474	0.8983	0.5927	0.2902	0.3897	4.104
correlation	pool	0.1	0.6401	0.1	1288	1155	978	0.8468	0.7593	0.8007	0.8967	0.6347	0.2685	0.3774	2.676
correlation	pool	0.1	0.6401	0.15	1288	1142	903	0.7907	0.7011	0.7432	0.8866	0.6411	0.2487	0.3583	2.081
correlation	pool	0.1	0.6401	0.2	1288	1112	857	0.7707	0.6654	0.7142	0.8634	0.6634	0.2334	0.3453	1.726
correlation	pool	0.1	0.6401	0.25	1288	1080	817	0.7565	0.6343	0.69	0.8385	0.6732	0.222	0.3339	1.546
correlation	pool	0.1	0.6401	0.3	1288	1031	788	0.7643	0.6118	0.6796	0.8005	0.7041	0.2123	0.3263	1.447
correlation	pool	0.1	0.6401	0.35	1288	993	765	0.7704	0.5939	0.6708	0.771	0.7255	0.2077	0.3229	1.375
correlation	pool	0.1	0.6401	0.4	1288	956	751	0.7856	0.5831	0.6693	0.7422	0.75	0.2043	0.3212	1.333
correlation	pool	0.1	0.6401	0.45	1288	923	732	0.7931	0.5683	0.6621	0.7166	0.7659	0.1991	0.316	1.307
correlation	pool	0.1	0.6401	0.5	1288	872	711	0.8154	0.552	0.6583	0.677	0.7907	0.1891	0.3053	1.311
correlation	pool	0.1	0.6401	0.55	1288	830	694	0.8361	0.5388	0.6553	0.6444	0.8133	0.1854	0.3019	1.298
correlation	pool	0.1	0.6401	0.6	1288	796	673	0.8455	0.5225	0.6459	0.618	0.8249	0.1804	0.296	1.298
correlation	pool	0.1	0.6401	0.65	1288	757	658	0.8692	0.5109	0.6435	0.5877	0.8474	0.1778	0.294	1.3
correlation	pool	0.1	0.6401	0.7	1288	714	637	0.8922	0.4946	0.6364	0.5543	0.8701	0.1718	0.2869	1.285
correlation	pool	0.1	0.6401	0.75	1288	686	623	0.9082	0.4837	0.6312	0.5326	0.8891	0.1684	0.2831	1.283
correlation	pool	0.1	0.6401	0.8	1288	658	608	0.924	0.472	0.6249	0.5109	0.9066	0.1637	0.2773	1.271
correlation	pool	0.1	0.6401	0.85	1288	628	594	0.9459	0.4612	0.62	0.4876	0.9298	0.1604	0.2736	1.267
correlation	pool	0.1	0.6401	0.9	1288	596	573	0.9614	0.4449	0.6083	0.4627	0.9455	0.1551	0.2665	1.251
correlation	pool	0.15	0.7711	0.0	1288	1094	1064	0.9726	0.8261	0.8934	0.8494	0.566	0.3117	0.402	6.859
correlation	pool	0.15	0.7711	0.05	1288	1093	1029	0.9414	0.7989	0.8643	0.8486	0.6257	0.2888	0.3952	3.963
correlation	pool	0.15	0.7711	0.1	1288	1091	972	0.8909	0.7547	0.8172	0.847	0.6701	0.2671	0.3819	2.591
correlation	pool	0.15	0.7711	0.15	1288	1079	898	0.8323	0.6972	0.7588	0.8377	0.6769	0.2481	0.3631	2.052
correlation	pool	0.15	0.7711	0.2	1288	1052	853	0.8108	0.6623	0.7291	0.8168	0.701	0.2328	0.3496	1.718
correlation	pool	0.15	0.7711	0.25	1288	1023	813	0.7947	0.6312	0.7036	0.7943	0.7097	0.2215	0.3376	1.534
correlation	pool	0.15	0.7711	0.3	1288	978	785	0.8027	0.6095	0.6929	0.7593	0.7417	0.2119	0.3296	1.441
correlation	pool	0.15	0.7711	0.35	1288	941	762	0.8098	0.5916	0.6837	0.7306	0.7643	0.2073	0.3261	1.367
correlation	pool	0.15	0.7711	0.4	1288	910	748	0.822	0.5807	0.6806	0.7065	0.7867	0.2039	0.3239	1.324
correlation	pool	0.15	0.7711	0.45	1288	879	729	0.8294	0.566	0.6728	0.6825	0.803	0.1987	0.3185	1.299
correlation	pool	0.15	0.7711	0.5	1288	830	708	0.853	0.5497	0.6686	0.6444	0.8295	0.1887	0.3075	1.303
correlation	pool	0.15	0.7711	0.55	1288	791	691	0.8736	0.5365	0.6647	0.6141	0.8523	0.185	0.304	1.289
correlation	pool	0.15	0.7711	0.6	1288	758	670	0.8839	0.5202	0.6549	0.5885	0.8652	0.18	0.298	1.291
correlation	pool	0.15	0.7711	0.65	1288	724	655	0.9047	0.5085	0.6511	0.5621	0.885	0.1774	0.2956	1.294
correlation	pool	0.15	0.7711	0.7	1288	685	634	0.9255	0.4922	0.6427	0.5318	0.9059	0.1714	0.2882	1.282
correlation	pool	0.15	0.7711	0.75	1288	661	620	0.938	0.4814	0.6362	0.5132	0.9204	0.168	0.2841	1.279
correlation	pool	0.15	0.7711	0.8	1288	634	605	0.9543	0.4697	0.6296	0.4922	0.9385	0.1632	0.2781	1.266
correlation	pool	0.15	0.7711	0.85	1288	608	592	0.9737	0.4596	0.6245	0.472	0.9581	0.1602	0.2744	1.266
correlation	pool	0.15	0.7711	0.9	1288	580	572	0.9862	0.4441	0.6124	0.4503	0.9709	0.155	0.2673	1.247
correlation	pool	0.2	1.0	0.0	1288	1043	1039	0.9962	0.8067	0.8915	0.8098	0.5872	0.307	0.4032	6.754
correlation	pool	0.2	1.0	0.05	1288	1042	1008	0.9674	0.7826	0.8652	0.809	0.6489	0.2855	0.3965	3.907
correlation	pool	0.2	1.0	0.1	1288	1041	954	0.9164	0.7407	0.8192	0.8082	0.6953	0.2642	0.3829	2.554
correlation	pool	0.2	1.0	0.15	1288	1030	882	0.8563	0.6848	0.761	0.7997	0.7022	0.2455	0.3638	2.028
correlation	pool	0.2	1.0	0.2	1288	1003	839	0.8365	0.6514	0.7324	0.7787	0.7275	0.2303	0.3498	1.698
correlation	pool	0.2	1.0	0.25	1288	980	800	0.8163	0.6211	0.7055	0.7609	0.7353	0.2197	0.3383	1.515
correlation	pool	0.2	1.0	0.3	1288	939	772	0.8222	0.5994	0.6933	0.729	0.7664	0.2101	0.3298	1.422
correlation	pool	0.2	1.0	0.35	1288	903	749	0.8295	0.5815	0.6837	0.7011	0.7879	0.2055	0.3259	1.355
correlation	pool	0.2	1.0	0.4	1288	873	735	0.8419	0.5707	0.6802	0.6778	0.8101	0.2021	0.3235	1.314
correlation	pool	0.2	1.0	0.45	1288	844	718	0.8507	0.5575	0.6735	0.6553	0.8286	0.197	0.3183	1.288
correlation	pool	0.2	1.0	0.5	1288	799	697	0.8723	0.5411	0.6679	0.6203	0.8536	0.187	0.3068	1.291
correlation	pool	0.2	1.0	0.55	1288	765	680	0.8889	0.528	0.6624	0.5939	0.8721	0.1833	0.3029	1.288
correlation	pool	0.2	1.0	0.6	1288	737	662	0.8982	0.514	0.6538	0.5722	0.8822	0.1788	0.2974	1.288
correlation	pool	0.2	1.0	0.65	1288	705	648	0.9191	0.5031	0.6503	0.5474	0.9023	0.1765	0.2952	1.29
correlation	pool	0.2	1.0	0.7	1288	671	629	0.9374	0.4884	0.6422	0.521	0.921	0.1708	0.2881	1.283
correlation	pool	0.2	1.0	0.75	1288	647	615	0.9505	0.4775	0.6357	0.5023	0.9351	0.1674	0.2839	1.279
correlation	pool	0.2	1.0	0.8	1288	621	600	0.9662	0.4658	0.6286	0.4821	0.9527	0.1627	0.2779	1.265
correlation	pool	0.2	1.0	0.85	1288	598	588	0.9833	0.4565	0.6235	0.4643	0.9701	0.1596	0.2742	1.265
correlation	pool	0.2	1.0	0.9	1288	571	568	0.9947	0.441	0.6111	0.4433	0.9821	0.1545	0.267	1.247
correlation	pool	0.25	1.0	0.0	1288	970	966	0.9959	0.75	0.8556	0.7531	0.5893	0.2865	0.3855	6.689
correlation	pool	0.25	1.0	0.05	1288	969	938	0.968	0.7283	0.8312	0.7523	0.6516	0.2659	0.3777	3.845
correlation	pool	0.25	1.0	0.1	1288	968	891	0.9205	0.6918	0.7899	0.7516	0.6976	0.2472	0.365	2.525
correlation	pool	0.25	1.0	0.15	1288	957	822	0.8589	0.6382	0.7323	0.743	0.7046	0.23	0.3468	2.003
correlation	pool	0.25	1.0	0.2	1288	932	780	0.8369	0.6056	0.7027	0.7236	0.7303	0.2161	0.3335	1.663
correlation	pool	0.25	1.0	0.25	1288	909	742	0.8163	0.5761	0.6755	0.7057	0.7364	0.2058	0.3216	1.502
correlation	pool	0.25	1.0	0.3	1288	872	716	0.8211	0.5559	0.663	0.677	0.7657	0.1967	0.3129	1.416
correlation	pool	0.25	1.0	0.35	1288	837	694	0.8292	0.5388	0.6532	0.6498	0.7877	0.1923	0.3091	1.351
correlation	pool	0.25	1.0	0.4	1288	812	683	0.8411	0.5303	0.6505	0.6304	0.8092	0.1894	0.3069	1.311
correlation	pool	0.25	1.0	0.45	1288	783	667	0.8519	0.5179	0.6441	0.6079	0.8286	0.1843	0.3015	1.29
correlation	pool	0.25	1.0	0.5	1288	743	647	0.8708	0.5023	0.6371	0.5769	0.8514	0.1745	0.2897	1.291
correlation	pool	0.25	1.0	0.55	1288	713	633	0.8878	0.4915	0.6327	0.5536	0.8705	0.1713	0.2862	1.288
correlation	pool	0.25	1.0	0.6	1288	686	616	0.898	0.4783	0.6241	0.5326	0.8814	0.1673	0.2813	1.289
correlation	pool	0.25	1.0	0.65	1288	658	604	0.9179	0.4689	0.6208	0.5109	0.9006	0.1654	0.2795	1.289
correlation	pool	0.25	1.0	0.7	1288	626	586	0.9361	0.455	0.6123	0.486	0.9193	0.1601	0.2728	1.281
correlation	pool	0.25	1.0	0.75	1288	605	575	0.9504	0.4464	0.6075	0.4697	0.9347	0.1574	0.2695	1.277
correlation	pool	0.25	1.0	0.8	1288	580	561	0.9672	0.4356	0.6006	0.4503	0.9537	0.1527	0.2633	1.262
correlation	pool	0.25	1.0	0.85	1288	558	549	0.9839	0.4262	0.5948	0.4332	0.9706	0.1497	0.2594	1.261
correlation	pool	0.25	1.0	0.9	1288	534	531	0.9944	0.4123	0.5829	0.4146	0.9818	0.1447	0.2522	1.239
correlation	pool	0.3	1.0	0.0	1288	970	966	0.9959	0.75	0.8556	0.7531	0.5893	0.2865	0.3855	6.689
correlation	pool	0.3	1.0	0.05	1288	969	938	0.968	0.7283	0.8312	0.7523	0.6516	0.2659	0.3777	3.845
correlation	pool	0.3	1.0	0.1	1288	968	891	0.9205	0.6918	0.7899	0.7516	0.6976	0.2472	0.365	2.525
correlation	pool	0.3	1.0	0.15	1288	957	822	0.8589	0.6382	0.7323	0.743	0.7046	0.23	0.3468	2.003
correlation	pool	0.3	1.0	0.2	1288	932	780	0.8369	0.6056	0.7027	0.7236	0.7303	0.2161	0.3335	1.663
correlation	pool	0.3	1.0	0.25	1288	909	742	0.8163	0.5761	0.6755	0.7057	0.7364	0.2058	0.3216	1.502
correlation	pool	0.3	1.0	0.3	1288	872	716	0.8211	0.5559	0.663	0.677	0.7657	0.1967	0.3129	1.416
correlation	pool	0.3	1.0	0.35	1288	837	694	0.8292	0.5388	0.6532	0.6498	0.7877	0.1923	0.3091	1.351
correlation	pool	0.3	1.0	0.4	1288	812	683	0.8411	0.5303	0.6505	0.6304	0.8092	0.1894	0.3069	1.311
correlation	pool	0.3	1.0	0.45	1288	783	667	0.8519	0.5179	0.6441	0.6079	0.8286	0.1843	0.3015	1.29
correlation	pool	0.3	1.0	0.5	1288	743	647	0.8708	0.5023	0.6371	0.5769	0.8514	0.1745	0.2897	1.291
correlation	pool	0.3	1.0	0.55	1288	713	633	0.8878	0.4915	0.6327	0.5536	0.8705	0.1713	0.2862	1.288
correlation	pool	0.3	1.0	0.6	1288	686	616	0.898	0.4783	0.6241	0.5326	0.8814	0.1673	0.2813	1.289
correlation	pool	0.3	1.0	0.65	1288	658	604	0.9179	0.4689	0.6208	0.5109	0.9006	0.1654	0.2795	1.289
correlation	pool	0.3	1.0	0.7	1288	626	586	0.9361	0.455	0.6123	0.486	0.9193	0.1601	0.2728	1.281
correlation	pool	0.3	1.0	0.75	1288	605	575	0.9504	0.4464	0.6075	0.4697	0.9347	0.1574	0.2695	1.277
correlation	pool	0.3	1.0	0.8	1288	580	561	0.9672	0.4356	0.6006	0.4503	0.9537	0.1527	0.2633	1.262
correlation	pool	0.3	1.0	0.85	1288	558	549	0.9839	0.4262	0.5948	0.4332	0.9706	0.1497	0.2594	1.261
correlation	pool	0.3	1.0	0.9	1288	534	531	0.9944	0.4123	0.5829	0.4146	0.9818	0.1447	0.2522	1.239
correlation	pool	0.35	1.0	0.0	1288	851	847	0.9953	0.6576	0.792	0.6607	0.5939	0.2477	0.3496	6.678
correlation	pool	0.35	1.0	0.05	1288	850	824	0.9694	0.6398	0.7708	0.6599	0.6564	0.23	0.3407	3.877
correlation	pool	0.35	1.0	0.1	1288	849	784	0.9234	0.6087	0.7337	0.6592	0.6999	0.2139	0.3276	2.55
correlation	pool	0.35	1.0	0.15	1288	841	722	0.8585	0.5606	0.6783	0.653	0.7068	0.1992	0.3108	2.009
correlation	pool	0.35	1.0	0.2	1288	820	685	0.8354	0.5318	0.6499	0.6366	0.7335	0.187	0.2981	1.654
correlation	pool	0.35	1.0	0.25	1288	798	651	0.8158	0.5054	0.6242	0.6196	0.7403	0.178	0.287	1.498
correlation	pool	0.35	1.0	0.3	1288	763	629	0.8244	0.4884	0.6134	0.5924	0.7721	0.1706	0.2795	1.405
correlation	pool	0.35	1.0	0.35	1288	732	608	0.8306	0.472	0.602	0.5683	0.7929	0.1668	0.2756	1.336
correlation	pool	0.35	1.0	0.4	1288	710	600	0.8451	0.4658	0.6006	0.5512	0.816	0.1644	0.2737	1.304
correlation	pool	0.35	1.0	0.45	1288	683	585	0.8565	0.4542	0.5936	0.5303	0.8335	0.1593	0.2675	1.292
correlation	pool	0.35	1.0	0.5	1288	653	570	0.8729	0.4425	0.5873	0.507	0.8538	0.1525	0.2588	1.29
correlation	pool	0.35	1.0	0.55	1288	626	558	0.8914	0.4332	0.5831	0.486	0.8741	0.1495	0.2553	1.287
correlation	pool	0.35	1.0	0.6	1288	603	544	0.9022	0.4224	0.5754	0.4682	0.8858	0.1466	0.2516	1.288
correlation	pool	0.35	1.0	0.65	1288	579	534	0.9223	0.4146	0.572	0.4495	0.9052	0.1452	0.2502	1.286
correlation	pool	0.35	1.0	0.7	1288	552	517	0.9366	0.4014	0.562	0.4286	0.9203	0.1401	0.2432	1.28
correlation	pool	0.35	1.0	0.75	1288	533	508	0.9531	0.3944	0.5579	0.4138	0.938	0.1384	0.2412	1.275
correlation	pool	0.35	1.0	0.8	1288	512	497	0.9707	0.3859	0.5522	0.3975	0.9583	0.1343	0.2356	1.263
correlation	pool	0.35	1.0	0.85	1288	492	486	0.9878	0.3773	0.5461	0.382	0.9758	0.1316	0.232	1.262
correlation	pool	0.35	1.0	0.9	1288	473	471	0.9958	0.3657	0.5349	0.3672	0.9847	0.1274	0.2257	1.234
correlation	pool	0.4	1.0	0.0	1288	851	847	0.9953	0.6576	0.792	0.6607	0.5939	0.2477	0.3496	6.678
correlation	pool	0.4	1.0	0.05	1288	850	824	0.9694	0.6398	0.7708	0.6599	0.6564	0.23	0.3407	3.877
correlation	pool	0.4	1.0	0.1	1288	849	784	0.9234	0.6087	0.7337	0.6592	0.6999	0.2139	0.3276	2.55
correlation	pool	0.4	1.0	0.15	1288	841	722	0.8585	0.5606	0.6783	0.653	0.7068	0.1992	0.3108	2.009
correlation	pool	0.4	1.0	0.2	1288	820	685	0.8354	0.5318	0.6499	0.6366	0.7335	0.187	0.2981	1.654
correlation	pool	0.4	1.0	0.25	1288	798	651	0.8158	0.5054	0.6242	0.6196	0.7403	0.178	0.287	1.498
correlation	pool	0.4	1.0	0.3	1288	763	629	0.8244	0.4884	0.6134	0.5924	0.7721	0.1706	0.2795	1.405
correlation	pool	0.4	1.0	0.35	1288	732	608	0.8306	0.472	0.602	0.5683	0.7929	0.1668	0.2756	1.336
correlation	pool	0.4	1.0	0.4	1288	710	600	0.8451	0.4658	0.6006	0.5512	0.816	0.1644	0.2737	1.304
correlation	pool	0.4	1.0	0.45	1288	683	585	0.8565	0.4542	0.5936	0.5303	0.8335	0.1593	0.2675	1.292
correlation	pool	0.4	1.0	0.5	1288	653	570	0.8729	0.4425	0.5873	0.507	0.8538	0.1525	0.2588	1.29
correlation	pool	0.4	1.0	0.55	1288	626	558	0.8914	0.4332	0.5831	0.486	0.8741	0.1495	0.2553	1.287
correlation	pool	0.4	1.0	0.6	1288	603	544	0.9022	0.4224	0.5754	0.4682	0.8858	0.1466	0.2516	1.288
correlation	pool	0.4	1.0	0.65	1288	579	534	0.9223	0.4146	0.572	0.4495	0.9052	0.1452	0.2502	1.286
correlation	pool	0.4	1.0	0.7	1288	552	517	0.9366	0.4014	0.562	0.4286	0.9203	0.1401	0.2432	1.28
correlation	pool	0.4	1.0	0.75	1288	533	508	0.9531	0.3944	0.5579	0.4138	0.938	0.1384	0.2412	1.275
correlation	pool	0.4	1.0	0.8	1288	512	497	0.9707	0.3859	0.5522	0.3975	0.9583	0.1343	0.2356	1.263
correlation	pool	0.4	1.0	0.85	1288	492	486	0.9878	0.3773	0.5461	0.382	0.9758	0.1316	0.232	1.262
correlation	pool	0.4	1.0	0.9	1288	473	471	0.9958	0.3657	0.5349	0.3672	0.9847	0.1274	0.2257	1.234
correlation	pool	0.45	1.0	0.0	1288	851	847	0.9953	0.6576	0.792	0.6607	0.5939	0.2477	0.3496	6.678
correlation	pool	0.45	1.0	0.05	1288	850	824	0.9694	0.6398	0.7708	0.6599	0.6564	0.23	0.3407	3.877
correlation	pool	0.45	1.0	0.1	1288	849	784	0.9234	0.6087	0.7337	0.6592	0.6999	0.2139	0.3276	2.55
correlation	pool	0.45	1.0	0.15	1288	841	722	0.8585	0.5606	0.6783	0.653	0.7068	0.1992	0.3108	2.009
correlation	pool	0.45	1.0	0.2	1288	820	685	0.8354	0.5318	0.6499	0.6366	0.7335	0.187	0.2981	1.654
correlation	pool	0.45	1.0	0.25	1288	798	651	0.8158	0.5054	0.6242	0.6196	0.7403	0.178	0.287	1.498
correlation	pool	0.45	1.0	0.3	1288	763	629	0.8244	0.4884	0.6134	0.5924	0.7721	0.1706	0.2795	1.405
correlation	pool	0.45	1.0	0.35	1288	732	608	0.8306	0.472	0.602	0.5683	0.7929	0.1668	0.2756	1.336
correlation	pool	0.45	1.0	0.4	1288	710	600	0.8451	0.4658	0.6006	0.5512	0.816	0.1644	0.2737	1.304
correlation	pool	0.45	1.0	0.45	1288	683	585	0.8565	0.4542	0.5936	0.5303	0.8335	0.1593	0.2675	1.292
correlation	pool	0.45	1.0	0.5	1288	653	570	0.8729	0.4425	0.5873	0.507	0.8538	0.1525	0.2588	1.29
correlation	pool	0.45	1.0	0.55	1288	626	558	0.8914	0.4332	0.5831	0.486	0.8741	0.1495	0.2553	1.287
correlation	pool	0.45	1.0	0.6	1288	603	544	0.9022	0.4224	0.5754	0.4682	0.8858	0.1466	0.2516	1.288
correlation	pool	0.45	1.0	0.65	1288	579	534	0.9223	0.4146	0.572	0.4495	0.9052	0.1452	0.2502	1.286
correlation	pool	0.45	1.0	0.7	1288	552	517	0.9366	0.4014	0.562	0.4286	0.9203	0.1401	0.2432	1.28
correlation	pool	0.45	1.0	0.75	1288	533	508	0.9531	0.3944	0.5579	0.4138	0.938	0.1384	0.2412	1.275
correlation	pool	0.45	1.0	0.8	1288	512	497	0.9707	0.3859	0.5522	0.3975	0.9583	0.1343	0.2356	1.263
correlation	pool	0.45	1.0	0.85	1288	492	486	0.9878	0.3773	0.5461	0.382	0.9758	0.1316	0.232	1.262
correlation	pool	0.45	1.0	0.9	1288	473	471	0.9958	0.3657	0.5349	0.3672	0.9847	0.1274	0.2257	1.234
correlation	pool	0.5	1.0	0.0	1288	685	681	0.9942	0.5287	0.6903	0.5318	0.6054	0.1985	0.299	6.666
correlation	pool	0.5	1.0	0.05	1288	684	666	0.9737	0.5171	0.6755	0.5311	0.6682	0.1854	0.2903	3.855
correlation	pool	0.5	1.0	0.1	1288	683	632	0.9253	0.4907	0.6413	0.5303	0.7103	0.1711	0.2758	2.524
correlation	pool	0.5	1.0	0.15	1288	676	586	0.8669	0.455	0.5967	0.5248	0.7208	0.1626	0.2653	1.973
correlation	pool	0.5	1.0	0.2	1288	659	554	0.8407	0.4301	0.5691	0.5116	0.7459	0.1526	0.2534	1.611
correlation	pool	0.5	1.0	0.25	1288	647	529	0.8176	0.4107	0.5468	0.5023	0.7484	0.146	0.2443	1.456
correlation	pool	0.5	1.0	0.3	1288	618	511	0.8269	0.3967	0.5362	0.4798	0.7789	0.1399	0.2371	1.364
correlation	pool	0.5	1.0	0.35	1288	593	496	0.8364	0.3851	0.5274	0.4604	0.8032	0.1369	0.2339	1.322
correlation	pool	0.5	1.0	0.4	1288	573	489	0.8534	0.3797	0.5255	0.4449	0.8286	0.1356	0.2331	1.301
correlation	pool	0.5	1.0	0.45	1288	552	477	0.8641	0.3703	0.5185	0.4286	0.8465	0.1318	0.228	1.289
correlation	pool	0.5	1.0	0.5	1288	532	468	0.8797	0.3634	0.5143	0.413	0.8661	0.1278	0.2227	1.289
correlation	pool	0.5	1.0	0.55	1288	513	461	0.8986	0.3579	0.5119	0.3983	0.886	0.126	0.2206	1.282
correlation	pool	0.5	1.0	0.6	1288	495	450	0.9091	0.3494	0.5048	0.3843	0.896	0.1236	0.2172	1.284
correlation	pool	0.5	1.0	0.65	1288	475	442	0.9305	0.3432	0.5014	0.3688	0.9168	0.1224	0.216	1.282
correlation	pool	0.5	1.0	0.7	1288	452	428	0.9469	0.3323	0.492	0.3509	0.9325	0.1181	0.2097	1.274
correlation	pool	0.5	1.0	0.75	1288	441	421	0.9546	0.3269	0.487	0.3424	0.9399	0.1167	0.2076	1.274
correlation	pool	0.5	1.0	0.8	1288	422	411	0.9739	0.3191	0.4807	0.3276	0.9612	0.1131	0.2024	1.262
correlation	pool	0.5	1.0	0.85	1288	407	402	0.9877	0.3121	0.4743	0.316	0.9745	0.1113	0.1997	1.27
correlation	pool	0.5	1.0	0.9	1288	391	389	0.9949	0.302	0.4634	0.3036	0.9828	0.1074	0.1936	1.235
correlation	pool	0.55	1.0	0.0	1288	604	602	0.9967	0.4674	0.6364	0.4689	0.6127	0.1763	0.2738	6.513
correlation	pool	0.55	1.0	0.05	1288	603	587	0.9735	0.4557	0.6208	0.4682	0.6735	0.1637	0.2634	3.808
correlation	pool	0.55	1.0	0.1	1288	603	559	0.927	0.434	0.5912	0.4682	0.7167	0.1517	0.2504	2.518
correlation	pool	0.55	1.0	0.15	1288	597	522	0.8744	0.4053	0.5538	0.4635	0.7287	0.1446	0.2413	2.003
correlation	pool	0.55	1.0	0.2	1288	583	496	0.8508	0.3851	0.5302	0.4526	0.7552	0.1366	0.2314	1.637
correlation	pool	0.55	1.0	0.25	1288	573	473	0.8255	0.3672	0.5083	0.4449	0.756	0.1312	0.2235	1.47
correlation	pool	0.55	1.0	0.3	1288	551	457	0.8294	0.3548	0.497	0.4278	0.7835	0.1255	0.2163	1.373
correlation	pool	0.55	1.0	0.35	1288	528	444	0.8409	0.3447	0.489	0.4099	0.8093	0.1227	0.213	1.331
correlation	pool	0.55	1.0	0.4	1288	510	437	0.8569	0.3393	0.4861	0.396	0.8332	0.1214	0.212	1.311
correlation	pool	0.55	1.0	0.45	1288	492	428	0.8699	0.3323	0.4809	0.382	0.8535	0.1187	0.2084	1.3
correlation	pool	0.55	1.0	0.5	1288	475	420	0.8842	0.3261	0.4765	0.3688	0.8714	0.1155	0.204	1.3
correlation	pool	0.55	1.0	0.55	1288	457	414	0.9059	0.3214	0.4745	0.3548	0.8943	0.1141	0.2024	1.293
correlation	pool	0.55	1.0	0.6	1288	442	404	0.914	0.3137	0.4671	0.3432	0.902	0.1117	0.1988	1.293
correlation	pool	0.55	1.0	0.65	1288	424	396	0.934	0.3075	0.4626	0.3292	0.9214	0.1106	0.1974	1.289
correlation	pool	0.55	1.0	0.7	1288	403	382	0.9479	0.2966	0.4518	0.3129	0.9346	0.1063	0.1908	1.28
correlation	pool	0.55	1.0	0.75	1288	393	375	0.9542	0.2911	0.4462	0.3051	0.9406	0.1048	0.1887	1.279
correlation	pool	0.55	1.0	0.8	1288	376	367	0.9761	0.2849	0.4411	0.2919	0.9649	0.1018	0.1841	1.265
correlation	pool	0.55	1.0	0.85	1288	363	359	0.989	0.2787	0.4349	0.2818	0.9773	0.1	0.1814	1.272
correlation	pool	0.55	1.0	0.9	1288	348	346	0.9943	0.2686	0.423	0.2702	0.984	0.0961	0.1751	1.232
correlation	pool	0.6	1.0	0.0	1288	604	602	0.9967	0.4674	0.6364	0.4689	0.6127	0.1763	0.2738	6.513
correlation	pool	0.6	1.0	0.05	1288	603	587	0.9735	0.4557	0.6208	0.4682	0.6735	0.1637	0.2634	3.808
correlation	pool	0.6	1.0	0.1	1288	603	559	0.927	0.434	0.5912	0.4682	0.7167	0.1517	0.2504	2.518
correlation	pool	0.6	1.0	0.15	1288	597	522	0.8744	0.4053	0.5538	0.4635	0.7287	0.1446	0.2413	2.003
correlation	pool	0.6	1.0	0.2	1288	583	496	0.8508	0.3851	0.5302	0.4526	0.7552	0.1366	0.2314	1.637
correlation	pool	0.6	1.0	0.25	1288	573	473	0.8255	0.3672	0.5083	0.4449	0.756	0.1312	0.2235	1.47
correlation	pool	0.6	1.0	0.3	1288	551	457	0.8294	0.3548	0.497	0.4278	0.7835	0.1255	0.2163	1.373
correlation	pool	0.6	1.0	0.35	1288	528	444	0.8409	0.3447	0.489	0.4099	0.8093	0.1227	0.213	1.331
correlation	pool	0.6	1.0	0.4	1288	510	437	0.8569	0.3393	0.4861	0.396	0.8332	0.1214	0.212	1.311
correlation	pool	0.6	1.0	0.45	1288	492	428	0.8699	0.3323	0.4809	0.382	0.8535	0.1187	0.2084	1.3
correlation	pool	0.6	1.0	0.5	1288	475	420	0.8842	0.3261	0.4765	0.3688	0.8714	0.1155	0.204	1.3
correlation	pool	0.6	1.0	0.55	1288	457	414	0.9059	0.3214	0.4745	0.3548	0.8943	0.1141	0.2024	1.293
correlation	pool	0.6	1.0	0.6	1288	442	404	0.914	0.3137	0.4671	0.3432	0.902	0.1117	0.1988	1.293
correlation	pool	0.6	1.0	0.65	1288	424	396	0.934	0.3075	0.4626	0.3292	0.9214	0.1106	0.1974	1.289
correlation	pool	0.6	1.0	0.7	1288	403	382	0.9479	0.2966	0.4518	0.3129	0.9346	0.1063	0.1908	1.28
correlation	pool	0.6	1.0	0.75	1288	393	375	0.9542	0.2911	0.4462	0.3051	0.9406	0.1048	0.1887	1.279
correlation	pool	0.6	1.0	0.8	1288	376	367	0.9761	0.2849	0.4411	0.2919	0.9649	0.1018	0.1841	1.265
correlation	pool	0.6	1.0	0.85	1288	363	359	0.989	0.2787	0.4349	0.2818	0.9773	0.1	0.1814	1.272
correlation	pool	0.6	1.0	0.9	1288	348	346	0.9943	0.2686	0.423	0.2702	0.984	0.0961	0.1751	1.232
correlation	pool	0.65	1.0	0.0	1288	604	602	0.9967	0.4674	0.6364	0.4689	0.6127	0.1763	0.2738	6.513
correlation	pool	0.65	1.0	0.05	1288	603	587	0.9735	0.4557	0.6208	0.4682	0.6735	0.1637	0.2634	3.808
correlation	pool	0.65	1.0	0.1	1288	603	559	0.927	0.434	0.5912	0.4682	0.7167	0.1517	0.2504	2.518
correlation	pool	0.65	1.0	0.15	1288	597	522	0.8744	0.4053	0.5538	0.4635	0.7287	0.1446	0.2413	2.003
correlation	pool	0.65	1.0	0.2	1288	583	496	0.8508	0.3851	0.5302	0.4526	0.7552	0.1366	0.2314	1.637
correlation	pool	0.65	1.0	0.25	1288	573	473	0.8255	0.3672	0.5083	0.4449	0.756	0.1312	0.2235	1.47
correlation	pool	0.65	1.0	0.3	1288	551	457	0.8294	0.3548	0.497	0.4278	0.7835	0.1255	0.2163	1.373
correlation	pool	0.65	1.0	0.35	1288	528	444	0.8409	0.3447	0.489	0.4099	0.8093	0.1227	0.213	1.331
correlation	pool	0.65	1.0	0.4	1288	510	437	0.8569	0.3393	0.4861	0.396	0.8332	0.1214	0.212	1.311
correlation	pool	0.65	1.0	0.45	1288	492	428	0.8699	0.3323	0.4809	0.382	0.8535	0.1187	0.2084	1.3
correlation	pool	0.65	1.0	0.5	1288	475	420	0.8842	0.3261	0.4765	0.3688	0.8714	0.1155	0.204	1.3
correlation	pool	0.65	1.0	0.55	1288	457	414	0.9059	0.3214	0.4745	0.3548	0.8943	0.1141	0.2024	1.293
correlation	pool	0.65	1.0	0.6	1288	442	404	0.914	0.3137	0.4671	0.3432	0.902	0.1117	0.1988	1.293
correlation	pool	0.65	1.0	0.65	1288	424	396	0.934	0.3075	0.4626	0.3292	0.9214	0.1106	0.1974	1.289
correlation	pool	0.65	1.0	0.7	1288	403	382	0.9479	0.2966	0.4518	0.3129	0.9346	0.1063	0.1908	1.28
correlation	pool	0.65	1.0	0.75	1288	393	375	0.9542	0.2911	0.4462	0.3051	0.9406	0.1048	0.1887	1.279
correlation	pool	0.65	1.0	0.8	1288	376	367	0.9761	0.2849	0.4411	0.2919	0.9649	0.1018	0.1841	1.265
correlation	pool	0.65	1.0	0.85	1288	363	359	0.989	0.2787	0.4349	0.2818	0.9773	0.1	0.1814	1.272
correlation	pool	0.65	1.0	0.9	1288	348	346	0.9943	0.2686	0.423	0.2702	0.984	0.0961	0.1751	1.232
correlation	pool	0.7	1.0	0.0	1288	604	602	0.9967	0.4674	0.6364	0.4689	0.6127	0.1763	0.2738	6.513
correlation	pool	0.7	1.0	0.05	1288	603	587	0.9735	0.4557	0.6208	0.4682	0.6735	0.1637	0.2634	3.808
correlation	pool	0.7	1.0	0.1	1288	603	559	0.927	0.434	0.5912	0.4682	0.7167	0.1517	0.2504	2.518
correlation	pool	0.7	1.0	0.15	1288	597	522	0.8744	0.4053	0.5538	0.4635	0.7287	0.1446	0.2413	2.003
correlation	pool	0.7	1.0	0.2	1288	583	496	0.8508	0.3851	0.5302	0.4526	0.7552	0.1366	0.2314	1.637
correlation	pool	0.7	1.0	0.25	1288	573	473	0.8255	0.3672	0.5083	0.4449	0.756	0.1312	0.2235	1.47
correlation	pool	0.7	1.0	0.3	1288	551	457	0.8294	0.3548	0.497	0.4278	0.7835	0.1255	0.2163	1.373
correlation	pool	0.7	1.0	0.35	1288	528	444	0.8409	0.3447	0.489	0.4099	0.8093	0.1227	0.213	1.331
correlation	pool	0.7	1.0	0.4	1288	510	437	0.8569	0.3393	0.4861	0.396	0.8332	0.1214	0.212	1.311
correlation	pool	0.7	1.0	0.45	1288	492	428	0.8699	0.3323	0.4809	0.382	0.8535	0.1187	0.2084	1.3
correlation	pool	0.7	1.0	0.5	1288	475	420	0.8842	0.3261	0.4765	0.3688	0.8714	0.1155	0.204	1.3
correlation	pool	0.7	1.0	0.55	1288	457	414	0.9059	0.3214	0.4745	0.3548	0.8943	0.1141	0.2024	1.293
correlation	pool	0.7	1.0	0.6	1288	442	404	0.914	0.3137	0.4671	0.3432	0.902	0.1117	0.1988	1.293
correlation	pool	0.7	1.0	0.65	1288	424	396	0.934	0.3075	0.4626	0.3292	0.9214	0.1106	0.1974	1.289
correlation	pool	0.7	1.0	0.7	1288	403	382	0.9479	0.2966	0.4518	0.3129	0.9346	0.1063	0.1908	1.28
correlation	pool	0.7	1.0	0.75	1288	393	375	0.9542	0.2911	0.4462	0.3051	0.9406	0.1048	0.1887	1.279
correlation	pool	0.7	1.0	0.8	1288	376	367	0.9761	0.2849	0.4411	0.2919	0.9649	0.1018	0.1841	1.265
correlation	pool	0.7	1.0	0.85	1288	363	359	0.989	0.2787	0.4349	0.2818	0.9773	0.1	0.1814	1.272
correlation	pool	0.7	1.0	0.9	1288	348	346	0.9943	0.2686	0.423	0.2702	0.984	0.0961	0.1751	1.232
correlation	pool	0.75	1.0	0.0	1288	367	366	0.9973	0.2842	0.4423	0.2849	0.6168	0.1096	0.1861	6.561
correlation	pool	0.75	1.0	0.05	1288	367	358	0.9755	0.278	0.4326	0.2849	0.6765	0.1037	0.1798	3.831
correlation	pool	0.75	1.0	0.1	1288	367	340	0.9264	0.264	0.4109	0.2849	0.7273	0.0965	0.1703	2.488
correlation	pool	0.75	1.0	0.15	1288	363	320	0.8815	0.2484	0.3876	0.2818	0.746	0.0921	0.164	1.92
correlation	pool	0.75	1.0	0.2	1288	355	303	0.8535	0.2352	0.3688	0.2756	0.767	0.0859	0.1546	1.575
correlation	pool	0.75	1.0	0.25	1288	353	289	0.8187	0.2244	0.3522	0.2741	0.7635	0.0822	0.1484	1.436
correlation	pool	0.75	1.0	0.3	1288	335	276	0.8239	0.2143	0.3401	0.2601	0.7955	0.0772	0.1408	1.319
correlation	pool	0.75	1.0	0.35	1288	320	268	0.8375	0.2081	0.3333	0.2484	0.8229	0.0755	0.1383	1.278
correlation	pool	0.75	1.0	0.4	1288	307	265	0.8632	0.2057	0.3323	0.2384	0.8512	0.0746	0.1372	1.267
correlation	pool	0.75	1.0	0.45	1288	300	264	0.88	0.205	0.3325	0.2329	0.8711	0.0738	0.1361	1.263
correlation	pool	0.75	1.0	0.5	1288	294	261	0.8878	0.2026	0.33	0.2283	0.8804	0.0734	0.1354	1.265
correlation	pool	0.75	1.0	0.55	1288	282	258	0.9149	0.2003	0.3287	0.2189	0.9072	0.0722	0.1337	1.273
correlation	pool	0.75	1.0	0.6	1288	277	255	0.9206	0.198	0.3259	0.2151	0.9128	0.0715	0.1327	1.267
correlation	pool	0.75	1.0	0.65	1288	266	248	0.9323	0.1925	0.3192	0.2065	0.9242	0.0706	0.1313	1.263
correlation	pool	0.75	1.0	0.7	1288	255	240	0.9412	0.1863	0.3111	0.198	0.9327	0.0677	0.1262	1.255
correlation	pool	0.75	1.0	0.75	1288	245	233	0.951	0.1809	0.304	0.1902	0.9422	0.0663	0.1238	1.253
correlation	pool	0.75	1.0	0.8	1288	234	228	0.9744	0.177	0.2996	0.1817	0.9651	0.0648	0.1215	1.261
correlation	pool	0.75	1.0	0.85	1288	225	223	0.9911	0.1731	0.2948	0.1747	0.9815	0.0633	0.119	1.271
correlation	pool	0.75	1.0	0.9	1288	214	213	0.9953	0.1654	0.2836	0.1661	0.9883	0.0608	0.1146	1.206
correlation	pool	0.8	1.0	0.0	1288	367	366	0.9973	0.2842	0.4423	0.2849	0.6168	0.1096	0.1861	6.561
correlation	pool	0.8	1.0	0.05	1288	367	358	0.9755	0.278	0.4326	0.2849	0.6765	0.1037	0.1798	3.831
correlation	pool	0.8	1.0	0.1	1288	367	340	0.9264	0.264	0.4109	0.2849	0.7273	0.0965	0.1703	2.488
correlation	pool	0.8	1.0	0.15	1288	363	320	0.8815	0.2484	0.3876	0.2818	0.746	0.0921	0.164	1.92
correlation	pool	0.8	1.0	0.2	1288	355	303	0.8535	0.2352	0.3688	0.2756	0.767	0.0859	0.1546	1.575
correlation	pool	0.8	1.0	0.25	1288	353	289	0.8187	0.2244	0.3522	0.2741	0.7635	0.0822	0.1484	1.436
correlation	pool	0.8	1.0	0.3	1288	335	276	0.8239	0.2143	0.3401	0.2601	0.7955	0.0772	0.1408	1.319
correlation	pool	0.8	1.0	0.35	1288	320	268	0.8375	0.2081	0.3333	0.2484	0.8229	0.0755	0.1383	1.278
correlation	pool	0.8	1.0	0.4	1288	307	265	0.8632	0.2057	0.3323	0.2384	0.8512	0.0746	0.1372	1.267
correlation	pool	0.8	1.0	0.45	1288	300	264	0.88	0.205	0.3325	0.2329	0.8711	0.0738	0.1361	1.263
correlation	pool	0.8	1.0	0.5	1288	294	261	0.8878	0.2026	0.33	0.2283	0.8804	0.0734	0.1354	1.265
correlation	pool	0.8	1.0	0.55	1288	282	258	0.9149	0.2003	0.3287	0.2189	0.9072	0.0722	0.1337	1.273
correlation	pool	0.8	1.0	0.6	1288	277	255	0.9206	0.198	0.3259	0.2151	0.9128	0.0715	0.1327	1.267
correlation	pool	0.8	1.0	0.65	1288	266	248	0.9323	0.1925	0.3192	0.2065	0.9242	0.0706	0.1313	1.263
correlation	pool	0.8	1.0	0.7	1288	255	240	0.9412	0.1863	0.3111	0.198	0.9327	0.0677	0.1262	1.255
correlation	pool	0.8	1.0	0.75	1288	245	233	0.951	0.1809	0.304	0.1902	0.9422	0.0663	0.1238	1.253
correlation	pool	0.8	1.0	0.8	1288	234	228	0.9744	0.177	0.2996	0.1817	0.9651	0.0648	0.1215	1.261
correlation	pool	0.8	1.0	0.85	1288	225	223	0.9911	0.1731	0.2948	0.1747	0.9815	0.0633	0.119	1.271
correlation	pool	0.8	1.0	0.9	1288	214	213	0.9953	0.1654	0.2836	0.1661	0.9883	0.0608	0.1146	1.206
correlation	pool	0.85	1.0	0.0	1288	215	214	0.9953	0.1661	0.2848	0.1669	0.5943	0.0618	0.112	7.353
correlation	pool	0.85	1.0	0.05	1288	215	210	0.9767	0.163	0.2794	0.1669	0.6582	0.0579	0.1065	4.158
correlation	pool	0.85	1.0	0.1	1288	215	198	0.9209	0.1537	0.2635	0.1669	0.722	0.0536	0.0997	2.549
correlation	pool	0.85	1.0	0.15	1288	211	186	0.8815	0.1444	0.2482	0.1638	0.7452	0.0516	0.0966	1.995
correlation	pool	0.85	1.0	0.2	1288	206	176	0.8544	0.1366	0.2356	0.1599	0.7607	0.0473	0.0891	1.646
correlation	pool	0.85	1.0	0.25	1288	205	167	0.8146	0.1297	0.2237	0.1592	0.7585	0.0446	0.0842	1.493
correlation	pool	0.85	1.0	0.3	1288	192	158	0.8229	0.1227	0.2135	0.1491	0.7934	0.0415	0.0789	1.37
correlation	pool	0.85	1.0	0.35	1288	182	154	0.8462	0.1196	0.2095	0.1413	0.8288	0.0408	0.0779	1.335
correlation	pool	0.85	1.0	0.4	1288	174	151	0.8678	0.1172	0.2066	0.1351	0.8554	0.04	0.0764	1.322
correlation	pool	0.85	1.0	0.45	1288	171	151	0.883	0.1172	0.207	0.1328	0.8733	0.04	0.0765	1.316
correlation	pool	0.85	1.0	0.5	1288	168	150	0.8929	0.1165	0.206	0.1304	0.8829	0.0399	0.0764	1.321
correlation	pool	0.85	1.0	0.55	1288	160	147	0.9187	0.1141	0.203	0.1242	0.9083	0.0388	0.0745	1.337
correlation	pool	0.85	1.0	0.6	1288	158	146	0.9241	0.1134	0.2019	0.1227	0.9135	0.0385	0.0739	1.329
correlation	pool	0.85	1.0	0.65	1288	152	142	0.9342	0.1102	0.1972	0.118	0.9232	0.0379	0.0728	1.322
correlation	pool	0.85	1.0	0.7	1288	146	138	0.9452	0.1071	0.1925	0.1134	0.9338	0.0371	0.0714	1.322
correlation	pool	0.85	1.0	0.75	1288	141	134	0.9504	0.104	0.1875	0.1095	0.9385	0.0363	0.07	1.319
correlation	pool	0.85	1.0	0.8	1288	134	132	0.9851	0.1025	0.1857	0.104	0.9726	0.0356	0.0686	1.328
correlation	pool	0.85	1.0	0.85	1288	128	128	1.0	0.0994	0.1808	0.0994	0.987	0.0342	0.066	1.344
correlation	pool	0.85	1.0	0.9	1288	121	121	1.0	0.0939	0.1718	0.0939	0.9917	0.0326	0.063	1.223
correlation	pool	0.9	1.0	0.0	1288	215	214	0.9953	0.1661	0.2848	0.1669	0.5943	0.0618	0.112	7.353
correlation	pool	0.9	1.0	0.05	1288	215	210	0.9767	0.163	0.2794	0.1669	0.6582	0.0579	0.1065	4.158
correlation	pool	0.9	1.0	0.1	1288	215	198	0.9209	0.1537	0.2635	0.1669	0.722	0.0536	0.0997	2.549
correlation	pool	0.9	1.0	0.15	1288	211	186	0.8815	0.1444	0.2482	0.1638	0.7452	0.0516	0.0966	1.995
correlation	pool	0.9	1.0	0.2	1288	206	176	0.8544	0.1366	0.2356	0.1599	0.7607	0.0473	0.0891	1.646
correlation	pool	0.9	1.0	0.25	1288	205	167	0.8146	0.1297	0.2237	0.1592	0.7585	0.0446	0.0842	1.493
correlation	pool	0.9	1.0	0.3	1288	192	158	0.8229	0.1227	0.2135	0.1491	0.7934	0.0415	0.0789	1.37
correlation	pool	0.9	1.0	0.35	1288	182	154	0.8462	0.1196	0.2095	0.1413	0.8288	0.0408	0.0779	1.335
correlation	pool	0.9	1.0	0.4	1288	174	151	0.8678	0.1172	0.2066	0.1351	0.8554	0.04	0.0764	1.322
correlation	pool	0.9	1.0	0.45	1288	171	151	0.883	0.1172	0.207	0.1328	0.8733	0.04	0.0765	1.316
correlation	pool	0.9	1.0	0.5	1288	168	150	0.8929	0.1165	0.206	0.1304	0.8829	0.0399	0.0764	1.321
correlation	pool	0.9	1.0	0.55	1288	160	147	0.9187	0.1141	0.203	0.1242	0.9083	0.0388	0.0745	1.337
correlation	pool	0.9	1.0	0.6	1288	158	146	0.9241	0.1134	0.2019	0.1227	0.9135	0.0385	0.0739	1.329
correlation	pool	0.9	1.0	0.65	1288	152	142	0.9342	0.1102	0.1972	0.118	0.9232	0.0379	0.0728	1.322
correlation	pool	0.9	1.0	0.7	1288	146	138	0.9452	0.1071	0.1925	0.1134	0.9338	0.0371	0.0714	1.322
correlation	pool	0.9	1.0	0.75	1288	141	134	0.9504	0.104	0.1875	0.1095	0.9385	0.0363	0.07	1.319
correlation	pool	0.9	1.0	0.8	1288	134	132	0.9851	0.1025	0.1857	0.104	0.9726	0.0356	0.0686	1.328
correlation	pool	0.9	1.0	0.85	1288	128	128	1.0	0.0994	0.1808	0.0994	0.987	0.0342	0.066	1.344
correlation	pool	0.9	1.0	0.9	1288	121	121	1.0	0.0939	0.1718	0.0939	0.9917	0.0326	0.063	1.223
correlation	pool	0.95	1.0	0.0	1288	215	214	0.9953	0.1661	0.2848	0.1669	0.5943	0.0618	0.112	7.353
correlation	pool	0.95	1.0	0.05	1288	215	210	0.9767	0.163	0.2794	0.1669	0.6582	0.0579	0.1065	4.158
correlation	pool	0.95	1.0	0.1	1288	215	198	0.9209	0.1537	0.2635	0.1669	0.722	0.0536	0.0997	2.549
correlation	pool	0.95	1.0	0.15	1288	211	186	0.8815	0.1444	0.2482	0.1638	0.7452	0.0516	0.0966	1.995
correlation	pool	0.95	1.0	0.2	1288	206	176	0.8544	0.1366	0.2356	0.1599	0.7607	0.0473	0.0891	1.646
correlation	pool	0.95	1.0	0.25	1288	205	167	0.8146	0.1297	0.2237	0.1592	0.7585	0.0446	0.0842	1.493
correlation	pool	0.95	1.0	0.3	1288	192	158	0.8229	0.1227	0.2135	0.1491	0.7934	0.0415	0.0789	1.37
correlation	pool	0.95	1.0	0.35	1288	182	154	0.8462	0.1196	0.2095	0.1413	0.8288	0.0408	0.0779	1.335
correlation	pool	0.95	1.0	0.4	1288	174	151	0.8678	0.1172	0.2066	0.1351	0.8554	0.04	0.0764	1.322
correlation	pool	0.95	1.0	0.45	1288	171	151	0.883	0.1172	0.207	0.1328	0.8733	0.04	0.0765	1.316
correlation	pool	0.95	1.0	0.5	1288	168	150	0.8929	0.1165	0.206	0.1304	0.8829	0.0399	0.0764	1.321
correlation	pool	0.95	1.0	0.55	1288	160	147	0.9187	0.1141	0.203	0.1242	0.9083	0.0388	0.0745	1.337
correlation	pool	0.95	1.0	0.6	1288	158	146	0.9241	0.1134	0.2019	0.1227	0.9135	0.0385	0.0739	1.329
correlation	pool	0.95	1.0	0.65	1288	152	142	0.9342	0.1102	0.1972	0.118	0.9232	0.0379	0.0728	1.322
correlation	pool	0.95	1.0	0.7	1288	146	138	0.9452	0.1071	0.1925	0.1134	0.9338	0.0371	0.0714	1.322
correlation	pool	0.95	1.0	0.75	1288	141	134	0.9504	0.104	0.1875	0.1095	0.9385	0.0363	0.07	1.319
correlation	pool	0.95	1.0	0.8	1288	134	132	0.9851	0.1025	0.1857	0.104	0.9726	0.0356	0.0686	1.328
correlation	pool	0.95	1.0	0.85	1288	128	128	1.0	0.0994	0.1808	0.0994	0.987	0.0342	0.066	1.344
correlation	pool	0.95	1.0	0.9	1288	121	121	1.0	0.0939	0.1718	0.0939	0.9917	0.0326	0.063	1.223
correlation	self	0.0	0.43	0.0	1288	1285	1033	0.8039	0.802	0.803	0.9977	0.4823	0.2928	0.3644	7.288
correlation	self	0.0	0.43	0.05	1288	1283	983	0.7662	0.7632	0.7647	0.9961	0.5225	0.2721	0.3578	4.133
correlation	self	0.0	0.43	0.1	1288	1278	915	0.716	0.7104	0.7132	0.9922	0.5498	0.2519	0.3455	2.69
correlation	self	0.0	0.43	0.15	1288	1261	862	0.6836	0.6693	0.6763	0.979	0.5586	0.2348	0.3306	2.083
correlation	self	0.0	0.43	0.2	1288	1226	830	0.677	0.6444	0.6603	0.9519	0.5858	0.2263	0.3265	1.76
correlation	self	0.0	0.43	0.25	1288	1183	792	0.6695	0.6149	0.641	0.9185	0.597	0.2141	0.3152	1.575
correlation	self	0.0	0.43	0.3	1288	1136	770	0.6778	0.5978	0.6353	0.882	0.6216	0.209	0.3128	1.459
correlation	self	0.0	0.43	0.35	1288	1096	756	0.6898	0.587	0.6342	0.8509	0.6474	0.2063	0.3129	1.382
correlation	self	0.0	0.43	0.4	1288	1049	741	0.7064	0.5753	0.6341	0.8144	0.6668	0.2016	0.3096	1.339
correlation	self	0.0	0.43	0.45	1288	1007	719	0.714	0.5582	0.6266	0.7818	0.683	0.1928	0.3007	1.303
correlation	self	0.0	0.43	0.5	1288	949	700	0.7376	0.5435	0.6258	0.7368	0.7092	0.1862	0.295	1.3
correlation	self	0.0	0.43	0.55	1288	898	685	0.7628	0.5318	0.6267	0.6972	0.7358	0.1836	0.2939	1.294
correlation	self	0.0	0.43	0.6	1288	864	667	0.772	0.5179	0.6199	0.6708	0.7504	0.1801	0.2904	1.291
correlation	self	0.0	0.43	0.65	1288	825	650	0.7879	0.5047	0.6152	0.6405	0.7657	0.175	0.2849	1.295
correlation	self	0.0	0.43	0.7	1288	775	629	0.8116	0.4884	0.6098	0.6017	0.7887	0.1696	0.2791	1.275
correlation	self	0.0	0.43	0.75	1288	739	617	0.8349	0.479	0.6088	0.5738	0.8153	0.1666	0.2767	1.272
correlation	self	0.0	0.43	0.8	1288	704	603	0.8565	0.4682	0.6054	0.5466	0.8384	0.1626	0.2724	1.261
correlation	self	0.0	0.43	0.85	1288	673	589	0.8752	0.4573	0.6007	0.5225	0.8601	0.1588	0.2682	1.234
correlation	self	0.0	0.43	0.9	1288	625	566	0.9056	0.4394	0.5917	0.4852	0.8892	0.1536	0.2619	1.24
correlation	self	0.05	0.5662	0.0	1288	1221	1030	0.8436	0.7997	0.821	0.948	0.5069	0.2914	0.3701	7.274
correlation	self	0.05	0.5662	0.05	1288	1220	982	0.8049	0.7624	0.7831	0.9472	0.5499	0.2717	0.3637	4.127
correlation	self	0.05	0.5662	0.1	1288	1215	914	0.7523	0.7096	0.7303	0.9433	0.5787	0.2515	0.3506	2.681
correlation	self	0.05	0.5662	0.15	1288	1202	861	0.7163	0.6685	0.6916	0.9332	0.5877	0.2344	0.3351	2.066
correlation	self	0.05	0.5662	0.2	1288	1170	829	0.7085	0.6436	0.6745	0.9084	0.6156	0.2259	0.3305	1.735
correlation	self	0.05	0.5662	0.25	1288	1130	792	0.7009	0.6149	0.6551	0.8773	0.6277	0.2141	0.3193	1.564
correlation	self	0.05	0.5662	0.3	1288	1086	770	0.709	0.5978	0.6487	0.8432	0.6533	0.209	0.3167	1.451
correlation	self	0.05	0.5662	0.35	1288	1048	756	0.7214	0.587	0.6473	0.8137	0.681	0.2063	0.3167	1.377
correlation	self	0.05	0.5662	0.4	1288	1003	741	0.7388	0.5753	0.6469	0.7787	0.7017	0.2016	0.3132	1.344
correlation	self	0.05	0.5662	0.45	1288	964	719	0.7459	0.5582	0.6385	0.7484	0.7181	0.1928	0.3039	1.309
correlation	self	0.05	0.5662	0.5	1288	910	700	0.7692	0.5435	0.6369	0.7065	0.7439	0.1862	0.2979	1.307
correlation	self	0.05	0.5662	0.55	1288	863	685	0.7937	0.5318	0.6369	0.67	0.7695	0.1836	0.2965	1.301
correlation	self	0.05	0.5662	0.6	1288	829	667	0.8046	0.5179	0.6301	0.6436	0.7836	0.1801	0.2928	1.298
correlation	self	0.05	0.5662	0.65	1288	791	650	0.8217	0.5047	0.6253	0.6141	0.8002	0.175	0.2872	1.302
correlation	self	0.05	0.5662	0.7	1288	744	629	0.8454	0.4884	0.6191	0.5776	0.8234	0.1696	0.2812	1.283
correlation	self	0.05	0.5662	0.75	1288	711	617	0.8678	0.479	0.6173	0.552	0.8484	0.1666	0.2785	1.28
correlation	self	0.05	0.5662	0.8	1288	679	603	0.8881	0.4682	0.6131	0.5272	0.8704	0.1626	0.2741	1.268
correlation	self	0.05	0.5662	0.85	1288	652	589	0.9034	0.4573	0.6072	0.5062	0.889	0.1588	0.2695	1.239
correlation	self	0.05	0.5662	0.9	1288	611	566	0.9264	0.4394	0.5961	0.4744	0.911	0.1536	0.2628	1.243
correlation	self	0.1	0.6338	0.0	1288	1157	1027	0.8876	0.7974	0.8401	0.8983	0.5344	0.2902	0.3761	7.07
correlation	self	0.1	0.6338	0.05	1288	1157	980	0.847	0.7609	0.8016	0.8983	0.5797	0.2713	0.3696	4.07
correlation	self	0.1	0.6338	0.1	1288	1152	912	0.7917	0.7081	0.7475	0.8944	0.6101	0.2511	0.3558	2.637
correlation	self	0.1	0.6338	0.15	1288	1139	860	0.755	0.6677	0.7087	0.8843	0.6201	0.234	0.3398	2.051
correlation	self	0.1	0.6338	0.2	1288	1113	828	0.7439	0.6429	0.6897	0.8641	0.6469	0.2255	0.3345	1.705
correlation	self	0.1	0.6338	0.25	1288	1074	791	0.7365	0.6141	0.6698	0.8339	0.6602	0.2137	0.3229	1.546
correlation	self	0.1	0.6338	0.3	1288	1038	769	0.7408	0.597	0.6612	0.8059	0.6833	0.2086	0.3196	1.445
correlation	self	0.1	0.6338	0.35	1288	1001	755	0.7542	0.5862	0.6597	0.7772	0.7128	0.2059	0.3195	1.367
correlation	self	0.1	0.6338	0.4	1288	957	740	0.7732	0.5745	0.6592	0.743	0.7347	0.2012	0.3159	1.341
correlation	self	0.1	0.6338	0.45	1288	925	718	0.7762	0.5575	0.6489	0.7182	0.7477	0.1924	0.306	1.308
correlation	self	0.1	0.6338	0.5	1288	873	699	0.8007	0.5427	0.6469	0.6778	0.7748	0.1858	0.2998	1.308
correlation	self	0.1	0.6338	0.55	1288	832	684	0.8221	0.5311	0.6453	0.646	0.7976	0.1832	0.298	1.3
correlation	self	0.1	0.6338	0.6	1288	799	666	0.8335	0.5171	0.6382	0.6203	0.8125	0.1797	0.2943	1.297
correlation	self	0.1	0.6338	0.65	1288	764	650	0.8508	0.5047	0.6335	0.5932	0.8293	0.175	0.289	1.3
correlation	self	0.1	0.6338	0.7	1288	717	629	0.8773	0.4884	0.6274	0.5567	0.8554	0.1696	0.283	1.285
correlation	self	0.1	0.6338	0.75	1288	689	617	0.8955	0.479	0.6242	0.5349	0.8766	0.1666	0.28	1.285
correlation	self	0.1	0.6338	0.8	1288	657	603	0.9178	0.4682	0.6201	0.5101	0.8994	0.1626	0.2755	1.276
correlation	self	0.1	0.6338	0.85	1288	633	589	0.9305	0.4573	0.6132	0.4915	0.9156	0.1588	0.2707	1.244
correlation	self	0.1	0.6338	0.9	1288	596	566	0.9497	0.4394	0.6008	0.4627	0.9338	0.1536	0.2638	1.247
correlation	self	0.15	0.7096	0.0	1288	1093	1016	0.9296	0.7888	0.8534	0.8486	0.5648	0.2846	0.3785	6.874
correlation	self	0.15	0.7096	0.05	1288	1093	974	0.8911	0.7562	0.8181	0.8486	0.6123	0.267	0.3718	3.99
correlation	self	0.15	0.7096	0.1	1288	1088	908	0.8346	0.705	0.7643	0.8447	0.6446	0.2486	0.3588	2.609
correlation	self	0.15	0.7096	0.15	1288	1077	857	0.7957	0.6654	0.7247	0.8362	0.6559	0.2322	0.343	2.041
correlation	self	0.15	0.7096	0.2	1288	1054	825	0.7827	0.6405	0.7045	0.8183	0.6827	0.2238	0.3371	1.703
correlation	self	0.15	0.7096	0.25	1288	1019	788	0.7733	0.6118	0.6831	0.7911	0.6952	0.212	0.3249	1.541
correlation	self	0.15	0.7096	0.3	1288	987	766	0.7761	0.5947	0.6734	0.7663	0.7181	0.2069	0.3212	1.438
correlation	self	0.15	0.7096	0.35	1288	954	752	0.7883	0.5839	0.6708	0.7407	0.7476	0.2042	0.3208	1.359
correlation	self	0.15	0.7096	0.4	1288	915	737	0.8055	0.5722	0.6691	0.7104	0.7681	0.1995	0.3167	1.333
correlation	self	0.15	0.7096	0.45	1288	885	715	0.8079	0.5551	0.6581	0.6871	0.7806	0.1906	0.3064	1.305
correlation	self	0.15	0.7096	0.5	1288	837	697	0.8327	0.5411	0.656	0.6498	0.8078	0.1849	0.3009	1.305
correlation	self	0.15	0.7096	0.55	1288	800	682	0.8525	0.5295	0.6533	0.6211	0.8293	0.1823	0.2989	1.295
correlation	self	0.15	0.7096	0.6	1288	769	665	0.8648	0.5163	0.6466	0.597	0.8455	0.1795	0.2961	1.292
correlation	self	0.15	0.7096	0.65	1288	740	649	0.877	0.5039	0.64	0.5745	0.8576	0.1748	0.2904	1.296
correlation	self	0.15	0.7096	0.7	1288	696	628	0.9023	0.4876	0.6331	0.5404	0.8828	0.1694	0.2842	1.286
correlation	self	0.15	0.7096	0.75	1288	672	616	0.9167	0.4783	0.6286	0.5217	0.8992	0.1664	0.2809	1.285
correlation	self	0.15	0.7096	0.8	1288	640	602	0.9406	0.4674	0.6245	0.4969	0.923	0.1624	0.2763	1.277
correlation	self	0.15	0.7096	0.85	1288	618	588	0.9515	0.4565	0.617	0.4798	0.9362	0.1587	0.2713	1.247
correlation	self	0.15	0.7096	0.9	1288	584	566	0.9692	0.4394	0.6047	0.4534	0.9529	0.1536	0.2645	1.249
correlation	self	0.2	0.8011	0.0	1288	1029	983	0.9553	0.7632	0.8485	0.7989	0.5921	0.2761	0.3766	6.277
correlation	self	0.2	0.8011	0.05	1288	1029	949	0.9223	0.7368	0.8192	0.7989	0.6413	0.2608	0.3708	3.709
correlation	self	0.2	0.8011	0.1	1288	1024	886	0.8652	0.6879	0.7664	0.795	0.6751	0.2427	0.357	2.464
correlation	self	0.2	0.8011	0.15	1288	1016	840	0.8268	0.6522	0.7292	0.7888	0.6866	0.2276	0.3419	1.989
correlation	self	0.2	0.8011	0.2	1288	1000	811	0.811	0.6297	0.7089	0.7764	0.7124	0.22	0.3362	1.689
correlation	self	0.2	0.8011	0.25	1288	971	777	0.8002	0.6033	0.6879	0.7539	0.7226	0.2092	0.3245	1.532
correlation	self	0.2	0.8011	0.3	1288	944	756	0.8008	0.587	0.6774	0.7329	0.7441	0.2042	0.3205	1.434
correlation	self	0.2	0.8011	0.35	1288	913	742	0.8127	0.5761	0.6742	0.7089	0.7735	0.2015	0.3198	1.355
correlation	self	0.2	0.8011	0.4	1288	884	728	0.8235	0.5652	0.6703	0.6863	0.7878	0.1976	0.316	1.328
correlation	self	0.2	0.8011	0.45	1288	855	706	0.8257	0.5481	0.6589	0.6638	0.8006	0.1887	0.3055	1.299
correlation	self	0.2	0.8011	0.5	1288	808	688	0.8515	0.5342	0.6565	0.6273	0.8283	0.183	0.2998	1.301
correlation	self	0.2	0.8011	0.55	1288	776	674	0.8686	0.5233	0.6531	0.6025	0.8475	0.1806	0.2977	1.288
correlation	self	0.2	0.8011	0.6	1288	747	658	0.8809	0.5109	0.6467	0.58	0.863	0.1781	0.2952	1.292
correlation	self	0.2	0.8011	0.65	1288	719	642	0.8929	0.4984	0.6398	0.5582	0.875	0.1734	0.2894	1.295
correlation	self	0.2	0.8011	0.7	1288	679	621	0.9146	0.4821	0.6314	0.5272	0.8955	0.1679	0.2828	1.283
correlation	self	0.2	0.8011	0.75	1288	656	609	0.9284	0.4728	0.6265	0.5093	0.9115	0.165	0.2794	1.281
correlation	self	0.2	0.8011	0.8	1288	625	595	0.952	0.462	0.6221	0.4852	0.935	0.161	0.2747	1.273
correlation	self	0.2	0.8011	0.85	1288	605	582	0.962	0.4519	0.6149	0.4697	0.9474	0.1575	0.2701	1.245
correlation	self	0.2	0.8011	0.9	1288	574	561	0.9774	0.4356	0.6026	0.4457	0.962	0.1526	0.2634	1.247
correlation	self	0.25	0.8678	0.0	1288	966	945	0.9783	0.7337	0.8385	0.75	0.6184	0.2664	0.3724	5.979
correlation	self	0.25	0.8678	0.05	1288	966	916	0.9482	0.7112	0.8128	0.75	0.6681	0.253	0.367	3.596
correlation	self	0.25	0.8678	0.1	1288	962	856	0.8898	0.6646	0.7609	0.7469	0.7025	0.2352	0.3524	2.421
correlation	self	0.25	0.8678	0.15	1288	957	816	0.8527	0.6335	0.7269	0.743	0.7131	0.2213	0.3378	1.968
correlation	self	0.25	0.8678	0.2	1288	943	789	0.8367	0.6126	0.7073	0.7321	0.7395	0.2137	0.3316	1.658
correlation	self	0.25	0.8678	0.25	1288	922	760	0.8243	0.5901	0.6878	0.7158	0.7512	0.2052	0.3223	1.502
correlation	self	0.25	0.8678	0.3	1288	896	739	0.8248	0.5738	0.6767	0.6957	0.772	0.2002	0.3179	1.406
correlation	self	0.25	0.8678	0.35	1288	867	726	0.8374	0.5637	0.6738	0.6731	0.8011	0.1978	0.3172	1.346
correlation	self	0.25	0.8678	0.4	1288	842	713	0.8468	0.5536	0.6695	0.6537	0.8145	0.194	0.3134	1.317
correlation	self	0.25	0.8678	0.45	1288	815	692	0.8491	0.5373	0.6581	0.6328	0.8281	0.1852	0.3027	1.289
correlation	self	0.25	0.8678	0.5	1288	771	674	0.8742	0.5233	0.6547	0.5986	0.8558	0.1794	0.2967	1.288
correlation	self	0.25	0.8678	0.55	1288	743	660	0.8883	0.5124	0.6499	0.5769	0.8717	0.177	0.2943	1.289
correlation	self	0.25	0.8678	0.6	1288	717	645	0.8996	0.5008	0.6434	0.5567	0.8831	0.1745	0.2915	1.292
correlation	self	0.25	0.8678	0.65	1288	690	629	0.9116	0.4884	0.636	0.5357	0.8951	0.1698	0.2855	1.295
correlation	self	0.25	0.8678	0.7	1288	655	610	0.9313	0.4736	0.6279	0.5085	0.9139	0.1648	0.2793	1.288
correlation	self	0.25	0.8678	0.75	1288	633	598	0.9447	0.4643	0.6226	0.4915	0.9297	0.1619	0.2758	1.285
correlation	self	0.25	0.8678	0.8	1288	604	584	0.9669	0.4534	0.6173	0.4689	0.9519	0.1579	0.2709	1.276
correlation	self	0.25	0.8678	0.85	1288	584	571	0.9777	0.4433	0.61	0.4534	0.9654	0.1544	0.2663	1.248
correlation	self	0.25	0.8678	0.9	1288	556	550	0.9892	0.427	0.5965	0.4317	0.9762	0.1495	0.2592	1.25
correlation	self	0.3	0.9124	0.0	1288	901	891	0.9889	0.6918	0.8141	0.6995	0.6467	0.2489	0.3595	5.579
correlation	self	0.3	0.9124	0.05	1288	901	870	0.9656	0.6755	0.7949	0.6995	0.6959	0.2382	0.3549	3.476
correlation	self	0.3	0.9124	0.1	1288	900	824	0.9156	0.6398	0.7532	0.6988	0.7315	0.223	0.3418	2.381
correlation	self	0.3	0.9124	0.15	1288	895	793	0.886	0.6157	0.7265	0.6949	0.7452	0.2122	0.3304	1.965
correlation	self	0.3	0.9124	0.2	1288	885	768	0.8678	0.5963	0.7069	0.6871	0.7701	0.2051	0.3239	1.652
correlation	self	0.3	0.9124	0.25	1288	866	739	0.8533	0.5738	0.6862	0.6724	0.7811	0.1966	0.3142	1.497
correlation	self	0.3	0.9124	0.3	1288	843	719	0.8529	0.5582	0.6748	0.6545	0.8018	0.1917	0.3094	1.402
correlation	self	0.3	0.9124	0.35	1288	817	708	0.8666	0.5497	0.6727	0.6343	0.8314	0.1896	0.3088	1.342
correlation	self	0.3	0.9124	0.4	1288	794	697	0.8778	0.5411	0.6695	0.6165	0.8465	0.1874	0.3068	1.319
correlation	self	0.3	0.9124	0.45	1288	774	680	0.8786	0.528	0.6596	0.6009	0.8575	0.1817	0.2998	1.293
correlation	self	0.3	0.9124	0.5	1288	738	662	0.897	0.514	0.6535	0.573	0.8789	0.1759	0.2931	1.293
correlation	self	0.3	0.9124	0.55	1288	711	648	0.9114	0.5031	0.6483	0.552	0.8952	0.1735	0.2907	1.294
correlation	self	0.3	0.9124	0.6	1288	689	633	0.9187	0.4915	0.6404	0.5349	0.9028	0.171	0.2876	1.296
correlation	self	0.3	0.9124	0.65	1288	665	618	0.9293	0.4798	0.6329	0.5163	0.9135	0.1667	0.282	1.297
correlation	self	0.3	0.9124	0.7	1288	633	600	0.9479	0.4658	0.6247	0.4915	0.9313	0.1617	0.2756	1.289
correlation	self	0.3	0.9124	0.75	1288	612	588	0.9608	0.4565	0.6189	0.4752	0.9468	0.1588	0.272	1.286
correlation	self	0.3	0.9124	0.8	1288	586	574	0.9795	0.4457	0.6126	0.455	0.9657	0.1548	0.2668	1.278
correlation	self	0.3	0.9124	0.85	1288	572	562	0.9825	0.4363	0.6043	0.4441	0.9716	0.1521	0.263	1.248
correlation	self	0.3	0.9124	0.9	1288	547	543	0.9927	0.4216	0.5918	0.4247	0.9813	0.1473	0.2561	1.254
correlation	self	0.35	0.9434	0.0	1288	837	833	0.9952	0.6467	0.784	0.6498	0.6728	0.2318	0.3448	5.317
correlation	self	0.35	0.9434	0.05	1288	837	821	0.9809	0.6374	0.7727	0.6498	0.7218	0.2241	0.342	3.356
correlation	self	0.35	0.9434	0.1	1288	836	783	0.9366	0.6079	0.7373	0.6491	0.757	0.2107	0.3297	2.333
correlation	self	0.35	0.9434	0.15	1288	833	756	0.9076	0.587	0.7129	0.6467	0.7703	0.201	0.3188	1.929
correlation	self	0.35	0.9434	0.2	1288	825	731	0.8861	0.5675	0.6919	0.6405	0.7945	0.1941	0.312	1.628
correlation	self	0.35	0.9434	0.25	1288	809	706	0.8727	0.5481	0.6733	0.6281	0.8052	0.187	0.3035	1.484
correlation	self	0.35	0.9434	0.3	1288	787	690	0.8767	0.5357	0.6651	0.611	0.8295	0.1832	0.3002	1.389
correlation	self	0.35	0.9434	0.35	1288	763	679	0.8899	0.5272	0.6621	0.5924	0.8574	0.1812	0.2992	1.34
correlation	self	0.35	0.9434	0.4	1288	744	670	0.9005	0.5202	0.6594	0.5776	0.8703	0.1791	0.2971	1.318
correlation	self	0.35	0.9434	0.45	1288	727	656	0.9023	0.5093	0.6511	0.5644	0.8815	0.1743	0.291	1.295
correlation	self	0.35	0.9434	0.5	1288	696	638	0.9167	0.4953	0.6431	0.5404	0.8991	0.1685	0.2838	1.294
correlation	self	0.35	0.9434	0.55	1288	672	625	0.9301	0.4852	0.6378	0.5217	0.9139	0.1663	0.2814	1.296
correlation	self	0.35	0.9434	0.6	1288	654	612	0.9358	0.4752	0.6303	0.5078	0.92	0.1644	0.2789	1.296
correlation	self	0.35	0.9434	0.65	1288	635	600	0.9449	0.4658	0.624	0.493	0.9294	0.1607	0.2739	1.297
correlation	self	0.35	0.9434	0.7	1288	605	583	0.9636	0.4526	0.616	0.4697	0.9473	0.1558	0.2676	1.292
correlation	self	0.35	0.9434	0.75	1288	586	572	0.9761	0.4441	0.6105	0.455	0.9626	0.1529	0.264	1.288
correlation	self	0.35	0.9434	0.8	1288	566	559	0.9876	0.434	0.603	0.4394	0.9745	0.149	0.2585	1.279
correlation	self	0.35	0.9434	0.85	1288	554	548	0.9892	0.4255	0.595	0.4301	0.9779	0.1467	0.2551	1.251
correlation	self	0.35	0.9434	0.9	1288	532	530	0.9962	0.4115	0.5824	0.413	0.9845	0.1419	0.248	1.256
correlation	self	0.4	0.9787	0.0	1288	773	772	0.9987	0.5994	0.7492	0.6002	0.6993	0.2178	0.3321	5.089
correlation	self	0.4	0.9787	0.05	1288	773	762	0.9858	0.5916	0.7394	0.6002	0.7472	0.212	0.3303	3.229
correlation	self	0.4	0.9787	0.1	1288	772	732	0.9482	0.5683	0.7107	0.5994	0.7803	0.2004	0.3189	2.294
correlation	self	0.4	0.9787	0.15	1288	770	710	0.9221	0.5512	0.69	0.5978	0.7922	0.1925	0.3097	1.918
correlation	self	0.4	0.9787	0.2	1288	762	689	0.9042	0.5349	0.6722	0.5916	0.8167	0.1863	0.3034	1.622
correlation	self	0.4	0.9787	0.25	1288	749	671	0.8959	0.521	0.6588	0.5815	0.8308	0.1805	0.2966	1.487
correlation	self	0.4	0.9787	0.3	1288	729	656	0.8999	0.5093	0.6505	0.566	0.8535	0.1772	0.2934	1.393
correlation	self	0.4	0.9787	0.35	1288	709	646	0.9111	0.5016	0.647	0.5505	0.8792	0.1751	0.2921	1.346
correlation	self	0.4	0.9787	0.4	1288	691	638	0.9233	0.4953	0.6448	0.5365	0.8941	0.1732	0.2903	1.324
correlation	self	0.4	0.9787	0.45	1288	676	626	0.926	0.486	0.6375	0.5248	0.9063	0.1685	0.2842	1.3
correlation	self	0.4	0.9787	0.5	1288	649	609	0.9384	0.4728	0.6288	0.5039	0.9224	0.1631	0.2772	1.297
correlation	self	0.4	0.9787	0.55	1288	630	600	0.9524	0.4658	0.6257	0.4891	0.9374	0.1615	0.2756	1.298
correlation	self	0.4	0.9787	0.6	1288	615	589	0.9577	0.4573	0.619	0.4775	0.9432	0.16	0.2735	1.298
correlation	self	0.4	0.9787	0.65	1288	599	578	0.9649	0.4488	0.6126	0.4651	0.9501	0.1566	0.2689	1.299
correlation	self	0.4	0.9787	0.7	1288	575	562	0.9774	0.4363	0.6033	0.4464	0.9619	0.1518	0.2622	1.294
correlation	self	0.4	0.9787	0.75	1288	559	552	0.9875	0.4286	0.5977	0.434	0.9733	0.1491	0.2586	1.288
correlation	self	0.4	0.9787	0.8	1288	543	539	0.9926	0.4185	0.5887	0.4216	0.979	0.1451	0.2528	1.278
correlation	self	0.4	0.9787	0.85	1288	533	530	0.9944	0.4115	0.5821	0.4138	0.9826	0.1433	0.2501	1.248
correlation	self	0.4	0.9787	0.9	1288	515	515	1.0	0.3998	0.5713	0.3998	0.9879	0.1387	0.2432	1.254
correlation	self	0.45	0.9964	0.0	1288	708	708	1.0	0.5497	0.7094	0.5497	0.7292	0.2023	0.3167	4.621
correlation	self	0.45	0.9964	0.05	1288	708	701	0.9901	0.5443	0.7024	0.5497	0.7744	0.1974	0.3147	2.973
correlation	self	0.45	0.9964	0.1	1288	707	681	0.9632	0.5287	0.6827	0.5489	0.8085	0.1895	0.3071	2.18
correlation	self	0.45	0.9964	0.15	1288	705	661	0.9376	0.5132	0.6633	0.5474	0.8199	0.1826	0.2987	1.835
correlation	self	0.45	0.9964	0.2	1288	701	644	0.9187	0.5	0.6476	0.5443	0.8356	0.1779	0.2933	1.605
correlation	self	0.45	0.9964	0.25	1288	690	630	0.913	0.4891	0.637	0.5357	0.8485	0.1726	0.2869	1.475
correlation	self	0.45	0.9964	0.3	1288	676	616	0.9112	0.4783	0.6273	0.5248	0.8653	0.1697	0.2837	1.394
correlation	self	0.45	0.9964	0.35	1288	659	606	0.9196	0.4705	0.6225	0.5116	0.8875	0.1677	0.282	1.35
correlation	self	0.45	0.9964	0.4	1288	643	599	0.9316	0.4651	0.6204	0.4992	0.9026	0.1658	0.2801	1.335
correlation	self	0.45	0.9964	0.45	1288	629	588	0.9348	0.4565	0.6135	0.4884	0.9144	0.1612	0.2741	1.313
correlation	self	0.45	0.9964	0.5	1288	606	573	0.9455	0.4449	0.6051	0.4705	0.9285	0.1565	0.2679	1.31
correlation	self	0.45	0.9964	0.55	1288	592	567	0.9578	0.4402	0.6032	0.4596	0.9419	0.1552	0.2665	1.309
correlation	self	0.45	0.9964	0.6	1288	577	556	0.9636	0.4317	0.5962	0.448	0.9482	0.1536	0.2644	1.308
correlation	self	0.45	0.9964	0.65	1288	564	547	0.9699	0.4247	0.5907	0.4379	0.954	0.1512	0.261	1.309
correlation	self	0.45	0.9964	0.7	1288	546	536	0.9817	0.4161	0.5845	0.4239	0.9654	0.1472	0.2555	1.304
correlation	self	0.45	0.9964	0.75	1288	532	527	0.9906	0.4092	0.5791	0.413	0.9757	0.1448	0.2522	1.299
correlation	self	0.45	0.9964	0.8	1288	519	517	0.9961	0.4014	0.5722	0.403	0.9819	0.1418	0.2478	1.287
correlation	self	0.45	0.9964	0.85	1288	510	509	0.998	0.3952	0.5662	0.396	0.9858	0.14	0.2451	1.255
correlation	self	0.45	0.9964	0.9	1288	499	499	1.0	0.3874	0.5585	0.3874	0.9875	0.1358	0.2388	1.261
correlation	self	0.5	0.9994	0.0	1288	644	644	1.0	0.5	0.6667	0.5	0.7506	0.184	0.2956	4.287
correlation	self	0.5	0.9994	0.05	1288	644	639	0.9922	0.4961	0.6615	0.5	0.7957	0.1797	0.2932	2.787
correlation	self	0.5	0.9994	0.1	1288	643	624	0.9705	0.4845	0.6463	0.4992	0.8283	0.1744	0.2881	2.054
correlation	self	0.5	0.9994	0.15	1288	642	611	0.9517	0.4744	0.6332	0.4984	0.8389	0.1684	0.2805	1.771
correlation	self	0.5	0.9994	0.2	1288	638	597	0.9357	0.4635	0.6199	0.4953	0.8576	0.1651	0.2769	1.56
correlation	self	0.5	0.9994	0.25	1288	631	585	0.9271	0.4542	0.6097	0.4899	0.8661	0.1609	0.2714	1.449
correlation	self	0.5	0.9994	0.3	1288	619	571	0.9225	0.4433	0.5988	0.4806	0.8804	0.158	0.2679	1.376
correlation	self	0.5	0.9994	0.35	1288	606	562	0.9274	0.4363	0.5935	0.4705	0.8966	0.156	0.2658	1.336
correlation	self	0.5	0.9994	0.4	1288	595	558	0.9378	0.4332	0.5927	0.462	0.9093	0.1549	0.2646	1.324
correlation	self	0.5	0.9994	0.45	1288	581	547	0.9415	0.4247	0.5853	0.4511	0.9202	0.1504	0.2585	1.306
correlation	self	0.5	0.9994	0.5	1288	561	534	0.9519	0.4146	0.5776	0.4356	0.9343	0.1462	0.2528	1.302
correlation	self	0.5	0.9994	0.55	1288	551	530	0.9619	0.4115	0.5764	0.4278	0.9457	0.1457	0.2524	1.299
correlation	self	0.5	0.9994	0.6	1288	537	520	0.9683	0.4037	0.5699	0.4169	0.9527	0.1442	0.2505	1.298
correlation	self	0.5	0.9994	0.65	1288	526	512	0.9734	0.3975	0.5645	0.4084	0.9574	0.1418	0.2471	1.297
correlation	self	0.5	0.9994	0.7	1288	510	501	0.9824	0.389	0.5573	0.396	0.9658	0.1379	0.2413	1.298
correlation	self	0.5	0.9994	0.75	1288	497	493	0.992	0.3828	0.5524	0.3859	0.976	0.1357	0.2383	1.296
correlation	self	0.5	0.9994	0.8	1288	488	486	0.9959	0.3773	0.5473	0.3789	0.9807	0.1333	0.2348	1.291
correlation	self	0.5	0.9994	0.85	1288	480	479	0.9979	0.3719	0.5419	0.3727	0.9849	0.1315	0.2321	1.256
correlation	self	0.5	0.9994	0.9	1288	471	471	1.0	0.3657	0.5355	0.3657	0.9867	0.1282	0.227	1.261
correlation	self	0.55	1.0	0.0	1288	597	597	1.0	0.4635	0.6334	0.4635	0.7585	0.1704	0.2783	4.263
correlation	self	0.55	1.0	0.05	1288	597	592	0.9916	0.4596	0.6281	0.4635	0.8035	0.1663	0.2756	2.772
correlation	self	0.55	1.0	0.1	1288	596	578	0.9698	0.4488	0.6136	0.4627	0.8363	0.1611	0.2702	2.012
correlation	self	0.55	1.0	0.15	1288	595	565	0.9496	0.4387	0.6001	0.462	0.8453	0.1551	0.2621	1.725
correlation	self	0.55	1.0	0.2	1288	591	552	0.934	0.4286	0.5875	0.4589	0.8625	0.1521	0.2585	1.522
correlation	self	0.55	1.0	0.25	1288	585	543	0.9282	0.4216	0.5798	0.4542	0.8713	0.1482	0.2533	1.442
correlation	self	0.55	1.0	0.3	1288	575	531	0.9235	0.4123	0.57	0.4464	0.8837	0.1456	0.25	1.377
correlation	self	0.55	1.0	0.35	1288	562	522	0.9288	0.4053	0.5643	0.4363	0.8992	0.1436	0.2477	1.339
correlation	self	0.55	1.0	0.4	1288	553	520	0.9403	0.4037	0.5649	0.4293	0.9123	0.1427	0.2467	1.332
correlation	self	0.55	1.0	0.45	1288	540	510	0.9444	0.396	0.558	0.4193	0.9225	0.1386	0.241	1.316
correlation	self	0.55	1.0	0.5	1288	523	499	0.9541	0.3874	0.5511	0.4061	0.9362	0.135	0.236	1.311
correlation	self	0.55	1.0	0.55	1288	513	495	0.9649	0.3843	0.5497	0.3983	0.9485	0.1345	0.2356	1.308
correlation	self	0.55	1.0	0.6	1288	500	486	0.972	0.3773	0.5436	0.3882	0.9562	0.1334	0.2342	1.306
correlation	self	0.55	1.0	0.65	1288	491	480	0.9776	0.3727	0.5396	0.3812	0.9615	0.1313	0.2311	1.303
correlation	self	0.55	1.0	0.7	1288	479	471	0.9833	0.3657	0.5331	0.3719	0.9668	0.1286	0.227	1.303
correlation	self	0.55	1.0	0.75	1288	468	465	0.9936	0.361	0.5296	0.3634	0.9777	0.127	0.2248	1.299
correlation	self	0.55	1.0	0.8	1288	460	458	0.9957	0.3556	0.524	0.3571	0.9806	0.1247	0.2212	1.293
correlation	self	0.55	1.0	0.85	1288	452	451	0.9978	0.3502	0.5184	0.3509	0.9851	0.1229	0.2185	1.257
correlation	self	0.55	1.0	0.9	1288	444	444	1.0	0.3447	0.5127	0.3447	0.987	0.1203	0.2145	1.261
correlation	self	0.6	1.0	0.0	1288	516	516	1.0	0.4006	0.5721	0.4006	0.763	0.1456	0.2446	4.322
correlation	self	0.6	1.0	0.05	1288	516	512	0.9922	0.3975	0.5676	0.4006	0.807	0.1427	0.2425	2.835
correlation	self	0.6	1.0	0.1	1288	516	500	0.969	0.3882	0.5543	0.4006	0.8339	0.1386	0.2377	2.066
correlation	self	0.6	1.0	0.15	1288	516	489	0.9477	0.3797	0.5421	0.4006	0.8454	0.134	0.2313	1.758
correlation	self	0.6	1.0	0.2	1288	513	476	0.9279	0.3696	0.5286	0.3983	0.8616	0.1309	0.2273	1.528
correlation	self	0.6	1.0	0.25	1288	507	468	0.9231	0.3634	0.5214	0.3936	0.8695	0.1276	0.2225	1.452
correlation	self	0.6	1.0	0.3	1288	497	457	0.9195	0.3548	0.512	0.3859	0.8833	0.1253	0.2194	1.38
correlation	self	0.6	1.0	0.35	1288	485	450	0.9278	0.3494	0.5076	0.3766	0.9005	0.1237	0.2176	1.348
correlation	self	0.6	1.0	0.4	1288	477	448	0.9392	0.3478	0.5076	0.3703	0.9139	0.1227	0.2164	1.34
correlation	self	0.6	1.0	0.45	1288	464	440	0.9483	0.3416	0.5023	0.3602	0.928	0.1202	0.2129	1.325
correlation	self	0.6	1.0	0.5	1288	450	430	0.9556	0.3339	0.4948	0.3494	0.9381	0.1167	0.2075	1.317
correlation	self	0.6	1.0	0.55	1288	442	427	0.9661	0.3315	0.4936	0.3432	0.9504	0.1163	0.2072	1.312
correlation	self	0.6	1.0	0.6	1288	431	420	0.9745	0.3261	0.4887	0.3346	0.9596	0.1154	0.2061	1.309
correlation	self	0.6	1.0	0.65	1288	424	416	0.9811	0.323	0.486	0.3292	0.966	0.1141	0.2041	1.304
correlation	self	0.6	1.0	0.7	1288	414	408	0.9855	0.3168	0.4794	0.3214	0.97	0.1122	0.2011	1.304
correlation	self	0.6	1.0	0.75	1288	405	403	0.9951	0.3129	0.4761	0.3144	0.9805	0.1106	0.1988	1.299
correlation	self	0.6	1.0	0.8	1288	398	397	0.9975	0.3082	0.4709	0.309	0.9839	0.1087	0.1957	1.291
correlation	self	0.6	1.0	0.85	1288	391	391	1.0	0.3036	0.4658	0.3036	0.9891	0.1069	0.1929	1.248
correlation	self	0.6	1.0	0.9	1288	385	385	1.0	0.2989	0.4603	0.2989	0.989	0.1046	0.1891	1.252
correlation	self	0.65	1.0	0.0	1288	505	505	1.0	0.3921	0.5633	0.3921	0.7608	0.1427	0.2403	4.349
correlation	self	0.65	1.0	0.05	1288	505	502	0.9941	0.3898	0.56	0.3921	0.8048	0.14	0.2386	2.857
correlation	self	0.65	1.0	0.1	1288	505	490	0.9703	0.3804	0.5466	0.3921	0.8323	0.136	0.2337	2.081
correlation	self	0.65	1.0	0.15	1288	505	479	0.9485	0.3719	0.5343	0.3921	0.844	0.1313	0.2273	1.768
correlation	self	0.65	1.0	0.2	1288	502	466	0.9283	0.3618	0.5207	0.3898	0.8606	0.1283	0.2233	1.536
correlation	self	0.65	1.0	0.25	1288	496	458	0.9234	0.3556	0.5135	0.3851	0.8686	0.125	0.2185	1.46
correlation	self	0.65	1.0	0.3	1288	486	447	0.9198	0.347	0.5039	0.3773	0.8827	0.1226	0.2153	1.387
correlation	self	0.65	1.0	0.35	1288	475	440	0.9263	0.3416	0.4991	0.3688	0.8984	0.1211	0.2134	1.354
correlation	self	0.65	1.0	0.4	1288	467	438	0.9379	0.3401	0.4991	0.3626	0.912	0.1201	0.2122	1.345
correlation	self	0.65	1.0	0.45	1288	454	430	0.9471	0.3339	0.4937	0.3525	0.9264	0.1176	0.2087	1.33
correlation	self	0.65	1.0	0.5	1288	440	420	0.9545	0.3261	0.4861	0.3416	0.9367	0.114	0.2033	1.322
correlation	self	0.65	1.0	0.55	1288	432	417	0.9653	0.3238	0.4849	0.3354	0.9493	0.1136	0.203	1.317
correlation	self	0.65	1.0	0.6	1288	421	410	0.9739	0.3183	0.4798	0.3269	0.9586	0.1128	0.2018	1.314
correlation	self	0.65	1.0	0.65	1288	414	406	0.9807	0.3152	0.4771	0.3214	0.9652	0.1115	0.1998	1.309
correlation	self	0.65	1.0	0.7	1288	404	398	0.9851	0.309	0.4704	0.3137	0.9693	0.1095	0.1968	1.309
correlation	self	0.65	1.0	0.75	1288	395	393	0.9949	0.3051	0.467	0.3067	0.98	0.108	0.1945	1.304
correlation	self	0.65	1.0	0.8	1288	388	387	0.9974	0.3005	0.4618	0.3012	0.9835	0.106	0.1914	1.296
correlation	self	0.65	1.0	0.85	1288	381	381	1.0	0.2958	0.4566	0.2958	0.9888	0.1042	0.1886	1.252
correlation	self	0.65	1.0	0.9	1288	375	375	1.0	0.2911	0.451	0.2911	0.9887	0.1019	0.1848	1.256
correlation	self	0.7	1.0	0.0	1288	410	410	1.0	0.3183	0.4829	0.3183	0.7745	0.1174	0.2039	4.31
correlation	self	0.7	1.0	0.05	1288	410	407	0.9927	0.316	0.4794	0.3183	0.8146	0.1149	0.2014	2.793
correlation	self	0.7	1.0	0.1	1288	410	399	0.9732	0.3098	0.47	0.3183	0.8414	0.1126	0.1986	2.083
correlation	self	0.7	1.0	0.15	1288	410	390	0.9512	0.3028	0.4594	0.3183	0.8548	0.109	0.1933	1.759
correlation	self	0.7	1.0	0.2	1288	407	381	0.9361	0.2958	0.4496	0.316	0.87	0.1069	0.1904	1.55
correlation	self	0.7	1.0	0.25	1288	403	375	0.9305	0.2911	0.4435	0.3129	0.8765	0.1037	0.1854	1.464
correlation	self	0.7	1.0	0.3	1288	396	367	0.9268	0.2849	0.4359	0.3075	0.8885	0.1019	0.1828	1.391
correlation	self	0.7	1.0	0.35	1288	388	361	0.9304	0.2803	0.4308	0.3012	0.9036	0.1012	0.182	1.351
correlation	self	0.7	1.0	0.4	1288	382	360	0.9424	0.2795	0.4311	0.2966	0.9182	0.1004	0.181	1.346
correlation	self	0.7	1.0	0.45	1288	374	355	0.9492	0.2756	0.4272	0.2904	0.9303	0.0987	0.1785	1.329
correlation	self	0.7	1.0	0.5	1288	364	349	0.9588	0.271	0.4225	0.2826	0.9453	0.097	0.1759	1.321
correlation	self	0.7	1.0	0.55	1288	356	346	0.9719	0.2686	0.4209	0.2764	0.9581	0.0966	0.1755	1.317
correlation	self	0.7	1.0	0.6	1288	346	340	0.9827	0.264	0.4162	0.2686	0.9684	0.0957	0.1742	1.315
correlation	self	0.7	1.0	0.65	1288	340	336	0.9882	0.2609	0.4128	0.264	0.9738	0.0944	0.1722	1.312
correlation	self	0.7	1.0	0.7	1288	332	330	0.994	0.2562	0.4074	0.2578	0.9792	0.0928	0.1695	1.313
correlation	self	0.7	1.0	0.75	1288	325	325	1.0	0.2523	0.403	0.2523	0.9864	0.0912	0.167	1.308
correlation	self	0.7	1.0	0.8	1288	319	319	1.0	0.2477	0.397	0.2477	0.9862	0.0892	0.1637	1.301
correlation	self	0.7	1.0	0.85	1288	314	314	1.0	0.2438	0.392	0.2438	0.9881	0.0882	0.162	1.248
correlation	self	0.7	1.0	0.9	1288	308	308	1.0	0.2391	0.386	0.2391	0.9878	0.0859	0.1581	1.253
correlation	self	0.75	1.0	0.0	1288	365	365	1.0	0.2834	0.4416	0.2834	0.7761	0.1063	0.187	4.085
correlation	self	0.75	1.0	0.05	1288	365	362	0.9918	0.2811	0.438	0.2834	0.8162	0.1038	0.1841	2.748
correlation	self	0.75	1.0	0.1	1288	365	355	0.9726	0.2756	0.4295	0.2834	0.8451	0.102	0.182	2.082
correlation	self	0.75	1.0	0.15	1288	365	349	0.9562	0.271	0.4223	0.2834	0.8584	0.0989	0.1774	1.786
correlation	self	0.75	1.0	0.2	1288	363	341	0.9394	0.2648	0.4131	0.2818	0.8728	0.0973	0.175	1.567
correlation	self	0.75	1.0	0.25	1288	360	336	0.9333	0.2609	0.4078	0.2795	0.878	0.0943	0.1702	1.478
correlation	self	0.75	1.0	0.3	1288	357	330	0.9244	0.2562	0.4012	0.2772	0.8875	0.0926	0.1678	1.401
correlation	self	0.75	1.0	0.35	1288	349	324	0.9284	0.2516	0.3958	0.271	0.9043	0.092	0.1669	1.355
correlation	self	0.75	1.0	0.4	1288	344	323	0.939	0.2508	0.3958	0.2671	0.9164	0.0912	0.1659	1.352
correlation	self	0.75	1.0	0.45	1288	337	319	0.9466	0.2477	0.3926	0.2616	0.929	0.0898	0.1638	1.338
correlation	self	0.75	1.0	0.5	1288	327	313	0.9572	0.243	0.3876	0.2539	0.9457	0.0881	0.1611	1.33
correlation	self	0.75	1.0	0.55	1288	320	311	0.9719	0.2415	0.3868	0.2484	0.9602	0.0877	0.1608	1.325
correlation	self	0.75	1.0	0.6	1288	310	305	0.9839	0.2368	0.3817	0.2407	0.9718	0.0869	0.1595	1.323
correlation	self	0.75	1.0	0.65	1288	305	301	0.9869	0.2337	0.3779	0.2368	0.9746	0.0856	0.1573	1.318
correlation	self	0.75	1.0	0.7	1288	297	295	0.9933	0.229	0.3722	0.2306	0.9806	0.0839	0.1545	1.32
correlation	self	0.75	1.0	0.75	1288	290	290	1.0	0.2252	0.3676	0.2252	0.9888	0.0824	0.152	1.314
correlation	self	0.75	1.0	0.8	1288	284	284	1.0	0.2205	0.3613	0.2205	0.9886	0.0804	0.1487	1.306
correlation	self	0.75	1.0	0.85	1288	279	279	1.0	0.2166	0.3561	0.2166	0.9907	0.0794	0.147	1.247
correlation	self	0.75	1.0	0.9	1288	273	273	1.0	0.212	0.3498	0.212	0.9905	0.077	0.143	1.253
correlation	self	0.8	1.0	0.0	1288	365	365	1.0	0.2834	0.4416	0.2834	0.7761	0.1063	0.187	4.085
correlation	self	0.8	1.0	0.05	1288	365	362	0.9918	0.2811	0.438	0.2834	0.8162	0.1038	0.1841	2.748
correlation	self	0.8	1.0	0.1	1288	365	355	0.9726	0.2756	0.4295	0.2834	0.8451	0.102	0.182	2.082
correlation	self	0.8	1.0	0.15	1288	365	349	0.9562	0.271	0.4223	0.2834	0.8584	0.0989	0.1774	1.786
correlation	self	0.8	1.0	0.2	1288	363	341	0.9394	0.2648	0.4131	0.2818	0.8728	0.0973	0.175	1.567
correlation	self	0.8	1.0	0.25	1288	360	336	0.9333	0.2609	0.4078	0.2795	0.878	0.0943	0.1702	1.478
correlation	self	0.8	1.0	0.3	1288	357	330	0.9244	0.2562	0.4012	0.2772	0.8875	0.0926	0.1678	1.401
correlation	self	0.8	1.0	0.35	1288	349	324	0.9284	0.2516	0.3958	0.271	0.9043	0.092	0.1669	1.355
correlation	self	0.8	1.0	0.4	1288	344	323	0.939	0.2508	0.3958	0.2671	0.9164	0.0912	0.1659	1.352
correlation	self	0.8	1.0	0.45	1288	337	319	0.9466	0.2477	0.3926	0.2616	0.929	0.0898	0.1638	1.338
correlation	self	0.8	1.0	0.5	1288	327	313	0.9572	0.243	0.3876	0.2539	0.9457	0.0881	0.1611	1.33
correlation	self	0.8	1.0	0.55	1288	320	311	0.9719	0.2415	0.3868	0.2484	0.9602	0.0877	0.1608	1.325
correlation	self	0.8	1.0	0.6	1288	310	305	0.9839	0.2368	0.3817	0.2407	0.9718	0.0869	0.1595	1.323
correlation	self	0.8	1.0	0.65	1288	305	301	0.9869	0.2337	0.3779	0.2368	0.9746	0.0856	0.1573	1.318
correlation	self	0.8	1.0	0.7	1288	297	295	0.9933	0.229	0.3722	0.2306	0.9806	0.0839	0.1545	1.32
correlation	self	0.8	1.0	0.75	1288	290	290	1.0	0.2252	0.3676	0.2252	0.9888	0.0824	0.152	1.314
correlation	self	0.8	1.0	0.8	1288	284	284	1.0	0.2205	0.3613	0.2205	0.9886	0.0804	0.1487	1.306
correlation	self	0.8	1.0	0.85	1288	279	279	1.0	0.2166	0.3561	0.2166	0.9907	0.0794	0.147	1.247
correlation	self	0.8	1.0	0.9	1288	273	273	1.0	0.212	0.3498	0.212	0.9905	0.077	0.143	1.253
correlation	self	0.85	1.0	0.0	1288	218	218	1.0	0.1693	0.2895	0.1693	0.7701	0.0657	0.121	4.202
correlation	self	0.85	1.0	0.05	1288	218	215	0.9862	0.1669	0.2855	0.1693	0.8087	0.0646	0.1196	2.798
correlation	self	0.85	1.0	0.1	1288	218	213	0.9771	0.1654	0.2829	0.1693	0.8425	0.0641	0.1191	2.05
correlation	self	0.85	1.0	0.15	1288	218	209	0.9587	0.1623	0.2776	0.1693	0.8601	0.0615	0.1149	1.784
correlation	self	0.85	1.0	0.2	1288	218	204	0.9358	0.1584	0.2709	0.1693	0.8692	0.0602	0.1126	1.573
correlation	self	0.85	1.0	0.25	1288	217	200	0.9217	0.1553	0.2658	0.1685	0.874	0.0574	0.1078	1.442
correlation	self	0.85	1.0	0.3	1288	214	196	0.9159	0.1522	0.261	0.1661	0.8886	0.0562	0.1057	1.355
correlation	self	0.85	1.0	0.35	1288	206	193	0.9369	0.1498	0.2584	0.1599	0.9215	0.0559	0.1053	1.311
correlation	self	0.85	1.0	0.4	1288	203	192	0.9458	0.1491	0.2575	0.1576	0.9302	0.0551	0.104	1.315
correlation	self	0.85	1.0	0.45	1288	199	191	0.9598	0.1483	0.2569	0.1545	0.9464	0.0549	0.1038	1.312
correlation	self	0.85	1.0	0.5	1288	194	189	0.9742	0.1467	0.2551	0.1506	0.9631	0.0545	0.1031	1.309
correlation	self	0.85	1.0	0.55	1288	190	188	0.9895	0.146	0.2544	0.1475	0.9781	0.0542	0.1027	1.305
correlation	self	0.85	1.0	0.6	1288	184	183	0.9946	0.1421	0.2486	0.1429	0.9828	0.0536	0.1016	1.31
correlation	self	0.85	1.0	0.65	1288	181	180	0.9945	0.1398	0.2451	0.1405	0.9825	0.0526	0.0999	1.309
correlation	self	0.85	1.0	0.7	1288	177	176	0.9944	0.1366	0.2403	0.1374	0.9821	0.051	0.097	1.311
correlation	self	0.85	1.0	0.75	1288	172	172	1.0	0.1335	0.2356	0.1335	0.9874	0.05	0.0952	1.314
correlation	self	0.85	1.0	0.8	1288	166	166	1.0	0.1289	0.2283	0.1289	0.9869	0.0483	0.0922	1.319
correlation	self	0.85	1.0	0.85	1288	164	164	1.0	0.1273	0.2259	0.1273	0.9909	0.048	0.0915	1.22
correlation	self	0.85	1.0	0.9	1288	160	160	1.0	0.1242	0.221	0.1242	0.9906	0.046	0.088	1.225
correlation	self	0.9	1.0	0.0	1288	218	218	1.0	0.1693	0.2895	0.1693	0.7701	0.0657	0.121	4.202
correlation	self	0.9	1.0	0.05	1288	218	215	0.9862	0.1669	0.2855	0.1693	0.8087	0.0646	0.1196	2.798
correlation	self	0.9	1.0	0.1	1288	218	213	0.9771	0.1654	0.2829	0.1693	0.8425	0.0641	0.1191	2.05
correlation	self	0.9	1.0	0.15	1288	218	209	0.9587	0.1623	0.2776	0.1693	0.8601	0.0615	0.1149	1.784
correlation	self	0.9	1.0	0.2	1288	218	204	0.9358	0.1584	0.2709	0.1693	0.8692	0.0602	0.1126	1.573
correlation	self	0.9	1.0	0.25	1288	217	200	0.9217	0.1553	0.2658	0.1685	0.874	0.0574	0.1078	1.442
correlation	self	0.9	1.0	0.3	1288	214	196	0.9159	0.1522	0.261	0.1661	0.8886	0.0562	0.1057	1.355
correlation	self	0.9	1.0	0.35	1288	206	193	0.9369	0.1498	0.2584	0.1599	0.9215	0.0559	0.1053	1.311
correlation	self	0.9	1.0	0.4	1288	203	192	0.9458	0.1491	0.2575	0.1576	0.9302	0.0551	0.104	1.315
correlation	self	0.9	1.0	0.45	1288	199	191	0.9598	0.1483	0.2569	0.1545	0.9464	0.0549	0.1038	1.312
correlation	self	0.9	1.0	0.5	1288	194	189	0.9742	0.1467	0.2551	0.1506	0.9631	0.0545	0.1031	1.309
correlation	self	0.9	1.0	0.55	1288	190	188	0.9895	0.146	0.2544	0.1475	0.9781	0.0542	0.1027	1.305
correlation	self	0.9	1.0	0.6	1288	184	183	0.9946	0.1421	0.2486	0.1429	0.9828	0.0536	0.1016	1.31
correlation	self	0.9	1.0	0.65	1288	181	180	0.9945	0.1398	0.2451	0.1405	0.9825	0.0526	0.0999	1.309
correlation	self	0.9	1.0	0.7	1288	177	176	0.9944	0.1366	0.2403	0.1374	0.9821	0.051	0.097	1.311
correlation	self	0.9	1.0	0.75	1288	172	172	1.0	0.1335	0.2356	0.1335	0.9874	0.05	0.0952	1.314
correlation	self	0.9	1.0	0.8	1288	166	166	1.0	0.1289	0.2283	0.1289	0.9869	0.0483	0.0922	1.319
correlation	self	0.9	1.0	0.85	1288	164	164	1.0	0.1273	0.2259	0.1273	0.9909	0.048	0.0915	1.22
correlation	self	0.9	1.0	0.9	1288	160	160	1.0	0.1242	0.221	0.1242	0.9906	0.046	0.088	1.225
correlation	self	0.95	1.0	0.0	1288	119	119	1.0	0.0924	0.1692	0.0924	0.7875	0.0359	0.0686	4.168
correlation	self	0.95	1.0	0.05	1288	119	118	0.9916	0.0916	0.1677	0.0924	0.83	0.0354	0.0679	2.739
correlation	self	0.95	1.0	0.1	1288	119	118	0.9916	0.0916	0.1677	0.0924	0.867	0.0353	0.0678	1.958
correlation	self	0.95	1.0	0.15	1288	119	115	0.9664	0.0893	0.1635	0.0924	0.8765	0.0329	0.0635	1.731
correlation	self	0.95	1.0	0.2	1288	119	112	0.9412	0.087	0.1592	0.0924	0.8728	0.0322	0.0621	1.58
correlation	self	0.95	1.0	0.25	1288	118	109	0.9237	0.0846	0.155	0.0916	0.8771	0.0305	0.059	1.5
correlation	self	0.95	1.0	0.3	1288	117	107	0.9145	0.0831	0.1523	0.0908	0.8818	0.0296	0.0573	1.462
correlation	self	0.95	1.0	0.35	1288	110	104	0.9455	0.0807	0.1488	0.0854	0.9258	0.0293	0.0568	1.418
correlation	self	0.95	1.0	0.4	1288	108	103	0.9537	0.08	0.1476	0.0839	0.9336	0.0285	0.0553	1.426
correlation	self	0.95	1.0	0.45	1288	106	103	0.9717	0.08	0.1478	0.0823	0.956	0.0285	0.0553	1.415
correlation	self	0.95	1.0	0.5	1288	105	102	0.9714	0.0792	0.1464	0.0815	0.9556	0.0284	0.0552	1.419
correlation	self	0.95	1.0	0.55	1288	104	102	0.9808	0.0792	0.1466	0.0807	0.9647	0.0283	0.055	1.413
correlation	self	0.95	1.0	0.6	1288	102	101	0.9902	0.0784	0.1453	0.0792	0.9739	0.0281	0.0546	1.412
correlation	self	0.95	1.0	0.65	1288	100	99	0.99	0.0769	0.1427	0.0776	0.9733	0.0279	0.0543	1.41
correlation	self	0.95	1.0	0.7	1288	99	98	0.9899	0.0761	0.1413	0.0769	0.9731	0.0277	0.0539	1.414
correlation	self	0.95	1.0	0.75	1288	97	97	1.0	0.0753	0.1401	0.0753	0.9828	0.0276	0.0537	1.412
correlation	self	0.95	1.0	0.8	1288	93	93	1.0	0.0722	0.1347	0.0722	0.9821	0.0262	0.0511	1.419
correlation	self	0.95	1.0	0.85	1288	92	92	1.0	0.0714	0.1333	0.0714	0.9891	0.026	0.0506	1.239
correlation	self	0.95	1.0	0.9	1288	90	90	1.0	0.0699	0.1306	0.0699	0.9889	0.0256	0.0498	1.244
correlation	twin	0.0	0.43	0.0	1288	1285	1008	0.7844	0.7826	0.7835	0.9977	0.4566	0.2824	0.3489	7.599
correlation	twin	0.0	0.43	0.05	1288	1283	943	0.735	0.7321	0.7336	0.9961	0.496	0.2578	0.3393	4.241
correlation	twin	0.0	0.43	0.1	1288	1278	878	0.687	0.6817	0.6843	0.9922	0.5252	0.2389	0.3284	2.749
correlation	twin	0.0	0.43	0.15	1288	1260	828	0.6571	0.6429	0.6499	0.9783	0.5357	0.2245	0.3164	2.092
correlation	twin	0.0	0.43	0.2	1288	1218	793	0.6511	0.6157	0.6329	0.9457	0.5597	0.2153	0.3109	1.786
correlation	twin	0.0	0.43	0.25	1288	1178	760	0.6452	0.5901	0.6164	0.9146	0.5748	0.2044	0.3016	1.565
correlation	twin	0.0	0.43	0.3	1288	1130	744	0.6584	0.5776	0.6154	0.8773	0.6003	0.2004	0.3005	1.457
correlation	twin	0.0	0.43	0.35	1288	1089	729	0.6694	0.566	0.6134	0.8455	0.6199	0.1964	0.2983	1.38
correlation	twin	0.0	0.43	0.4	1288	1033	712	0.6893	0.5528	0.6135	0.802	0.6477	0.1905	0.2944	1.319
correlation	twin	0.0	0.43	0.45	1288	989	689	0.6967	0.5349	0.6052	0.7679	0.6632	0.1817	0.2853	1.282
correlation	twin	0.0	0.43	0.5	1288	938	674	0.7186	0.5233	0.6056	0.7283	0.69	0.1782	0.2833	1.273
correlation	twin	0.0	0.43	0.55	1288	876	648	0.7397	0.5031	0.5989	0.6801	0.7127	0.1718	0.2768	1.267
correlation	twin	0.0	0.43	0.6	1288	837	628	0.7503	0.4876	0.5911	0.6498	0.7285	0.1647	0.2686	1.263
correlation	twin	0.0	0.43	0.65	1288	799	613	0.7672	0.4759	0.5874	0.6203	0.7457	0.1601	0.2636	1.263
correlation	twin	0.0	0.43	0.7	1288	748	595	0.7955	0.462	0.5845	0.5807	0.7738	0.1567	0.2606	1.236
correlation	twin	0.0	0.43	0.75	1288	716	584	0.8156	0.4534	0.5828	0.5559	0.7967	0.1526	0.2562	1.231
correlation	twin	0.0	0.43	0.8	1288	677	574	0.8479	0.4457	0.5842	0.5256	0.8295	0.1505	0.2548	1.229
correlation	twin	0.0	0.43	0.85	1288	647	562	0.8686	0.4363	0.5809	0.5023	0.8524	0.147	0.2507	1.221
correlation	twin	0.0	0.43	0.9	1288	597	536	0.8978	0.4161	0.5687	0.4635	0.8815	0.1428	0.2459	1.22
correlation	twin	0.05	0.5635	0.0	1288	1221	1004	0.8223	0.7795	0.8003	0.948	0.4796	0.2807	0.3541	7.586
correlation	twin	0.05	0.5635	0.05	1288	1220	941	0.7713	0.7306	0.7504	0.9472	0.5218	0.2572	0.3445	4.235
correlation	twin	0.05	0.5635	0.1	1288	1215	876	0.721	0.6801	0.7	0.9433	0.5525	0.2383	0.3329	2.74
correlation	twin	0.05	0.5635	0.15	1288	1201	826	0.6878	0.6413	0.6637	0.9325	0.5631	0.2238	0.3203	2.074
correlation	twin	0.05	0.5635	0.2	1288	1162	791	0.6807	0.6141	0.6457	0.9022	0.5878	0.2146	0.3144	1.761
correlation	twin	0.05	0.5635	0.25	1288	1126	760	0.675	0.5901	0.6297	0.8742	0.604	0.2044	0.3055	1.554
correlation	twin	0.05	0.5635	0.3	1288	1081	744	0.6883	0.5776	0.6281	0.8393	0.6304	0.2004	0.3041	1.449
correlation	twin	0.05	0.5635	0.35	1288	1042	729	0.6996	0.566	0.6258	0.809	0.6516	0.1964	0.3019	1.374
correlation	twin	0.05	0.5635	0.4	1288	988	712	0.7206	0.5528	0.6257	0.7671	0.6813	0.1905	0.2978	1.322
correlation	twin	0.05	0.5635	0.45	1288	947	689	0.7276	0.5349	0.6166	0.7352	0.697	0.1817	0.2883	1.286
correlation	twin	0.05	0.5635	0.5	1288	900	674	0.7489	0.5233	0.6161	0.6988	0.7232	0.1782	0.286	1.278
correlation	twin	0.05	0.5635	0.55	1288	842	648	0.7696	0.5031	0.6085	0.6537	0.7453	0.1718	0.2792	1.273
correlation	twin	0.05	0.5635	0.6	1288	804	628	0.7811	0.4876	0.6004	0.6242	0.7598	0.1647	0.2707	1.268
correlation	twin	0.05	0.5635	0.65	1288	767	613	0.7992	0.4759	0.5966	0.5955	0.7784	0.1601	0.2655	1.268
correlation	twin	0.05	0.5635	0.7	1288	719	595	0.8275	0.462	0.5929	0.5582	0.8068	0.1567	0.2624	1.242
correlation	twin	0.05	0.5635	0.75	1288	690	584	0.8464	0.4534	0.5905	0.5357	0.8277	0.1526	0.2577	1.237
correlation	twin	0.05	0.5635	0.8	1288	654	574	0.8777	0.4457	0.5911	0.5078	0.8598	0.1505	0.2561	1.234
correlation	twin	0.05	0.5635	0.85	1288	628	562	0.8949	0.4363	0.5866	0.4876	0.8794	0.147	0.2519	1.225
correlation	twin	0.05	0.5635	0.9	1288	585	536	0.9162	0.4161	0.5723	0.4542	0.9011	0.1428	0.2466	1.221
correlation	twin	0.1	0.6261	0.0	1288	1157	1001	0.8652	0.7772	0.8188	0.8983	0.5057	0.2795	0.36	7.373
correlation	twin	0.1	0.6261	0.05	1288	1157	939	0.8116	0.729	0.7681	0.8983	0.55	0.2567	0.35	4.182
correlation	twin	0.1	0.6261	0.1	1288	1152	874	0.7587	0.6786	0.7164	0.8944	0.5824	0.2378	0.3377	2.702
correlation	twin	0.1	0.6261	0.15	1288	1138	825	0.725	0.6405	0.6801	0.8835	0.5941	0.2234	0.3247	2.063
correlation	twin	0.1	0.6261	0.2	1288	1105	790	0.7149	0.6134	0.6603	0.8579	0.6179	0.2142	0.3181	1.737
correlation	twin	0.1	0.6261	0.25	1288	1070	759	0.7093	0.5893	0.6438	0.8307	0.6353	0.2041	0.3089	1.537
correlation	twin	0.1	0.6261	0.3	1288	1034	743	0.7186	0.5769	0.64	0.8028	0.6588	0.2	0.3068	1.443
correlation	twin	0.1	0.6261	0.35	1288	998	728	0.7295	0.5652	0.6369	0.7748	0.6802	0.196	0.3044	1.365
correlation	twin	0.1	0.6261	0.4	1288	945	711	0.7524	0.552	0.6368	0.7337	0.7115	0.1901	0.3001	1.317
correlation	twin	0.1	0.6261	0.45	1288	911	688	0.7552	0.5342	0.6257	0.7073	0.7238	0.1813	0.29	1.284
correlation	twin	0.1	0.6261	0.5	1288	864	673	0.7789	0.5225	0.6255	0.6708	0.7526	0.1778	0.2877	1.277
correlation	twin	0.1	0.6261	0.55	1288	811	647	0.7978	0.5023	0.6165	0.6297	0.7731	0.1714	0.2806	1.27
correlation	twin	0.1	0.6261	0.6	1288	774	627	0.8101	0.4868	0.6081	0.6009	0.7887	0.1643	0.2719	1.266
correlation	twin	0.1	0.6261	0.65	1288	740	613	0.8284	0.4759	0.6045	0.5745	0.8076	0.1601	0.2672	1.265
correlation	twin	0.1	0.6261	0.7	1288	692	595	0.8598	0.462	0.601	0.5373	0.8392	0.1567	0.264	1.244
correlation	twin	0.1	0.6261	0.75	1288	667	584	0.8756	0.4534	0.5974	0.5179	0.8573	0.1526	0.2591	1.241
correlation	twin	0.1	0.6261	0.8	1288	631	574	0.9097	0.4457	0.5982	0.4899	0.8909	0.1505	0.2575	1.241
correlation	twin	0.1	0.6261	0.85	1288	608	562	0.9243	0.4363	0.5928	0.472	0.9082	0.147	0.253	1.231
correlation	twin	0.1	0.6261	0.9	1288	569	536	0.942	0.4161	0.5773	0.4418	0.9263	0.1428	0.2475	1.226
correlation	twin	0.15	0.6936	0.0	1288	1093	990	0.9058	0.7686	0.8316	0.8486	0.5345	0.2747	0.3629	7.147
correlation	twin	0.15	0.6936	0.05	1288	1093	935	0.8554	0.7259	0.7854	0.8486	0.5815	0.254	0.3535	4.09
correlation	twin	0.15	0.6936	0.1	1288	1089	872	0.8007	0.677	0.7337	0.8455	0.6157	0.2368	0.3421	2.672
correlation	twin	0.15	0.6936	0.15	1288	1076	823	0.7649	0.639	0.6963	0.8354	0.6282	0.2225	0.3286	2.052
correlation	twin	0.15	0.6936	0.2	1288	1047	788	0.7526	0.6118	0.6749	0.8129	0.6515	0.2132	0.3213	1.733
correlation	twin	0.15	0.6936	0.25	1288	1016	757	0.7451	0.5877	0.6571	0.7888	0.6683	0.2031	0.3115	1.531
correlation	twin	0.15	0.6936	0.3	1288	982	741	0.7546	0.5753	0.6529	0.7624	0.6929	0.199	0.3092	1.435
correlation	twin	0.15	0.6936	0.35	1288	949	726	0.765	0.5637	0.6491	0.7368	0.7146	0.1951	0.3065	1.358
correlation	twin	0.15	0.6936	0.4	1288	901	709	0.7869	0.5505	0.6478	0.6995	0.7455	0.1892	0.3018	1.311
correlation	twin	0.15	0.6936	0.45	1288	871	686	0.7876	0.5326	0.6355	0.6762	0.7557	0.1804	0.2912	1.283
correlation	twin	0.15	0.6936	0.5	1288	829	671	0.8094	0.521	0.6339	0.6436	0.7831	0.1768	0.2885	1.276
correlation	twin	0.15	0.6936	0.55	1288	779	645	0.828	0.5008	0.6241	0.6048	0.8035	0.1704	0.2812	1.267
correlation	twin	0.15	0.6936	0.6	1288	744	626	0.8414	0.486	0.6161	0.5776	0.8206	0.1641	0.2735	1.264
correlation	twin	0.15	0.6936	0.65	1288	717	612	0.8536	0.4752	0.6105	0.5567	0.8337	0.1599	0.2683	1.263
correlation	twin	0.15	0.6936	0.7	1288	671	594	0.8852	0.4612	0.6064	0.521	0.8658	0.1565	0.265	1.244
correlation	twin	0.15	0.6936	0.75	1288	651	583	0.8955	0.4526	0.6013	0.5054	0.8788	0.1524	0.2598	1.242
correlation	twin	0.15	0.6936	0.8	1288	615	573	0.9317	0.4449	0.6022	0.4775	0.9138	0.1503	0.2581	1.243
correlation	twin	0.15	0.6936	0.85	1288	593	561	0.946	0.4356	0.5965	0.4604	0.9294	0.1468	0.2535	1.235
correlation	twin	0.15	0.6936	0.9	1288	558	536	0.9606	0.4161	0.5807	0.4332	0.9445	0.1428	0.2482	1.23
correlation	twin	0.2	0.7673	0.0	1288	1029	962	0.9349	0.7469	0.8304	0.7989	0.5634	0.2669	0.3622	6.571
correlation	twin	0.2	0.7673	0.05	1288	1029	913	0.8873	0.7089	0.7881	0.7989	0.6114	0.2486	0.3534	3.865
correlation	twin	0.2	0.7673	0.1	1288	1025	853	0.8322	0.6623	0.7376	0.7958	0.6462	0.2328	0.3423	2.562
correlation	twin	0.2	0.7673	0.15	1288	1016	807	0.7943	0.6266	0.7005	0.7888	0.6577	0.2202	0.3299	2.021
correlation	twin	0.2	0.7673	0.2	1288	997	776	0.7783	0.6025	0.6792	0.7741	0.6794	0.2111	0.3221	1.723
correlation	twin	0.2	0.7673	0.25	1288	968	746	0.7707	0.5792	0.6613	0.7516	0.6956	0.201	0.3118	1.521
correlation	twin	0.2	0.7673	0.3	1288	938	732	0.7804	0.5683	0.6577	0.7283	0.7197	0.1971	0.3094	1.434
correlation	twin	0.2	0.7673	0.35	1288	910	719	0.7901	0.5582	0.6542	0.7065	0.7406	0.1934	0.3067	1.357
correlation	twin	0.2	0.7673	0.4	1288	870	703	0.808	0.5458	0.6515	0.6755	0.7685	0.1876	0.3016	1.305
correlation	twin	0.2	0.7673	0.45	1288	841	680	0.8086	0.528	0.6388	0.653	0.779	0.1788	0.2908	1.276
correlation	twin	0.2	0.7673	0.5	1288	800	666	0.8325	0.5171	0.6379	0.6211	0.8083	0.176	0.2891	1.269
correlation	twin	0.2	0.7673	0.55	1288	753	641	0.8513	0.4977	0.6281	0.5846	0.8287	0.1699	0.2819	1.26
correlation	twin	0.2	0.7673	0.6	1288	718	622	0.8663	0.4829	0.6201	0.5575	0.8477	0.1635	0.2742	1.259
correlation	twin	0.2	0.7673	0.65	1288	693	608	0.8773	0.472	0.6138	0.538	0.86	0.1593	0.2688	1.257
correlation	twin	0.2	0.7673	0.7	1288	654	590	0.9021	0.4581	0.6076	0.5078	0.8844	0.1559	0.2651	1.237
correlation	twin	0.2	0.7673	0.75	1288	637	580	0.9105	0.4503	0.6026	0.4946	0.8944	0.152	0.2599	1.234
correlation	twin	0.2	0.7673	0.8	1288	602	570	0.9468	0.4425	0.6032	0.4674	0.9296	0.1499	0.2581	1.235
correlation	twin	0.2	0.7673	0.85	1288	583	559	0.9588	0.434	0.5975	0.4526	0.943	0.1466	0.2537	1.229
correlation	twin	0.2	0.7673	0.9	1288	551	535	0.971	0.4154	0.5818	0.4278	0.9558	0.1427	0.2484	1.222
correlation	twin	0.25	0.8307	0.0	1288	965	919	0.9523	0.7135	0.8158	0.7492	0.5877	0.2567	0.3573	6.316
correlation	twin	0.25	0.8307	0.05	1288	965	876	0.9078	0.6801	0.7776	0.7492	0.6352	0.2402	0.3486	3.748
correlation	twin	0.25	0.8307	0.1	1288	961	821	0.8543	0.6374	0.7301	0.7461	0.67	0.2249	0.3368	2.505
correlation	twin	0.25	0.8307	0.15	1288	952	780	0.8193	0.6056	0.6964	0.7391	0.6827	0.2129	0.3245	1.999
correlation	twin	0.25	0.8307	0.2	1288	936	752	0.8034	0.5839	0.6763	0.7267	0.7047	0.2058	0.3185	1.715
correlation	twin	0.25	0.8307	0.25	1288	915	726	0.7934	0.5637	0.6591	0.7104	0.7212	0.197	0.3095	1.517
correlation	twin	0.25	0.8307	0.3	1288	891	713	0.8002	0.5536	0.6544	0.6918	0.7433	0.1933	0.3068	1.434
correlation	twin	0.25	0.8307	0.35	1288	864	700	0.8102	0.5435	0.6506	0.6708	0.7645	0.1896	0.3038	1.355
correlation	twin	0.25	0.8307	0.4	1288	832	685	0.8233	0.5318	0.6462	0.646	0.7876	0.1846	0.2991	1.304
correlation	twin	0.25	0.8307	0.45	1288	804	663	0.8246	0.5148	0.6338	0.6242	0.7995	0.1758	0.2882	1.275
correlation	twin	0.25	0.8307	0.5	1288	766	650	0.8486	0.5047	0.6329	0.5947	0.8283	0.1733	0.2867	1.271
correlation	twin	0.25	0.8307	0.55	1288	727	628	0.8638	0.4876	0.6233	0.5644	0.8457	0.1675	0.2796	1.258
correlation	twin	0.25	0.8307	0.6	1288	695	610	0.8777	0.4736	0.6152	0.5396	0.8594	0.1614	0.2718	1.26
correlation	twin	0.25	0.8307	0.65	1288	670	596	0.8896	0.4627	0.6088	0.5202	0.8725	0.1572	0.2665	1.258
correlation	twin	0.25	0.8307	0.7	1288	633	578	0.9131	0.4488	0.6018	0.4915	0.8957	0.1538	0.2626	1.237
correlation	twin	0.25	0.8307	0.75	1288	617	568	0.9206	0.441	0.5963	0.479	0.905	0.1499	0.2572	1.234
correlation	twin	0.25	0.8307	0.8	1288	583	558	0.9571	0.4332	0.5965	0.4526	0.9404	0.1478	0.2554	1.235
correlation	twin	0.25	0.8307	0.85	1288	565	547	0.9681	0.4247	0.5904	0.4387	0.9529	0.1446	0.2511	1.231
correlation	twin	0.25	0.8307	0.9	1288	534	524	0.9813	0.4068	0.5752	0.4146	0.9669	0.1408	0.2458	1.224
correlation	twin	0.3	0.8724	0.0	1288	901	871	0.9667	0.6762	0.7958	0.6995	0.6123	0.2435	0.3485	5.907
correlation	twin	0.3	0.8724	0.05	1288	901	836	0.9279	0.6491	0.7638	0.6995	0.6612	0.2293	0.3406	3.596
correlation	twin	0.3	0.8724	0.1	1288	898	785	0.8742	0.6095	0.7182	0.6972	0.6951	0.2144	0.3277	2.438
correlation	twin	0.3	0.8724	0.15	1288	892	749	0.8397	0.5815	0.6872	0.6925	0.7068	0.2035	0.316	1.965
correlation	twin	0.3	0.8724	0.2	1288	879	726	0.8259	0.5637	0.6701	0.6825	0.7294	0.197	0.3102	1.69
correlation	twin	0.3	0.8724	0.25	1288	865	704	0.8139	0.5466	0.654	0.6716	0.744	0.1904	0.3032	1.484
correlation	twin	0.3	0.8724	0.3	1288	843	691	0.8197	0.5365	0.6485	0.6545	0.7643	0.1866	0.3	1.401
correlation	twin	0.3	0.8724	0.35	1288	818	680	0.8313	0.528	0.6458	0.6351	0.7857	0.1832	0.2972	1.345
correlation	twin	0.3	0.8724	0.4	1288	791	666	0.842	0.5171	0.6407	0.6141	0.8067	0.1784	0.2922	1.291
correlation	twin	0.3	0.8724	0.45	1288	767	645	0.8409	0.5008	0.6277	0.5955	0.8164	0.1705	0.2821	1.263
correlation	twin	0.3	0.8724	0.5	1288	732	633	0.8648	0.4915	0.6267	0.5683	0.8454	0.1681	0.2805	1.256
correlation	twin	0.3	0.8724	0.55	1288	697	612	0.878	0.4752	0.6166	0.5411	0.8603	0.1624	0.2733	1.258
correlation	twin	0.3	0.8724	0.6	1288	667	595	0.8921	0.462	0.6087	0.5179	0.8742	0.1564	0.2654	1.261
correlation	twin	0.3	0.8724	0.65	1288	644	582	0.9037	0.4519	0.6025	0.5	0.8873	0.1522	0.2599	1.258
correlation	twin	0.3	0.8724	0.7	1288	611	566	0.9264	0.4394	0.5961	0.4744	0.9097	0.1492	0.2564	1.243
correlation	twin	0.3	0.8724	0.75	1288	596	556	0.9329	0.4317	0.5902	0.4627	0.9182	0.1453	0.2509	1.239
correlation	twin	0.3	0.8724	0.8	1288	564	546	0.9681	0.4239	0.5896	0.4379	0.9524	0.1432	0.249	1.242
correlation	twin	0.3	0.8724	0.85	1288	547	535	0.9781	0.4154	0.5831	0.4247	0.964	0.14	0.2445	1.237
correlation	twin	0.3	0.8724	0.9	1288	519	512	0.9865	0.3975	0.5667	0.403	0.9736	0.1362	0.2389	1.231
correlation	twin	0.35	0.897	0.0	1288	837	820	0.9797	0.6366	0.7718	0.6498	0.6435	0.2275	0.3361	5.448
correlation	twin	0.35	0.897	0.05	1288	837	790	0.9438	0.6134	0.7435	0.6498	0.6915	0.2149	0.3279	3.395
correlation	twin	0.35	0.897	0.1	1288	835	745	0.8922	0.5784	0.7018	0.6483	0.723	0.202	0.3157	2.344
correlation	twin	0.35	0.897	0.15	1288	831	718	0.864	0.5575	0.6777	0.6452	0.7375	0.1933	0.3063	1.913
correlation	twin	0.35	0.897	0.2	1288	823	697	0.8469	0.5411	0.6604	0.639	0.7555	0.1872	0.3001	1.648
correlation	twin	0.35	0.897	0.25	1288	809	676	0.8356	0.5248	0.6447	0.6281	0.771	0.1808	0.2929	1.457
correlation	twin	0.35	0.897	0.3	1288	791	665	0.8407	0.5163	0.6397	0.6141	0.79	0.1774	0.2897	1.391
correlation	twin	0.35	0.897	0.35	1288	770	657	0.8532	0.5101	0.6385	0.5978	0.8106	0.1748	0.2875	1.335
correlation	twin	0.35	0.897	0.4	1288	749	647	0.8638	0.5023	0.6352	0.5815	0.8299	0.1719	0.2849	1.288
correlation	twin	0.35	0.897	0.45	1288	728	629	0.864	0.4884	0.624	0.5652	0.8403	0.1664	0.2777	1.264
correlation	twin	0.35	0.897	0.5	1288	703	619	0.8805	0.4806	0.6218	0.5458	0.8615	0.1642	0.2758	1.253
correlation	twin	0.35	0.897	0.55	1288	669	598	0.8939	0.4643	0.6111	0.5194	0.8766	0.1585	0.2685	1.254
correlation	twin	0.35	0.897	0.6	1288	643	582	0.9051	0.4519	0.6028	0.4992	0.8879	0.1526	0.2605	1.255
correlation	twin	0.35	0.897	0.65	1288	622	569	0.9148	0.4418	0.5958	0.4829	0.8992	0.1486	0.255	1.253
correlation	twin	0.35	0.897	0.7	1288	593	556	0.9376	0.4317	0.5912	0.4604	0.922	0.146	0.2521	1.235
correlation	twin	0.35	0.897	0.75	1288	579	546	0.943	0.4239	0.5849	0.4495	0.9295	0.1421	0.2465	1.231
correlation	twin	0.35	0.897	0.8	1288	552	536	0.971	0.4161	0.5826	0.4286	0.9568	0.1399	0.2442	1.237
correlation	twin	0.35	0.897	0.85	1288	536	525	0.9795	0.4076	0.5757	0.4161	0.9669	0.1367	0.2396	1.231
correlation	twin	0.35	0.897	0.9	1288	510	503	0.9863	0.3905	0.5595	0.396	0.975	0.1332	0.2343	1.231
correlation	twin	0.4	0.9203	0.0	1288	773	761	0.9845	0.5908	0.7385	0.6002	0.676	0.2101	0.3205	4.77
correlation	twin	0.4	0.9203	0.05	1288	773	741	0.9586	0.5753	0.7191	0.6002	0.7221	0.2006	0.314	3.049
correlation	twin	0.4	0.9203	0.1	1288	773	709	0.9172	0.5505	0.688	0.6002	0.7547	0.1897	0.3032	2.213
correlation	twin	0.4	0.9203	0.15	1288	769	687	0.8934	0.5334	0.668	0.597	0.7715	0.1831	0.2959	1.871
correlation	twin	0.4	0.9203	0.2	1288	761	669	0.8791	0.5194	0.653	0.5908	0.7899	0.1775	0.2899	1.629
correlation	twin	0.4	0.9203	0.25	1288	751	651	0.8668	0.5054	0.6385	0.5831	0.8036	0.1719	0.2833	1.453
correlation	twin	0.4	0.9203	0.3	1288	737	643	0.8725	0.4992	0.6351	0.5722	0.8227	0.1694	0.281	1.392
correlation	twin	0.4	0.9203	0.35	1288	720	636	0.8833	0.4938	0.6335	0.559	0.8411	0.1668	0.2784	1.34
correlation	twin	0.4	0.9203	0.4	1288	702	628	0.8946	0.4876	0.6312	0.545	0.8604	0.1642	0.2758	1.293
correlation	twin	0.4	0.9203	0.45	1288	687	614	0.8937	0.4767	0.6218	0.5334	0.8684	0.1613	0.2721	1.269
correlation	twin	0.4	0.9203	0.5	1288	669	605	0.9043	0.4697	0.6183	0.5194	0.8842	0.1592	0.2699	1.26
correlation	twin	0.4	0.9203	0.55	1288	637	584	0.9168	0.4534	0.6068	0.4946	0.8986	0.1535	0.2622	1.261
correlation	twin	0.4	0.9203	0.6	1288	615	569	0.9252	0.4418	0.598	0.4775	0.9071	0.1478	0.2542	1.261
correlation	twin	0.4	0.9203	0.65	1288	598	559	0.9348	0.434	0.5928	0.4643	0.9185	0.1444	0.2496	1.257
correlation	twin	0.4	0.9203	0.7	1288	572	547	0.9563	0.4247	0.5882	0.4441	0.94	0.1422	0.2471	1.24
correlation	twin	0.4	0.9203	0.75	1288	558	537	0.9624	0.4169	0.5818	0.4332	0.9483	0.1383	0.2414	1.236
correlation	twin	0.4	0.9203	0.8	1288	536	528	0.9851	0.4099	0.5789	0.4161	0.9704	0.1362	0.2389	1.242
correlation	twin	0.4	0.9203	0.85	1288	525	518	0.9867	0.4022	0.5714	0.4076	0.9739	0.1338	0.2353	1.236
correlation	twin	0.4	0.9203	0.9	1288	502	497	0.99	0.3859	0.5553	0.3898	0.9786	0.1302	0.2299	1.235
correlation	twin	0.45	0.9382	0.0	1288	708	701	0.9901	0.5443	0.7024	0.5497	0.7101	0.1908	0.3008	4.339
correlation	twin	0.45	0.9382	0.05	1288	708	689	0.9732	0.5349	0.6904	0.5497	0.7531	0.1835	0.2952	2.852
correlation	twin	0.45	0.9382	0.1	1288	708	661	0.9336	0.5132	0.6623	0.5497	0.7815	0.1748	0.2857	2.113
correlation	twin	0.45	0.9382	0.15	1288	704	643	0.9134	0.4992	0.6456	0.5466	0.7986	0.1693	0.2794	1.828
correlation	twin	0.45	0.9382	0.2	1288	699	626	0.8956	0.486	0.6301	0.5427	0.8134	0.164	0.273	1.604
correlation	twin	0.45	0.9382	0.25	1288	692	611	0.8829	0.4744	0.6172	0.5373	0.8259	0.1598	0.2678	1.431
correlation	twin	0.45	0.9382	0.3	1288	680	606	0.8912	0.4705	0.6159	0.528	0.8475	0.1577	0.2659	1.371
correlation	twin	0.45	0.9382	0.35	1288	668	600	0.8982	0.4658	0.6135	0.5186	0.8608	0.156	0.2642	1.334
correlation	twin	0.45	0.9382	0.4	1288	654	594	0.9083	0.4612	0.6117	0.5078	0.8766	0.1538	0.2617	1.291
correlation	twin	0.45	0.9382	0.45	1288	643	585	0.9098	0.4542	0.6059	0.4992	0.8856	0.1516	0.2588	1.271
correlation	twin	0.45	0.9382	0.5	1288	631	577	0.9144	0.448	0.6014	0.4899	0.8952	0.1495	0.2562	1.26
correlation	twin	0.45	0.9382	0.55	1288	604	558	0.9238	0.4332	0.5899	0.4689	0.9061	0.1448	0.2496	1.264
correlation	twin	0.45	0.9382	0.6	1288	584	545	0.9332	0.4231	0.5823	0.4534	0.9157	0.1395	0.2421	1.263
correlation	twin	0.45	0.9382	0.65	1288	571	537	0.9405	0.4169	0.5777	0.4433	0.9234	0.1363	0.2375	1.258
correlation	twin	0.45	0.9382	0.7	1288	547	526	0.9616	0.4084	0.5733	0.4247	0.9446	0.1342	0.235	1.246
correlation	twin	0.45	0.9382	0.75	1288	535	517	0.9664	0.4014	0.5672	0.4154	0.9516	0.1304	0.2294	1.241
correlation	twin	0.45	0.9382	0.8	1288	514	509	0.9903	0.3952	0.5649	0.3991	0.9749	0.1283	0.2268	1.247
correlation	twin	0.45	0.9382	0.85	1288	505	500	0.9901	0.3882	0.5577	0.3921	0.9768	0.1263	0.2237	1.239
correlation	twin	0.45	0.9382	0.9	1288	485	482	0.9938	0.3742	0.5437	0.3766	0.982	0.1231	0.2188	1.237
correlation	twin	0.5	0.9561	0.0	1288	644	640	0.9938	0.4969	0.6625	0.5	0.741	0.1743	0.2822	4.056
correlation	twin	0.5	0.9561	0.05	1288	644	630	0.9783	0.4891	0.6522	0.5	0.7829	0.1689	0.2778	2.696
correlation	twin	0.5	0.9561	0.1	1288	644	616	0.9565	0.4783	0.6377	0.5	0.8155	0.1643	0.2735	2.059
correlation	twin	0.5	0.9561	0.15	1288	642	600	0.9346	0.4658	0.6218	0.4984	0.8289	0.1599	0.2681	1.815
correlation	twin	0.5	0.9561	0.2	1288	637	584	0.9168	0.4534	0.6068	0.4946	0.8419	0.1549	0.2616	1.592
correlation	twin	0.5	0.9561	0.25	1288	631	571	0.9049	0.4433	0.5951	0.4899	0.8511	0.1518	0.2577	1.433
correlation	twin	0.5	0.9561	0.3	1288	622	566	0.91	0.4394	0.5927	0.4829	0.8703	0.1497	0.2554	1.369
correlation	twin	0.5	0.9561	0.35	1288	613	562	0.9168	0.4363	0.5913	0.4759	0.8806	0.1484	0.254	1.337
correlation	twin	0.5	0.9561	0.4	1288	601	557	0.9268	0.4325	0.5897	0.4666	0.8969	0.1463	0.2515	1.288
correlation	twin	0.5	0.9561	0.45	1288	591	551	0.9323	0.4278	0.5865	0.4589	0.9078	0.1442	0.2488	1.273
correlation	twin	0.5	0.9561	0.5	1288	580	543	0.9362	0.4216	0.5814	0.4503	0.9172	0.1421	0.2461	1.261
correlation	twin	0.5	0.9561	0.55	1288	557	527	0.9461	0.4092	0.5713	0.4325	0.9289	0.1382	0.2406	1.265
correlation	twin	0.5	0.9561	0.6	1288	544	517	0.9504	0.4014	0.5644	0.4224	0.9336	0.1341	0.2345	1.26
correlation	twin	0.5	0.9561	0.65	1288	535	511	0.9551	0.3967	0.5606	0.4154	0.939	0.1316	0.2309	1.253
correlation	twin	0.5	0.9561	0.7	1288	515	501	0.9728	0.389	0.5557	0.3998	0.957	0.1296	0.2282	1.248
correlation	twin	0.5	0.9561	0.75	1288	504	493	0.9782	0.3828	0.5502	0.3913	0.9649	0.1259	0.2227	1.242
correlation	twin	0.5	0.9561	0.8	1288	491	487	0.9919	0.3781	0.5475	0.3812	0.9782	0.124	0.2201	1.246
correlation	twin	0.5	0.9561	0.85	1288	483	479	0.9917	0.3719	0.5409	0.375	0.9788	0.1221	0.2171	1.242
correlation	twin	0.5	0.9561	0.9	1288	465	463	0.9957	0.3595	0.5282	0.361	0.9844	0.1192	0.2126	1.239
correlation	twin	0.55	0.968	0.0	1288	580	578	0.9966	0.4488	0.6188	0.4503	0.771	0.1564	0.2601	3.831
correlation	twin	0.55	0.968	0.05	1288	580	570	0.9828	0.4425	0.6103	0.4503	0.8079	0.1524	0.2565	2.586
correlation	twin	0.55	0.968	0.1	1288	580	558	0.9621	0.4332	0.5974	0.4503	0.8368	0.1485	0.2523	2.014
correlation	twin	0.55	0.968	0.15	1288	578	547	0.9464	0.4247	0.5863	0.4488	0.85	0.1458	0.2488	1.782
correlation	twin	0.55	0.968	0.2	1288	573	533	0.9302	0.4138	0.5728	0.4449	0.8616	0.1415	0.2431	1.563
correlation	twin	0.55	0.968	0.25	1288	569	523	0.9192	0.4061	0.5633	0.4418	0.872	0.1389	0.2397	1.419
correlation	twin	0.55	0.968	0.3	1288	561	518	0.9234	0.4022	0.5603	0.4356	0.8864	0.1369	0.2371	1.374
correlation	twin	0.55	0.968	0.35	1288	552	514	0.9312	0.3991	0.5587	0.4286	0.8977	0.1357	0.2358	1.347
correlation	twin	0.55	0.968	0.4	1288	541	509	0.9409	0.3952	0.5566	0.42	0.9148	0.1338	0.2334	1.297
correlation	twin	0.55	0.968	0.45	1288	533	504	0.9456	0.3913	0.5535	0.4138	0.9229	0.1319	0.2309	1.284
correlation	twin	0.55	0.968	0.5	1288	526	499	0.9487	0.3874	0.5502	0.4084	0.9313	0.1314	0.2303	1.271
correlation	twin	0.55	0.968	0.55	1288	514	489	0.9514	0.3797	0.5427	0.3991	0.9354	0.1293	0.2272	1.274
correlation	twin	0.55	0.968	0.6	1288	505	483	0.9564	0.375	0.5388	0.3921	0.9412	0.1262	0.2225	1.267
correlation	twin	0.55	0.968	0.65	1288	496	477	0.9617	0.3703	0.5348	0.3851	0.9472	0.1237	0.2188	1.26
correlation	twin	0.55	0.968	0.7	1288	479	467	0.9749	0.3626	0.5286	0.3719	0.9609	0.1216	0.216	1.252
correlation	twin	0.55	0.968	0.75	1288	471	461	0.9788	0.3579	0.5242	0.3657	0.9656	0.1184	0.2109	1.244
correlation	twin	0.55	0.968	0.8	1288	460	456	0.9913	0.354	0.5217	0.3571	0.9778	0.1169	0.2088	1.249
correlation	twin	0.55	0.968	0.85	1288	454	450	0.9912	0.3494	0.5166	0.3525	0.9786	0.1151	0.2059	1.244
correlation	twin	0.55	0.968	0.9	1288	439	437	0.9954	0.3393	0.5061	0.3408	0.9846	0.1123	0.2016	1.244
correlation	twin	0.6	0.9761	0.0	1288	515	513	0.9961	0.3983	0.5691	0.3998	0.7993	0.1392	0.2371	3.518
correlation	twin	0.6	0.9761	0.05	1288	515	507	0.9845	0.3936	0.5624	0.3998	0.8346	0.1358	0.2336	2.429
correlation	twin	0.6	0.9761	0.1	1288	515	497	0.965	0.3859	0.5513	0.3998	0.8594	0.1325	0.2296	1.944
correlation	twin	0.6	0.9761	0.15	1288	513	491	0.9571	0.3812	0.5453	0.3983	0.8697	0.1305	0.227	1.753
correlation	twin	0.6	0.9761	0.2	1288	509	481	0.945	0.3734	0.5353	0.3952	0.8839	0.1269	0.222	1.533
correlation	twin	0.6	0.9761	0.25	1288	506	474	0.9368	0.368	0.5284	0.3929	0.8946	0.1249	0.2191	1.396
correlation	twin	0.6	0.9761	0.3	1288	498	471	0.9458	0.3657	0.5274	0.3866	0.9115	0.124	0.2182	1.363
correlation	twin	0.6	0.9761	0.35	1288	492	467	0.9492	0.3626	0.5247	0.382	0.9187	0.1228	0.2167	1.341
correlation	twin	0.6	0.9761	0.4	1288	483	462	0.9565	0.3587	0.5217	0.375	0.9304	0.1209	0.2139	1.297
correlation	twin	0.6	0.9761	0.45	1288	476	457	0.9601	0.3548	0.5181	0.3696	0.9378	0.1191	0.2113	1.285
correlation	twin	0.6	0.9761	0.5	1288	471	454	0.9639	0.3525	0.5162	0.3657	0.9466	0.1188	0.2111	1.271
correlation	twin	0.6	0.9761	0.55	1288	460	445	0.9674	0.3455	0.5092	0.3571	0.9517	0.1168	0.2081	1.273
correlation	twin	0.6	0.9761	0.6	1288	454	441	0.9714	0.3424	0.5063	0.3525	0.9555	0.1143	0.2042	1.273
correlation	twin	0.6	0.9761	0.65	1288	449	438	0.9755	0.3401	0.5043	0.3486	0.9606	0.1128	0.2018	1.262
correlation	twin	0.6	0.9761	0.7	1288	437	429	0.9817	0.3331	0.4974	0.3393	0.9663	0.1107	0.1987	1.258
correlation	twin	0.6	0.9761	0.75	1288	431	424	0.9838	0.3292	0.4933	0.3346	0.9693	0.1082	0.1947	1.248
correlation	twin	0.6	0.9761	0.8	1288	422	420	0.9953	0.3261	0.4912	0.3276	0.9805	0.1068	0.1927	1.253
correlation	twin	0.6	0.9761	0.85	1288	418	416	0.9952	0.323	0.4877	0.3245	0.9815	0.1057	0.1909	1.251
correlation	twin	0.6	0.9761	0.9	1288	405	404	0.9975	0.3137	0.4773	0.3144	0.9858	0.103	0.1864	1.249
correlation	twin	0.65	0.9818	0.0	1288	451	451	1.0	0.3502	0.5187	0.3502	0.8302	0.1212	0.2116	3.166
correlation	twin	0.65	0.9818	0.05	1288	451	447	0.9911	0.347	0.5141	0.3502	0.86	0.1188	0.2088	2.253
correlation	twin	0.65	0.9818	0.1	1288	451	439	0.9734	0.3408	0.5049	0.3502	0.8797	0.1167	0.2061	1.869
correlation	twin	0.65	0.9818	0.15	1288	450	435	0.9667	0.3377	0.5006	0.3494	0.8859	0.1159	0.205	1.696
correlation	twin	0.65	0.9818	0.2	1288	446	425	0.9529	0.33	0.4902	0.3463	0.8981	0.1124	0.1998	1.49
correlation	twin	0.65	0.9818	0.25	1288	444	419	0.9437	0.3253	0.4838	0.3447	0.9043	0.1105	0.197	1.38
correlation	twin	0.65	0.9818	0.3	1288	438	417	0.9521	0.3238	0.4832	0.3401	0.9207	0.1097	0.196	1.349
correlation	twin	0.65	0.9818	0.35	1288	435	414	0.9517	0.3214	0.4806	0.3377	0.9241	0.1088	0.1947	1.333
correlation	twin	0.65	0.9818	0.4	1288	426	409	0.9601	0.3175	0.4772	0.3307	0.9363	0.1069	0.1918	1.287
correlation	twin	0.65	0.9818	0.45	1288	422	407	0.9645	0.316	0.476	0.3276	0.9428	0.1057	0.19	1.281
correlation	twin	0.65	0.9818	0.5	1288	418	404	0.9665	0.3137	0.4736	0.3245	0.9494	0.1054	0.1898	1.269
correlation	twin	0.65	0.9818	0.55	1288	409	397	0.9707	0.3082	0.4679	0.3175	0.9555	0.1039	0.1874	1.273
correlation	twin	0.65	0.9818	0.6	1288	406	395	0.9729	0.3067	0.4664	0.3152	0.9576	0.103	0.1859	1.27
correlation	twin	0.65	0.9818	0.65	1288	402	393	0.9776	0.3051	0.4651	0.3121	0.9622	0.1016	0.1839	1.261
correlation	twin	0.65	0.9818	0.7	1288	395	389	0.9848	0.302	0.4623	0.3067	0.9691	0.1007	0.1824	1.255
correlation	twin	0.65	0.9818	0.75	1288	389	384	0.9871	0.2981	0.458	0.302	0.9724	0.0982	0.1784	1.244
correlation	twin	0.65	0.9818	0.8	1288	382	381	0.9974	0.2958	0.4563	0.2966	0.9824	0.0972	0.1769	1.248
correlation	twin	0.65	0.9818	0.85	1288	380	379	0.9974	0.2943	0.4544	0.295	0.9836	0.0963	0.1754	1.244
correlation	twin	0.65	0.9818	0.9	1288	369	369	1.0	0.2865	0.4454	0.2865	0.9885	0.0937	0.1712	1.241
correlation	twin	0.7	0.985	0.0	1288	387	387	1.0	0.3005	0.4621	0.3005	0.8443	0.1013	0.1809	2.879
correlation	twin	0.7	0.985	0.05	1288	387	384	0.9922	0.2981	0.4585	0.3005	0.8682	0.0994	0.1783	2.093
correlation	twin	0.7	0.985	0.1	1288	387	379	0.9793	0.2943	0.4525	0.3005	0.8875	0.0981	0.1767	1.762
correlation	twin	0.7	0.985	0.15	1288	386	375	0.9715	0.2911	0.448	0.2997	0.8904	0.0974	0.1755	1.618
correlation	twin	0.7	0.985	0.2	1288	383	367	0.9582	0.2849	0.4393	0.2974	0.9	0.094	0.1702	1.466
correlation	twin	0.7	0.985	0.25	1288	381	361	0.9475	0.2803	0.4326	0.2958	0.9042	0.0921	0.1672	1.361
correlation	twin	0.7	0.985	0.3	1288	376	360	0.9574	0.2795	0.4327	0.2919	0.9222	0.0917	0.1667	1.332
correlation	twin	0.7	0.985	0.35	1288	373	357	0.9571	0.2772	0.4299	0.2896	0.9262	0.0908	0.1653	1.313
correlation	twin	0.7	0.985	0.4	1288	366	352	0.9617	0.2733	0.4256	0.2842	0.9355	0.0888	0.1622	1.277
correlation	twin	0.7	0.985	0.45	1288	363	351	0.9669	0.2725	0.4252	0.2818	0.9432	0.088	0.161	1.271
correlation	twin	0.7	0.985	0.5	1288	361	348	0.964	0.2702	0.4221	0.2803	0.9442	0.0878	0.1606	1.259
correlation	twin	0.7	0.985	0.55	1288	353	342	0.9688	0.2655	0.4168	0.2741	0.9513	0.0863	0.1583	1.263
correlation	twin	0.7	0.985	0.6	1288	350	340	0.9714	0.264	0.4151	0.2717	0.9537	0.0854	0.1568	1.262
correlation	twin	0.7	0.985	0.65	1288	347	339	0.9769	0.2632	0.4147	0.2694	0.9591	0.0849	0.1559	1.256
correlation	twin	0.7	0.985	0.7	1288	342	337	0.9854	0.2616	0.4135	0.2655	0.9672	0.0844	0.1552	1.259
correlation	twin	0.7	0.985	0.75	1288	338	334	0.9882	0.2593	0.4108	0.2624	0.9712	0.0827	0.1524	1.254
correlation	twin	0.7	0.985	0.8	1288	332	331	0.997	0.257	0.4086	0.2578	0.9797	0.0817	0.1508	1.258
correlation	twin	0.7	0.985	0.85	1288	330	329	0.997	0.2554	0.4067	0.2562	0.9811	0.0808	0.1493	1.254
correlation	twin	0.7	0.985	0.9	1288	321	321	1.0	0.2492	0.399	0.2492	0.9868	0.0784	0.1453	1.249
correlation	twin	0.75	0.9867	0.0	1288	322	322	1.0	0.25	0.4	0.25	0.8662	0.0852	0.1552	2.637
correlation	twin	0.75	0.9867	0.05	1288	322	319	0.9907	0.2477	0.3963	0.25	0.8901	0.0838	0.1532	1.972
correlation	twin	0.75	0.9867	0.1	1288	322	316	0.9814	0.2453	0.3925	0.25	0.9062	0.0832	0.1524	1.708
correlation	twin	0.75	0.9867	0.15	1288	322	316	0.9814	0.2453	0.3925	0.25	0.9132	0.0829	0.152	1.59
correlation	twin	0.75	0.9867	0.2	1288	321	313	0.9751	0.243	0.3891	0.2492	0.9219	0.0812	0.1492	1.461
correlation	twin	0.75	0.9867	0.25	1288	319	307	0.9624	0.2384	0.3821	0.2477	0.9255	0.0794	0.1463	1.345
correlation	twin	0.75	0.9867	0.3	1288	315	307	0.9746	0.2384	0.383	0.2446	0.9455	0.0794	0.1465	1.317
correlation	twin	0.75	0.9867	0.35	1288	313	306	0.9776	0.2376	0.3823	0.243	0.9502	0.0793	0.1464	1.304
correlation	twin	0.75	0.9867	0.4	1288	308	301	0.9773	0.2337	0.3772	0.2391	0.9555	0.0773	0.1431	1.269
correlation	twin	0.75	0.9867	0.45	1288	307	300	0.9772	0.2329	0.3762	0.2384	0.9586	0.0765	0.1417	1.26
correlation	twin	0.75	0.9867	0.5	1288	305	297	0.9738	0.2306	0.3729	0.2368	0.96	0.0764	0.1416	1.252
correlation	twin	0.75	0.9867	0.55	1288	298	291	0.9765	0.2259	0.367	0.2314	0.9656	0.075	0.1392	1.255
correlation	twin	0.75	0.9867	0.6	1288	295	289	0.9797	0.2244	0.3651	0.229	0.9686	0.0741	0.1377	1.254
correlation	twin	0.75	0.9867	0.65	1288	292	288	0.9863	0.2236	0.3646	0.2267	0.9752	0.0736	0.1368	1.247
correlation	twin	0.75	0.9867	0.7	1288	289	287	0.9931	0.2228	0.364	0.2244	0.9818	0.0734	0.1367	1.249
correlation	twin	0.75	0.9867	0.75	1288	286	285	0.9965	0.2213	0.3621	0.222	0.9851	0.0723	0.1347	1.248
correlation	twin	0.75	0.9867	0.8	1288	283	283	1.0	0.2197	0.3603	0.2197	0.9885	0.0713	0.133	1.251
correlation	twin	0.75	0.9867	0.85	1288	281	281	1.0	0.2182	0.3582	0.2182	0.9884	0.0704	0.1315	1.249
correlation	twin	0.75	0.9867	0.9	1288	275	275	1.0	0.2135	0.3519	0.2135	0.9882	0.0682	0.1276	1.24
correlation	twin	0.8	0.988	0.0	1288	258	258	1.0	0.2003	0.3338	0.2003	0.8869	0.0669	0.1244	2.496
correlation	twin	0.8	0.988	0.05	1288	258	257	0.9961	0.1995	0.3325	0.2003	0.9094	0.0663	0.1236	1.88
correlation	twin	0.8	0.988	0.1	1288	258	254	0.9845	0.1972	0.3286	0.2003	0.9223	0.0657	0.1227	1.632
correlation	twin	0.8	0.988	0.15	1288	258	254	0.9845	0.1972	0.3286	0.2003	0.927	0.0654	0.1222	1.55
correlation	twin	0.8	0.988	0.2	1288	258	252	0.9767	0.1957	0.326	0.2003	0.9327	0.0646	0.1208	1.438
correlation	twin	0.8	0.988	0.25	1288	257	247	0.9611	0.1918	0.3197	0.1995	0.9348	0.0629	0.1179	1.315
correlation	twin	0.8	0.988	0.3	1288	253	247	0.9763	0.1918	0.3206	0.1964	0.9559	0.0629	0.118	1.292
correlation	twin	0.8	0.988	0.35	1288	251	246	0.9801	0.191	0.3197	0.1949	0.9618	0.0628	0.1179	1.279
correlation	twin	0.8	0.988	0.4	1288	248	244	0.9839	0.1894	0.3177	0.1925	0.9669	0.062	0.1166	1.245
correlation	twin	0.8	0.988	0.45	1288	247	243	0.9838	0.1887	0.3166	0.1918	0.9667	0.0612	0.1152	1.242
correlation	twin	0.8	0.988	0.5	1288	246	242	0.9837	0.1879	0.3155	0.191	0.9666	0.0612	0.1151	1.243
correlation	twin	0.8	0.988	0.55	1288	244	241	0.9877	0.1871	0.3146	0.1894	0.9744	0.0611	0.115	1.242
correlation	twin	0.8	0.988	0.6	1288	242	239	0.9876	0.1856	0.3124	0.1879	0.9742	0.0602	0.1134	1.24
correlation	twin	0.8	0.988	0.65	1288	240	238	0.9917	0.1848	0.3115	0.1863	0.9781	0.0597	0.1125	1.229
correlation	twin	0.8	0.988	0.7	1288	237	237	1.0	0.184	0.3108	0.184	0.9863	0.0596	0.1123	1.232
correlation	twin	0.8	0.988	0.75	1288	235	235	1.0	0.1825	0.3086	0.1825	0.9862	0.0584	0.1103	1.234
correlation	twin	0.8	0.988	0.8	1288	233	233	1.0	0.1809	0.3064	0.1809	0.9861	0.0574	0.1085	1.236
correlation	twin	0.8	0.988	0.85	1288	231	231	1.0	0.1793	0.3041	0.1793	0.9859	0.0565	0.1069	1.234
correlation	twin	0.8	0.988	0.9	1288	228	228	1.0	0.177	0.3008	0.177	0.9857	0.0563	0.1065	1.219
correlation	twin	0.85	0.9887	0.0	1288	194	194	1.0	0.1506	0.2618	0.1506	0.8996	0.0535	0.101	2.366
correlation	twin	0.85	0.9887	0.05	1288	194	194	1.0	0.1506	0.2618	0.1506	0.9205	0.0532	0.1006	1.758
correlation	twin	0.85	0.9887	0.1	1288	194	191	0.9845	0.1483	0.2578	0.1506	0.9347	0.0526	0.0997	1.49
correlation	twin	0.85	0.9887	0.15	1288	194	191	0.9845	0.1483	0.2578	0.1506	0.9407	0.0524	0.0992	1.418
correlation	twin	0.85	0.9887	0.2	1288	194	190	0.9794	0.1475	0.2564	0.1506	0.9497	0.0516	0.0979	1.309
correlation	twin	0.85	0.9887	0.25	1288	193	187	0.9689	0.1452	0.2525	0.1498	0.9478	0.0506	0.0961	1.29
correlation	twin	0.85	0.9887	0.3	1288	189	187	0.9894	0.1452	0.2532	0.1467	0.9757	0.0506	0.0961	1.27
correlation	twin	0.85	0.9887	0.35	1288	189	187	0.9894	0.1452	0.2532	0.1467	0.9757	0.0506	0.0961	1.27
correlation	twin	0.85	0.9887	0.4	1288	187	186	0.9947	0.1444	0.2522	0.1452	0.9792	0.0498	0.0948	1.234
correlation	twin	0.85	0.9887	0.45	1288	186	185	0.9946	0.1436	0.251	0.1444	0.9791	0.049	0.0933	1.23
correlation	twin	0.85	0.9887	0.5	1288	185	184	0.9946	0.1429	0.2498	0.1436	0.9789	0.049	0.0933	1.231
correlation	twin	0.85	0.9887	0.55	1288	185	184	0.9946	0.1429	0.2498	0.1436	0.9842	0.049	0.0933	1.227
correlation	twin	0.85	0.9887	0.6	1288	183	182	0.9945	0.1413	0.2475	0.1421	0.9841	0.0481	0.0916	1.224
correlation	twin	0.85	0.9887	0.65	1288	182	181	0.9945	0.1405	0.2463	0.1413	0.984	0.0477	0.0909	1.225
correlation	twin	0.85	0.9887	0.7	1288	180	180	1.0	0.1398	0.2452	0.1398	0.9894	0.0476	0.0908	1.228
correlation	twin	0.85	0.9887	0.75	1288	179	179	1.0	0.139	0.244	0.139	0.9893	0.0472	0.0901	1.229
correlation	twin	0.85	0.9887	0.8	1288	177	177	1.0	0.1374	0.2416	0.1374	0.9892	0.0462	0.0883	1.232
correlation	twin	0.85	0.9887	0.85	1288	175	175	1.0	0.1359	0.2392	0.1359	0.989	0.0453	0.0867	1.229
correlation	twin	0.85	0.9887	0.9	1288	173	173	1.0	0.1343	0.2368	0.1343	0.9889	0.0451	0.0863	1.208
correlation	twin	0.9	0.9893	0.0	1288	129	129	1.0	0.1002	0.1821	0.1002	0.9217	0.0357	0.0687	2.217
correlation	twin	0.9	0.9893	0.05	1288	129	129	1.0	0.1002	0.1821	0.1002	0.9473	0.0354	0.0683	1.713
correlation	twin	0.9	0.9893	0.1	1288	129	128	0.9922	0.0994	0.1807	0.1002	0.9587	0.0351	0.0677	1.519
correlation	twin	0.9	0.9893	0.15	1288	129	128	0.9922	0.0994	0.1807	0.1002	0.9606	0.0349	0.0673	1.45
correlation	twin	0.9	0.9893	0.2	1288	129	128	0.9922	0.0994	0.1807	0.1002	0.9716	0.0349	0.0673	1.333
correlation	twin	0.9	0.9893	0.25	1288	128	125	0.9766	0.097	0.1766	0.0994	0.9648	0.0339	0.0655	1.312
correlation	twin	0.9	0.9893	0.3	1288	127	125	0.9843	0.097	0.1767	0.0986	0.9724	0.0339	0.0654	1.299
correlation	twin	0.9	0.9893	0.35	1288	127	125	0.9843	0.097	0.1767	0.0986	0.9724	0.0339	0.0654	1.299
correlation	twin	0.9	0.9893	0.4	1288	125	124	0.992	0.0963	0.1755	0.097	0.9775	0.0331	0.064	1.246
correlation	twin	0.9	0.9893	0.45	1288	125	124	0.992	0.0963	0.1755	0.097	0.9775	0.0331	0.0639	1.238
correlation	twin	0.9	0.9893	0.5	1288	124	123	0.9919	0.0955	0.1742	0.0963	0.9773	0.033	0.0639	1.24
correlation	twin	0.9	0.9893	0.55	1288	124	123	0.9919	0.0955	0.1742	0.0963	0.9852	0.033	0.0639	1.234
correlation	twin	0.9	0.9893	0.6	1288	124	123	0.9919	0.0955	0.1742	0.0963	0.9852	0.033	0.0639	1.234
correlation	twin	0.9	0.9893	0.65	1288	124	123	0.9919	0.0955	0.1742	0.0963	0.9852	0.033	0.0639	1.234
correlation	twin	0.9	0.9893	0.7	1288	122	122	1.0	0.0947	0.173	0.0947	0.9932	0.0329	0.0637	1.238
correlation	twin	0.9	0.9893	0.75	1288	122	122	1.0	0.0947	0.173	0.0947	0.9932	0.0329	0.0637	1.238
correlation	twin	0.9	0.9893	0.8	1288	121	121	1.0	0.0939	0.1718	0.0939	0.9931	0.0321	0.0623	1.24
correlation	twin	0.9	0.9893	0.85	1288	121	121	1.0	0.0939	0.1718	0.0939	0.9931	0.0321	0.0621	1.231
correlation	twin	0.9	0.9893	0.9	1288	119	119	1.0	0.0924	0.1692	0.0924	0.993	0.0318	0.0617	1.202
correlation	twin	0.95	0.9898	0.0	1288	65	65	1.0	0.0505	0.0961	0.0505	0.9624	0.017	0.0334	1.738
correlation	twin	0.95	0.9898	0.05	1288	65	65	1.0	0.0505	0.0961	0.0505	0.9641	0.0168	0.033	1.492
correlation	twin	0.95	0.9898	0.1	1288	65	65	1.0	0.0505	0.0961	0.0505	0.9667	0.0167	0.0329	1.431
correlation	twin	0.95	0.9898	0.15	1288	65	65	1.0	0.0505	0.0961	0.0505	0.9667	0.0165	0.0325	1.338
correlation	twin	0.95	0.9898	0.2	1288	65	65	1.0	0.0505	0.0961	0.0505	0.9667	0.0165	0.0325	1.338
correlation	twin	0.95	0.9898	0.25	1288	65	64	0.9846	0.0497	0.0946	0.0505	0.9615	0.0165	0.0325	1.323
correlation	twin	0.95	0.9898	0.3	1288	64	64	1.0	0.0497	0.0947	0.0497	0.9766	0.0165	0.0324	1.297
correlation	twin	0.95	0.9898	0.35	1288	64	64	1.0	0.0497	0.0947	0.0497	0.9766	0.0165	0.0324	1.297
correlation	twin	0.95	0.9898	0.4	1288	63	63	1.0	0.0489	0.0933	0.0489	0.9714	0.0157	0.0309	1.281
correlation	twin	0.95	0.9898	0.45	1288	63	63	1.0	0.0489	0.0933	0.0489	0.9714	0.0157	0.0309	1.281
correlation	twin	0.95	0.9898	0.5	1288	63	63	1.0	0.0489	0.0933	0.0489	0.9714	0.0157	0.0309	1.281
correlation	twin	0.95	0.9898	0.55	1288	63	63	1.0	0.0489	0.0933	0.0489	0.9868	0.0157	0.0309	1.27
correlation	twin	0.95	0.9898	0.6	1288	63	63	1.0	0.0489	0.0933	0.0489	0.9868	0.0157	0.0309	1.27
correlation	twin	0.95	0.9898	0.65	1288	63	63	1.0	0.0489	0.0933	0.0489	0.9868	0.0157	0.0309	1.27
correlation	twin	0.95	0.9898	0.7	1288	63	63	1.0	0.0489	0.0933	0.0489	0.9868	0.0157	0.0309	1.27
correlation	twin	0.95	0.9898	0.75	1288	63	63	1.0	0.0489	0.0933	0.0489	0.9868	0.0157	0.0309	1.27
correlation	twin	0.95	0.9898	0.8	1288	63	63	1.0	0.0489	0.0933	0.0489	0.9868	0.0157	0.0309	1.27
correlation	twin	0.95	0.9898	0.85	1288	63	63	1.0	0.0489	0.0933	0.0489	0.9868	0.0157	0.0309	1.27
correlation	twin	0.95	0.9898	0.9	1288	61	61	1.0	0.0474	0.0904	0.0474	0.9863	0.0155	0.0304	1.213
