metric	condition	nn_quantile	nn_threshold	floor	n_adjudicable	n_fired	n_correct	precision	recall	f1	coverage	mnxr_macro_precision	mnxr_macro_recall	mnxr_macro_f1	mnxr_mean_pred_size
whiten	pool	0.0	0.2226	0.0	1288	1285	1074	0.8358	0.8339	0.8348	0.9977	0.4824	0.3144	0.3807	7.945
whiten	pool	0.0	0.2226	0.05	1288	1284	1042	0.8115	0.809	0.8103	0.9969	0.5344	0.2923	0.3779	4.349
whiten	pool	0.0	0.2226	0.1	1288	1276	981	0.7688	0.7616	0.7652	0.9907	0.5731	0.2708	0.3678	2.785
whiten	pool	0.0	0.2226	0.15	1288	1257	912	0.7255	0.7081	0.7167	0.9759	0.5909	0.2506	0.352	2.088
whiten	pool	0.0	0.2226	0.2	1288	1216	868	0.7138	0.6739	0.6933	0.9441	0.6156	0.2374	0.3426	1.72
whiten	pool	0.0	0.2226	0.25	1288	1170	826	0.706	0.6413	0.6721	0.9084	0.6322	0.2266	0.3336	1.527
whiten	pool	0.0	0.2226	0.3	1288	1118	798	0.7138	0.6196	0.6633	0.868	0.6563	0.2158	0.3248	1.408
whiten	pool	0.0	0.2226	0.35	1288	1069	772	0.7222	0.5994	0.6551	0.83	0.6746	0.2107	0.3211	1.355
whiten	pool	0.0	0.2226	0.4	1288	1019	761	0.7468	0.5908	0.6597	0.7911	0.7075	0.207	0.3203	1.331
whiten	pool	0.0	0.2226	0.45	1288	981	744	0.7584	0.5776	0.6558	0.7616	0.7241	0.201	0.3146	1.287
whiten	pool	0.0	0.2226	0.5	1288	930	721	0.7753	0.5598	0.6501	0.722	0.7442	0.1919	0.3051	1.27
whiten	pool	0.0	0.2226	0.55	1288	886	700	0.7901	0.5435	0.644	0.6879	0.7597	0.1858	0.2986	1.267
whiten	pool	0.0	0.2226	0.6	1288	836	685	0.8194	0.5318	0.645	0.6491	0.7915	0.1829	0.2972	1.262
whiten	pool	0.0	0.2226	0.65	1288	791	663	0.8382	0.5148	0.6378	0.6141	0.8104	0.1793	0.2937	1.268
whiten	pool	0.0	0.2226	0.7	1288	758	650	0.8575	0.5047	0.6354	0.5885	0.8315	0.1753	0.2896	1.269
whiten	pool	0.0	0.2226	0.75	1288	724	633	0.8743	0.4915	0.6292	0.5621	0.8506	0.17	0.2834	1.263
whiten	pool	0.0	0.2226	0.8	1288	684	616	0.9006	0.4783	0.6247	0.5311	0.8815	0.1656	0.2789	1.256
whiten	pool	0.0	0.2226	0.85	1288	652	605	0.9279	0.4697	0.6237	0.5062	0.9117	0.163	0.2765	1.257
whiten	pool	0.0	0.2226	0.9	1288	615	587	0.9545	0.4557	0.6169	0.4775	0.938	0.1589	0.2718	1.266
whiten	pool	0.05	0.3514	0.0	1288	1220	1071	0.8779	0.8315	0.8541	0.9472	0.5074	0.3134	0.3875	7.626
whiten	pool	0.05	0.3514	0.05	1288	1219	1039	0.8523	0.8067	0.8289	0.9464	0.5617	0.2913	0.3836	4.245
whiten	pool	0.05	0.3514	0.1	1288	1213	978	0.8063	0.7593	0.7821	0.9418	0.602	0.2698	0.3726	2.733
whiten	pool	0.05	0.3514	0.15	1288	1196	909	0.76	0.7057	0.7319	0.9286	0.6206	0.2496	0.356	2.047
whiten	pool	0.05	0.3514	0.2	1288	1160	865	0.7457	0.6716	0.7067	0.9006	0.6452	0.2363	0.346	1.698
whiten	pool	0.05	0.3514	0.25	1288	1118	823	0.7361	0.639	0.6841	0.868	0.6616	0.2255	0.3364	1.522
whiten	pool	0.05	0.3514	0.3	1288	1074	795	0.7402	0.6172	0.6732	0.8339	0.6828	0.2148	0.3268	1.414
whiten	pool	0.05	0.3514	0.35	1288	1031	769	0.7459	0.597	0.6632	0.8005	0.6984	0.2096	0.3225	1.362
whiten	pool	0.05	0.3514	0.4	1288	987	758	0.768	0.5885	0.6664	0.7663	0.7297	0.2059	0.3212	1.337
whiten	pool	0.05	0.3514	0.45	1288	954	741	0.7767	0.5753	0.661	0.7407	0.7432	0.1999	0.3151	1.29
whiten	pool	0.05	0.3514	0.5	1288	907	718	0.7916	0.5575	0.6542	0.7042	0.7611	0.1909	0.3052	1.274
whiten	pool	0.05	0.3514	0.55	1288	866	699	0.8072	0.5427	0.649	0.6724	0.7775	0.1855	0.2996	1.27
whiten	pool	0.05	0.3514	0.6	1288	819	684	0.8352	0.5311	0.6493	0.6359	0.8065	0.1827	0.2979	1.265
whiten	pool	0.05	0.3514	0.65	1288	776	662	0.8531	0.514	0.6415	0.6025	0.8246	0.1791	0.2942	1.272
whiten	pool	0.05	0.3514	0.7	1288	745	649	0.8711	0.5039	0.6385	0.5784	0.8445	0.1751	0.29	1.272
whiten	pool	0.05	0.3514	0.75	1288	712	632	0.8876	0.4907	0.632	0.5528	0.8634	0.1697	0.2837	1.266
whiten	pool	0.05	0.3514	0.8	1288	675	615	0.9111	0.4775	0.6266	0.5241	0.8917	0.1654	0.279	1.259
whiten	pool	0.05	0.3514	0.85	1288	645	604	0.9364	0.4689	0.6249	0.5008	0.92	0.1627	0.2765	1.26
whiten	pool	0.05	0.3514	0.9	1288	610	587	0.9623	0.4557	0.6185	0.4736	0.9457	0.1589	0.2721	1.268
whiten	pool	0.1	0.4433	0.0	1288	1158	1070	0.924	0.8307	0.8749	0.8991	0.535	0.313	0.395	7.369
whiten	pool	0.1	0.4433	0.05	1288	1157	1038	0.8971	0.8059	0.8491	0.8983	0.5919	0.2909	0.39	4.123
whiten	pool	0.1	0.4433	0.1	1288	1154	977	0.8466	0.7585	0.8002	0.896	0.6344	0.2694	0.3782	2.706
whiten	pool	0.1	0.4433	0.15	1288	1140	908	0.7965	0.705	0.7479	0.8851	0.6537	0.2492	0.3608	2.056
whiten	pool	0.1	0.4433	0.2	1288	1107	864	0.7805	0.6708	0.7215	0.8595	0.679	0.2359	0.3502	1.707
whiten	pool	0.1	0.4433	0.25	1288	1069	822	0.7689	0.6382	0.6975	0.83	0.6949	0.2252	0.3401	1.531
whiten	pool	0.1	0.4433	0.3	1288	1027	794	0.7731	0.6165	0.686	0.7974	0.7172	0.2144	0.3301	1.42
whiten	pool	0.1	0.4433	0.35	1288	989	768	0.7765	0.5963	0.6746	0.7679	0.7315	0.2093	0.3254	1.371
whiten	pool	0.1	0.4433	0.4	1288	946	757	0.8002	0.5877	0.6777	0.7345	0.7652	0.2056	0.3241	1.346
whiten	pool	0.1	0.4433	0.45	1288	918	740	0.8061	0.5745	0.6709	0.7127	0.7757	0.1996	0.3175	1.299
whiten	pool	0.1	0.4433	0.5	1288	877	717	0.8176	0.5567	0.6624	0.6809	0.7909	0.1905	0.307	1.282
whiten	pool	0.1	0.4433	0.55	1288	838	698	0.8329	0.5419	0.6566	0.6506	0.8075	0.1851	0.3012	1.279
whiten	pool	0.1	0.4433	0.6	1288	795	683	0.8591	0.5303	0.6558	0.6172	0.8353	0.1823	0.2993	1.275
whiten	pool	0.1	0.4433	0.65	1288	754	661	0.8767	0.5132	0.6474	0.5854	0.8525	0.1787	0.2954	1.281
whiten	pool	0.1	0.4433	0.7	1288	725	648	0.8938	0.5031	0.6438	0.5629	0.8721	0.1747	0.2911	1.281
whiten	pool	0.1	0.4433	0.75	1288	696	631	0.9066	0.4899	0.6361	0.5404	0.8867	0.1694	0.2844	1.273
whiten	pool	0.1	0.4433	0.8	1288	665	614	0.9233	0.4767	0.6288	0.5163	0.9049	0.165	0.2791	1.263
whiten	pool	0.1	0.4433	0.85	1288	637	603	0.9466	0.4682	0.6265	0.4946	0.93	0.1623	0.2764	1.263
whiten	pool	0.1	0.4433	0.9	1288	603	586	0.9718	0.455	0.6198	0.4682	0.955	0.1585	0.2719	1.271
whiten	pool	0.15	0.6064	0.0	1288	1094	1062	0.9707	0.8245	0.8917	0.8494	0.5647	0.3115	0.4015	7.079
whiten	pool	0.15	0.6064	0.05	1288	1093	1032	0.9442	0.8012	0.8669	0.8486	0.6246	0.2895	0.3957	4.025
whiten	pool	0.15	0.6064	0.1	1288	1090	972	0.8917	0.7547	0.8175	0.8463	0.6695	0.2681	0.3828	2.654
whiten	pool	0.15	0.6064	0.15	1288	1079	904	0.8378	0.7019	0.7638	0.8377	0.6906	0.2488	0.3658	2.044
whiten	pool	0.15	0.6064	0.2	1288	1046	861	0.8231	0.6685	0.7378	0.8121	0.7188	0.2356	0.3549	1.708
whiten	pool	0.15	0.6064	0.25	1288	1011	819	0.8101	0.6359	0.7125	0.7849	0.735	0.2248	0.3443	1.532
whiten	pool	0.15	0.6064	0.3	1288	973	791	0.8129	0.6141	0.6997	0.7554	0.7587	0.2141	0.3339	1.427
whiten	pool	0.15	0.6064	0.35	1288	939	766	0.8158	0.5947	0.6879	0.729	0.7725	0.209	0.329	1.384
whiten	pool	0.15	0.6064	0.4	1288	902	755	0.837	0.5862	0.6895	0.7003	0.8042	0.2053	0.3271	1.356
whiten	pool	0.15	0.6064	0.45	1288	875	738	0.8434	0.573	0.6824	0.6793	0.8156	0.1993	0.3204	1.308
whiten	pool	0.15	0.6064	0.5	1288	836	715	0.8553	0.5551	0.6733	0.6491	0.8315	0.1903	0.3097	1.289
whiten	pool	0.15	0.6064	0.55	1288	797	696	0.8733	0.5404	0.6676	0.6188	0.8511	0.1849	0.3038	1.288
whiten	pool	0.15	0.6064	0.6	1288	761	681	0.8949	0.5287	0.6647	0.5908	0.8751	0.1821	0.3014	1.281
whiten	pool	0.15	0.6064	0.65	1288	722	659	0.9127	0.5116	0.6557	0.5606	0.893	0.1784	0.2975	1.287
whiten	pool	0.15	0.6064	0.7	1288	696	646	0.9282	0.5016	0.6512	0.5404	0.9077	0.1745	0.2927	1.285
whiten	pool	0.15	0.6064	0.75	1288	669	629	0.9402	0.4884	0.6428	0.5194	0.9217	0.1691	0.2858	1.279
whiten	pool	0.15	0.6064	0.8	1288	643	612	0.9518	0.4752	0.6339	0.4992	0.9351	0.1648	0.2802	1.267
whiten	pool	0.15	0.6064	0.85	1288	621	601	0.9678	0.4666	0.6296	0.4821	0.9517	0.1621	0.277	1.263
whiten	pool	0.15	0.6064	0.9	1288	592	584	0.9865	0.4534	0.6213	0.4596	0.9704	0.1583	0.2722	1.269
whiten	pool	0.2	1.0	0.0	1288	1031	1027	0.9961	0.7974	0.8857	0.8005	0.5813	0.3049	0.4	6.999
whiten	pool	0.2	1.0	0.05	1288	1030	999	0.9699	0.7756	0.8619	0.7997	0.6431	0.2841	0.3941	4.016
whiten	pool	0.2	1.0	0.1	1288	1028	943	0.9173	0.7321	0.8143	0.7981	0.6904	0.2632	0.3811	2.657
whiten	pool	0.2	1.0	0.15	1288	1018	877	0.8615	0.6809	0.7606	0.7904	0.7123	0.2441	0.3636	2.035
whiten	pool	0.2	1.0	0.2	1288	986	835	0.8469	0.6483	0.7344	0.7655	0.7416	0.231	0.3523	1.69
whiten	pool	0.2	1.0	0.25	1288	955	793	0.8304	0.6157	0.7071	0.7415	0.7557	0.2203	0.3411	1.51
whiten	pool	0.2	1.0	0.3	1288	923	766	0.8299	0.5947	0.6929	0.7166	0.7794	0.2096	0.3303	1.411
whiten	pool	0.2	1.0	0.35	1288	890	741	0.8326	0.5753	0.6804	0.691	0.7924	0.2045	0.3251	1.374
whiten	pool	0.2	1.0	0.4	1288	856	730	0.8528	0.5668	0.681	0.6646	0.8234	0.2008	0.3229	1.348
whiten	pool	0.2	1.0	0.45	1288	831	714	0.8592	0.5543	0.6739	0.6452	0.8345	0.1949	0.316	1.311
whiten	pool	0.2	1.0	0.5	1288	795	692	0.8704	0.5373	0.6644	0.6172	0.8504	0.1859	0.3051	1.289
whiten	pool	0.2	1.0	0.55	1288	757	673	0.889	0.5225	0.6582	0.5877	0.871	0.1805	0.2991	1.287
whiten	pool	0.2	1.0	0.6	1288	724	659	0.9102	0.5116	0.6551	0.5621	0.8927	0.1777	0.2965	1.278
whiten	pool	0.2	1.0	0.65	1288	691	640	0.9262	0.4969	0.6468	0.5365	0.9091	0.1749	0.2934	1.289
whiten	pool	0.2	1.0	0.7	1288	668	628	0.9401	0.4876	0.6421	0.5186	0.9224	0.1711	0.2886	1.287
whiten	pool	0.2	1.0	0.75	1288	642	611	0.9517	0.4744	0.6332	0.4984	0.9349	0.1657	0.2816	1.283
whiten	pool	0.2	1.0	0.8	1288	617	594	0.9627	0.4612	0.6236	0.479	0.9479	0.1614	0.2758	1.27
whiten	pool	0.2	1.0	0.85	1288	597	584	0.9782	0.4534	0.6196	0.4635	0.9642	0.1588	0.2726	1.266
whiten	pool	0.2	1.0	0.9	1288	570	568	0.9965	0.441	0.6114	0.4425	0.9826	0.1552	0.268	1.271
whiten	pool	0.25	1.0	0.0	1288	1005	1001	0.996	0.7772	0.8731	0.7803	0.5832	0.2968	0.3934	6.977
whiten	pool	0.25	1.0	0.05	1288	1004	973	0.9691	0.7554	0.849	0.7795	0.6446	0.2763	0.3868	3.996
whiten	pool	0.25	1.0	0.1	1288	1002	920	0.9182	0.7143	0.8035	0.778	0.6921	0.2566	0.3744	2.637
whiten	pool	0.25	1.0	0.15	1288	993	857	0.863	0.6654	0.7514	0.771	0.7144	0.2381	0.3572	2.018
whiten	pool	0.25	1.0	0.2	1288	964	816	0.8465	0.6335	0.7247	0.7484	0.7422	0.2252	0.3455	1.674
whiten	pool	0.25	1.0	0.25	1288	933	775	0.8307	0.6017	0.6979	0.7244	0.7571	0.215	0.3349	1.496
whiten	pool	0.25	1.0	0.3	1288	902	748	0.8293	0.5807	0.6831	0.7003	0.7796	0.2043	0.3237	1.401
whiten	pool	0.25	1.0	0.35	1288	869	723	0.832	0.5613	0.6704	0.6747	0.7929	0.1992	0.3185	1.363
whiten	pool	0.25	1.0	0.4	1288	835	713	0.8539	0.5536	0.6717	0.6483	0.8254	0.1958	0.3165	1.339
whiten	pool	0.25	1.0	0.45	1288	811	697	0.8594	0.5411	0.6641	0.6297	0.8358	0.1899	0.3094	1.303
whiten	pool	0.25	1.0	0.5	1288	777	676	0.87	0.5248	0.6547	0.6033	0.8508	0.1816	0.2993	1.283
whiten	pool	0.25	1.0	0.55	1288	742	659	0.8881	0.5116	0.6493	0.5761	0.8705	0.177	0.2942	1.281
whiten	pool	0.25	1.0	0.6	1288	710	645	0.9085	0.5008	0.6456	0.5512	0.8913	0.1742	0.2915	1.271
whiten	pool	0.25	1.0	0.65	1288	677	626	0.9247	0.486	0.6372	0.5256	0.908	0.1714	0.2884	1.282
whiten	pool	0.25	1.0	0.7	1288	654	614	0.9388	0.4767	0.6323	0.5078	0.9216	0.1676	0.2836	1.279
whiten	pool	0.25	1.0	0.75	1288	629	598	0.9507	0.4643	0.6239	0.4884	0.9343	0.1623	0.2766	1.275
whiten	pool	0.25	1.0	0.8	1288	605	582	0.962	0.4519	0.6149	0.4697	0.9468	0.158	0.2708	1.264
whiten	pool	0.25	1.0	0.85	1288	585	572	0.9778	0.4441	0.6108	0.4542	0.9635	0.1554	0.2676	1.259
whiten	pool	0.25	1.0	0.9	1288	560	558	0.9964	0.4332	0.6039	0.4348	0.9823	0.152	0.2633	1.264
whiten	pool	0.3	1.0	0.0	1288	939	936	0.9968	0.7267	0.8406	0.729	0.5845	0.2768	0.3757	7.005
whiten	pool	0.3	1.0	0.05	1288	938	911	0.9712	0.7073	0.8185	0.7283	0.646	0.259	0.3697	4.031
whiten	pool	0.3	1.0	0.1	1288	937	862	0.92	0.6693	0.7748	0.7275	0.6937	0.2402	0.3568	2.658
whiten	pool	0.3	1.0	0.15	1288	928	803	0.8653	0.6234	0.7247	0.7205	0.7164	0.2243	0.3416	2.033
whiten	pool	0.3	1.0	0.2	1288	902	766	0.8492	0.5947	0.6995	0.7003	0.7445	0.2121	0.3301	1.69
whiten	pool	0.3	1.0	0.25	1288	874	726	0.8307	0.5637	0.6716	0.6786	0.7571	0.2019	0.3188	1.509
whiten	pool	0.3	1.0	0.3	1288	844	699	0.8282	0.5427	0.6557	0.6553	0.7803	0.1912	0.3072	1.408
whiten	pool	0.3	1.0	0.35	1288	812	676	0.8325	0.5248	0.6438	0.6304	0.7938	0.187	0.3027	1.37
whiten	pool	0.3	1.0	0.4	1288	780	666	0.8538	0.5171	0.6441	0.6056	0.8253	0.1835	0.3003	1.346
whiten	pool	0.3	1.0	0.45	1288	756	650	0.8598	0.5047	0.636	0.587	0.8365	0.1776	0.2931	1.308
whiten	pool	0.3	1.0	0.5	1288	726	630	0.8678	0.4891	0.6256	0.5637	0.8482	0.1694	0.2824	1.292
whiten	pool	0.3	1.0	0.55	1288	692	614	0.8873	0.4767	0.6202	0.5373	0.8694	0.1651	0.2775	1.29
whiten	pool	0.3	1.0	0.6	1288	662	600	0.9063	0.4658	0.6154	0.514	0.8891	0.1623	0.2745	1.279
whiten	pool	0.3	1.0	0.65	1288	630	581	0.9222	0.4511	0.6058	0.4891	0.9055	0.1595	0.2712	1.29
whiten	pool	0.3	1.0	0.7	1288	611	572	0.9362	0.4441	0.6024	0.4744	0.9189	0.1562	0.267	1.286
whiten	pool	0.3	1.0	0.75	1288	587	557	0.9489	0.4325	0.5941	0.4557	0.9326	0.151	0.2599	1.281
whiten	pool	0.3	1.0	0.8	1288	566	544	0.9611	0.4224	0.5868	0.4394	0.9463	0.1477	0.2555	1.268
whiten	pool	0.3	1.0	0.85	1288	547	534	0.9762	0.4146	0.582	0.4247	0.9623	0.1451	0.2521	1.265
whiten	pool	0.3	1.0	0.9	1288	523	521	0.9962	0.4045	0.5754	0.4061	0.9825	0.1418	0.2479	1.269
whiten	pool	0.35	1.0	0.0	1288	839	838	0.9988	0.6506	0.788	0.6514	0.5768	0.2516	0.3504	7.133
whiten	pool	0.35	1.0	0.05	1288	839	815	0.9714	0.6328	0.7663	0.6514	0.6397	0.2348	0.3435	4.095
whiten	pool	0.35	1.0	0.1	1288	839	772	0.9201	0.5994	0.7259	0.6514	0.6881	0.2177	0.3307	2.713
whiten	pool	0.35	1.0	0.15	1288	831	718	0.864	0.5575	0.6777	0.6452	0.7128	0.2026	0.3155	2.054
whiten	pool	0.35	1.0	0.2	1288	807	684	0.8476	0.5311	0.653	0.6266	0.7417	0.1914	0.3043	1.687
whiten	pool	0.35	1.0	0.25	1288	780	647	0.8295	0.5023	0.6257	0.6056	0.7556	0.1823	0.2937	1.506
whiten	pool	0.35	1.0	0.3	1288	753	623	0.8274	0.4837	0.6105	0.5846	0.7795	0.1719	0.2817	1.405
whiten	pool	0.35	1.0	0.35	1288	725	600	0.8276	0.4658	0.5961	0.5629	0.7915	0.1677	0.2768	1.363
whiten	pool	0.35	1.0	0.4	1288	694	590	0.8501	0.4581	0.5954	0.5388	0.8247	0.1644	0.2742	1.337
whiten	pool	0.35	1.0	0.45	1288	672	575	0.8557	0.4464	0.5867	0.5217	0.8364	0.1593	0.2676	1.294
whiten	pool	0.35	1.0	0.5	1288	644	557	0.8649	0.4325	0.5766	0.5	0.8486	0.1526	0.2586	1.278
whiten	pool	0.35	1.0	0.55	1288	617	543	0.8801	0.4216	0.5701	0.479	0.8645	0.1486	0.2536	1.279
whiten	pool	0.35	1.0	0.6	1288	588	529	0.8997	0.4107	0.564	0.4565	0.885	0.1458	0.2504	1.265
whiten	pool	0.35	1.0	0.65	1288	561	514	0.9162	0.3991	0.556	0.4356	0.9008	0.1433	0.2473	1.276
whiten	pool	0.35	1.0	0.7	1288	542	505	0.9317	0.3921	0.5519	0.4208	0.9158	0.14	0.2429	1.271
whiten	pool	0.35	1.0	0.75	1288	521	492	0.9443	0.382	0.5439	0.4045	0.9297	0.1353	0.2362	1.263
whiten	pool	0.35	1.0	0.8	1288	502	481	0.9582	0.3734	0.5374	0.3898	0.9453	0.1322	0.232	1.255
whiten	pool	0.35	1.0	0.85	1288	484	471	0.9731	0.3657	0.5316	0.3758	0.9614	0.1296	0.2284	1.25
whiten	pool	0.35	1.0	0.9	1288	461	459	0.9957	0.3564	0.5249	0.3579	0.9834	0.1265	0.2241	1.256
whiten	pool	0.4	1.0	0.0	1288	787	786	0.9987	0.6102	0.7576	0.611	0.5751	0.2374	0.3361	7.18
whiten	pool	0.4	1.0	0.05	1288	787	763	0.9695	0.5924	0.7354	0.611	0.6366	0.2207	0.3278	4.136
whiten	pool	0.4	1.0	0.1	1288	787	721	0.9161	0.5598	0.6949	0.611	0.6831	0.2041	0.3143	2.755
whiten	pool	0.4	1.0	0.15	1288	780	669	0.8577	0.5194	0.647	0.6056	0.7061	0.1897	0.2991	2.077
whiten	pool	0.4	1.0	0.2	1288	757	638	0.8428	0.4953	0.624	0.5877	0.7367	0.18	0.2893	1.708
whiten	pool	0.4	1.0	0.25	1288	731	604	0.8263	0.4689	0.5983	0.5675	0.7498	0.1714	0.279	1.525
whiten	pool	0.4	1.0	0.3	1288	706	581	0.8229	0.4511	0.5827	0.5481	0.7733	0.1612	0.2668	1.419
whiten	pool	0.4	1.0	0.35	1288	681	558	0.8194	0.4332	0.5668	0.5287	0.7825	0.157	0.2615	1.374
whiten	pool	0.4	1.0	0.4	1288	651	549	0.8433	0.4262	0.5663	0.5054	0.8178	0.1545	0.2599	1.348
whiten	pool	0.4	1.0	0.45	1288	631	536	0.8494	0.4161	0.5586	0.4899	0.8305	0.1496	0.2535	1.304
whiten	pool	0.4	1.0	0.5	1288	606	521	0.8597	0.4045	0.5502	0.4705	0.8424	0.1444	0.2465	1.29
whiten	pool	0.4	1.0	0.55	1288	582	508	0.8729	0.3944	0.5433	0.4519	0.8563	0.1405	0.2414	1.29
whiten	pool	0.4	1.0	0.6	1288	554	495	0.8935	0.3843	0.5375	0.4301	0.8779	0.1378	0.2383	1.276
whiten	pool	0.4	1.0	0.65	1288	528	481	0.911	0.3734	0.5297	0.4099	0.8946	0.1354	0.2352	1.288
whiten	pool	0.4	1.0	0.7	1288	509	472	0.9273	0.3665	0.5253	0.3952	0.9103	0.1321	0.2307	1.283
whiten	pool	0.4	1.0	0.75	1288	488	459	0.9406	0.3564	0.5169	0.3789	0.9249	0.1274	0.2239	1.275
whiten	pool	0.4	1.0	0.8	1288	471	450	0.9554	0.3494	0.5117	0.3657	0.9417	0.1244	0.2198	1.265
whiten	pool	0.4	1.0	0.85	1288	454	441	0.9714	0.3424	0.5063	0.3525	0.9589	0.1218	0.2161	1.26
whiten	pool	0.4	1.0	0.9	1288	431	429	0.9954	0.3331	0.4991	0.3346	0.9822	0.1187	0.2117	1.267
whiten	pool	0.45	1.0	0.0	1288	787	786	0.9987	0.6102	0.7576	0.611	0.5751	0.2374	0.3361	7.18
whiten	pool	0.45	1.0	0.05	1288	787	763	0.9695	0.5924	0.7354	0.611	0.6366	0.2207	0.3278	4.136
whiten	pool	0.45	1.0	0.1	1288	787	721	0.9161	0.5598	0.6949	0.611	0.6831	0.2041	0.3143	2.755
whiten	pool	0.45	1.0	0.15	1288	780	669	0.8577	0.5194	0.647	0.6056	0.7061	0.1897	0.2991	2.077
whiten	pool	0.45	1.0	0.2	1288	757	638	0.8428	0.4953	0.624	0.5877	0.7367	0.18	0.2893	1.708
whiten	pool	0.45	1.0	0.25	1288	731	604	0.8263	0.4689	0.5983	0.5675	0.7498	0.1714	0.279	1.525
whiten	pool	0.45	1.0	0.3	1288	706	581	0.8229	0.4511	0.5827	0.5481	0.7733	0.1612	0.2668	1.419
whiten	pool	0.45	1.0	0.35	1288	681	558	0.8194	0.4332	0.5668	0.5287	0.7825	0.157	0.2615	1.374
whiten	pool	0.45	1.0	0.4	1288	651	549	0.8433	0.4262	0.5663	0.5054	0.8178	0.1545	0.2599	1.348
whiten	pool	0.45	1.0	0.45	1288	631	536	0.8494	0.4161	0.5586	0.4899	0.8305	0.1496	0.2535	1.304
whiten	pool	0.45	1.0	0.5	1288	606	521	0.8597	0.4045	0.5502	0.4705	0.8424	0.1444	0.2465	1.29
whiten	pool	0.45	1.0	0.55	1288	582	508	0.8729	0.3944	0.5433	0.4519	0.8563	0.1405	0.2414	1.29
whiten	pool	0.45	1.0	0.6	1288	554	495	0.8935	0.3843	0.5375	0.4301	0.8779	0.1378	0.2383	1.276
whiten	pool	0.45	1.0	0.65	1288	528	481	0.911	0.3734	0.5297	0.4099	0.8946	0.1354	0.2352	1.288
whiten	pool	0.45	1.0	0.7	1288	509	472	0.9273	0.3665	0.5253	0.3952	0.9103	0.1321	0.2307	1.283
whiten	pool	0.45	1.0	0.75	1288	488	459	0.9406	0.3564	0.5169	0.3789	0.9249	0.1274	0.2239	1.275
whiten	pool	0.45	1.0	0.8	1288	471	450	0.9554	0.3494	0.5117	0.3657	0.9417	0.1244	0.2198	1.265
whiten	pool	0.45	1.0	0.85	1288	454	441	0.9714	0.3424	0.5063	0.3525	0.9589	0.1218	0.2161	1.26
whiten	pool	0.45	1.0	0.9	1288	431	429	0.9954	0.3331	0.4991	0.3346	0.9822	0.1187	0.2117	1.267
whiten	pool	0.5	1.0	0.0	1288	787	786	0.9987	0.6102	0.7576	0.611	0.5751	0.2374	0.3361	7.18
whiten	pool	0.5	1.0	0.05	1288	787	763	0.9695	0.5924	0.7354	0.611	0.6366	0.2207	0.3278	4.136
whiten	pool	0.5	1.0	0.1	1288	787	721	0.9161	0.5598	0.6949	0.611	0.6831	0.2041	0.3143	2.755
whiten	pool	0.5	1.0	0.15	1288	780	669	0.8577	0.5194	0.647	0.6056	0.7061	0.1897	0.2991	2.077
whiten	pool	0.5	1.0	0.2	1288	757	638	0.8428	0.4953	0.624	0.5877	0.7367	0.18	0.2893	1.708
whiten	pool	0.5	1.0	0.25	1288	731	604	0.8263	0.4689	0.5983	0.5675	0.7498	0.1714	0.279	1.525
whiten	pool	0.5	1.0	0.3	1288	706	581	0.8229	0.4511	0.5827	0.5481	0.7733	0.1612	0.2668	1.419
whiten	pool	0.5	1.0	0.35	1288	681	558	0.8194	0.4332	0.5668	0.5287	0.7825	0.157	0.2615	1.374
whiten	pool	0.5	1.0	0.4	1288	651	549	0.8433	0.4262	0.5663	0.5054	0.8178	0.1545	0.2599	1.348
whiten	pool	0.5	1.0	0.45	1288	631	536	0.8494	0.4161	0.5586	0.4899	0.8305	0.1496	0.2535	1.304
whiten	pool	0.5	1.0	0.5	1288	606	521	0.8597	0.4045	0.5502	0.4705	0.8424	0.1444	0.2465	1.29
whiten	pool	0.5	1.0	0.55	1288	582	508	0.8729	0.3944	0.5433	0.4519	0.8563	0.1405	0.2414	1.29
whiten	pool	0.5	1.0	0.6	1288	554	495	0.8935	0.3843	0.5375	0.4301	0.8779	0.1378	0.2383	1.276
whiten	pool	0.5	1.0	0.65	1288	528	481	0.911	0.3734	0.5297	0.4099	0.8946	0.1354	0.2352	1.288
whiten	pool	0.5	1.0	0.7	1288	509	472	0.9273	0.3665	0.5253	0.3952	0.9103	0.1321	0.2307	1.283
whiten	pool	0.5	1.0	0.75	1288	488	459	0.9406	0.3564	0.5169	0.3789	0.9249	0.1274	0.2239	1.275
whiten	pool	0.5	1.0	0.8	1288	471	450	0.9554	0.3494	0.5117	0.3657	0.9417	0.1244	0.2198	1.265
whiten	pool	0.5	1.0	0.85	1288	454	441	0.9714	0.3424	0.5063	0.3525	0.9589	0.1218	0.2161	1.26
whiten	pool	0.5	1.0	0.9	1288	431	429	0.9954	0.3331	0.4991	0.3346	0.9822	0.1187	0.2117	1.267
whiten	pool	0.55	1.0	0.0	1288	634	633	0.9984	0.4915	0.6587	0.4922	0.5771	0.1873	0.2828	7.071
whiten	pool	0.55	1.0	0.05	1288	634	613	0.9669	0.4759	0.6379	0.4922	0.6399	0.1735	0.273	4.09
whiten	pool	0.55	1.0	0.1	1288	634	579	0.9132	0.4495	0.6025	0.4922	0.6859	0.1605	0.2602	2.741
whiten	pool	0.55	1.0	0.15	1288	627	536	0.8549	0.4161	0.5598	0.4868	0.7067	0.1484	0.2453	2.068
whiten	pool	0.55	1.0	0.2	1288	612	513	0.8382	0.3983	0.54	0.4752	0.7345	0.1423	0.2384	1.715
whiten	pool	0.55	1.0	0.25	1288	594	487	0.8199	0.3781	0.5175	0.4612	0.7456	0.1366	0.2308	1.512
whiten	pool	0.55	1.0	0.3	1288	575	470	0.8174	0.3649	0.5046	0.4464	0.7706	0.1278	0.2192	1.4
whiten	pool	0.55	1.0	0.35	1288	552	451	0.817	0.3502	0.4902	0.4286	0.7778	0.1241	0.2141	1.357
whiten	pool	0.55	1.0	0.4	1288	525	442	0.8419	0.3432	0.4876	0.4076	0.815	0.1216	0.2116	1.329
whiten	pool	0.55	1.0	0.45	1288	510	432	0.8471	0.3354	0.4805	0.396	0.8262	0.1178	0.2062	1.307
whiten	pool	0.55	1.0	0.5	1288	489	420	0.8589	0.3261	0.4727	0.3797	0.8402	0.1133	0.1997	1.288
whiten	pool	0.55	1.0	0.55	1288	469	410	0.8742	0.3183	0.4667	0.3641	0.8565	0.111	0.1966	1.29
whiten	pool	0.55	1.0	0.6	1288	445	398	0.8944	0.309	0.4593	0.3455	0.878	0.1087	0.1935	1.272
whiten	pool	0.55	1.0	0.65	1288	425	387	0.9106	0.3005	0.4518	0.33	0.8934	0.1067	0.1907	1.285
whiten	pool	0.55	1.0	0.7	1288	410	379	0.9244	0.2943	0.4464	0.3183	0.9066	0.1035	0.1859	1.28
whiten	pool	0.55	1.0	0.75	1288	396	369	0.9318	0.2865	0.4382	0.3075	0.9146	0.1004	0.181	1.278
whiten	pool	0.55	1.0	0.8	1288	381	361	0.9475	0.2803	0.4326	0.2958	0.9327	0.0977	0.177	1.268
whiten	pool	0.55	1.0	0.85	1288	369	357	0.9675	0.2772	0.4309	0.2865	0.9544	0.0971	0.1763	1.257
whiten	pool	0.55	1.0	0.9	1288	350	348	0.9943	0.2702	0.4249	0.2717	0.9805	0.0946	0.1726	1.266
whiten	pool	0.6	1.0	0.0	1288	572	571	0.9983	0.4433	0.614	0.4441	0.5775	0.1644	0.2559	7.075
whiten	pool	0.6	1.0	0.05	1288	572	551	0.9633	0.4278	0.5925	0.4441	0.6378	0.1506	0.2436	4.126
whiten	pool	0.6	1.0	0.1	1288	572	521	0.9108	0.4045	0.5602	0.4441	0.6846	0.1405	0.2331	2.778
whiten	pool	0.6	1.0	0.15	1288	566	482	0.8516	0.3742	0.52	0.4394	0.7019	0.1299	0.2192	2.095
whiten	pool	0.6	1.0	0.2	1288	551	461	0.8367	0.3579	0.5014	0.4278	0.7323	0.1249	0.2134	1.726
whiten	pool	0.6	1.0	0.25	1288	536	437	0.8153	0.3393	0.4792	0.4161	0.7407	0.1197	0.2061	1.509
whiten	pool	0.6	1.0	0.3	1288	517	421	0.8143	0.3269	0.4665	0.4014	0.7687	0.1118	0.1952	1.397
whiten	pool	0.6	1.0	0.35	1288	498	406	0.8153	0.3152	0.4546	0.3866	0.7785	0.1091	0.1915	1.345
whiten	pool	0.6	1.0	0.4	1288	473	397	0.8393	0.3082	0.4509	0.3672	0.8158	0.1069	0.189	1.319
whiten	pool	0.6	1.0	0.45	1288	461	390	0.846	0.3028	0.446	0.3579	0.8262	0.1045	0.1856	1.303
whiten	pool	0.6	1.0	0.5	1288	441	379	0.8594	0.2943	0.4384	0.3424	0.841	0.1005	0.1796	1.287
whiten	pool	0.6	1.0	0.55	1288	424	370	0.8726	0.2873	0.4322	0.3292	0.8554	0.0983	0.1763	1.288
whiten	pool	0.6	1.0	0.6	1288	401	359	0.8953	0.2787	0.4251	0.3113	0.8796	0.0963	0.1736	1.269
whiten	pool	0.6	1.0	0.65	1288	385	350	0.9091	0.2717	0.4184	0.2989	0.8927	0.0945	0.1709	1.281
whiten	pool	0.6	1.0	0.7	1288	372	344	0.9247	0.2671	0.4145	0.2888	0.9078	0.0925	0.1679	1.274
whiten	pool	0.6	1.0	0.75	1288	358	334	0.933	0.2593	0.4058	0.278	0.9168	0.0894	0.1629	1.271
whiten	pool	0.6	1.0	0.8	1288	346	327	0.9451	0.2539	0.4002	0.2686	0.9317	0.0871	0.1593	1.257
whiten	pool	0.6	1.0	0.85	1288	335	323	0.9642	0.2508	0.398	0.2601	0.9527	0.0864	0.1585	1.245
whiten	pool	0.6	1.0	0.9	1288	316	314	0.9937	0.2438	0.3915	0.2453	0.9815	0.084	0.1547	1.253
whiten	pool	0.65	1.0	0.0	1288	572	571	0.9983	0.4433	0.614	0.4441	0.5775	0.1644	0.2559	7.075
whiten	pool	0.65	1.0	0.05	1288	572	551	0.9633	0.4278	0.5925	0.4441	0.6378	0.1506	0.2436	4.126
whiten	pool	0.65	1.0	0.1	1288	572	521	0.9108	0.4045	0.5602	0.4441	0.6846	0.1405	0.2331	2.778
whiten	pool	0.65	1.0	0.15	1288	566	482	0.8516	0.3742	0.52	0.4394	0.7019	0.1299	0.2192	2.095
whiten	pool	0.65	1.0	0.2	1288	551	461	0.8367	0.3579	0.5014	0.4278	0.7323	0.1249	0.2134	1.726
whiten	pool	0.65	1.0	0.25	1288	536	437	0.8153	0.3393	0.4792	0.4161	0.7407	0.1197	0.2061	1.509
whiten	pool	0.65	1.0	0.3	1288	517	421	0.8143	0.3269	0.4665	0.4014	0.7687	0.1118	0.1952	1.397
whiten	pool	0.65	1.0	0.35	1288	498	406	0.8153	0.3152	0.4546	0.3866	0.7785	0.1091	0.1915	1.345
whiten	pool	0.65	1.0	0.4	1288	473	397	0.8393	0.3082	0.4509	0.3672	0.8158	0.1069	0.189	1.319
whiten	pool	0.65	1.0	0.45	1288	461	390	0.846	0.3028	0.446	0.3579	0.8262	0.1045	0.1856	1.303
whiten	pool	0.65	1.0	0.5	1288	441	379	0.8594	0.2943	0.4384	0.3424	0.841	0.1005	0.1796	1.287
whiten	pool	0.65	1.0	0.55	1288	424	370	0.8726	0.2873	0.4322	0.3292	0.8554	0.0983	0.1763	1.288
whiten	pool	0.65	1.0	0.6	1288	401	359	0.8953	0.2787	0.4251	0.3113	0.8796	0.0963	0.1736	1.269
whiten	pool	0.65	1.0	0.65	1288	385	350	0.9091	0.2717	0.4184	0.2989	0.8927	0.0945	0.1709	1.281
whiten	pool	0.65	1.0	0.7	1288	372	344	0.9247	0.2671	0.4145	0.2888	0.9078	0.0925	0.1679	1.274
whiten	pool	0.65	1.0	0.75	1288	358	334	0.933	0.2593	0.4058	0.278	0.9168	0.0894	0.1629	1.271
whiten	pool	0.65	1.0	0.8	1288	346	327	0.9451	0.2539	0.4002	0.2686	0.9317	0.0871	0.1593	1.257
whiten	pool	0.65	1.0	0.85	1288	335	323	0.9642	0.2508	0.398	0.2601	0.9527	0.0864	0.1585	1.245
whiten	pool	0.65	1.0	0.9	1288	316	314	0.9937	0.2438	0.3915	0.2453	0.9815	0.084	0.1547	1.253
whiten	pool	0.7	1.0	0.0	1288	572	571	0.9983	0.4433	0.614	0.4441	0.5775	0.1644	0.2559	7.075
whiten	pool	0.7	1.0	0.05	1288	572	551	0.9633	0.4278	0.5925	0.4441	0.6378	0.1506	0.2436	4.126
whiten	pool	0.7	1.0	0.1	1288	572	521	0.9108	0.4045	0.5602	0.4441	0.6846	0.1405	0.2331	2.778
whiten	pool	0.7	1.0	0.15	1288	566	482	0.8516	0.3742	0.52	0.4394	0.7019	0.1299	0.2192	2.095
whiten	pool	0.7	1.0	0.2	1288	551	461	0.8367	0.3579	0.5014	0.4278	0.7323	0.1249	0.2134	1.726
whiten	pool	0.7	1.0	0.25	1288	536	437	0.8153	0.3393	0.4792	0.4161	0.7407	0.1197	0.2061	1.509
whiten	pool	0.7	1.0	0.3	1288	517	421	0.8143	0.3269	0.4665	0.4014	0.7687	0.1118	0.1952	1.397
whiten	pool	0.7	1.0	0.35	1288	498	406	0.8153	0.3152	0.4546	0.3866	0.7785	0.1091	0.1915	1.345
whiten	pool	0.7	1.0	0.4	1288	473	397	0.8393	0.3082	0.4509	0.3672	0.8158	0.1069	0.189	1.319
whiten	pool	0.7	1.0	0.45	1288	461	390	0.846	0.3028	0.446	0.3579	0.8262	0.1045	0.1856	1.303
whiten	pool	0.7	1.0	0.5	1288	441	379	0.8594	0.2943	0.4384	0.3424	0.841	0.1005	0.1796	1.287
whiten	pool	0.7	1.0	0.55	1288	424	370	0.8726	0.2873	0.4322	0.3292	0.8554	0.0983	0.1763	1.288
whiten	pool	0.7	1.0	0.6	1288	401	359	0.8953	0.2787	0.4251	0.3113	0.8796	0.0963	0.1736	1.269
whiten	pool	0.7	1.0	0.65	1288	385	350	0.9091	0.2717	0.4184	0.2989	0.8927	0.0945	0.1709	1.281
whiten	pool	0.7	1.0	0.7	1288	372	344	0.9247	0.2671	0.4145	0.2888	0.9078	0.0925	0.1679	1.274
whiten	pool	0.7	1.0	0.75	1288	358	334	0.933	0.2593	0.4058	0.278	0.9168	0.0894	0.1629	1.271
whiten	pool	0.7	1.0	0.8	1288	346	327	0.9451	0.2539	0.4002	0.2686	0.9317	0.0871	0.1593	1.257
whiten	pool	0.7	1.0	0.85	1288	335	323	0.9642	0.2508	0.398	0.2601	0.9527	0.0864	0.1585	1.245
whiten	pool	0.7	1.0	0.9	1288	316	314	0.9937	0.2438	0.3915	0.2453	0.9815	0.084	0.1547	1.253
whiten	pool	0.75	1.0	0.0	1288	572	571	0.9983	0.4433	0.614	0.4441	0.5775	0.1644	0.2559	7.075
whiten	pool	0.75	1.0	0.05	1288	572	551	0.9633	0.4278	0.5925	0.4441	0.6378	0.1506	0.2436	4.126
whiten	pool	0.75	1.0	0.1	1288	572	521	0.9108	0.4045	0.5602	0.4441	0.6846	0.1405	0.2331	2.778
whiten	pool	0.75	1.0	0.15	1288	566	482	0.8516	0.3742	0.52	0.4394	0.7019	0.1299	0.2192	2.095
whiten	pool	0.75	1.0	0.2	1288	551	461	0.8367	0.3579	0.5014	0.4278	0.7323	0.1249	0.2134	1.726
whiten	pool	0.75	1.0	0.25	1288	536	437	0.8153	0.3393	0.4792	0.4161	0.7407	0.1197	0.2061	1.509
whiten	pool	0.75	1.0	0.3	1288	517	421	0.8143	0.3269	0.4665	0.4014	0.7687	0.1118	0.1952	1.397
whiten	pool	0.75	1.0	0.35	1288	498	406	0.8153	0.3152	0.4546	0.3866	0.7785	0.1091	0.1915	1.345
whiten	pool	0.75	1.0	0.4	1288	473	397	0.8393	0.3082	0.4509	0.3672	0.8158	0.1069	0.189	1.319
whiten	pool	0.75	1.0	0.45	1288	461	390	0.846	0.3028	0.446	0.3579	0.8262	0.1045	0.1856	1.303
whiten	pool	0.75	1.0	0.5	1288	441	379	0.8594	0.2943	0.4384	0.3424	0.841	0.1005	0.1796	1.287
whiten	pool	0.75	1.0	0.55	1288	424	370	0.8726	0.2873	0.4322	0.3292	0.8554	0.0983	0.1763	1.288
whiten	pool	0.75	1.0	0.6	1288	401	359	0.8953	0.2787	0.4251	0.3113	0.8796	0.0963	0.1736	1.269
whiten	pool	0.75	1.0	0.65	1288	385	350	0.9091	0.2717	0.4184	0.2989	0.8927	0.0945	0.1709	1.281
whiten	pool	0.75	1.0	0.7	1288	372	344	0.9247	0.2671	0.4145	0.2888	0.9078	0.0925	0.1679	1.274
whiten	pool	0.75	1.0	0.75	1288	358	334	0.933	0.2593	0.4058	0.278	0.9168	0.0894	0.1629	1.271
whiten	pool	0.75	1.0	0.8	1288	346	327	0.9451	0.2539	0.4002	0.2686	0.9317	0.0871	0.1593	1.257
whiten	pool	0.75	1.0	0.85	1288	335	323	0.9642	0.2508	0.398	0.2601	0.9527	0.0864	0.1585	1.245
whiten	pool	0.75	1.0	0.9	1288	316	314	0.9937	0.2438	0.3915	0.2453	0.9815	0.084	0.1547	1.253
whiten	pool	0.8	1.0	0.0	1288	318	317	0.9969	0.2461	0.3948	0.2469	0.5689	0.094	0.1614	7.204
whiten	pool	0.8	1.0	0.05	1288	318	306	0.9623	0.2376	0.3811	0.2469	0.6235	0.0869	0.1525	4.239
whiten	pool	0.8	1.0	0.1	1288	318	294	0.9245	0.2283	0.3661	0.2469	0.6764	0.0807	0.1441	2.881
whiten	pool	0.8	1.0	0.15	1288	315	272	0.8635	0.2112	0.3394	0.2446	0.6899	0.0735	0.1329	2.181
whiten	pool	0.8	1.0	0.2	1288	308	261	0.8474	0.2026	0.3271	0.2391	0.72	0.0716	0.1303	1.828
whiten	pool	0.8	1.0	0.25	1288	302	247	0.8179	0.1918	0.3107	0.2345	0.7315	0.0683	0.125	1.554
whiten	pool	0.8	1.0	0.3	1288	288	236	0.8194	0.1832	0.2995	0.2236	0.7621	0.0625	0.1156	1.439
whiten	pool	0.8	1.0	0.35	1288	277	225	0.8123	0.1747	0.2875	0.2151	0.764	0.0603	0.1118	1.376
whiten	pool	0.8	1.0	0.4	1288	261	217	0.8314	0.1685	0.2802	0.2026	0.8059	0.0583	0.1088	1.345
whiten	pool	0.8	1.0	0.45	1288	253	213	0.8419	0.1654	0.2764	0.1964	0.8215	0.0572	0.107	1.32
whiten	pool	0.8	1.0	0.5	1288	241	207	0.8589	0.1607	0.2708	0.1871	0.8375	0.0543	0.102	1.29
whiten	pool	0.8	1.0	0.55	1288	230	200	0.8696	0.1553	0.2635	0.1786	0.8471	0.0528	0.0993	1.3
whiten	pool	0.8	1.0	0.6	1288	215	194	0.9023	0.1506	0.2582	0.1669	0.8829	0.0514	0.0972	1.265
whiten	pool	0.8	1.0	0.65	1288	208	190	0.9135	0.1475	0.254	0.1615	0.8934	0.0507	0.0959	1.274
whiten	pool	0.8	1.0	0.7	1288	202	189	0.9356	0.1467	0.2537	0.1568	0.915	0.0502	0.0951	1.267
whiten	pool	0.8	1.0	0.75	1288	196	185	0.9439	0.1436	0.2493	0.1522	0.9252	0.0489	0.0928	1.255
whiten	pool	0.8	1.0	0.8	1288	191	181	0.9476	0.1405	0.2448	0.1483	0.9319	0.0478	0.0909	1.251
whiten	pool	0.8	1.0	0.85	1288	182	177	0.9725	0.1374	0.2408	0.1413	0.956	0.0471	0.0898	1.247
whiten	pool	0.8	1.0	0.9	1288	173	172	0.9942	0.1335	0.2355	0.1343	0.9769	0.0453	0.0865	1.254
whiten	pool	0.85	1.0	0.0	1288	318	317	0.9969	0.2461	0.3948	0.2469	0.5689	0.094	0.1614	7.204
whiten	pool	0.85	1.0	0.05	1288	318	306	0.9623	0.2376	0.3811	0.2469	0.6235	0.0869	0.1525	4.239
whiten	pool	0.85	1.0	0.1	1288	318	294	0.9245	0.2283	0.3661	0.2469	0.6764	0.0807	0.1441	2.881
whiten	pool	0.85	1.0	0.15	1288	315	272	0.8635	0.2112	0.3394	0.2446	0.6899	0.0735	0.1329	2.181
whiten	pool	0.85	1.0	0.2	1288	308	261	0.8474	0.2026	0.3271	0.2391	0.72	0.0716	0.1303	1.828
whiten	pool	0.85	1.0	0.25	1288	302	247	0.8179	0.1918	0.3107	0.2345	0.7315	0.0683	0.125	1.554
whiten	pool	0.85	1.0	0.3	1288	288	236	0.8194	0.1832	0.2995	0.2236	0.7621	0.0625	0.1156	1.439
whiten	pool	0.85	1.0	0.35	1288	277	225	0.8123	0.1747	0.2875	0.2151	0.764	0.0603	0.1118	1.376
whiten	pool	0.85	1.0	0.4	1288	261	217	0.8314	0.1685	0.2802	0.2026	0.8059	0.0583	0.1088	1.345
whiten	pool	0.85	1.0	0.45	1288	253	213	0.8419	0.1654	0.2764	0.1964	0.8215	0.0572	0.107	1.32
whiten	pool	0.85	1.0	0.5	1288	241	207	0.8589	0.1607	0.2708	0.1871	0.8375	0.0543	0.102	1.29
whiten	pool	0.85	1.0	0.55	1288	230	200	0.8696	0.1553	0.2635	0.1786	0.8471	0.0528	0.0993	1.3
whiten	pool	0.85	1.0	0.6	1288	215	194	0.9023	0.1506	0.2582	0.1669	0.8829	0.0514	0.0972	1.265
whiten	pool	0.85	1.0	0.65	1288	208	190	0.9135	0.1475	0.254	0.1615	0.8934	0.0507	0.0959	1.274
whiten	pool	0.85	1.0	0.7	1288	202	189	0.9356	0.1467	0.2537	0.1568	0.915	0.0502	0.0951	1.267
whiten	pool	0.85	1.0	0.75	1288	196	185	0.9439	0.1436	0.2493	0.1522	0.9252	0.0489	0.0928	1.255
whiten	pool	0.85	1.0	0.8	1288	191	181	0.9476	0.1405	0.2448	0.1483	0.9319	0.0478	0.0909	1.251
whiten	pool	0.85	1.0	0.85	1288	182	177	0.9725	0.1374	0.2408	0.1413	0.956	0.0471	0.0898	1.247
whiten	pool	0.85	1.0	0.9	1288	173	172	0.9942	0.1335	0.2355	0.1343	0.9769	0.0453	0.0865	1.254
whiten	pool	0.9	1.0	0.0	1288	174	174	1.0	0.1351	0.238	0.1351	0.5755	0.054	0.0987	7.333
whiten	pool	0.9	1.0	0.05	1288	174	170	0.977	0.132	0.2326	0.1351	0.639	0.0512	0.0947	4.23
whiten	pool	0.9	1.0	0.1	1288	174	160	0.9195	0.1242	0.2189	0.1351	0.6759	0.0466	0.0872	2.736
whiten	pool	0.9	1.0	0.15	1288	171	144	0.8421	0.1118	0.1974	0.1328	0.6881	0.0423	0.0797	2.094
whiten	pool	0.9	1.0	0.2	1288	167	138	0.8263	0.1071	0.1897	0.1297	0.699	0.0407	0.077	1.838
whiten	pool	0.9	1.0	0.25	1288	165	131	0.7939	0.1017	0.1803	0.1281	0.7024	0.0388	0.0736	1.606
whiten	pool	0.9	1.0	0.3	1288	156	124	0.7949	0.0963	0.1717	0.1211	0.7329	0.0351	0.067	1.474
whiten	pool	0.9	1.0	0.35	1288	152	121	0.7961	0.0939	0.1681	0.118	0.7386	0.0347	0.0662	1.438
whiten	pool	0.9	1.0	0.4	1288	145	118	0.8138	0.0916	0.1647	0.1126	0.7851	0.0342	0.0655	1.386
whiten	pool	0.9	1.0	0.45	1288	140	115	0.8214	0.0893	0.1611	0.1087	0.7988	0.0333	0.0639	1.371
whiten	pool	0.9	1.0	0.5	1288	133	112	0.8421	0.087	0.1576	0.1033	0.8183	0.0315	0.0607	1.331
whiten	pool	0.9	1.0	0.55	1288	125	107	0.856	0.0831	0.1515	0.097	0.8307	0.0305	0.0589	1.344
whiten	pool	0.9	1.0	0.6	1288	115	102	0.887	0.0792	0.1454	0.0893	0.8638	0.0293	0.0567	1.296
whiten	pool	0.9	1.0	0.65	1288	110	99	0.9	0.0769	0.1416	0.0854	0.8758	0.0287	0.0556	1.309
whiten	pool	0.9	1.0	0.7	1288	108	99	0.9167	0.0769	0.1418	0.0839	0.892	0.0286	0.0554	1.306
whiten	pool	0.9	1.0	0.75	1288	104	96	0.9231	0.0745	0.1379	0.0807	0.9022	0.0276	0.0535	1.298
whiten	pool	0.9	1.0	0.8	1288	102	95	0.9314	0.0738	0.1367	0.0792	0.9101	0.0272	0.0528	1.304
whiten	pool	0.9	1.0	0.85	1288	97	94	0.9691	0.073	0.1357	0.0753	0.9467	0.027	0.0525	1.32
whiten	pool	0.9	1.0	0.9	1288	93	92	0.9892	0.0714	0.1332	0.0722	0.9659	0.0262	0.051	1.333
whiten	pool	0.95	1.0	0.0	1288	174	174	1.0	0.1351	0.238	0.1351	0.5755	0.054	0.0987	7.333
whiten	pool	0.95	1.0	0.05	1288	174	170	0.977	0.132	0.2326	0.1351	0.639	0.0512	0.0947	4.23
whiten	pool	0.95	1.0	0.1	1288	174	160	0.9195	0.1242	0.2189	0.1351	0.6759	0.0466	0.0872	2.736
whiten	pool	0.95	1.0	0.15	1288	171	144	0.8421	0.1118	0.1974	0.1328	0.6881	0.0423	0.0797	2.094
whiten	pool	0.95	1.0	0.2	1288	167	138	0.8263	0.1071	0.1897	0.1297	0.699	0.0407	0.077	1.838
whiten	pool	0.95	1.0	0.25	1288	165	131	0.7939	0.1017	0.1803	0.1281	0.7024	0.0388	0.0736	1.606
whiten	pool	0.95	1.0	0.3	1288	156	124	0.7949	0.0963	0.1717	0.1211	0.7329	0.0351	0.067	1.474
whiten	pool	0.95	1.0	0.35	1288	152	121	0.7961	0.0939	0.1681	0.118	0.7386	0.0347	0.0662	1.438
whiten	pool	0.95	1.0	0.4	1288	145	118	0.8138	0.0916	0.1647	0.1126	0.7851	0.0342	0.0655	1.386
whiten	pool	0.95	1.0	0.45	1288	140	115	0.8214	0.0893	0.1611	0.1087	0.7988	0.0333	0.0639	1.371
whiten	pool	0.95	1.0	0.5	1288	133	112	0.8421	0.087	0.1576	0.1033	0.8183	0.0315	0.0607	1.331
whiten	pool	0.95	1.0	0.55	1288	125	107	0.856	0.0831	0.1515	0.097	0.8307	0.0305	0.0589	1.344
whiten	pool	0.95	1.0	0.6	1288	115	102	0.887	0.0792	0.1454	0.0893	0.8638	0.0293	0.0567	1.296
whiten	pool	0.95	1.0	0.65	1288	110	99	0.9	0.0769	0.1416	0.0854	0.8758	0.0287	0.0556	1.309
whiten	pool	0.95	1.0	0.7	1288	108	99	0.9167	0.0769	0.1418	0.0839	0.892	0.0286	0.0554	1.306
whiten	pool	0.95	1.0	0.75	1288	104	96	0.9231	0.0745	0.1379	0.0807	0.9022	0.0276	0.0535	1.298
whiten	pool	0.95	1.0	0.8	1288	102	95	0.9314	0.0738	0.1367	0.0792	0.9101	0.0272	0.0528	1.304
whiten	pool	0.95	1.0	0.85	1288	97	94	0.9691	0.073	0.1357	0.0753	0.9467	0.027	0.0525	1.32
whiten	pool	0.95	1.0	0.9	1288	93	92	0.9892	0.0714	0.1332	0.0722	0.9659	0.0262	0.051	1.333
whiten	self	0.0	0.2226	0.0	1288	1284	1036	0.8069	0.8043	0.8056	0.9969	0.4782	0.2943	0.3643	7.959
whiten	self	0.0	0.2226	0.05	1288	1284	987	0.7687	0.7663	0.7675	0.9969	0.5214	0.2731	0.3584	4.352
whiten	self	0.0	0.2226	0.1	1288	1273	922	0.7243	0.7158	0.72	0.9884	0.5542	0.2538	0.3481	2.734
whiten	self	0.0	0.2226	0.15	1288	1253	873	0.6967	0.6778	0.6871	0.9728	0.5722	0.2382	0.3364	2.08
whiten	self	0.0	0.2226	0.2	1288	1217	835	0.6861	0.6483	0.6667	0.9449	0.5982	0.2289	0.3311	1.7
whiten	self	0.0	0.2226	0.25	1288	1168	800	0.6849	0.6211	0.6515	0.9068	0.6157	0.2164	0.3203	1.524
whiten	self	0.0	0.2226	0.3	1288	1117	780	0.6983	0.6056	0.6486	0.8672	0.6408	0.2122	0.3188	1.416
whiten	self	0.0	0.2226	0.35	1288	1067	764	0.716	0.5932	0.6488	0.8284	0.6686	0.2083	0.3176	1.355
whiten	self	0.0	0.2226	0.4	1288	1015	748	0.7369	0.5807	0.6496	0.788	0.6943	0.2027	0.3138	1.335
whiten	self	0.0	0.2226	0.45	1288	976	729	0.7469	0.566	0.644	0.7578	0.7142	0.1954	0.3068	1.284
whiten	self	0.0	0.2226	0.5	1288	928	707	0.7619	0.5489	0.6381	0.7205	0.7308	0.1881	0.2992	1.268
whiten	self	0.0	0.2226	0.55	1288	894	695	0.7774	0.5396	0.637	0.6941	0.747	0.1843	0.2957	1.268
whiten	self	0.0	0.2226	0.6	1288	841	674	0.8014	0.5233	0.6332	0.653	0.7734	0.1814	0.2939	1.274
whiten	self	0.0	0.2226	0.65	1288	795	655	0.8239	0.5085	0.6289	0.6172	0.7955	0.1766	0.289	1.265
whiten	self	0.0	0.2226	0.7	1288	759	640	0.8432	0.4969	0.6253	0.5893	0.8174	0.1715	0.2835	1.268
whiten	self	0.0	0.2226	0.75	1288	721	623	0.8641	0.4837	0.6202	0.5598	0.8404	0.1678	0.2797	1.264
whiten	self	0.0	0.2226	0.8	1288	683	612	0.896	0.4752	0.621	0.5303	0.876	0.1648	0.2774	1.261
whiten	self	0.0	0.2226	0.85	1288	656	602	0.9177	0.4674	0.6193	0.5093	0.9011	0.1616	0.274	1.261
whiten	self	0.0	0.2226	0.9	1288	617	581	0.9417	0.4511	0.61	0.479	0.9253	0.1565	0.2678	1.262
whiten	self	0.05	0.3483	0.0	1288	1219	1030	0.845	0.7997	0.8217	0.9464	0.5028	0.2916	0.3691	7.632
whiten	self	0.05	0.3483	0.05	1288	1219	983	0.8064	0.7632	0.7842	0.9464	0.5479	0.272	0.3635	4.252
whiten	self	0.05	0.3483	0.1	1288	1210	918	0.7587	0.7127	0.735	0.9394	0.5821	0.2527	0.3524	2.683
whiten	self	0.05	0.3483	0.15	1288	1192	870	0.7299	0.6755	0.7016	0.9255	0.6009	0.2372	0.3401	2.044
whiten	self	0.05	0.3483	0.2	1288	1161	832	0.7166	0.646	0.6795	0.9014	0.627	0.2279	0.3343	1.679
whiten	self	0.05	0.3483	0.25	1288	1116	797	0.7142	0.6188	0.6631	0.8665	0.6444	0.2154	0.3228	1.52
whiten	self	0.05	0.3483	0.3	1288	1072	777	0.7248	0.6033	0.6585	0.8323	0.6673	0.2111	0.3208	1.423
whiten	self	0.05	0.3483	0.35	1288	1028	761	0.7403	0.5908	0.6572	0.7981	0.693	0.2073	0.3191	1.362
whiten	self	0.05	0.3483	0.4	1288	984	745	0.7571	0.5784	0.6558	0.764	0.7153	0.2017	0.3146	1.342
whiten	self	0.05	0.3483	0.45	1288	949	726	0.765	0.5637	0.6491	0.7368	0.7331	0.1944	0.3073	1.288
whiten	self	0.05	0.3483	0.5	1288	905	704	0.7779	0.5466	0.642	0.7026	0.7473	0.1871	0.2992	1.272
whiten	self	0.05	0.3483	0.55	1288	874	694	0.7941	0.5388	0.642	0.6786	0.7644	0.1841	0.2967	1.271
whiten	self	0.05	0.3483	0.6	1288	824	673	0.8167	0.5225	0.6373	0.6398	0.7879	0.1811	0.2945	1.277
whiten	self	0.05	0.3483	0.65	1288	780	654	0.8385	0.5078	0.6325	0.6056	0.8093	0.1763	0.2895	1.269
whiten	self	0.05	0.3483	0.7	1288	745	639	0.8577	0.4961	0.6286	0.5784	0.8313	0.1713	0.284	1.272
whiten	self	0.05	0.3483	0.75	1288	708	622	0.8785	0.4829	0.6232	0.5497	0.8542	0.1675	0.2801	1.267
whiten	self	0.05	0.3483	0.8	1288	673	611	0.9079	0.4744	0.6232	0.5225	0.8874	0.1646	0.2776	1.264
whiten	self	0.05	0.3483	0.85	1288	649	601	0.926	0.4666	0.6205	0.5039	0.9093	0.1613	0.274	1.264
whiten	self	0.05	0.3483	0.9	1288	612	581	0.9493	0.4511	0.6116	0.4752	0.9328	0.1565	0.2681	1.264
whiten	self	0.1	0.4163	0.0	1288	1155	1025	0.8874	0.7958	0.8391	0.8967	0.5297	0.2894	0.3743	7.367
whiten	self	0.1	0.4163	0.05	1288	1155	981	0.8494	0.7616	0.8031	0.8967	0.5772	0.2708	0.3687	4.161
whiten	self	0.1	0.4163	0.1	1288	1149	917	0.7981	0.712	0.7526	0.8921	0.6134	0.2523	0.3575	2.649
whiten	self	0.1	0.4163	0.15	1288	1134	869	0.7663	0.6747	0.7176	0.8804	0.633	0.2368	0.3446	2.042
whiten	self	0.1	0.4163	0.2	1288	1107	831	0.7507	0.6452	0.6939	0.8595	0.6591	0.2275	0.3382	1.679
whiten	self	0.1	0.4163	0.25	1288	1067	796	0.746	0.618	0.676	0.8284	0.6757	0.215	0.3262	1.523
whiten	self	0.1	0.4163	0.3	1288	1026	776	0.7563	0.6025	0.6707	0.7966	0.6989	0.2107	0.3238	1.429
whiten	self	0.1	0.4163	0.35	1288	985	760	0.7716	0.5901	0.6687	0.7648	0.7252	0.2069	0.3219	1.368
whiten	self	0.1	0.4163	0.4	1288	943	744	0.789	0.5776	0.667	0.7321	0.7486	0.2013	0.3172	1.348
whiten	self	0.1	0.4163	0.45	1288	915	725	0.7923	0.5629	0.6582	0.7104	0.762	0.194	0.3092	1.294
whiten	self	0.1	0.4163	0.5	1288	878	703	0.8007	0.5458	0.6491	0.6817	0.7722	0.1867	0.3007	1.278
whiten	self	0.1	0.4163	0.55	1288	849	693	0.8163	0.538	0.6486	0.6592	0.7889	0.1837	0.298	1.279
whiten	self	0.1	0.4163	0.6	1288	802	672	0.8379	0.5217	0.6431	0.6227	0.8119	0.1807	0.2957	1.286
whiten	self	0.1	0.4163	0.65	1288	759	653	0.8603	0.507	0.638	0.5893	0.8333	0.1759	0.2905	1.277
whiten	self	0.1	0.4163	0.7	1288	727	638	0.8776	0.4953	0.6333	0.5644	0.8537	0.1709	0.2848	1.28
whiten	self	0.1	0.4163	0.75	1288	692	621	0.8974	0.4821	0.6273	0.5373	0.8749	0.1671	0.2807	1.274
whiten	self	0.1	0.4163	0.8	1288	663	610	0.9201	0.4736	0.6253	0.5148	0.8992	0.1642	0.2776	1.268
whiten	self	0.1	0.4163	0.85	1288	641	600	0.936	0.4658	0.6221	0.4977	0.9191	0.1609	0.2739	1.267
whiten	self	0.1	0.4163	0.9	1288	605	580	0.9587	0.4503	0.6128	0.4697	0.9419	0.1561	0.2679	1.267
whiten	self	0.15	0.5246	0.0	1288	1093	1016	0.9296	0.7888	0.8534	0.8486	0.5599	0.2858	0.3784	7.136
whiten	self	0.15	0.5246	0.05	1288	1093	978	0.8948	0.7593	0.8215	0.8486	0.6103	0.2698	0.3742	4.061
whiten	self	0.15	0.5246	0.1	1288	1088	914	0.8401	0.7096	0.7694	0.8447	0.6484	0.2512	0.3621	2.618
whiten	self	0.15	0.5246	0.15	1288	1074	867	0.8073	0.6731	0.7341	0.8339	0.6697	0.2366	0.3497	2.042
whiten	self	0.15	0.5246	0.2	1288	1050	830	0.7905	0.6444	0.71	0.8152	0.6961	0.2274	0.3428	1.689
whiten	self	0.15	0.5246	0.25	1288	1016	795	0.7825	0.6172	0.6901	0.7888	0.7109	0.2149	0.33	1.536
whiten	self	0.15	0.5246	0.3	1288	978	775	0.7924	0.6017	0.684	0.7593	0.7346	0.2106	0.3274	1.439
whiten	self	0.15	0.5246	0.35	1288	942	759	0.8057	0.5893	0.6807	0.7314	0.7598	0.2068	0.3251	1.378
whiten	self	0.15	0.5246	0.4	1288	905	743	0.821	0.5769	0.6776	0.7026	0.7818	0.2012	0.32	1.357
whiten	self	0.15	0.5246	0.45	1288	877	724	0.8255	0.5621	0.6688	0.6809	0.797	0.1939	0.3119	1.305
whiten	self	0.15	0.5246	0.5	1288	840	702	0.8357	0.545	0.6598	0.6522	0.8092	0.1866	0.3032	1.288
whiten	self	0.15	0.5246	0.55	1288	813	692	0.8512	0.5373	0.6587	0.6312	0.8262	0.1836	0.3004	1.289
whiten	self	0.15	0.5246	0.6	1288	772	671	0.8692	0.521	0.6515	0.5994	0.8461	0.1806	0.2977	1.296
whiten	self	0.15	0.5246	0.65	1288	731	652	0.8919	0.5062	0.6459	0.5675	0.8681	0.1758	0.2924	1.286
whiten	self	0.15	0.5246	0.7	1288	702	637	0.9074	0.4946	0.6402	0.545	0.8862	0.1708	0.2863	1.288
whiten	self	0.15	0.5246	0.75	1288	671	620	0.924	0.4814	0.633	0.521	0.9046	0.167	0.282	1.281
whiten	self	0.15	0.5246	0.8	1288	645	609	0.9442	0.4728	0.6301	0.5008	0.9255	0.1641	0.2787	1.274
whiten	self	0.15	0.5246	0.85	1288	627	599	0.9553	0.4651	0.6256	0.4868	0.9379	0.1608	0.2746	1.27
whiten	self	0.15	0.5246	0.9	1288	596	579	0.9715	0.4495	0.6146	0.4627	0.9544	0.156	0.2682	1.268
whiten	self	0.2	0.6369	0.0	1288	1029	986	0.9582	0.7655	0.8511	0.7989	0.586	0.277	0.3762	6.706
whiten	self	0.2	0.6369	0.05	1288	1029	955	0.9281	0.7415	0.8243	0.7989	0.6391	0.2627	0.3723	3.9
whiten	self	0.2	0.6369	0.1	1288	1024	895	0.874	0.6949	0.7742	0.795	0.6794	0.2454	0.3606	2.532
whiten	self	0.2	0.6369	0.15	1288	1015	851	0.8384	0.6607	0.739	0.788	0.7017	0.2319	0.3486	2.02
whiten	self	0.2	0.6369	0.2	1288	994	817	0.8219	0.6343	0.716	0.7717	0.7285	0.2228	0.3413	1.677
whiten	self	0.2	0.6369	0.25	1288	963	783	0.8131	0.6079	0.6957	0.7477	0.7435	0.2111	0.3288	1.525
whiten	self	0.2	0.6369	0.3	1288	930	763	0.8204	0.5924	0.688	0.722	0.7673	0.2069	0.3259	1.434
whiten	self	0.2	0.6369	0.35	1288	899	748	0.832	0.5807	0.684	0.698	0.7905	0.2031	0.3232	1.379
whiten	self	0.2	0.6369	0.4	1288	865	733	0.8474	0.5691	0.6809	0.6716	0.8119	0.1983	0.3187	1.357
whiten	self	0.2	0.6369	0.45	1288	842	715	0.8492	0.5551	0.6714	0.6537	0.8252	0.1918	0.3112	1.303
whiten	self	0.2	0.6369	0.5	1288	807	693	0.8587	0.538	0.6616	0.6266	0.8371	0.1845	0.3023	1.285
whiten	self	0.2	0.6369	0.55	1288	780	683	0.8756	0.5303	0.6605	0.6056	0.8559	0.1815	0.2995	1.285
whiten	self	0.2	0.6369	0.6	1288	743	662	0.891	0.514	0.6519	0.5769	0.8739	0.1785	0.2965	1.291
whiten	self	0.2	0.6369	0.65	1288	706	643	0.9108	0.4992	0.6449	0.5481	0.8934	0.1737	0.2909	1.279
whiten	self	0.2	0.6369	0.7	1288	678	628	0.9263	0.4876	0.6389	0.5264	0.9081	0.1687	0.2845	1.279
whiten	self	0.2	0.6369	0.75	1288	649	611	0.9414	0.4744	0.6309	0.5039	0.9254	0.1649	0.28	1.273
whiten	self	0.2	0.6369	0.8	1288	627	600	0.9569	0.4658	0.6266	0.4868	0.941	0.162	0.2764	1.266
whiten	self	0.2	0.6369	0.85	1288	611	590	0.9656	0.4581	0.6214	0.4744	0.9512	0.1588	0.2722	1.263
whiten	self	0.2	0.6369	0.9	1288	584	573	0.9812	0.4449	0.6122	0.4534	0.966	0.1547	0.2667	1.265
whiten	self	0.25	0.7466	0.0	1288	966	944	0.9772	0.7329	0.8376	0.75	0.6098	0.2651	0.3695	6.419
whiten	self	0.25	0.7466	0.05	1288	966	920	0.9524	0.7143	0.8163	0.75	0.6646	0.2526	0.366	3.788
whiten	self	0.25	0.7466	0.1	1288	962	864	0.8981	0.6708	0.768	0.7469	0.7062	0.2363	0.3541	2.475
whiten	self	0.25	0.7466	0.15	1288	954	825	0.8648	0.6405	0.736	0.7407	0.7295	0.2239	0.3426	1.973
whiten	self	0.25	0.7466	0.2	1288	936	794	0.8483	0.6165	0.714	0.7267	0.7573	0.2157	0.3358	1.631
whiten	self	0.25	0.7466	0.25	1288	909	765	0.8416	0.5939	0.6964	0.7057	0.7733	0.2062	0.3256	1.474
whiten	self	0.25	0.7466	0.3	1288	881	745	0.8456	0.5784	0.687	0.684	0.7964	0.202	0.3222	1.392
whiten	self	0.25	0.7466	0.35	1288	852	731	0.858	0.5675	0.6832	0.6615	0.8204	0.1985	0.3197	1.343
whiten	self	0.25	0.7466	0.4	1288	826	718	0.8692	0.5575	0.6793	0.6413	0.8381	0.1946	0.3159	1.322
whiten	self	0.25	0.7466	0.45	1288	808	702	0.8688	0.545	0.6698	0.6273	0.8485	0.1884	0.3083	1.299
whiten	self	0.25	0.7466	0.5	1288	775	680	0.8774	0.528	0.6592	0.6017	0.8591	0.1811	0.2991	1.28
whiten	self	0.25	0.7466	0.55	1288	753	672	0.8924	0.5217	0.6585	0.5846	0.8754	0.1791	0.2973	1.279
whiten	self	0.25	0.7466	0.6	1288	719	651	0.9054	0.5054	0.6487	0.5582	0.8889	0.1761	0.294	1.284
whiten	self	0.25	0.7466	0.65	1288	685	633	0.9241	0.4915	0.6417	0.5318	0.9074	0.1716	0.2886	1.278
whiten	self	0.25	0.7466	0.7	1288	657	618	0.9406	0.4798	0.6355	0.5101	0.9232	0.1666	0.2822	1.278
whiten	self	0.25	0.7466	0.75	1288	631	601	0.9525	0.4666	0.6264	0.4899	0.9374	0.1628	0.2775	1.275
whiten	self	0.25	0.7466	0.8	1288	610	590	0.9672	0.4581	0.6217	0.4736	0.9524	0.1598	0.2738	1.267
whiten	self	0.25	0.7466	0.85	1288	594	580	0.9764	0.4503	0.6164	0.4612	0.9632	0.1567	0.2696	1.264
whiten	self	0.25	0.7466	0.9	1288	571	563	0.986	0.4371	0.6057	0.4433	0.9722	0.1526	0.2638	1.271
whiten	self	0.3	0.8246	0.0	1288	901	891	0.9889	0.6918	0.8141	0.6995	0.637	0.2466	0.3556	6.041
whiten	self	0.3	0.8246	0.05	1288	901	872	0.9678	0.677	0.7967	0.6995	0.692	0.2369	0.3529	3.643
whiten	self	0.3	0.8246	0.1	1288	900	825	0.9167	0.6405	0.7541	0.6988	0.7332	0.2223	0.3412	2.431
whiten	self	0.3	0.8246	0.15	1288	894	795	0.8893	0.6172	0.7287	0.6941	0.7585	0.2116	0.3309	1.946
whiten	self	0.3	0.8246	0.2	1288	876	767	0.8756	0.5955	0.7089	0.6801	0.7868	0.2047	0.3248	1.617
whiten	self	0.3	0.8246	0.25	1288	854	741	0.8677	0.5753	0.6919	0.663	0.8013	0.1963	0.3154	1.469
whiten	self	0.3	0.8246	0.3	1288	830	723	0.8711	0.5613	0.6827	0.6444	0.8239	0.1929	0.3126	1.393
whiten	self	0.3	0.8246	0.35	1288	806	710	0.8809	0.5512	0.6781	0.6258	0.8469	0.1895	0.3097	1.342
whiten	self	0.3	0.8246	0.4	1288	783	701	0.8953	0.5443	0.677	0.6079	0.8664	0.1873	0.308	1.33
whiten	self	0.3	0.8246	0.45	1288	768	686	0.8932	0.5326	0.6673	0.5963	0.8742	0.1818	0.3011	1.306
whiten	self	0.3	0.8246	0.5	1288	738	666	0.9024	0.5171	0.6575	0.573	0.8843	0.1761	0.2937	1.288
whiten	self	0.3	0.8246	0.55	1288	718	658	0.9164	0.5109	0.656	0.5575	0.8997	0.1741	0.2917	1.287
whiten	self	0.3	0.8246	0.6	1288	690	640	0.9275	0.4969	0.6471	0.5357	0.9116	0.1714	0.2885	1.289
whiten	self	0.3	0.8246	0.65	1288	660	623	0.9439	0.4837	0.6396	0.5124	0.928	0.1672	0.2834	1.284
whiten	self	0.3	0.8246	0.7	1288	637	609	0.956	0.4728	0.6327	0.4946	0.9395	0.1622	0.2767	1.284
whiten	self	0.3	0.8246	0.75	1288	611	592	0.9689	0.4596	0.6235	0.4744	0.9549	0.1585	0.2719	1.282
whiten	self	0.3	0.8246	0.8	1288	594	581	0.9781	0.4511	0.6174	0.4612	0.9645	0.1555	0.2679	1.274
whiten	self	0.3	0.8246	0.85	1288	582	572	0.9828	0.4441	0.6118	0.4519	0.9709	0.1532	0.2646	1.27
whiten	self	0.3	0.8246	0.9	1288	561	555	0.9893	0.4309	0.6003	0.4356	0.977	0.1491	0.2586	1.276
whiten	self	0.35	0.8912	0.0	1288	837	833	0.9952	0.6467	0.784	0.6498	0.6641	0.2296	0.3412	5.784
whiten	self	0.35	0.8912	0.05	1288	837	822	0.9821	0.6382	0.7736	0.6498	0.7184	0.2232	0.3406	3.507
whiten	self	0.35	0.8912	0.1	1288	836	788	0.9426	0.6118	0.742	0.6491	0.763	0.2118	0.3316	2.372
whiten	self	0.35	0.8912	0.15	1288	831	762	0.917	0.5916	0.7192	0.6452	0.788	0.2023	0.322	1.905
whiten	self	0.35	0.8912	0.2	1288	816	737	0.9032	0.5722	0.7006	0.6335	0.8165	0.1965	0.3167	1.597
whiten	self	0.35	0.8912	0.25	1288	798	713	0.8935	0.5536	0.6836	0.6196	0.8283	0.1894	0.3083	1.467
whiten	self	0.35	0.8912	0.3	1288	779	696	0.8935	0.5404	0.6734	0.6048	0.8486	0.186	0.3051	1.391
whiten	self	0.35	0.8912	0.35	1288	757	685	0.9049	0.5318	0.6699	0.5877	0.8725	0.1827	0.3022	1.345
whiten	self	0.35	0.8912	0.4	1288	738	677	0.9173	0.5256	0.6683	0.573	0.8907	0.1808	0.3006	1.331
whiten	self	0.35	0.8912	0.45	1288	723	664	0.9184	0.5155	0.6604	0.5613	0.9009	0.1762	0.2948	1.308
whiten	self	0.35	0.8912	0.5	1288	699	646	0.9242	0.5016	0.6502	0.5427	0.9067	0.1705	0.287	1.292
whiten	self	0.35	0.8912	0.55	1288	683	639	0.9356	0.4961	0.6484	0.5303	0.919	0.1685	0.2848	1.291
whiten	self	0.35	0.8912	0.6	1288	659	621	0.9423	0.4821	0.6379	0.5116	0.9266	0.1658	0.2813	1.292
whiten	self	0.35	0.8912	0.65	1288	632	606	0.9589	0.4705	0.6312	0.4907	0.9433	0.1625	0.2772	1.289
whiten	self	0.35	0.8912	0.7	1288	613	593	0.9674	0.4604	0.6239	0.4759	0.9513	0.1576	0.2704	1.287
whiten	self	0.35	0.8912	0.75	1288	587	576	0.9813	0.4472	0.6144	0.4557	0.9678	0.1539	0.2656	1.284
whiten	self	0.35	0.8912	0.8	1288	572	565	0.9878	0.4387	0.6075	0.4441	0.9748	0.1509	0.2614	1.276
whiten	self	0.35	0.8912	0.85	1288	563	557	0.9893	0.4325	0.6018	0.4371	0.9771	0.1486	0.258	1.274
whiten	self	0.35	0.8912	0.9	1288	544	541	0.9945	0.42	0.5906	0.4224	0.9818	0.1445	0.2519	1.279
whiten	self	0.4	0.9604	0.0	1288	773	773	1.0	0.6002	0.7501	0.6002	0.6892	0.2175	0.3306	5.514
whiten	self	0.4	0.9604	0.05	1288	773	764	0.9884	0.5932	0.7414	0.6002	0.7423	0.2117	0.3295	3.361
whiten	self	0.4	0.9604	0.1	1288	772	735	0.9521	0.5707	0.7136	0.5994	0.7843	0.201	0.3201	2.325
whiten	self	0.4	0.9604	0.15	1288	768	713	0.9284	0.5536	0.6936	0.5963	0.8072	0.1934	0.3121	1.894
whiten	self	0.4	0.9604	0.2	1288	755	692	0.9166	0.5373	0.6774	0.5862	0.8355	0.1881	0.3071	1.592
whiten	self	0.4	0.9604	0.25	1288	739	673	0.9107	0.5225	0.664	0.5738	0.8483	0.1816	0.2992	1.466
whiten	self	0.4	0.9604	0.3	1288	722	659	0.9127	0.5116	0.6557	0.5606	0.8697	0.1787	0.2965	1.391
whiten	self	0.4	0.9604	0.35	1288	703	648	0.9218	0.5031	0.6509	0.5458	0.89	0.1755	0.2931	1.349
whiten	self	0.4	0.9604	0.4	1288	687	640	0.9316	0.4969	0.6481	0.5334	0.9056	0.1736	0.2914	1.336
whiten	self	0.4	0.9604	0.45	1288	674	629	0.9332	0.4884	0.6412	0.5233	0.9165	0.1694	0.2859	1.312
whiten	self	0.4	0.9604	0.5	1288	653	612	0.9372	0.4752	0.6306	0.507	0.9206	0.1636	0.2779	1.297
whiten	self	0.4	0.9604	0.55	1288	639	607	0.9499	0.4713	0.63	0.4961	0.9344	0.1625	0.2768	1.297
whiten	self	0.4	0.9604	0.6	1288	619	592	0.9564	0.4596	0.6209	0.4806	0.9412	0.1603	0.2739	1.299
whiten	self	0.4	0.9604	0.65	1288	598	580	0.9699	0.4503	0.6151	0.4643	0.955	0.1578	0.2709	1.293
whiten	self	0.4	0.9604	0.7	1288	582	568	0.9759	0.441	0.6075	0.4519	0.9606	0.1531	0.2641	1.289
whiten	self	0.4	0.9604	0.75	1288	559	554	0.9911	0.4301	0.5999	0.434	0.9769	0.1496	0.2595	1.284
whiten	self	0.4	0.9604	0.8	1288	546	543	0.9945	0.4216	0.5921	0.4239	0.9809	0.1466	0.2551	1.275
whiten	self	0.4	0.9604	0.85	1288	538	536	0.9963	0.4161	0.5871	0.4177	0.9834	0.1444	0.2518	1.273
whiten	self	0.4	0.9604	0.9	1288	523	523	1.0	0.4061	0.5776	0.4061	0.9868	0.1403	0.2457	1.281
whiten	self	0.45	0.9925	0.0	1288	708	708	1.0	0.5497	0.7094	0.5497	0.7213	0.2016	0.3151	5.014
whiten	self	0.45	0.9925	0.05	1288	708	701	0.9901	0.5443	0.7024	0.5497	0.7695	0.1968	0.3135	3.112
whiten	self	0.45	0.9925	0.1	1288	707	682	0.9646	0.5295	0.6837	0.5489	0.8097	0.1898	0.3075	2.221
whiten	self	0.45	0.9925	0.15	1288	704	662	0.9403	0.514	0.6647	0.5466	0.8312	0.1833	0.3003	1.826
whiten	self	0.45	0.9925	0.2	1288	695	646	0.9295	0.5016	0.6515	0.5396	0.8533	0.1795	0.2966	1.591
whiten	self	0.45	0.9925	0.25	1288	682	630	0.9238	0.4891	0.6396	0.5295	0.8621	0.1734	0.2888	1.463
whiten	self	0.45	0.9925	0.3	1288	666	619	0.9294	0.4806	0.6336	0.5171	0.8861	0.1712	0.287	1.388
whiten	self	0.45	0.9925	0.35	1288	653	608	0.9311	0.472	0.6265	0.507	0.8997	0.1679	0.283	1.352
whiten	self	0.45	0.9925	0.4	1288	637	600	0.9419	0.4658	0.6234	0.4946	0.9169	0.1661	0.2813	1.339
whiten	self	0.45	0.9925	0.45	1288	625	590	0.944	0.4581	0.6168	0.4852	0.9268	0.1619	0.2756	1.314
whiten	self	0.45	0.9925	0.5	1288	608	575	0.9457	0.4464	0.6065	0.472	0.9287	0.1568	0.2683	1.309
whiten	self	0.45	0.9925	0.55	1288	597	571	0.9564	0.4433	0.6058	0.4635	0.9407	0.1557	0.2672	1.308
whiten	self	0.45	0.9925	0.6	1288	581	559	0.9621	0.434	0.5982	0.4511	0.9468	0.1538	0.2647	1.308
whiten	self	0.45	0.9925	0.65	1288	561	547	0.975	0.4247	0.5917	0.4356	0.9592	0.1513	0.2614	1.303
whiten	self	0.45	0.9925	0.7	1288	549	539	0.9818	0.4185	0.5868	0.4262	0.9655	0.1478	0.2564	1.299
whiten	self	0.45	0.9925	0.75	1288	531	528	0.9944	0.4099	0.5805	0.4123	0.9794	0.1451	0.2527	1.296
whiten	self	0.45	0.9925	0.8	1288	522	520	0.9962	0.4037	0.5746	0.4053	0.982	0.143	0.2497	1.285
whiten	self	0.45	0.9925	0.85	1288	516	515	0.9981	0.3998	0.571	0.4006	0.9847	0.1409	0.2466	1.283
whiten	self	0.45	0.9925	0.9	1288	506	506	1.0	0.3929	0.5641	0.3929	0.9863	0.1372	0.2409	1.289
whiten	self	0.5	0.9987	0.0	1288	644	644	1.0	0.5	0.6667	0.5	0.7444	0.1841	0.2952	4.652
whiten	self	0.5	0.9987	0.05	1288	644	638	0.9907	0.4953	0.6605	0.5	0.7898	0.1798	0.293	2.927
whiten	self	0.5	0.9987	0.1	1288	644	625	0.9705	0.4852	0.647	0.5	0.8288	0.1754	0.2896	2.102
whiten	self	0.5	0.9987	0.15	1288	642	612	0.9533	0.4752	0.6342	0.4984	0.85	0.1699	0.2833	1.765
whiten	self	0.5	0.9987	0.2	1288	633	600	0.9479	0.4658	0.6247	0.4915	0.8736	0.1669	0.2802	1.544
whiten	self	0.5	0.9987	0.25	1288	623	586	0.9406	0.455	0.6133	0.4837	0.8807	0.1626	0.2745	1.44
whiten	self	0.5	0.9987	0.3	1288	609	575	0.9442	0.4464	0.6062	0.4728	0.9023	0.1604	0.2723	1.368
whiten	self	0.5	0.9987	0.35	1288	600	565	0.9417	0.4387	0.5985	0.4658	0.9095	0.1572	0.2681	1.346
whiten	self	0.5	0.9987	0.4	1288	590	559	0.9475	0.434	0.5953	0.4581	0.9225	0.1559	0.2667	1.332
whiten	self	0.5	0.9987	0.45	1288	580	550	0.9483	0.427	0.5889	0.4503	0.9306	0.1518	0.2611	1.309
whiten	self	0.5	0.9987	0.5	1288	566	537	0.9488	0.4169	0.5793	0.4394	0.9314	0.1472	0.2542	1.302
whiten	self	0.5	0.9987	0.55	1288	556	534	0.9604	0.4146	0.5792	0.4317	0.9444	0.1469	0.2542	1.3
whiten	self	0.5	0.9987	0.6	1288	542	524	0.9668	0.4068	0.5727	0.4208	0.9513	0.1451	0.2518	1.299
whiten	self	0.5	0.9987	0.65	1288	527	513	0.9734	0.3983	0.5653	0.4092	0.9575	0.1427	0.2484	1.298
whiten	self	0.5	0.9987	0.7	1288	515	505	0.9806	0.3921	0.5602	0.3998	0.9642	0.1392	0.2433	1.293
whiten	self	0.5	0.9987	0.75	1288	497	494	0.994	0.3835	0.5535	0.3859	0.978	0.1365	0.2395	1.294
whiten	self	0.5	0.9987	0.8	1288	492	490	0.9959	0.3804	0.5506	0.382	0.9809	0.1353	0.2378	1.289
whiten	self	0.5	0.9987	0.85	1288	487	486	0.9979	0.3773	0.5476	0.3781	0.9837	0.1333	0.2348	1.287
whiten	self	0.5	0.9987	0.9	1288	479	479	1.0	0.3719	0.5422	0.3719	0.9856	0.1305	0.2305	1.292
whiten	self	0.55	1.0	0.0	1288	585	585	1.0	0.4542	0.6247	0.4542	0.7515	0.166	0.2719	4.692
whiten	self	0.55	1.0	0.05	1288	585	580	0.9915	0.4503	0.6193	0.4542	0.7967	0.1624	0.2698	2.925
whiten	self	0.55	1.0	0.1	1288	585	568	0.9709	0.441	0.6065	0.4542	0.8348	0.158	0.2658	2.075
whiten	self	0.55	1.0	0.15	1288	583	555	0.952	0.4309	0.5933	0.4526	0.8549	0.1526	0.2589	1.731
whiten	self	0.55	1.0	0.2	1288	575	545	0.9478	0.4231	0.5851	0.4464	0.8791	0.1501	0.2564	1.507
whiten	self	0.55	1.0	0.25	1288	565	533	0.9434	0.4138	0.5753	0.4387	0.8861	0.1462	0.251	1.434
whiten	self	0.55	1.0	0.3	1288	553	524	0.9476	0.4068	0.5693	0.4293	0.906	0.1443	0.2489	1.366
whiten	self	0.55	1.0	0.35	1288	544	515	0.9467	0.3998	0.5622	0.4224	0.9139	0.1413	0.2447	1.349
whiten	self	0.55	1.0	0.4	1288	535	510	0.9533	0.396	0.5595	0.4154	0.9285	0.1401	0.2434	1.333
whiten	self	0.55	1.0	0.45	1288	527	502	0.9526	0.3898	0.5532	0.4092	0.9341	0.1365	0.2381	1.319
whiten	self	0.55	1.0	0.5	1288	515	491	0.9534	0.3812	0.5446	0.3998	0.9352	0.1325	0.2322	1.312
whiten	self	0.55	1.0	0.55	1288	506	488	0.9644	0.3789	0.544	0.3929	0.9478	0.1323	0.2321	1.31
whiten	self	0.55	1.0	0.6	1288	492	478	0.9715	0.3711	0.5371	0.382	0.9555	0.1305	0.2296	1.309
whiten	self	0.55	1.0	0.65	1288	480	469	0.9771	0.3641	0.5305	0.3727	0.9606	0.1284	0.2265	1.306
whiten	self	0.55	1.0	0.7	1288	470	462	0.983	0.3587	0.5256	0.3649	0.9661	0.1256	0.2224	1.3
whiten	self	0.55	1.0	0.75	1288	456	454	0.9956	0.3525	0.5206	0.354	0.9793	0.1239	0.22	1.298
whiten	self	0.55	1.0	0.8	1288	452	450	0.9956	0.3494	0.5172	0.3509	0.9792	0.1228	0.2182	1.294
whiten	self	0.55	1.0	0.85	1288	447	446	0.9978	0.3463	0.5141	0.347	0.9823	0.1208	0.2151	1.293
whiten	self	0.55	1.0	0.9	1288	441	441	1.0	0.3424	0.5101	0.3424	0.9843	0.1188	0.2121	1.297
whiten	self	0.6	1.0	0.0	1288	542	542	1.0	0.4208	0.5923	0.4208	0.7524	0.1539	0.2555	4.725
whiten	self	0.6	1.0	0.05	1288	542	537	0.9908	0.4169	0.5869	0.4208	0.7971	0.1505	0.2532	2.97
whiten	self	0.6	1.0	0.1	1288	542	527	0.9723	0.4092	0.576	0.4208	0.8341	0.1472	0.2502	2.111
whiten	self	0.6	1.0	0.15	1288	540	515	0.9537	0.3998	0.5635	0.4193	0.8549	0.142	0.2435	1.763
whiten	self	0.6	1.0	0.2	1288	533	506	0.9493	0.3929	0.5557	0.4138	0.8791	0.1396	0.2409	1.528
whiten	self	0.6	1.0	0.25	1288	526	494	0.9392	0.3835	0.5447	0.4084	0.8816	0.1357	0.2352	1.447
whiten	self	0.6	1.0	0.3	1288	514	486	0.9455	0.3773	0.5394	0.3991	0.9039	0.1338	0.2331	1.376
whiten	self	0.6	1.0	0.35	1288	505	477	0.9446	0.3703	0.5321	0.3921	0.9124	0.1308	0.2288	1.358
whiten	self	0.6	1.0	0.4	1288	496	472	0.9516	0.3665	0.5291	0.3851	0.9281	0.1296	0.2274	1.341
whiten	self	0.6	1.0	0.45	1288	488	464	0.9508	0.3602	0.5225	0.3789	0.9331	0.126	0.222	1.328
whiten	self	0.6	1.0	0.5	1288	477	454	0.9518	0.3525	0.5144	0.3703	0.9357	0.1228	0.2172	1.325
whiten	self	0.6	1.0	0.55	1288	468	451	0.9637	0.3502	0.5137	0.3634	0.9473	0.1225	0.217	1.323
whiten	self	0.6	1.0	0.6	1288	454	441	0.9714	0.3424	0.5063	0.3525	0.9556	0.1208	0.2145	1.322
whiten	self	0.6	1.0	0.65	1288	442	432	0.9774	0.3354	0.4994	0.3432	0.9612	0.1187	0.2113	1.319
whiten	self	0.6	1.0	0.7	1288	433	426	0.9838	0.3307	0.4951	0.3362	0.9673	0.1159	0.2071	1.312
whiten	self	0.6	1.0	0.75	1288	422	420	0.9953	0.3261	0.4912	0.3276	0.9795	0.1143	0.2048	1.308
whiten	self	0.6	1.0	0.8	1288	418	416	0.9952	0.323	0.4877	0.3245	0.9793	0.1132	0.2029	1.304
whiten	self	0.6	1.0	0.85	1288	413	412	0.9976	0.3199	0.4844	0.3207	0.9826	0.1112	0.1998	1.303
whiten	self	0.6	1.0	0.9	1288	408	408	1.0	0.3168	0.4811	0.3168	0.9849	0.1095	0.197	1.306
whiten	self	0.65	1.0	0.0	1288	454	454	1.0	0.3525	0.5212	0.3525	0.7451	0.1306	0.2223	5.042
whiten	self	0.65	1.0	0.05	1288	454	450	0.9912	0.3494	0.5166	0.3525	0.7886	0.1276	0.2197	3.141
whiten	self	0.65	1.0	0.1	1288	454	441	0.9714	0.3424	0.5063	0.3525	0.8261	0.1246	0.2166	2.205
whiten	self	0.65	1.0	0.15	1288	452	430	0.9513	0.3339	0.4943	0.3509	0.8474	0.1196	0.2097	1.808
whiten	self	0.65	1.0	0.2	1288	445	422	0.9483	0.3276	0.487	0.3455	0.875	0.1173	0.2069	1.538
whiten	self	0.65	1.0	0.25	1288	438	412	0.9406	0.3199	0.4774	0.3401	0.878	0.1139	0.2016	1.452
whiten	self	0.65	1.0	0.3	1288	427	404	0.9461	0.3137	0.4711	0.3315	0.9027	0.112	0.1993	1.371
whiten	self	0.65	1.0	0.35	1288	419	396	0.9451	0.3075	0.464	0.3253	0.9123	0.1098	0.1961	1.352
whiten	self	0.65	1.0	0.4	1288	411	392	0.9538	0.3043	0.4614	0.3191	0.9315	0.1087	0.1946	1.333
whiten	self	0.65	1.0	0.45	1288	404	386	0.9554	0.2997	0.4563	0.3137	0.9377	0.1066	0.1914	1.322
whiten	self	0.65	1.0	0.5	1288	397	379	0.9547	0.2943	0.4499	0.3082	0.9379	0.1046	0.1881	1.32
whiten	self	0.65	1.0	0.55	1288	391	376	0.9616	0.2919	0.4479	0.3036	0.9446	0.1043	0.1878	1.317
whiten	self	0.65	1.0	0.6	1288	379	367	0.9683	0.2849	0.4403	0.2943	0.9521	0.1026	0.1853	1.317
whiten	self	0.65	1.0	0.65	1288	369	360	0.9756	0.2795	0.4345	0.2865	0.9589	0.1006	0.1822	1.312
whiten	self	0.65	1.0	0.7	1288	361	354	0.9806	0.2748	0.4294	0.2803	0.9635	0.0979	0.1777	1.305
whiten	self	0.65	1.0	0.75	1288	350	348	0.9943	0.2702	0.4249	0.2717	0.9781	0.0963	0.1753	1.3
whiten	self	0.65	1.0	0.8	1288	346	344	0.9942	0.2671	0.4211	0.2686	0.9778	0.0951	0.1734	1.295
whiten	self	0.65	1.0	0.85	1288	341	340	0.9971	0.264	0.4174	0.2648	0.9804	0.0932	0.1702	1.296
whiten	self	0.65	1.0	0.9	1288	337	337	1.0	0.2616	0.4148	0.2616	0.9832	0.0915	0.1675	1.3
whiten	self	0.7	1.0	0.0	1288	454	454	1.0	0.3525	0.5212	0.3525	0.7451	0.1306	0.2223	5.042
whiten	self	0.7	1.0	0.05	1288	454	450	0.9912	0.3494	0.5166	0.3525	0.7886	0.1276	0.2197	3.141
whiten	self	0.7	1.0	0.1	1288	454	441	0.9714	0.3424	0.5063	0.3525	0.8261	0.1246	0.2166	2.205
whiten	self	0.7	1.0	0.15	1288	452	430	0.9513	0.3339	0.4943	0.3509	0.8474	0.1196	0.2097	1.808
whiten	self	0.7	1.0	0.2	1288	445	422	0.9483	0.3276	0.487	0.3455	0.875	0.1173	0.2069	1.538
whiten	self	0.7	1.0	0.25	1288	438	412	0.9406	0.3199	0.4774	0.3401	0.878	0.1139	0.2016	1.452
whiten	self	0.7	1.0	0.3	1288	427	404	0.9461	0.3137	0.4711	0.3315	0.9027	0.112	0.1993	1.371
whiten	self	0.7	1.0	0.35	1288	419	396	0.9451	0.3075	0.464	0.3253	0.9123	0.1098	0.1961	1.352
whiten	self	0.7	1.0	0.4	1288	411	392	0.9538	0.3043	0.4614	0.3191	0.9315	0.1087	0.1946	1.333
whiten	self	0.7	1.0	0.45	1288	404	386	0.9554	0.2997	0.4563	0.3137	0.9377	0.1066	0.1914	1.322
whiten	self	0.7	1.0	0.5	1288	397	379	0.9547	0.2943	0.4499	0.3082	0.9379	0.1046	0.1881	1.32
whiten	self	0.7	1.0	0.55	1288	391	376	0.9616	0.2919	0.4479	0.3036	0.9446	0.1043	0.1878	1.317
whiten	self	0.7	1.0	0.6	1288	379	367	0.9683	0.2849	0.4403	0.2943	0.9521	0.1026	0.1853	1.317
whiten	self	0.7	1.0	0.65	1288	369	360	0.9756	0.2795	0.4345	0.2865	0.9589	0.1006	0.1822	1.312
whiten	self	0.7	1.0	0.7	1288	361	354	0.9806	0.2748	0.4294	0.2803	0.9635	0.0979	0.1777	1.305
whiten	self	0.7	1.0	0.75	1288	350	348	0.9943	0.2702	0.4249	0.2717	0.9781	0.0963	0.1753	1.3
whiten	self	0.7	1.0	0.8	1288	346	344	0.9942	0.2671	0.4211	0.2686	0.9778	0.0951	0.1734	1.295
whiten	self	0.7	1.0	0.85	1288	341	340	0.9971	0.264	0.4174	0.2648	0.9804	0.0932	0.1702	1.296
whiten	self	0.7	1.0	0.9	1288	337	337	1.0	0.2616	0.4148	0.2616	0.9832	0.0915	0.1675	1.3
whiten	self	0.75	1.0	0.0	1288	333	333	1.0	0.2585	0.4109	0.2585	0.762	0.0922	0.1645	4.904
whiten	self	0.75	1.0	0.05	1288	333	331	0.994	0.257	0.4084	0.2585	0.8038	0.0907	0.1629	3.087
whiten	self	0.75	1.0	0.1	1288	333	324	0.973	0.2516	0.3998	0.2585	0.8381	0.0882	0.1596	2.159
whiten	self	0.75	1.0	0.15	1288	331	317	0.9577	0.2461	0.3916	0.257	0.8526	0.0858	0.1559	1.834
whiten	self	0.75	1.0	0.2	1288	325	311	0.9569	0.2415	0.3856	0.2523	0.8815	0.0842	0.1538	1.555
whiten	self	0.75	1.0	0.25	1288	322	303	0.941	0.2352	0.3764	0.25	0.8816	0.0812	0.1487	1.449
whiten	self	0.75	1.0	0.3	1288	314	299	0.9522	0.2321	0.3733	0.2438	0.9132	0.0805	0.148	1.359
whiten	self	0.75	1.0	0.35	1288	307	292	0.9511	0.2267	0.3661	0.2384	0.9199	0.0783	0.1444	1.338
whiten	self	0.75	1.0	0.4	1288	300	288	0.96	0.2236	0.3627	0.2329	0.9406	0.0772	0.1427	1.32
whiten	self	0.75	1.0	0.45	1288	296	285	0.9628	0.2213	0.3598	0.2298	0.9465	0.0761	0.1408	1.314
whiten	self	0.75	1.0	0.5	1288	291	281	0.9656	0.2182	0.3559	0.2259	0.949	0.0752	0.1394	1.316
whiten	self	0.75	1.0	0.55	1288	287	279	0.9721	0.2166	0.3543	0.2228	0.9553	0.0751	0.1392	1.321
whiten	self	0.75	1.0	0.6	1288	279	273	0.9785	0.212	0.3484	0.2166	0.963	0.0741	0.1377	1.319
whiten	self	0.75	1.0	0.65	1288	273	269	0.9853	0.2089	0.3447	0.212	0.9695	0.0727	0.1353	1.308
whiten	self	0.75	1.0	0.7	1288	268	265	0.9888	0.2057	0.3406	0.2081	0.9726	0.071	0.1324	1.299
whiten	self	0.75	1.0	0.75	1288	261	260	0.9962	0.2019	0.3357	0.2026	0.9815	0.0698	0.1304	1.291
whiten	self	0.75	1.0	0.8	1288	258	257	0.9961	0.1995	0.3325	0.2003	0.9813	0.0688	0.1285	1.283
whiten	self	0.75	1.0	0.85	1288	256	256	1.0	0.1988	0.3316	0.1988	0.985	0.0687	0.1285	1.285
whiten	self	0.75	1.0	0.9	1288	254	254	1.0	0.1972	0.3294	0.1972	0.9849	0.0672	0.1258	1.287
whiten	self	0.8	1.0	0.0	1288	333	333	1.0	0.2585	0.4109	0.2585	0.762	0.0922	0.1645	4.904
whiten	self	0.8	1.0	0.05	1288	333	331	0.994	0.257	0.4084	0.2585	0.8038	0.0907	0.1629	3.087
whiten	self	0.8	1.0	0.1	1288	333	324	0.973	0.2516	0.3998	0.2585	0.8381	0.0882	0.1596	2.159
whiten	self	0.8	1.0	0.15	1288	331	317	0.9577	0.2461	0.3916	0.257	0.8526	0.0858	0.1559	1.834
whiten	self	0.8	1.0	0.2	1288	325	311	0.9569	0.2415	0.3856	0.2523	0.8815	0.0842	0.1538	1.555
whiten	self	0.8	1.0	0.25	1288	322	303	0.941	0.2352	0.3764	0.25	0.8816	0.0812	0.1487	1.449
whiten	self	0.8	1.0	0.3	1288	314	299	0.9522	0.2321	0.3733	0.2438	0.9132	0.0805	0.148	1.359
whiten	self	0.8	1.0	0.35	1288	307	292	0.9511	0.2267	0.3661	0.2384	0.9199	0.0783	0.1444	1.338
whiten	self	0.8	1.0	0.4	1288	300	288	0.96	0.2236	0.3627	0.2329	0.9406	0.0772	0.1427	1.32
whiten	self	0.8	1.0	0.45	1288	296	285	0.9628	0.2213	0.3598	0.2298	0.9465	0.0761	0.1408	1.314
whiten	self	0.8	1.0	0.5	1288	291	281	0.9656	0.2182	0.3559	0.2259	0.949	0.0752	0.1394	1.316
whiten	self	0.8	1.0	0.55	1288	287	279	0.9721	0.2166	0.3543	0.2228	0.9553	0.0751	0.1392	1.321
whiten	self	0.8	1.0	0.6	1288	279	273	0.9785	0.212	0.3484	0.2166	0.963	0.0741	0.1377	1.319
whiten	self	0.8	1.0	0.65	1288	273	269	0.9853	0.2089	0.3447	0.212	0.9695	0.0727	0.1353	1.308
whiten	self	0.8	1.0	0.7	1288	268	265	0.9888	0.2057	0.3406	0.2081	0.9726	0.071	0.1324	1.299
whiten	self	0.8	1.0	0.75	1288	261	260	0.9962	0.2019	0.3357	0.2026	0.9815	0.0698	0.1304	1.291
whiten	self	0.8	1.0	0.8	1288	258	257	0.9961	0.1995	0.3325	0.2003	0.9813	0.0688	0.1285	1.283
whiten	self	0.8	1.0	0.85	1288	256	256	1.0	0.1988	0.3316	0.1988	0.985	0.0687	0.1285	1.285
whiten	self	0.8	1.0	0.9	1288	254	254	1.0	0.1972	0.3294	0.1972	0.9849	0.0672	0.1258	1.287
whiten	self	0.85	1.0	0.0	1288	333	333	1.0	0.2585	0.4109	0.2585	0.762	0.0922	0.1645	4.904
whiten	self	0.85	1.0	0.05	1288	333	331	0.994	0.257	0.4084	0.2585	0.8038	0.0907	0.1629	3.087
whiten	self	0.85	1.0	0.1	1288	333	324	0.973	0.2516	0.3998	0.2585	0.8381	0.0882	0.1596	2.159
whiten	self	0.85	1.0	0.15	1288	331	317	0.9577	0.2461	0.3916	0.257	0.8526	0.0858	0.1559	1.834
whiten	self	0.85	1.0	0.2	1288	325	311	0.9569	0.2415	0.3856	0.2523	0.8815	0.0842	0.1538	1.555
whiten	self	0.85	1.0	0.25	1288	322	303	0.941	0.2352	0.3764	0.25	0.8816	0.0812	0.1487	1.449
whiten	self	0.85	1.0	0.3	1288	314	299	0.9522	0.2321	0.3733	0.2438	0.9132	0.0805	0.148	1.359
whiten	self	0.85	1.0	0.35	1288	307	292	0.9511	0.2267	0.3661	0.2384	0.9199	0.0783	0.1444	1.338
whiten	self	0.85	1.0	0.4	1288	300	288	0.96	0.2236	0.3627	0.2329	0.9406	0.0772	0.1427	1.32
whiten	self	0.85	1.0	0.45	1288	296	285	0.9628	0.2213	0.3598	0.2298	0.9465	0.0761	0.1408	1.314
whiten	self	0.85	1.0	0.5	1288	291	281	0.9656	0.2182	0.3559	0.2259	0.949	0.0752	0.1394	1.316
whiten	self	0.85	1.0	0.55	1288	287	279	0.9721	0.2166	0.3543	0.2228	0.9553	0.0751	0.1392	1.321
whiten	self	0.85	1.0	0.6	1288	279	273	0.9785	0.212	0.3484	0.2166	0.963	0.0741	0.1377	1.319
whiten	self	0.85	1.0	0.65	1288	273	269	0.9853	0.2089	0.3447	0.212	0.9695	0.0727	0.1353	1.308
whiten	self	0.85	1.0	0.7	1288	268	265	0.9888	0.2057	0.3406	0.2081	0.9726	0.071	0.1324	1.299
whiten	self	0.85	1.0	0.75	1288	261	260	0.9962	0.2019	0.3357	0.2026	0.9815	0.0698	0.1304	1.291
whiten	self	0.85	1.0	0.8	1288	258	257	0.9961	0.1995	0.3325	0.2003	0.9813	0.0688	0.1285	1.283
whiten	self	0.85	1.0	0.85	1288	256	256	1.0	0.1988	0.3316	0.1988	0.985	0.0687	0.1285	1.285
whiten	self	0.85	1.0	0.9	1288	254	254	1.0	0.1972	0.3294	0.1972	0.9849	0.0672	0.1258	1.287
whiten	self	0.9	1.0	0.0	1288	185	185	1.0	0.1436	0.2512	0.1436	0.7351	0.0497	0.0932	5.524
whiten	self	0.9	1.0	0.05	1288	185	183	0.9892	0.1421	0.2485	0.1436	0.7738	0.0484	0.0911	3.33
whiten	self	0.9	1.0	0.1	1288	185	180	0.973	0.1398	0.2444	0.1436	0.8088	0.0468	0.0885	2.178
whiten	self	0.9	1.0	0.15	1288	184	176	0.9565	0.1366	0.2391	0.1429	0.8206	0.0459	0.0869	1.811
whiten	self	0.9	1.0	0.2	1288	179	171	0.9553	0.1328	0.2331	0.139	0.8549	0.0448	0.0852	1.55
whiten	self	0.9	1.0	0.25	1288	177	165	0.9322	0.1281	0.2253	0.1374	0.853	0.0424	0.0808	1.466
whiten	self	0.9	1.0	0.3	1288	171	162	0.9474	0.1258	0.2221	0.1328	0.8934	0.0421	0.0804	1.36
whiten	self	0.9	1.0	0.35	1288	166	157	0.9458	0.1219	0.216	0.1289	0.8962	0.0402	0.0769	1.353
whiten	self	0.9	1.0	0.4	1288	161	153	0.9503	0.1188	0.2112	0.125	0.9224	0.0391	0.075	1.323
whiten	self	0.9	1.0	0.45	1288	158	151	0.9557	0.1172	0.2089	0.1227	0.9335	0.0381	0.0733	1.31
whiten	self	0.9	1.0	0.5	1288	153	147	0.9608	0.1141	0.204	0.1188	0.9379	0.0374	0.0719	1.32
whiten	self	0.9	1.0	0.55	1288	151	146	0.9669	0.1134	0.2029	0.1172	0.9437	0.0373	0.0717	1.325
whiten	self	0.9	1.0	0.6	1288	147	143	0.9728	0.111	0.1993	0.1141	0.9524	0.0369	0.071	1.32
whiten	self	0.9	1.0	0.65	1288	145	142	0.9793	0.1102	0.1982	0.1126	0.9586	0.0364	0.0701	1.303
whiten	self	0.9	1.0	0.7	1288	144	141	0.9792	0.1095	0.1969	0.1118	0.9583	0.0361	0.0696	1.292
whiten	self	0.9	1.0	0.75	1288	139	138	0.9928	0.1071	0.1934	0.1079	0.9712	0.0354	0.0684	1.295
whiten	self	0.9	1.0	0.8	1288	138	137	0.9928	0.1064	0.1921	0.1071	0.971	0.035	0.0677	1.297
whiten	self	0.9	1.0	0.85	1288	136	136	1.0	0.1056	0.191	0.1056	0.9779	0.035	0.0676	1.301
whiten	self	0.9	1.0	0.9	1288	136	136	1.0	0.1056	0.191	0.1056	0.9779	0.035	0.0676	1.301
whiten	self	0.95	1.0	0.0	1288	100	100	1.0	0.0776	0.1441	0.0776	0.7717	0.0281	0.0542	5.29
whiten	self	0.95	1.0	0.05	1288	100	98	0.98	0.0761	0.1412	0.0776	0.8012	0.0272	0.0527	3.24
whiten	self	0.95	1.0	0.1	1288	100	96	0.96	0.0745	0.1383	0.0776	0.8236	0.0259	0.0502	2.26
whiten	self	0.95	1.0	0.15	1288	100	94	0.94	0.073	0.1354	0.0776	0.8308	0.025	0.0486	1.82
whiten	self	0.95	1.0	0.2	1288	100	93	0.93	0.0722	0.134	0.0776	0.834	0.0249	0.0484	1.63
whiten	self	0.95	1.0	0.25	1288	100	90	0.9	0.0699	0.1297	0.0776	0.8283	0.0239	0.0465	1.53
whiten	self	0.95	1.0	0.3	1288	96	89	0.9271	0.0691	0.1286	0.0745	0.8663	0.0237	0.0461	1.458
whiten	self	0.95	1.0	0.35	1288	95	88	0.9263	0.0683	0.1273	0.0738	0.8702	0.0233	0.0454	1.442
whiten	self	0.95	1.0	0.4	1288	92	86	0.9348	0.0668	0.1246	0.0714	0.8949	0.0231	0.045	1.413
whiten	self	0.95	1.0	0.45	1288	90	85	0.9444	0.066	0.1234	0.0699	0.9148	0.0225	0.0439	1.389
whiten	self	0.95	1.0	0.5	1288	85	81	0.9529	0.0629	0.118	0.066	0.9216	0.0217	0.0425	1.412
whiten	self	0.95	1.0	0.55	1288	83	80	0.9639	0.0621	0.1167	0.0644	0.9317	0.0216	0.0422	1.422
whiten	self	0.95	1.0	0.6	1288	81	78	0.963	0.0606	0.114	0.0629	0.9362	0.0214	0.0418	1.407
whiten	self	0.95	1.0	0.65	1288	80	78	0.975	0.0606	0.114	0.0621	0.9479	0.0212	0.0416	1.375
whiten	self	0.95	1.0	0.7	1288	79	77	0.9747	0.0598	0.1127	0.0613	0.9473	0.0211	0.0413	1.38
whiten	self	0.95	1.0	0.75	1288	78	77	0.9872	0.0598	0.1127	0.0606	0.9594	0.0211	0.0414	1.385
whiten	self	0.95	1.0	0.8	1288	78	77	0.9872	0.0598	0.1127	0.0606	0.9594	0.0211	0.0414	1.385
whiten	self	0.95	1.0	0.85	1288	77	77	1.0	0.0598	0.1128	0.0598	0.9719	0.0211	0.0414	1.39
whiten	self	0.95	1.0	0.9	1288	77	77	1.0	0.0598	0.1128	0.0598	0.9719	0.0211	0.0414	1.39
whiten	twin	0.0	0.2226	0.0	1288	1284	1010	0.7866	0.7842	0.7854	0.9969	0.4533	0.2836	0.3489	8.29
whiten	twin	0.0	0.2226	0.05	1288	1284	950	0.7399	0.7376	0.7387	0.9969	0.4965	0.2599	0.3412	4.453
whiten	twin	0.0	0.2226	0.1	1288	1273	887	0.6968	0.6887	0.6927	0.9884	0.5299	0.2416	0.3319	2.771
whiten	twin	0.0	0.2226	0.15	1288	1249	836	0.6693	0.6491	0.659	0.9697	0.5449	0.2278	0.3213	2.097
whiten	twin	0.0	0.2226	0.2	1288	1211	797	0.6581	0.6188	0.6379	0.9402	0.5703	0.2181	0.3155	1.728
whiten	twin	0.0	0.2226	0.25	1288	1164	771	0.6624	0.5986	0.6289	0.9037	0.5955	0.2078	0.3081	1.519
whiten	twin	0.0	0.2226	0.3	1288	1108	753	0.6796	0.5846	0.6285	0.8602	0.6207	0.2021	0.3049	1.41
whiten	twin	0.0	0.2226	0.35	1288	1061	740	0.6975	0.5745	0.6301	0.8238	0.6467	0.1991	0.3045	1.342
whiten	twin	0.0	0.2226	0.4	1288	1002	722	0.7206	0.5606	0.6306	0.778	0.6751	0.1921	0.299	1.308
whiten	twin	0.0	0.2226	0.45	1288	956	699	0.7312	0.5427	0.623	0.7422	0.6953	0.1845	0.2916	1.26
whiten	twin	0.0	0.2226	0.5	1288	913	683	0.7481	0.5303	0.6206	0.7089	0.7165	0.1806	0.2885	1.24
whiten	twin	0.0	0.2226	0.55	1288	865	655	0.7572	0.5085	0.6085	0.6716	0.7257	0.1725	0.2787	1.244
whiten	twin	0.0	0.2226	0.6	1288	813	635	0.7811	0.493	0.6045	0.6312	0.7527	0.1663	0.2724	1.244
whiten	twin	0.0	0.2226	0.65	1288	773	620	0.8021	0.4814	0.6016	0.6002	0.775	0.1615	0.2674	1.23
whiten	twin	0.0	0.2226	0.7	1288	735	608	0.8272	0.472	0.6011	0.5707	0.8026	0.1593	0.2658	1.231
whiten	twin	0.0	0.2226	0.75	1288	700	592	0.8457	0.4596	0.5956	0.5435	0.8227	0.1546	0.2603	1.227
whiten	twin	0.0	0.2226	0.8	1288	655	584	0.8916	0.4534	0.6011	0.5085	0.8711	0.1522	0.2591	1.23
whiten	twin	0.0	0.2226	0.85	1288	627	572	0.9123	0.4441	0.5974	0.4868	0.8954	0.1497	0.2564	1.224
whiten	twin	0.0	0.2226	0.9	1288	581	543	0.9346	0.4216	0.5811	0.4511	0.9192	0.1431	0.2477	1.218
whiten	twin	0.05	0.3417	0.0	1288	1219	1005	0.8244	0.7803	0.8018	0.9464	0.4765	0.2816	0.354	7.987
whiten	twin	0.05	0.3417	0.05	1288	1219	946	0.776	0.7345	0.7547	0.9464	0.5217	0.2586	0.3458	4.348
whiten	twin	0.05	0.3417	0.1	1288	1210	883	0.7298	0.6856	0.707	0.9394	0.5562	0.2404	0.3357	2.722
whiten	twin	0.05	0.3417	0.15	1288	1188	832	0.7003	0.646	0.6721	0.9224	0.5717	0.2265	0.3244	2.061
whiten	twin	0.05	0.3417	0.2	1288	1155	793	0.6866	0.6157	0.6492	0.8967	0.5969	0.2168	0.3181	1.709
whiten	twin	0.05	0.3417	0.25	1288	1112	767	0.6897	0.5955	0.6392	0.8634	0.6223	0.2065	0.3101	1.515
whiten	twin	0.05	0.3417	0.3	1288	1064	749	0.7039	0.5815	0.6369	0.8261	0.6448	0.2008	0.3063	1.416
whiten	twin	0.05	0.3417	0.35	1288	1024	737	0.7197	0.5722	0.6375	0.795	0.669	0.1981	0.3057	1.348
whiten	twin	0.05	0.3417	0.4	1288	971	719	0.7405	0.5582	0.6366	0.7539	0.6956	0.191	0.2997	1.313
whiten	twin	0.05	0.3417	0.45	1288	929	696	0.7492	0.5404	0.6279	0.7213	0.7138	0.1834	0.2918	1.263
whiten	twin	0.05	0.3417	0.5	1288	890	680	0.764	0.528	0.6244	0.691	0.7329	0.1796	0.2885	1.243
whiten	twin	0.05	0.3417	0.55	1288	845	654	0.774	0.5078	0.6132	0.6561	0.743	0.1722	0.2797	1.247
whiten	twin	0.05	0.3417	0.6	1288	796	634	0.7965	0.4922	0.6084	0.618	0.7672	0.166	0.273	1.246
whiten	twin	0.05	0.3417	0.65	1288	758	619	0.8166	0.4806	0.6051	0.5885	0.7888	0.1613	0.2678	1.233
whiten	twin	0.05	0.3417	0.7	1288	721	607	0.8419	0.4713	0.6043	0.5598	0.8166	0.159	0.2662	1.234
whiten	twin	0.05	0.3417	0.75	1288	687	591	0.8603	0.4589	0.5985	0.5334	0.8366	0.1543	0.2606	1.23
whiten	twin	0.05	0.3417	0.8	1288	645	583	0.9039	0.4526	0.6032	0.5008	0.883	0.1519	0.2592	1.234
whiten	twin	0.05	0.3417	0.85	1288	620	571	0.921	0.4433	0.5985	0.4814	0.9039	0.1494	0.2564	1.226
whiten	twin	0.05	0.3417	0.9	1288	576	543	0.9427	0.4216	0.5826	0.4472	0.9272	0.1431	0.248	1.22
whiten	twin	0.1	0.4031	0.0	1288	1155	997	0.8632	0.7741	0.8162	0.8967	0.5018	0.2777	0.3576	7.655
whiten	twin	0.1	0.4031	0.05	1288	1155	942	0.8156	0.7314	0.7712	0.8967	0.5493	0.2566	0.3498	4.27
whiten	twin	0.1	0.4031	0.1	1288	1148	880	0.7666	0.6832	0.7225	0.8913	0.5858	0.2391	0.3396	2.698
whiten	twin	0.1	0.4031	0.15	1288	1129	830	0.7352	0.6444	0.6868	0.8766	0.6013	0.2253	0.3278	2.059
whiten	twin	0.1	0.4031	0.2	1288	1101	791	0.7184	0.6141	0.6622	0.8548	0.6261	0.2156	0.3208	1.711
whiten	twin	0.1	0.4031	0.25	1288	1063	765	0.7197	0.5939	0.6508	0.8253	0.6505	0.2054	0.3122	1.517
whiten	twin	0.1	0.4031	0.3	1288	1021	748	0.7326	0.5807	0.6479	0.7927	0.6723	0.2004	0.3088	1.419
whiten	twin	0.1	0.4031	0.35	1288	984	736	0.748	0.5714	0.6479	0.764	0.6966	0.1977	0.308	1.352
whiten	twin	0.1	0.4031	0.4	1288	935	718	0.7679	0.5575	0.646	0.7259	0.7229	0.1906	0.3017	1.318
whiten	twin	0.1	0.4031	0.45	1288	900	695	0.7722	0.5396	0.6353	0.6988	0.7368	0.183	0.2932	1.268
whiten	twin	0.1	0.4031	0.5	1288	867	679	0.7832	0.5272	0.6302	0.6731	0.7525	0.1792	0.2895	1.246
whiten	twin	0.1	0.4031	0.55	1288	824	653	0.7925	0.507	0.6184	0.6398	0.7621	0.1719	0.2805	1.252
whiten	twin	0.1	0.4031	0.6	1288	778	633	0.8136	0.4915	0.6128	0.604	0.7853	0.1656	0.2736	1.253
whiten	twin	0.1	0.4031	0.65	1288	741	618	0.834	0.4798	0.6092	0.5753	0.8074	0.1609	0.2683	1.239
whiten	twin	0.1	0.4031	0.7	1288	707	606	0.8571	0.4705	0.6075	0.5489	0.8335	0.1586	0.2665	1.239
whiten	twin	0.1	0.4031	0.75	1288	675	590	0.8741	0.4581	0.6011	0.5241	0.8511	0.1539	0.2607	1.235
whiten	twin	0.1	0.4031	0.8	1288	638	582	0.9122	0.4519	0.6044	0.4953	0.8911	0.1515	0.259	1.236
whiten	twin	0.1	0.4031	0.85	1288	614	570	0.9283	0.4425	0.5994	0.4767	0.911	0.149	0.2561	1.229
whiten	twin	0.1	0.4031	0.9	1288	571	542	0.9492	0.4208	0.5831	0.4433	0.9335	0.1427	0.2476	1.222
whiten	twin	0.15	0.4886	0.0	1288	1093	989	0.9048	0.7679	0.8307	0.8486	0.5306	0.276	0.3631	7.416
whiten	twin	0.15	0.4886	0.05	1288	1093	937	0.8573	0.7275	0.7871	0.8486	0.5803	0.255	0.3543	4.163
whiten	twin	0.15	0.4886	0.1	1288	1087	876	0.8059	0.6801	0.7377	0.8439	0.6189	0.2377	0.3435	2.663
whiten	twin	0.15	0.4886	0.15	1288	1070	828	0.7738	0.6429	0.7023	0.8307	0.6356	0.2252	0.3325	2.062
whiten	twin	0.15	0.4886	0.2	1288	1043	790	0.7574	0.6134	0.6778	0.8098	0.6626	0.2155	0.3252	1.721
whiten	twin	0.15	0.4886	0.25	1288	1012	764	0.7549	0.5932	0.6643	0.7857	0.6851	0.2053	0.3159	1.525
whiten	twin	0.15	0.4886	0.3	1288	972	747	0.7685	0.58	0.6611	0.7547	0.7081	0.2003	0.3123	1.427
whiten	twin	0.15	0.4886	0.35	1288	940	735	0.7819	0.5707	0.6598	0.7298	0.7312	0.1976	0.3111	1.358
whiten	twin	0.15	0.4886	0.4	1288	895	717	0.8011	0.5567	0.6569	0.6949	0.7575	0.1905	0.3045	1.322
whiten	twin	0.15	0.4886	0.45	1288	860	694	0.807	0.5388	0.6462	0.6677	0.7736	0.1829	0.2959	1.275
whiten	twin	0.15	0.4886	0.5	1288	828	678	0.8188	0.5264	0.6408	0.6429	0.7907	0.1791	0.292	1.253
whiten	twin	0.15	0.4886	0.55	1288	787	652	0.8285	0.5062	0.6284	0.611	0.8009	0.1717	0.2828	1.259
whiten	twin	0.15	0.4886	0.6	1288	745	632	0.8483	0.4907	0.6217	0.5784	0.8235	0.1655	0.2756	1.26
whiten	twin	0.15	0.4886	0.65	1288	711	617	0.8678	0.479	0.6173	0.552	0.8442	0.1608	0.2701	1.246
whiten	twin	0.15	0.4886	0.7	1288	680	605	0.8897	0.4697	0.6148	0.528	0.8698	0.1585	0.2682	1.246
whiten	twin	0.15	0.4886	0.75	1288	652	589	0.9034	0.4573	0.6072	0.5062	0.8847	0.1538	0.2621	1.24
whiten	twin	0.15	0.4886	0.8	1288	620	581	0.9371	0.4511	0.609	0.4814	0.9181	0.1514	0.2599	1.241
whiten	twin	0.15	0.4886	0.85	1288	601	569	0.9468	0.4418	0.6024	0.4666	0.929	0.1489	0.2567	1.23
whiten	twin	0.15	0.4886	0.9	1288	562	541	0.9626	0.42	0.5849	0.4363	0.9467	0.1426	0.2479	1.222
whiten	twin	0.2	0.5757	0.0	1288	1029	962	0.9349	0.7469	0.8304	0.7989	0.5574	0.2655	0.3597	7.121
whiten	twin	0.2	0.5757	0.05	1288	1029	918	0.8921	0.7127	0.7924	0.7989	0.6092	0.2482	0.3527	4.064
whiten	twin	0.2	0.5757	0.1	1288	1024	859	0.8389	0.6669	0.7431	0.795	0.6485	0.2326	0.3424	2.643
whiten	twin	0.2	0.5757	0.15	1288	1012	812	0.8024	0.6304	0.7061	0.7857	0.6651	0.2203	0.331	2.064
whiten	twin	0.2	0.5757	0.2	1288	990	775	0.7828	0.6017	0.6804	0.7686	0.6905	0.2107	0.3229	1.72
whiten	twin	0.2	0.5757	0.25	1288	959	751	0.7831	0.5831	0.6684	0.7446	0.7163	0.2013	0.3142	1.522
whiten	twin	0.2	0.5757	0.3	1288	924	735	0.7955	0.5707	0.6646	0.7174	0.7391	0.1966	0.3106	1.428
whiten	twin	0.2	0.5757	0.35	1288	897	725	0.8082	0.5629	0.6636	0.6964	0.761	0.1941	0.3093	1.367
whiten	twin	0.2	0.5757	0.4	1288	857	709	0.8273	0.5505	0.6611	0.6654	0.7868	0.1879	0.3034	1.331
whiten	twin	0.2	0.5757	0.45	1288	825	687	0.8327	0.5334	0.6503	0.6405	0.8034	0.1811	0.2956	1.28
whiten	twin	0.2	0.5757	0.5	1288	794	671	0.8451	0.521	0.6446	0.6165	0.8214	0.1773	0.2916	1.258
whiten	twin	0.2	0.5757	0.55	1288	754	646	0.8568	0.5016	0.6327	0.5854	0.8335	0.1702	0.2827	1.265
whiten	twin	0.2	0.5757	0.6	1288	718	626	0.8719	0.486	0.6241	0.5575	0.8522	0.164	0.275	1.264
whiten	twin	0.2	0.5757	0.65	1288	687	611	0.8894	0.4744	0.6187	0.5334	0.8714	0.1592	0.2692	1.249
whiten	twin	0.2	0.5757	0.7	1288	658	599	0.9103	0.4651	0.6156	0.5109	0.8914	0.157	0.2669	1.246
whiten	twin	0.2	0.5757	0.75	1288	632	584	0.9241	0.4534	0.6083	0.4907	0.9065	0.1524	0.2609	1.239
whiten	twin	0.2	0.5757	0.8	1288	606	576	0.9505	0.4472	0.6082	0.4705	0.932	0.15	0.2584	1.241
whiten	twin	0.2	0.5757	0.85	1288	590	565	0.9576	0.4387	0.6017	0.4581	0.9406	0.1477	0.2553	1.231
whiten	twin	0.2	0.5757	0.9	1288	554	538	0.9711	0.4177	0.5841	0.4301	0.9561	0.1416	0.2467	1.221
whiten	twin	0.25	0.6854	0.0	1288	966	919	0.9513	0.7135	0.8154	0.75	0.5797	0.2576	0.3567	6.703
whiten	twin	0.25	0.6854	0.05	1288	966	882	0.913	0.6848	0.7826	0.75	0.633	0.2423	0.3505	3.884
whiten	twin	0.25	0.6854	0.1	1288	961	828	0.8616	0.6429	0.7363	0.7461	0.6731	0.2274	0.3399	2.526
whiten	twin	0.25	0.6854	0.15	1288	950	785	0.8263	0.6095	0.7015	0.7376	0.6908	0.216	0.3291	2.029
whiten	twin	0.25	0.6854	0.2	1288	934	754	0.8073	0.5854	0.6787	0.7252	0.7154	0.2075	0.3217	1.701
whiten	twin	0.25	0.6854	0.25	1288	908	732	0.8062	0.5683	0.6667	0.705	0.7398	0.1984	0.3129	1.506
whiten	twin	0.25	0.6854	0.3	1288	876	716	0.8174	0.5559	0.6617	0.6801	0.763	0.1941	0.3095	1.422
whiten	twin	0.25	0.6854	0.35	1288	852	706	0.8286	0.5481	0.6598	0.6615	0.7841	0.1916	0.308	1.364
whiten	twin	0.25	0.6854	0.4	1288	818	691	0.8447	0.5365	0.6562	0.6351	0.8063	0.1856	0.3017	1.327
whiten	twin	0.25	0.6854	0.45	1288	791	670	0.847	0.5202	0.6445	0.6141	0.8208	0.1788	0.2936	1.274
whiten	twin	0.25	0.6854	0.5	1288	761	655	0.8607	0.5085	0.6393	0.5908	0.84	0.1752	0.29	1.253
whiten	twin	0.25	0.6854	0.55	1288	725	632	0.8717	0.4907	0.6279	0.5629	0.8505	0.1684	0.2812	1.26
whiten	twin	0.25	0.6854	0.6	1288	691	612	0.8857	0.4752	0.6185	0.5365	0.8685	0.1622	0.2733	1.259
whiten	twin	0.25	0.6854	0.65	1288	663	597	0.9005	0.4635	0.612	0.5148	0.8853	0.1575	0.2674	1.242
whiten	twin	0.25	0.6854	0.7	1288	635	585	0.9213	0.4542	0.6084	0.493	0.9053	0.1552	0.265	1.238
whiten	twin	0.25	0.6854	0.75	1288	612	570	0.9314	0.4425	0.6	0.4752	0.9171	0.1506	0.2588	1.236
whiten	twin	0.25	0.6854	0.8	1288	586	562	0.959	0.4363	0.5998	0.455	0.944	0.1482	0.2562	1.238
whiten	twin	0.25	0.6854	0.85	1288	570	551	0.9667	0.4278	0.5931	0.4425	0.9532	0.1459	0.2531	1.227
whiten	twin	0.25	0.6854	0.9	1288	538	527	0.9796	0.4092	0.5772	0.4177	0.9671	0.1403	0.2451	1.223
whiten	twin	0.3	0.7571	0.0	1288	901	875	0.9711	0.6793	0.7995	0.6995	0.6063	0.2454	0.3494	6.375
whiten	twin	0.3	0.7571	0.05	1288	901	842	0.9345	0.6537	0.7693	0.6995	0.6607	0.231	0.3424	3.721
whiten	twin	0.3	0.7571	0.1	1288	898	792	0.882	0.6149	0.7246	0.6972	0.7014	0.2171	0.3316	2.439
whiten	twin	0.3	0.7571	0.15	1288	888	755	0.8502	0.5862	0.6939	0.6894	0.7202	0.207	0.3216	1.963
whiten	twin	0.3	0.7571	0.2	1288	875	730	0.8343	0.5668	0.675	0.6793	0.7469	0.1999	0.3153	1.648
whiten	twin	0.3	0.7571	0.25	1288	853	712	0.8347	0.5528	0.6651	0.6623	0.7723	0.1928	0.3086	1.457
whiten	twin	0.3	0.7571	0.3	1288	827	696	0.8416	0.5404	0.6582	0.6421	0.7929	0.1885	0.3046	1.376
whiten	twin	0.3	0.7571	0.35	1288	804	688	0.8557	0.5342	0.6577	0.6242	0.8148	0.1863	0.3033	1.324
whiten	twin	0.3	0.7571	0.4	1288	777	675	0.8687	0.5241	0.6538	0.6033	0.8335	0.1811	0.2976	1.288
whiten	twin	0.3	0.7571	0.45	1288	756	656	0.8677	0.5093	0.6419	0.587	0.844	0.1746	0.2894	1.268
whiten	twin	0.3	0.7571	0.5	1288	730	641	0.8781	0.4977	0.6353	0.5668	0.8598	0.1711	0.2853	1.245
whiten	twin	0.3	0.7571	0.55	1288	699	621	0.8884	0.4821	0.6251	0.5427	0.87	0.1653	0.2778	1.25
whiten	twin	0.3	0.7571	0.6	1288	667	601	0.901	0.4666	0.6148	0.5179	0.8845	0.1591	0.2697	1.248
whiten	twin	0.3	0.7571	0.65	1288	642	587	0.9143	0.4557	0.6083	0.4984	0.9	0.1546	0.2639	1.236
whiten	twin	0.3	0.7571	0.7	1288	615	576	0.9366	0.4472	0.6054	0.4775	0.9215	0.1524	0.2615	1.232
whiten	twin	0.3	0.7571	0.75	1288	594	561	0.9444	0.4356	0.5962	0.4612	0.9312	0.1478	0.2552	1.23
whiten	twin	0.3	0.7571	0.8	1288	571	553	0.9685	0.4293	0.5949	0.4433	0.9547	0.1454	0.2524	1.234
whiten	twin	0.3	0.7571	0.85	1288	555	542	0.9766	0.4208	0.5882	0.4309	0.9645	0.1431	0.2493	1.223
whiten	twin	0.3	0.7571	0.9	1288	526	518	0.9848	0.4022	0.5711	0.4084	0.9739	0.1375	0.241	1.224
whiten	twin	0.35	0.8069	0.0	1288	837	821	0.9809	0.6374	0.7727	0.6498	0.6377	0.2258	0.3336	5.839
whiten	twin	0.35	0.8069	0.05	1288	837	797	0.9522	0.6188	0.7501	0.6498	0.6919	0.2151	0.3281	3.522
whiten	twin	0.35	0.8069	0.1	1288	836	753	0.9007	0.5846	0.709	0.6491	0.7294	0.2029	0.3175	2.362
whiten	twin	0.35	0.8069	0.15	1288	829	723	0.8721	0.5613	0.683	0.6436	0.7468	0.1943	0.3084	1.917
whiten	twin	0.35	0.8069	0.2	1288	816	700	0.8578	0.5435	0.6654	0.6335	0.7731	0.1884	0.303	1.624
whiten	twin	0.35	0.8069	0.25	1288	801	684	0.8539	0.5311	0.6549	0.6219	0.7937	0.1824	0.2966	1.447
whiten	twin	0.35	0.8069	0.3	1288	778	671	0.8625	0.521	0.6496	0.604	0.8149	0.1791	0.2936	1.374
whiten	twin	0.35	0.8069	0.35	1288	758	664	0.876	0.5155	0.6491	0.5885	0.8357	0.1774	0.2927	1.323
whiten	twin	0.35	0.8069	0.4	1288	737	655	0.8887	0.5085	0.6469	0.5722	0.8541	0.1737	0.2886	1.293
whiten	twin	0.35	0.8069	0.45	1288	720	640	0.8889	0.4969	0.6375	0.559	0.8638	0.1696	0.2836	1.276
whiten	twin	0.35	0.8069	0.5	1288	699	627	0.897	0.4868	0.6311	0.5427	0.8778	0.1664	0.2797	1.252
whiten	twin	0.35	0.8069	0.55	1288	673	609	0.9049	0.4728	0.6211	0.5225	0.8856	0.1608	0.2722	1.256
whiten	twin	0.35	0.8069	0.6	1288	644	591	0.9177	0.4589	0.6118	0.5	0.9004	0.1549	0.2644	1.253
whiten	twin	0.35	0.8069	0.65	1288	621	578	0.9308	0.4488	0.6056	0.4821	0.9159	0.1509	0.2591	1.241
whiten	twin	0.35	0.8069	0.7	1288	598	568	0.9498	0.441	0.6023	0.4643	0.9343	0.1487	0.2565	1.235
whiten	twin	0.35	0.8069	0.75	1288	577	553	0.9584	0.4293	0.593	0.448	0.9448	0.1441	0.2501	1.234
whiten	twin	0.35	0.8069	0.8	1288	559	545	0.975	0.4231	0.5901	0.434	0.9609	0.1417	0.247	1.239
whiten	twin	0.35	0.8069	0.85	1288	544	534	0.9816	0.4146	0.583	0.4224	0.9693	0.1394	0.2438	1.228
whiten	twin	0.35	0.8069	0.9	1288	517	510	0.9865	0.396	0.5651	0.4014	0.9753	0.1338	0.2354	1.228
whiten	twin	0.4	0.8444	0.0	1288	773	763	0.9871	0.5924	0.7404	0.6002	0.6658	0.2078	0.3168	5.414
whiten	twin	0.4	0.8444	0.05	1288	773	743	0.9612	0.5769	0.721	0.6002	0.7193	0.1991	0.3119	3.34
whiten	twin	0.4	0.8444	0.1	1288	773	710	0.9185	0.5512	0.689	0.6002	0.7566	0.1891	0.3026	2.291
whiten	twin	0.4	0.8444	0.15	1288	767	686	0.8944	0.5326	0.6676	0.5955	0.7738	0.1822	0.2949	1.883
whiten	twin	0.4	0.8444	0.2	1288	756	667	0.8823	0.5179	0.6526	0.587	0.7997	0.1769	0.2897	1.62
whiten	twin	0.4	0.8444	0.25	1288	746	654	0.8767	0.5078	0.6431	0.5792	0.8181	0.1719	0.2841	1.444
whiten	twin	0.4	0.8444	0.3	1288	729	642	0.8807	0.4984	0.6366	0.566	0.8357	0.1686	0.2806	1.375
whiten	twin	0.4	0.8444	0.35	1288	712	636	0.8933	0.4938	0.636	0.5528	0.857	0.167	0.2796	1.326
whiten	twin	0.4	0.8444	0.4	1288	694	628	0.9049	0.4876	0.6337	0.5388	0.8733	0.1641	0.2763	1.299
whiten	twin	0.4	0.8444	0.45	1288	679	616	0.9072	0.4783	0.6263	0.5272	0.882	0.1617	0.2732	1.282
whiten	twin	0.4	0.8444	0.5	1288	662	608	0.9184	0.472	0.6236	0.514	0.898	0.1601	0.2717	1.258
whiten	twin	0.4	0.8444	0.55	1288	640	592	0.925	0.4596	0.6141	0.4969	0.9046	0.1554	0.2652	1.261
whiten	twin	0.4	0.8444	0.6	1288	616	575	0.9334	0.4464	0.604	0.4783	0.9153	0.1495	0.257	1.257
whiten	twin	0.4	0.8444	0.65	1288	597	562	0.9414	0.4363	0.5963	0.4635	0.9258	0.1455	0.2514	1.247
whiten	twin	0.4	0.8444	0.7	1288	578	554	0.9585	0.4301	0.5938	0.4488	0.9424	0.1436	0.2493	1.241
whiten	twin	0.4	0.8444	0.75	1288	557	539	0.9677	0.4185	0.5843	0.4325	0.9536	0.1391	0.2428	1.24
whiten	twin	0.4	0.8444	0.8	1288	540	531	0.9833	0.4123	0.581	0.4193	0.9687	0.1367	0.2395	1.246
whiten	twin	0.4	0.8444	0.85	1288	531	522	0.9831	0.4053	0.5739	0.4123	0.9704	0.1353	0.2375	1.233
whiten	twin	0.4	0.8444	0.9	1288	506	500	0.9881	0.3882	0.5574	0.3929	0.9768	0.13	0.2295	1.233
whiten	twin	0.45	0.8808	0.0	1288	708	702	0.9915	0.545	0.7034	0.5497	0.6958	0.1908	0.2995	4.774
whiten	twin	0.45	0.8808	0.05	1288	708	690	0.9746	0.5357	0.6914	0.5497	0.7475	0.1849	0.2965	2.977
whiten	twin	0.45	0.8808	0.1	1288	708	665	0.9393	0.5163	0.6663	0.5497	0.7859	0.1763	0.2879	2.123
whiten	twin	0.45	0.8808	0.15	1288	705	646	0.9163	0.5016	0.6483	0.5474	0.8033	0.1704	0.2812	1.814
whiten	twin	0.45	0.8808	0.2	1288	696	628	0.9023	0.4876	0.6331	0.5404	0.8257	0.1656	0.2759	1.587
whiten	twin	0.45	0.8808	0.25	1288	688	617	0.8968	0.479	0.6245	0.5342	0.8414	0.1619	0.2715	1.429
whiten	twin	0.45	0.8808	0.3	1288	676	606	0.8964	0.4705	0.6171	0.5248	0.8547	0.1586	0.2676	1.368
whiten	twin	0.45	0.8808	0.35	1288	664	604	0.9096	0.4689	0.6189	0.5155	0.8764	0.1579	0.2676	1.323
whiten	twin	0.45	0.8808	0.4	1288	649	596	0.9183	0.4627	0.6154	0.5039	0.8903	0.155	0.2641	1.295
whiten	twin	0.45	0.8808	0.45	1288	636	587	0.923	0.4557	0.6102	0.4938	0.9012	0.1529	0.2614	1.278
whiten	twin	0.45	0.8808	0.5	1288	623	580	0.931	0.4503	0.607	0.4837	0.9133	0.1513	0.2597	1.257
whiten	twin	0.45	0.8808	0.55	1288	604	565	0.9354	0.4387	0.5973	0.4689	0.9172	0.1467	0.2529	1.26
whiten	twin	0.45	0.8808	0.6	1288	581	548	0.9432	0.4255	0.5864	0.4511	0.9275	0.141	0.2447	1.257
whiten	twin	0.45	0.8808	0.65	1288	564	537	0.9521	0.4169	0.5799	0.4379	0.9377	0.1374	0.2397	1.251
whiten	twin	0.45	0.8808	0.7	1288	549	530	0.9654	0.4115	0.577	0.4262	0.9505	0.1357	0.2376	1.243
whiten	twin	0.45	0.8808	0.75	1288	528	515	0.9754	0.3998	0.5672	0.4099	0.9627	0.1312	0.2309	1.242
whiten	twin	0.45	0.8808	0.8	1288	514	508	0.9883	0.3944	0.5638	0.3991	0.9752	0.1289	0.2277	1.247
whiten	twin	0.45	0.8808	0.85	1288	508	502	0.9882	0.3898	0.559	0.3944	0.9759	0.1279	0.2261	1.236
whiten	twin	0.45	0.8808	0.9	1288	484	480	0.9917	0.3727	0.5418	0.3758	0.9809	0.1226	0.2179	1.236
whiten	twin	0.5	0.9091	0.0	1288	644	640	0.9938	0.4969	0.6625	0.5	0.7245	0.1745	0.2813	4.48
whiten	twin	0.5	0.9091	0.05	1288	644	632	0.9814	0.4907	0.6542	0.5	0.7735	0.1697	0.2784	2.821
whiten	twin	0.5	0.9091	0.1	1288	644	617	0.9581	0.479	0.6387	0.5	0.8101	0.1658	0.2752	2.078
whiten	twin	0.5	0.9091	0.15	1288	641	600	0.936	0.4658	0.6221	0.4977	0.8242	0.1613	0.2698	1.821
whiten	twin	0.5	0.9091	0.2	1288	634	583	0.9196	0.4526	0.6067	0.4922	0.846	0.1567	0.2644	1.586
whiten	twin	0.5	0.9091	0.25	1288	630	572	0.9079	0.4441	0.5965	0.4891	0.8536	0.1529	0.2594	1.43
whiten	twin	0.5	0.9091	0.3	1288	620	562	0.9065	0.4363	0.5891	0.4814	0.8653	0.1501	0.2558	1.369
whiten	twin	0.5	0.9091	0.35	1288	609	560	0.9195	0.4348	0.5904	0.4728	0.8859	0.1494	0.2557	1.331
whiten	twin	0.5	0.9091	0.4	1288	598	555	0.9281	0.4309	0.5885	0.4643	0.8984	0.1471	0.2528	1.302
whiten	twin	0.5	0.9091	0.45	1288	587	548	0.9336	0.4255	0.5845	0.4557	0.9099	0.1451	0.2502	1.286
whiten	twin	0.5	0.9091	0.5	1288	577	542	0.9393	0.4208	0.5812	0.448	0.9203	0.1439	0.2489	1.262
whiten	twin	0.5	0.9091	0.55	1288	560	528	0.9429	0.4099	0.5714	0.4348	0.9232	0.1395	0.2423	1.266
whiten	twin	0.5	0.9091	0.6	1288	538	511	0.9498	0.3967	0.5597	0.4177	0.9329	0.1337	0.2339	1.263
whiten	twin	0.5	0.9091	0.65	1288	525	504	0.96	0.3913	0.556	0.4076	0.9445	0.1314	0.2308	1.254
whiten	twin	0.5	0.9091	0.7	1288	514	498	0.9689	0.3866	0.5527	0.3991	0.953	0.1299	0.2286	1.252
whiten	twin	0.5	0.9091	0.75	1288	495	485	0.9798	0.3766	0.544	0.3843	0.9662	0.1256	0.2223	1.25
whiten	twin	0.5	0.9091	0.8	1288	483	479	0.9917	0.3719	0.5409	0.375	0.9778	0.1234	0.2191	1.254
whiten	twin	0.5	0.9091	0.85	1288	478	474	0.9916	0.368	0.5368	0.3711	0.9786	0.1224	0.2176	1.242
whiten	twin	0.5	0.9091	0.9	1288	456	454	0.9956	0.3525	0.5206	0.354	0.9841	0.1174	0.2097	1.241
whiten	twin	0.55	0.9289	0.0	1288	580	576	0.9931	0.4472	0.6167	0.4503	0.7422	0.1568	0.2589	4.324
whiten	twin	0.55	0.9289	0.05	1288	580	569	0.981	0.4418	0.6092	0.4503	0.7895	0.1529	0.2562	2.729
whiten	twin	0.55	0.9289	0.1	1288	580	556	0.9586	0.4317	0.5953	0.4503	0.8245	0.1495	0.253	2.04
whiten	twin	0.55	0.9289	0.15	1288	577	544	0.9428	0.4224	0.5834	0.448	0.8392	0.1467	0.2497	1.802
whiten	twin	0.55	0.9289	0.2	1288	570	529	0.9281	0.4107	0.5694	0.4425	0.8609	0.1422	0.2441	1.561
whiten	twin	0.55	0.9289	0.25	1288	567	520	0.9171	0.4037	0.5606	0.4402	0.8692	0.139	0.2397	1.415
whiten	twin	0.55	0.9289	0.3	1288	559	513	0.9177	0.3983	0.5555	0.434	0.8777	0.1371	0.2372	1.371
whiten	twin	0.55	0.9289	0.35	1288	549	511	0.9308	0.3967	0.5563	0.4262	0.8993	0.1366	0.2371	1.342
whiten	twin	0.55	0.9289	0.4	1288	540	506	0.937	0.3929	0.5536	0.4193	0.9095	0.1344	0.2343	1.314
whiten	twin	0.55	0.9289	0.45	1288	529	499	0.9433	0.3874	0.5493	0.4107	0.9215	0.1324	0.2316	1.299
whiten	twin	0.55	0.9289	0.5	1288	523	497	0.9503	0.3859	0.5489	0.4061	0.9311	0.1322	0.2316	1.276
whiten	twin	0.55	0.9289	0.55	1288	511	487	0.953	0.3781	0.5414	0.3967	0.9334	0.1296	0.2276	1.278
whiten	twin	0.55	0.9289	0.6	1288	494	473	0.9575	0.3672	0.5309	0.3835	0.94	0.1249	0.2204	1.274
whiten	twin	0.55	0.9289	0.65	1288	481	466	0.9688	0.3618	0.5269	0.3734	0.9529	0.1226	0.2172	1.265
whiten	twin	0.55	0.9289	0.7	1288	471	460	0.9766	0.3571	0.523	0.3657	0.9604	0.121	0.215	1.262
whiten	twin	0.55	0.9289	0.75	1288	454	448	0.9868	0.3478	0.5144	0.3525	0.9731	0.1167	0.2084	1.262
whiten	twin	0.55	0.9289	0.8	1288	446	443	0.9933	0.3439	0.511	0.3463	0.9793	0.1149	0.2056	1.266
whiten	twin	0.55	0.9289	0.85	1288	442	439	0.9932	0.3408	0.5075	0.3432	0.9802	0.114	0.2042	1.255
whiten	twin	0.55	0.9289	0.9	1288	424	422	0.9953	0.3276	0.493	0.3292	0.9841	0.1091	0.1965	1.252
whiten	twin	0.6	0.9422	0.0	1288	515	514	0.9981	0.3991	0.5702	0.3998	0.7575	0.1368	0.2317	4.291
whiten	twin	0.6	0.9422	0.05	1288	515	508	0.9864	0.3944	0.5635	0.3998	0.8043	0.1332	0.2286	2.738
whiten	twin	0.6	0.9422	0.1	1288	515	497	0.965	0.3859	0.5513	0.3998	0.8389	0.1299	0.2249	2.033
whiten	twin	0.6	0.9422	0.15	1288	513	487	0.9493	0.3781	0.5408	0.3983	0.8492	0.1273	0.2214	1.812
whiten	twin	0.6	0.9422	0.2	1288	506	474	0.9368	0.368	0.5284	0.3929	0.8725	0.1232	0.2159	1.56
whiten	twin	0.6	0.9422	0.25	1288	503	466	0.9264	0.3618	0.5204	0.3905	0.8814	0.1201	0.2114	1.407
whiten	twin	0.6	0.9422	0.3	1288	496	460	0.9274	0.3571	0.5157	0.3851	0.8912	0.1186	0.2094	1.365
whiten	twin	0.6	0.9422	0.35	1288	487	458	0.9405	0.3556	0.5161	0.3781	0.9112	0.1181	0.209	1.335
whiten	twin	0.6	0.9422	0.4	1288	480	453	0.9437	0.3517	0.5124	0.3727	0.9187	0.1159	0.2058	1.306
whiten	twin	0.6	0.9422	0.45	1288	469	446	0.951	0.3463	0.5077	0.3641	0.9294	0.1139	0.203	1.295
whiten	twin	0.6	0.9422	0.5	1288	464	444	0.9569	0.3447	0.5068	0.3602	0.9383	0.1137	0.2028	1.268
whiten	twin	0.6	0.9422	0.55	1288	455	437	0.9604	0.3393	0.5014	0.3533	0.9415	0.1121	0.2003	1.269
whiten	twin	0.6	0.9422	0.6	1288	444	429	0.9662	0.3331	0.4954	0.3447	0.9489	0.1091	0.1958	1.267
whiten	twin	0.6	0.9422	0.65	1288	433	423	0.9769	0.3284	0.4916	0.3362	0.9614	0.1069	0.1925	1.256
whiten	twin	0.6	0.9422	0.7	1288	426	418	0.9812	0.3245	0.4877	0.3307	0.9655	0.1058	0.1907	1.251
whiten	twin	0.6	0.9422	0.75	1288	412	408	0.9903	0.3168	0.48	0.3199	0.9752	0.1025	0.1856	1.247
whiten	twin	0.6	0.9422	0.8	1288	404	403	0.9975	0.3129	0.4764	0.3137	0.9821	0.1007	0.1827	1.252
whiten	twin	0.6	0.9422	0.85	1288	400	399	0.9975	0.3098	0.4727	0.3106	0.9832	0.0998	0.1812	1.239
whiten	twin	0.6	0.9422	0.9	1288	384	384	1.0	0.2981	0.4593	0.2981	0.9876	0.0958	0.1746	1.24
whiten	twin	0.65	0.9506	0.0	1288	451	450	0.9978	0.3494	0.5175	0.3502	0.7509	0.1206	0.2078	4.262
whiten	twin	0.65	0.9506	0.05	1288	451	444	0.9845	0.3447	0.5106	0.3502	0.8004	0.1171	0.2043	2.763
whiten	twin	0.65	0.9506	0.1	1288	451	434	0.9623	0.337	0.4991	0.3502	0.8337	0.1138	0.2003	2.093
whiten	twin	0.65	0.9506	0.15	1288	449	426	0.9488	0.3307	0.4905	0.3486	0.8428	0.1122	0.198	1.863
whiten	twin	0.65	0.9506	0.2	1288	444	415	0.9347	0.3222	0.4792	0.3447	0.8649	0.1093	0.194	1.596
whiten	twin	0.65	0.9506	0.25	1288	441	407	0.9229	0.316	0.4708	0.3424	0.875	0.1062	0.1893	1.428
whiten	twin	0.65	0.9506	0.3	1288	434	401	0.924	0.3113	0.4657	0.337	0.8849	0.1047	0.1872	1.39
whiten	twin	0.65	0.9506	0.35	1288	426	399	0.9366	0.3098	0.4656	0.3307	0.9056	0.1041	0.1868	1.355
whiten	twin	0.65	0.9506	0.4	1288	419	394	0.9403	0.3059	0.4616	0.3253	0.9141	0.102	0.1835	1.322
whiten	twin	0.65	0.9506	0.45	1288	409	387	0.9462	0.3005	0.4561	0.3175	0.924	0.1	0.1804	1.309
whiten	twin	0.65	0.9506	0.5	1288	404	385	0.953	0.2989	0.4551	0.3137	0.9341	0.0998	0.1803	1.278
whiten	twin	0.65	0.9506	0.55	1288	395	378	0.957	0.2935	0.4492	0.3067	0.9377	0.0981	0.1777	1.282
whiten	twin	0.65	0.9506	0.6	1288	384	370	0.9635	0.2873	0.4426	0.2981	0.9461	0.0952	0.173	1.281
whiten	twin	0.65	0.9506	0.65	1288	375	365	0.9733	0.2834	0.439	0.2911	0.9581	0.0934	0.1702	1.266
whiten	twin	0.65	0.9506	0.7	1288	369	361	0.9783	0.2803	0.4357	0.2865	0.9628	0.0926	0.169	1.259
whiten	twin	0.65	0.9506	0.75	1288	356	352	0.9888	0.2733	0.4282	0.2764	0.9741	0.0894	0.1638	1.255
whiten	twin	0.65	0.9506	0.8	1288	349	348	0.9971	0.2702	0.4252	0.271	0.9821	0.0876	0.1609	1.26
whiten	twin	0.65	0.9506	0.85	1288	345	344	0.9971	0.2671	0.4213	0.2679	0.9834	0.0867	0.1594	1.246
whiten	twin	0.65	0.9506	0.9	1288	330	330	1.0	0.2562	0.4079	0.2562	0.9886	0.0827	0.1527	1.245
whiten	twin	0.7	0.9559	0.0	1288	387	387	1.0	0.3005	0.4621	0.3005	0.7451	0.1076	0.1881	4.388
whiten	twin	0.7	0.9559	0.05	1288	387	381	0.9845	0.2958	0.4549	0.3005	0.7965	0.1045	0.1848	2.837
whiten	twin	0.7	0.9559	0.1	1288	387	371	0.9587	0.288	0.443	0.3005	0.8264	0.1013	0.1804	2.152
whiten	twin	0.7	0.9559	0.15	1288	385	364	0.9455	0.2826	0.4351	0.2989	0.8363	0.0998	0.1784	1.904
whiten	twin	0.7	0.9559	0.2	1288	381	354	0.9291	0.2748	0.4242	0.2958	0.8582	0.097	0.1743	1.628
whiten	twin	0.7	0.9559	0.25	1288	379	348	0.9182	0.2702	0.4175	0.2943	0.87	0.0942	0.17	1.445
whiten	twin	0.7	0.9559	0.3	1288	372	342	0.9194	0.2655	0.412	0.2888	0.8801	0.0927	0.1678	1.404
whiten	twin	0.7	0.9559	0.35	1288	365	340	0.9315	0.264	0.4114	0.2834	0.9021	0.0923	0.1675	1.365
whiten	twin	0.7	0.9559	0.4	1288	358	335	0.9358	0.2601	0.407	0.278	0.9093	0.0902	0.1641	1.335
whiten	twin	0.7	0.9559	0.45	1288	350	329	0.94	0.2554	0.4017	0.2717	0.9169	0.0885	0.1614	1.324
whiten	twin	0.7	0.9559	0.5	1288	345	327	0.9478	0.2539	0.4005	0.2679	0.9287	0.0883	0.1612	1.288
whiten	twin	0.7	0.9559	0.55	1288	338	322	0.9527	0.25	0.3961	0.2624	0.9331	0.0869	0.159	1.291
whiten	twin	0.7	0.9559	0.6	1288	329	316	0.9605	0.2453	0.3908	0.2554	0.9432	0.0848	0.1556	1.291
whiten	twin	0.7	0.9559	0.65	1288	321	312	0.972	0.2422	0.3878	0.2492	0.9557	0.0832	0.1531	1.28
whiten	twin	0.7	0.9559	0.7	1288	316	308	0.9747	0.2391	0.384	0.2453	0.9582	0.0825	0.1518	1.271
whiten	twin	0.7	0.9559	0.75	1288	303	299	0.9868	0.2321	0.3759	0.2352	0.9712	0.0792	0.1464	1.266
whiten	twin	0.7	0.9559	0.8	1288	296	295	0.9966	0.229	0.3725	0.2298	0.9806	0.0774	0.1436	1.273
whiten	twin	0.7	0.9559	0.85	1288	294	293	0.9966	0.2275	0.3704	0.2283	0.9822	0.0769	0.1427	1.268
whiten	twin	0.7	0.9559	0.9	1288	280	280	1.0	0.2174	0.3571	0.2174	0.9884	0.0733	0.1365	1.268
whiten	twin	0.75	0.9611	0.0	1288	322	322	1.0	0.25	0.4	0.25	0.7243	0.091	0.1617	4.736
whiten	twin	0.75	0.9611	0.05	1288	322	317	0.9845	0.2461	0.3938	0.25	0.7809	0.0882	0.1584	2.957
whiten	twin	0.75	0.9611	0.1	1288	322	308	0.9565	0.2391	0.3826	0.25	0.8149	0.0852	0.1543	2.224
whiten	twin	0.75	0.9611	0.15	1288	320	301	0.9406	0.2337	0.3744	0.2484	0.8242	0.0838	0.1521	1.972
whiten	twin	0.75	0.9611	0.2	1288	316	292	0.9241	0.2267	0.3641	0.2453	0.8491	0.081	0.1479	1.669
whiten	twin	0.75	0.9611	0.25	1288	314	287	0.914	0.2228	0.3583	0.2438	0.8622	0.0785	0.1439	1.47
whiten	twin	0.75	0.9611	0.3	1288	307	281	0.9153	0.2182	0.3524	0.2384	0.8743	0.077	0.1415	1.421
whiten	twin	0.75	0.9611	0.35	1288	301	279	0.9269	0.2166	0.3512	0.2337	0.898	0.0766	0.1412	1.373
whiten	twin	0.75	0.9611	0.4	1288	295	274	0.9288	0.2127	0.3462	0.229	0.9018	0.0745	0.1376	1.342
whiten	twin	0.75	0.9611	0.45	1288	288	269	0.934	0.2089	0.3414	0.2236	0.9112	0.0729	0.1351	1.328
whiten	twin	0.75	0.9611	0.5	1288	283	267	0.9435	0.2073	0.3399	0.2197	0.9237	0.0727	0.1348	1.288
whiten	twin	0.75	0.9611	0.55	1288	276	262	0.9493	0.2034	0.335	0.2143	0.929	0.0714	0.1326	1.295
whiten	twin	0.75	0.9611	0.6	1288	268	256	0.9552	0.1988	0.329	0.2081	0.9377	0.0693	0.129	1.294
whiten	twin	0.75	0.9611	0.65	1288	263	254	0.9658	0.1972	0.3275	0.2042	0.9479	0.0687	0.1281	1.28
whiten	twin	0.75	0.9611	0.7	1288	259	251	0.9691	0.1949	0.3245	0.2011	0.951	0.068	0.1269	1.269
whiten	twin	0.75	0.9611	0.75	1288	247	243	0.9838	0.1887	0.3166	0.1918	0.9667	0.065	0.1217	1.262
whiten	twin	0.75	0.9611	0.8	1288	240	239	0.9958	0.1856	0.3128	0.1863	0.9782	0.0632	0.1188	1.27
whiten	twin	0.75	0.9611	0.85	1288	238	237	0.9958	0.184	0.3106	0.1848	0.9801	0.0627	0.1178	1.264
whiten	twin	0.75	0.9611	0.9	1288	225	225	1.0	0.1747	0.2974	0.1747	0.9878	0.0592	0.1117	1.262
whiten	twin	0.8	0.9648	0.0	1288	258	258	1.0	0.2003	0.3338	0.2003	0.6972	0.0748	0.1351	5.058
whiten	twin	0.8	0.9648	0.05	1288	258	253	0.9806	0.1964	0.3273	0.2003	0.7624	0.0724	0.1322	3.112
whiten	twin	0.8	0.9648	0.1	1288	258	245	0.9496	0.1902	0.3169	0.2003	0.8006	0.0698	0.1283	2.314
whiten	twin	0.8	0.9648	0.15	1288	258	241	0.9341	0.1871	0.3118	0.2003	0.811	0.069	0.1272	2.066
whiten	twin	0.8	0.9648	0.2	1288	255	233	0.9137	0.1809	0.302	0.198	0.8346	0.0663	0.1228	1.706
whiten	twin	0.8	0.9648	0.25	1288	253	228	0.9012	0.177	0.2959	0.1964	0.8455	0.0638	0.1186	1.482
whiten	twin	0.8	0.9648	0.3	1288	247	224	0.9069	0.1739	0.2919	0.1918	0.8629	0.0627	0.1169	1.423
whiten	twin	0.8	0.9648	0.35	1288	242	222	0.9174	0.1724	0.2902	0.1879	0.8865	0.0623	0.1165	1.374
whiten	twin	0.8	0.9648	0.4	1288	236	217	0.9195	0.1685	0.2848	0.1832	0.8911	0.0602	0.1127	1.336
whiten	twin	0.8	0.9648	0.45	1288	231	213	0.9221	0.1654	0.2804	0.1793	0.8991	0.0587	0.1103	1.332
whiten	twin	0.8	0.9648	0.5	1288	227	211	0.9295	0.1638	0.2785	0.1762	0.9105	0.0585	0.11	1.281
whiten	twin	0.8	0.9648	0.55	1288	221	207	0.9367	0.1607	0.2744	0.1716	0.917	0.0573	0.1078	1.288
whiten	twin	0.8	0.9648	0.6	1288	213	201	0.9437	0.1561	0.2678	0.1654	0.9276	0.0551	0.1041	1.286
whiten	twin	0.8	0.9648	0.65	1288	209	200	0.9569	0.1553	0.2672	0.1623	0.9406	0.0547	0.1035	1.268
whiten	twin	0.8	0.9648	0.7	1288	206	198	0.9612	0.1537	0.2651	0.1599	0.9446	0.0544	0.1028	1.257
whiten	twin	0.8	0.9648	0.75	1288	195	191	0.9795	0.1483	0.2576	0.1514	0.9645	0.0516	0.098	1.246
whiten	twin	0.8	0.9648	0.8	1288	189	188	0.9947	0.146	0.2546	0.1467	0.9793	0.0503	0.0957	1.254
whiten	twin	0.8	0.9648	0.85	1288	188	187	0.9947	0.1452	0.2534	0.146	0.9818	0.05	0.0952	1.245
whiten	twin	0.8	0.9648	0.9	1288	175	175	1.0	0.1359	0.2392	0.1359	0.9862	0.0465	0.0889	1.24
whiten	twin	0.85	0.9687	0.0	1288	194	194	1.0	0.1506	0.2618	0.1506	0.6855	0.0561	0.1037	5.041
whiten	twin	0.85	0.9687	0.05	1288	194	189	0.9742	0.1467	0.2551	0.1506	0.7565	0.0547	0.102	3.082
whiten	twin	0.85	0.9687	0.1	1288	194	183	0.9433	0.1421	0.247	0.1506	0.7922	0.0529	0.0992	2.361
whiten	twin	0.85	0.9687	0.15	1288	194	180	0.9278	0.1398	0.2429	0.1506	0.7991	0.0523	0.0982	2.113
whiten	twin	0.85	0.9687	0.2	1288	191	175	0.9162	0.1359	0.2366	0.1483	0.8289	0.0506	0.0953	1.723
whiten	twin	0.85	0.9687	0.25	1288	190	170	0.8947	0.132	0.23	0.1475	0.8364	0.0482	0.0911	1.453
whiten	twin	0.85	0.9687	0.3	1288	188	169	0.8989	0.1312	0.229	0.146	0.8555	0.0481	0.0911	1.399
whiten	twin	0.85	0.9687	0.35	1288	183	167	0.9126	0.1297	0.2271	0.1421	0.8866	0.0477	0.0905	1.333
whiten	twin	0.85	0.9687	0.4	1288	178	163	0.9157	0.1266	0.2224	0.1382	0.8906	0.0457	0.0869	1.285
whiten	twin	0.85	0.9687	0.45	1288	174	160	0.9195	0.1242	0.2189	0.1351	0.8938	0.0445	0.0847	1.28
whiten	twin	0.85	0.9687	0.5	1288	172	158	0.9186	0.1227	0.2164	0.1335	0.8984	0.0443	0.0844	1.254
whiten	twin	0.85	0.9687	0.55	1288	166	154	0.9277	0.1196	0.2118	0.1289	0.9067	0.043	0.0821	1.263
whiten	twin	0.85	0.9687	0.6	1288	159	149	0.9371	0.1157	0.2059	0.1234	0.9209	0.0417	0.0797	1.258
whiten	twin	0.85	0.9687	0.65	1288	155	148	0.9548	0.1149	0.2051	0.1203	0.9382	0.0413	0.079	1.245
whiten	twin	0.85	0.9687	0.7	1288	152	146	0.9605	0.1134	0.2028	0.118	0.9435	0.0411	0.0788	1.25
whiten	twin	0.85	0.9687	0.75	1288	144	142	0.9861	0.1102	0.1983	0.1118	0.9716	0.0394	0.0758	1.243
whiten	twin	0.85	0.9687	0.8	1288	140	139	0.9929	0.1079	0.1947	0.1087	0.978	0.0381	0.0733	1.25
whiten	twin	0.85	0.9687	0.85	1288	140	139	0.9929	0.1079	0.1947	0.1087	0.9815	0.0381	0.0733	1.243
whiten	twin	0.85	0.9687	0.9	1288	129	129	1.0	0.1002	0.1821	0.1002	0.9877	0.0355	0.0685	1.233
whiten	twin	0.9	0.9722	0.0	1288	129	129	1.0	0.1002	0.1821	0.1002	0.6285	0.0377	0.0711	5.62
whiten	twin	0.9	0.9722	0.05	1288	129	126	0.9767	0.0978	0.1778	0.1002	0.708	0.0369	0.0702	3.279
whiten	twin	0.9	0.9722	0.1	1288	129	122	0.9457	0.0947	0.1722	0.1002	0.7528	0.036	0.0688	2.403
whiten	twin	0.9	0.9722	0.15	1288	129	119	0.9225	0.0924	0.168	0.1002	0.7645	0.0355	0.0679	2.132
whiten	twin	0.9	0.9722	0.2	1288	127	115	0.9055	0.0893	0.1625	0.0986	0.7978	0.0341	0.0655	1.764
whiten	twin	0.9	0.9722	0.25	1288	126	110	0.873	0.0854	0.1556	0.0978	0.8003	0.0318	0.0611	1.492
whiten	twin	0.9	0.9722	0.3	1288	124	109	0.879	0.0846	0.1544	0.0963	0.8286	0.0317	0.061	1.419
whiten	twin	0.9	0.9722	0.35	1288	120	108	0.9	0.0839	0.1534	0.0932	0.8646	0.0317	0.0611	1.375
whiten	twin	0.9	0.9722	0.4	1288	116	104	0.8966	0.0807	0.1481	0.0901	0.8625	0.0296	0.0573	1.308
whiten	twin	0.9	0.9722	0.45	1288	112	101	0.9018	0.0784	0.1443	0.087	0.8665	0.0284	0.0551	1.31
whiten	twin	0.9	0.9722	0.5	1288	110	99	0.9	0.0769	0.1416	0.0854	0.8731	0.0282	0.0547	1.279
whiten	twin	0.9	0.9722	0.55	1288	105	95	0.9048	0.0738	0.1364	0.0815	0.8766	0.027	0.0523	1.292
whiten	twin	0.9	0.9722	0.6	1288	98	90	0.9184	0.0699	0.1299	0.0761	0.8971	0.0256	0.0498	1.286
whiten	twin	0.9	0.9722	0.65	1288	95	89	0.9368	0.0691	0.1287	0.0738	0.9149	0.0252	0.0491	1.274
whiten	twin	0.9	0.9722	0.7	1288	93	88	0.9462	0.0683	0.1274	0.0722	0.9238	0.0251	0.0489	1.28
whiten	twin	0.9	0.9722	0.75	1288	87	86	0.9885	0.0668	0.1251	0.0675	0.9703	0.0247	0.0482	1.276
whiten	twin	0.9	0.9722	0.8	1288	84	83	0.9881	0.0644	0.121	0.0652	0.9692	0.0233	0.0456	1.286
whiten	twin	0.9	0.9722	0.85	1288	84	83	0.9881	0.0644	0.121	0.0652	0.9752	0.0233	0.0456	1.274
whiten	twin	0.9	0.9722	0.9	1288	76	76	1.0	0.059	0.1114	0.059	0.9857	0.0216	0.0422	1.25
whiten	twin	0.95	0.9757	0.0	1288	65	65	1.0	0.0505	0.0961	0.0505	0.5656	0.0194	0.0375	6.985
whiten	twin	0.95	0.9757	0.05	1288	65	63	0.9692	0.0489	0.0931	0.0505	0.6719	0.0189	0.0367	3.554
whiten	twin	0.95	0.9757	0.1	1288	65	61	0.9385	0.0474	0.0902	0.0505	0.7335	0.0185	0.0362	2.431
whiten	twin	0.95	0.9757	0.15	1288	65	59	0.9077	0.0458	0.0872	0.0505	0.7309	0.0182	0.0356	2.123
whiten	twin	0.95	0.9757	0.2	1288	64	57	0.8906	0.0443	0.0843	0.0497	0.7823	0.0178	0.0348	1.781
whiten	twin	0.95	0.9757	0.25	1288	63	52	0.8254	0.0404	0.077	0.0489	0.7606	0.0154	0.0302	1.444
whiten	twin	0.95	0.9757	0.3	1288	62	51	0.8226	0.0396	0.0756	0.0481	0.7957	0.0153	0.0301	1.339
whiten	twin	0.95	0.9757	0.35	1288	59	51	0.8644	0.0396	0.0757	0.0458	0.8531	0.0153	0.0301	1.305
whiten	twin	0.95	0.9757	0.4	1288	58	50	0.8621	0.0388	0.0743	0.045	0.8475	0.0145	0.0286	1.288
whiten	twin	0.95	0.9757	0.45	1288	57	49	0.8596	0.038	0.0729	0.0443	0.8448	0.0138	0.0271	1.293
whiten	twin	0.95	0.9757	0.5	1288	56	49	0.875	0.038	0.0729	0.0435	0.8596	0.0138	0.0271	1.298
whiten	twin	0.95	0.9757	0.55	1288	52	46	0.8846	0.0357	0.0687	0.0404	0.8679	0.0133	0.0262	1.321
whiten	twin	0.95	0.9757	0.6	1288	47	43	0.9149	0.0334	0.0644	0.0365	0.9149	0.0124	0.0245	1.298
whiten	twin	0.95	0.9757	0.65	1288	45	42	0.9333	0.0326	0.063	0.0349	0.9333	0.012	0.0238	1.267
whiten	twin	0.95	0.9757	0.7	1288	43	41	0.9535	0.0318	0.0616	0.0334	0.9535	0.0119	0.0236	1.279
whiten	twin	0.95	0.9757	0.75	1288	39	39	1.0	0.0303	0.0588	0.0303	1.0	0.0115	0.0228	1.282
whiten	twin	0.95	0.9757	0.8	1288	36	36	1.0	0.028	0.0544	0.028	1.0	0.0102	0.0201	1.306
whiten	twin	0.95	0.9757	0.85	1288	36	36	1.0	0.028	0.0544	0.028	1.0	0.0102	0.0201	1.306
whiten	twin	0.95	0.9757	0.9	1288	34	34	1.0	0.0264	0.0514	0.0264	1.0	0.0099	0.0197	1.206
