unit	arm	host	element	directed	design_id	source_record	mnxm	target	measured	measurement_type	magnitude	observed	status	n_null_bin	n_null_all	null_median	null_p95	p_bin	z_resid	p_resid	size_bin	composition	n_add	n_del	no_heterologous_add	deletion_only	topology_unchanged	panel	is_probe
e_coli_dh10b__denovo_ev__C__dir	denovo_ev	e_coli_dh10b	C	True	LASER:Record1420565747.74:M1	Record1420565747.74	MNXM1670	isopentanol	up	titer		-1.999681459737251e-07	ok	16	199	-5.5035090068571895e-08	1.59282955511516e-10	0.9411764705882353	-2.4011206702335524	0.97	5-8	add_only	8	0	False	False	False	R	False
e_coli_dh10b__denovo_ev__C__dir	denovo_ev	e_coli_dh10b	C	True	LASER:Record1420657746.71:M1	Record1420657746.71	MNXM460	dihydroxyacetone	up	titer		-5.511474956060086e-08	ok	29	199	-5.829376586476143e-12	8.684141903041294e-08	0.9666666666666667	-0.3905243991012458	0.78	3-4	add_only	4	0	True	False	True	R	False
e_coli_dh10b__denovo_ev__C__dir	denovo_ev	e_coli_dh10b	C	True	LASER:Record1420750749.96:M1	Record1420750749.96	MNXM1364595	1_2-Propanediol	up	fold	70.0	-5.503551096813384e-08	ok	16	199	-5.5038436576904386e-08	-5.510667077279936e-12	0.47058823529411764	-0.2231319243534369	0.705	5-8	add_only	5	0	True	False	True	R	False
e_coli_dh10b__denovo_ev__C__dir	denovo_ev	e_coli_dh10b	C	True	LASER:Record1420834914.48:M1	Record1420834914.48	MNXM3912	amorphadiene	up	titer		0.0002343368790803687	created	15	199	0.0	0.0	0.0625	13.980468995412684	0.005	9-16	add_only	11	0	False	False	False	C	False
e_coli_dh10b__denovo_ev__C__dir	denovo_ev	e_coli_dh10b	C	True	LASER:Record1421346421.63:M1	Record1421346421.63	MNXM2861	1_3-propanediol	up	fold	5.64	0.0002349734108007744	created	28	199	0.0	0.00023448330680624784	0.034482758620689655	4.990401635545622	0.005	5-8	mixed	4	1	False	False	False	C	False
e_coli_dh10b__denovo_ev__C__dir	denovo_ev	e_coli_dh10b	C	True	LASER:Record1445497569.24:M1	Record1445497569.24	MNXM740127	ethylene	unknown	none		0.00023449922285766585	created	24	199	0.0	0.0	0.04	14.849872460826077	0.005	2	add_only	2	0	False	False	False	C	False
e_coli_dh10b__denovo_ev__C__dir	denovo_ev	e_coli_dh10b	C	True	LASER:Record1446614935.04:M1	Record1446614935.04	MNXM25	succinate	unknown	endpoint_only		-5.502109828604005e-08	ok	24	199	0.0	5.290046005412825e-12	1.0	-0.721197367082635	0.87	2	add_only	2	0	True	False	True	R	False
e_coli_dh10b__denovo_ev__C__dir	denovo_ev	e_coli_dh10b	C	True	LASER:Record1446708226.78:M1	Record1446708226.78	MNXM664	(R)-acetoin	up	yield		0.00023454485251941354	created	19	199	0.0	0.0	0.05	7.419391249596807	0.005	1	add_only	1	0	False	False	False	C	False
e_coli_dh10b__denovo_ev__C__dir	denovo_ev	e_coli_dh10b	C	True	LASER:Record1449641331.14:M1	Record1449641331.14	MNXM1363773	all-trans-retinol	up	titer		-1.2694966289715395e-07	ok	15	199	-6.055925991826547e-08	-2.1110758619140922e-08	0.9375	-1.809248541799502	0.955	9-16	add_only	15	0	False	False	False	R	False
e_coli_dh10b__denovo_ev__C__dir	denovo_ev	e_coli_dh10b	C	True	LASER:Record1450073286.05:M1	Record1450073286.05	MNXM1670	isopentanol	up	titer		-9.16622622586195e-08	ok	16	199	-5.5035090068571895e-08	1.59282955511516e-10	0.7647058823529411	-0.8997896808854671	0.88	5-8	add_only	5	0	False	False	False	R	False
e_coli_dh10b__fba_a0.1__C__dir	fba_a0.1	e_coli_dh10b	C	True	LASER:Record1420565747.74:M1	Record1420565747.74	MNXM1670	isopentanol	up	titer		0.0	target_zero_both	42	437	0.0	0.0	1.0			5-8	add_only	8	0	False	False	False	R	False
e_coli_dh10b__fba_a0.1__C__dir	fba_a0.1	e_coli_dh10b	C	True	LASER:Record1420657746.71:M1	Record1420657746.71	MNXM460	dihydroxyacetone	up	titer		-3.197442310920451e-13	ok	35	437	-4.618527782440651e-13	5.075051490166498e-12	0.4166666666666667	0.036261035122795895	0.4269406392694064	3-4	add_only	4	0	True	False	True	R	False
e_coli_dh10b__fba_a0.1__C__dir	fba_a0.1	e_coli_dh10b	C	True	LASER:Record1420750749.96:M1	Record1420750749.96	MNXM1364595	1_2-Propanediol	up	fold	70.0	-2.2737367544323206e-13	ok	42	437	-4.085620730620576e-13	0.08782981770013486	0.46511627906976744	-0.08025409192099929	0.7374429223744292	5-8	add_only	5	0	True	False	True	R	False
e_coli_dh10b__fba_a0.1__C__dir	fba_a0.1	e_coli_dh10b	C	True	LASER:Record1420834914.48:M1	Record1420834914.48	MNXM3912	amorphadiene	up	titer		52.42961997457646	ok	33	437	0.0	0.0	0.029411764705882353	289.74516777457967	0.00228310502283105	9-16	add_only	11	0	False	False	False	R	False
e_coli_dh10b__fba_a0.1__C__dir	fba_a0.1	e_coli_dh10b	C	True	LASER:Record1421346421.63:M1	Record1421346421.63	MNXM2861	1_3-propanediol	up	fold	5.64	-0.24173572322652248	ok	70	437	-4.911626660941693e-13	0.3151271239740212	0.971830985915493	-0.33926991306121185	0.9634703196347032	5-8	mixed	4	1	False	False	False	R	False
e_coli_dh10b__fba_a0.1__C__dir	fba_a0.1	e_coli_dh10b	C	True	LASER:Record1445407841.78:M1	Record1445407841.78	MNXM1364638	lycopene	unknown	none		0.0	target_zero_both	70	437	0.0	0.0	1.0			5-8	mixed	7	1	False	False	False	R	False
e_coli_dh10b__fba_a0.1__C__dir	fba_a0.1	e_coli_dh10b	C	True	LASER:Record1445407841.78:M10	Record1445407841.78	MNXM1364638	lycopene	unknown	none		0.0	target_zero_both	70	437	0.0	0.0	1.0			5-8	mixed	7	1	False	False	False	R	False
e_coli_dh10b__fba_a0.1__C__dir	fba_a0.1	e_coli_dh10b	C	True	LASER:Record1445407841.78:M11	Record1445407841.78	MNXM1364638	lycopene	unknown	none		0.0	target_zero_both	42	437	0.0	0.0	1.0			5-8	add_only	7	0	False	False	False	R	False
e_coli_dh10b__fba_a0.1__C__dir	fba_a0.1	e_coli_dh10b	C	True	LASER:Record1445407841.78:M12	Record1445407841.78	MNXM1364638	lycopene	unknown	none		0.0	target_zero_both	42	437	0.0	0.0	1.0			5-8	add_only	7	0	False	False	False	R	False
e_coli_dh10b__fba_a0.1__C__dir	fba_a0.1	e_coli_dh10b	C	True	LASER:Record1445407841.78:M2	Record1445407841.78	MNXM1364638	lycopene	unknown	none		0.0	target_zero_both	70	437	0.0	0.0	1.0			5-8	mixed	7	1	False	False	False	R	False
e_coli_dh10b__fba_a0.1__C__dir	fba_a0.1	e_coli_dh10b	C	True	LASER:Record1445407841.78:M3	Record1445407841.78	MNXM1364638	lycopene	unknown	none		0.0	target_zero_both	42	437	0.0	0.0	1.0			5-8	add_only	7	0	False	False	False	R	False
e_coli_dh10b__fba_a0.1__C__dir	fba_a0.1	e_coli_dh10b	C	True	LASER:Record1445407841.78:M4	Record1445407841.78	MNXM1364638	lycopene	unknown	none		0.0	target_zero_both	44	437	0.0	0.0	1.0			9-16	mixed	7	2	False	False	False	R	False
e_coli_dh10b__fba_a0.1__C__dir	fba_a0.1	e_coli_dh10b	C	True	LASER:Record1445407841.78:M5	Record1445407841.78	MNXM1364638	lycopene	unknown	none		0.0	target_zero_both	70	437	0.0	0.0	1.0			5-8	mixed	7	1	False	False	False	R	False
e_coli_dh10b__fba_a0.1__C__dir	fba_a0.1	e_coli_dh10b	C	True	LASER:Record1445407841.78:M6	Record1445407841.78	MNXM1364638	lycopene	unknown	none		0.0	target_zero_both	70	437	0.0	0.0	1.0			5-8	mixed	7	1	False	False	False	R	False
e_coli_dh10b__fba_a0.1__C__dir	fba_a0.1	e_coli_dh10b	C	True	LASER:Record1445407841.78:M7	Record1445407841.78	MNXM1364638	lycopene	unknown	none		0.0	target_zero_both	42	437	0.0	0.0	1.0			5-8	add_only	7	0	False	False	False	R	False
e_coli_dh10b__fba_a0.1__C__dir	fba_a0.1	e_coli_dh10b	C	True	LASER:Record1445407841.78:M8	Record1445407841.78	MNXM1364638	lycopene	unknown	none		0.0	target_zero_both	70	437	0.0	0.0	1.0			5-8	mixed	7	1	False	False	False	R	False
e_coli_dh10b__fba_a0.1__C__dir	fba_a0.1	e_coli_dh10b	C	True	LASER:Record1445407841.78:M9	Record1445407841.78	MNXM1364638	lycopene	unknown	none		0.0	target_zero_both	42	437	0.0	0.0	1.0			5-8	add_only	7	0	False	False	False	R	False
e_coli_dh10b__fba_a0.1__C__dir	fba_a0.1	e_coli_dh10b	C	True	LASER:Record1446614935.04:M1	Record1446614935.04	MNXM25	succinate	unknown	endpoint_only		-1.7053025658242404e-13	ok	49	437	-5.684341886080801e-13	7.602807272633054e-13	0.32	-0.013823807601243517	0.7054794520547946	2	add_only	2	0	True	False	True	R	False
e_coli_dh10b__fba_a0.1__C__dir	fba_a0.1	e_coli_dh10b	C	True	LASER:Record1446708226.78:M1	Record1446708226.78	MNXM664	(R)-acetoin	up	yield		10.605803239515408	ok	44	437	0.0	0.0	0.022222222222222223	10.315517760295897	0.0045662100456621	1	add_only	1	0	False	False	False	R	False
e_coli_dh10b__fba_a0.1__C__dir	fba_a0.1	e_coli_dh10b	C	True	LASER:Record1450073286.05:M1	Record1450073286.05	MNXM1670	isopentanol	up	titer		0.0	target_zero_both	42	437	0.0	0.0	1.0			5-8	add_only	5	0	False	False	False	R	False
e_coli_dh10b__gem__C__dir	gem	e_coli_dh10b	C	True	LASER:Record1420657746.71:M1	Record1420657746.71	MNXM460	dihydroxyacetone	up	titer		1.2318790318550932e-08	ok	35	495	-1.1562399466517274e-06	-3.9116813520950834e-12	0.027777777777777776	0.46461777760463363	0.23790322580645162	3-4	add_only	4	0	True	False	True	R	False
e_coli_dh10b__gem__C__dir	gem	e_coli_dh10b	C	True	LASER:Record1420834914.48:M1	Record1420834914.48	MNXM3912	amorphadiene	up	titer		3.3958385502029135e-12	created	33	495	0.0	0.0	0.029411764705882353	12.641003119417247	0.006048387096774193	9-16	add_only	11	0	False	False	False	C	False
e_coli_dh10b__gem__C__dir	gem	e_coli_dh10b	C	True	LASER:Record1421346421.63:M1	Record1421346421.63	MNXM2861	1_3-propanediol	up	fold	5.64	0.00107366402595175	created	78	495	0.0	0.0010672601235010976	0.012658227848101266	6.474349965006928	0.004032258064516129	5-8	mixed	4	1	False	False	False	C	False
e_coli_dh10b__gem__C__dir	gem	e_coli_dh10b	C	True	LASER:Record1445497569.24:M1	Record1445497569.24	MNXM740127	ethylene	unknown	none		0.0010711381455429444	created	56	495	0.0	0.0	0.017543859649122806	8.507154735850126	0.0020161290322580645	2	add_only	2	0	False	False	False	C	False
e_coli_dh10b__gem__C__dir	gem	e_coli_dh10b	C	True	LASER:Record1446614935.04:M1	Record1446614935.04	MNXM25	succinate	unknown	endpoint_only		1.1993731463717794e-10	ok	56	495	8.620973943399002e-13	2.3929952692994163e-06	0.2807017543859649	0.16798131078772666	0.3326612903225806	2	add_only	2	0	True	False	True	R	False
e_coli_dh10b__gem__C__dir	gem	e_coli_dh10b	C	True	LASER:Record1446708226.78:M1	Record1446708226.78	MNXM664	(R)-acetoin	up	yield		0.0010747585721922065	created	44	495	0.0	0.0	0.022222222222222223	8.255402226946474	0.0020161290322580645	1	add_only	1	0	False	False	False	C	False
e_coli_dh10b__gem__C__und	gem	e_coli_dh10b	C	False	LASER:Record1420657746.71:M1	Record1420657746.71	MNXM460	dihydroxyacetone	up	titer		2.253712124040963e-09	ok	35	495	-1.14056731139703e-06	-2.656531852135437e-12	0.027777777777777776	0.5087196104580639	0.2157258064516129	3-4	add_only	4	0	True	False	True	R	False
e_coli_dh10b__gem__C__und	gem	e_coli_dh10b	C	False	LASER:Record1420834914.48:M1	Record1420834914.48	MNXM3912	amorphadiene	up	titer		0.0	created	33	495	0.0	0.0	1.0			9-16	add_only	11	0	False	False	False	C	False
e_coli_dh10b__gem__C__und	gem	e_coli_dh10b	C	False	LASER:Record1421346421.63:M1	Record1421346421.63	MNXM2861	1_3-propanediol	up	fold	5.64	0.0010662810705606555	created	78	495	0.0	0.00106000470888501	0.012658227848101266	6.474514866775855	0.004032258064516129	5-8	mixed	4	1	False	False	False	C	False
e_coli_dh10b__gem__C__und	gem	e_coli_dh10b	C	False	LASER:Record1445497569.24:M1	Record1445497569.24	MNXM740127	ethylene	unknown	none		0.0010638257369443183	created	56	495	0.0	0.0	0.017543859649122806	8.50590498397204	0.0020161290322580645	2	add_only	2	0	False	False	False	C	False
e_coli_dh10b__gem__C__und	gem	e_coli_dh10b	C	False	LASER:Record1446614935.04:M1	Record1446614935.04	MNXM25	succinate	unknown	endpoint_only		5.862184197270859e-11	ok	56	495	-6.610802400289217e-13	1.9159403388709084e-06	0.21052631578947367	0.20952512358952022	0.3165322580645161	2	add_only	2	0	True	False	True	R	False
e_coli_dh10b__gem__C__und	gem	e_coli_dh10b	C	False	LASER:Record1446708226.78:M1	Record1446708226.78	MNXM664	(R)-acetoin	up	yield		0.0010674023565035032	created	44	495	0.0	0.0	0.022222222222222223	8.255198647233014	0.0020161290322580645	1	add_only	1	0	False	False	False	C	False
e_coli_dh10b__trivial__C__dir	trivial	e_coli_dh10b	C	True	LASER:Record1420565747.74:M1	Record1420565747.74	MNXM1670	isopentanol	up	titer		0.0	ok	47	500	0.0	0.0	1.0	-0.10477906844489998	0.7744510978043913	5-8	add_only	8	0	False	False	False	R	False
e_coli_dh10b__trivial__C__dir	trivial	e_coli_dh10b	C	True	LASER:Record1420657746.71:M1	Record1420657746.71	MNXM460	dihydroxyacetone	up	titer		0.0	ok	35	500	0.0	0.0	1.0	-0.1481652859074886	0.6506986027944112	3-4	add_only	4	0	True	False	True	R	False
e_coli_dh10b__trivial__C__dir	trivial	e_coli_dh10b	C	True	LASER:Record1420663037.56:M1	Record1420663037.56	MNXM56953	hydroxytyrosol	up	titer		0.0	ok	78	500	0.0	0.0	1.0			5-8	mixed	4	4	False	False	False	R	False
e_coli_dh10b__trivial__C__dir	trivial	e_coli_dh10b	C	True	LASER:Record1420750749.96:M1	Record1420750749.96	MNXM1364595	1_2-Propanediol	up	fold	70.0	0.0	ok	47	500	0.0	0.0	1.0			5-8	add_only	5	0	True	False	True	R	False
e_coli_dh10b__trivial__C__dir	trivial	e_coli_dh10b	C	True	LASER:Record1420834914.48:M1	Record1420834914.48	MNXM3912	amorphadiene	up	titer		0.0	ok	33	500	0.0	0.0	1.0			9-16	add_only	11	0	False	False	False	R	False
e_coli_dh10b__trivial__C__dir	trivial	e_coli_dh10b	C	True	LASER:Record1421346421.63:M1	Record1421346421.63	MNXM2861	1_3-propanediol	up	fold	5.64	1.0	ok	78	500	0.0	1.0	0.0759493670886076	6.492213526235589	0.003992015968063872	5-8	mixed	4	1	False	False	False	R	False
e_coli_dh10b__trivial__C__dir	trivial	e_coli_dh10b	C	True	LASER:Record1445407841.78:M1	Record1445407841.78	MNXM1364638	lycopene	unknown	none		0.0	ok	78	500	0.0	0.0	1.0	-0.10714700693851423	0.780439121756487	5-8	mixed	7	1	False	False	False	R	False
e_coli_dh10b__trivial__C__dir	trivial	e_coli_dh10b	C	True	LASER:Record1445407841.78:M10	Record1445407841.78	MNXM1364638	lycopene	unknown	none		0.0	ok	78	500	0.0	0.0	1.0	-0.10714700693851423	0.780439121756487	5-8	mixed	7	1	False	False	False	R	False
e_coli_dh10b__trivial__C__dir	trivial	e_coli_dh10b	C	True	LASER:Record1445407841.78:M11	Record1445407841.78	MNXM1364638	lycopene	unknown	none		0.0	ok	47	500	0.0	0.0	1.0	-0.10649251656647148	0.7485029940119761	5-8	add_only	7	0	False	False	False	R	False
e_coli_dh10b__trivial__C__dir	trivial	e_coli_dh10b	C	True	LASER:Record1445407841.78:M12	Record1445407841.78	MNXM1364638	lycopene	unknown	none		0.0	ok	47	500	0.0	0.0	1.0	-0.10649251656647148	0.7485029940119761	5-8	add_only	7	0	False	False	False	R	False
e_coli_dh10b__trivial__C__dir	trivial	e_coli_dh10b	C	True	LASER:Record1445407841.78:M2	Record1445407841.78	MNXM1364638	lycopene	unknown	none		0.0	ok	78	500	0.0	0.0	1.0	-0.10714700693851423	0.780439121756487	5-8	mixed	7	1	False	False	False	R	False
e_coli_dh10b__trivial__C__dir	trivial	e_coli_dh10b	C	True	LASER:Record1445407841.78:M3	Record1445407841.78	MNXM1364638	lycopene	unknown	none		0.0	ok	47	500	0.0	0.0	1.0	-0.10649251656647148	0.7485029940119761	5-8	add_only	7	0	False	False	False	R	False
e_coli_dh10b__trivial__C__dir	trivial	e_coli_dh10b	C	True	LASER:Record1445407841.78:M4	Record1445407841.78	MNXM1364638	lycopene	unknown	none		0.0	ok	53	500	0.0	0.0	1.0	-0.107801497310557	0.7844311377245509	9-16	mixed	7	2	False	False	False	R	False
e_coli_dh10b__trivial__C__dir	trivial	e_coli_dh10b	C	True	LASER:Record1445407841.78:M5	Record1445407841.78	MNXM1364638	lycopene	unknown	none		0.0	ok	78	500	0.0	0.0	1.0	-0.10714700693851423	0.780439121756487	5-8	mixed	7	1	False	False	False	R	False
e_coli_dh10b__trivial__C__dir	trivial	e_coli_dh10b	C	True	LASER:Record1445407841.78:M6	Record1445407841.78	MNXM1364638	lycopene	unknown	none		0.0	ok	78	500	0.0	0.0	1.0	-0.10714700693851423	0.780439121756487	5-8	mixed	7	1	False	False	False	R	False
e_coli_dh10b__trivial__C__dir	trivial	e_coli_dh10b	C	True	LASER:Record1445407841.78:M7	Record1445407841.78	MNXM1364638	lycopene	unknown	none		0.0	ok	47	500	0.0	0.0	1.0	-0.10649251656647148	0.7485029940119761	5-8	add_only	7	0	False	False	False	R	False
e_coli_dh10b__trivial__C__dir	trivial	e_coli_dh10b	C	True	LASER:Record1445407841.78:M8	Record1445407841.78	MNXM1364638	lycopene	unknown	none		0.0	ok	78	500	0.0	0.0	1.0	-0.10714700693851423	0.780439121756487	5-8	mixed	7	1	False	False	False	R	False
e_coli_dh10b__trivial__C__dir	trivial	e_coli_dh10b	C	True	LASER:Record1445407841.78:M9	Record1445407841.78	MNXM1364638	lycopene	unknown	none		0.0	ok	47	500	0.0	0.0	1.0	-0.10649251656647148	0.7485029940119761	5-8	add_only	7	0	False	False	False	R	False
e_coli_dh10b__trivial__C__dir	trivial	e_coli_dh10b	C	True	LASER:Record1445493164.91:M1	Record1445493164.91	MNXM59345	D-cycloserine	up	titer		0.0	ok	24	500	0.0	0.0	1.0			2	del_only	0	2	True	True	False	R	False
e_coli_dh10b__trivial__C__dir	trivial	e_coli_dh10b	C	True	LASER:Record1445497569.24:M1	Record1445497569.24	MNXM740127	ethylene	unknown	none		1.0	ok	56	500	0.0	0.0	0.017543859649122806	8.56482634772515	0.001996007984031936	2	add_only	2	0	False	False	False	R	False
e_coli_dh10b__trivial__C__dir	trivial	e_coli_dh10b	C	True	LASER:Record1446614935.04:M1	Record1446614935.04	MNXM25	succinate	unknown	endpoint_only		1.0	ok	56	500	0.0	0.0	0.017543859649122806	4.031897976711233	0.005988023952095809	2	add_only	2	0	True	False	True	R	False
e_coli_dh10b__trivial__C__dir	trivial	e_coli_dh10b	C	True	LASER:Record1446708226.78:M1	Record1446708226.78	MNXM664	(R)-acetoin	up	yield		1.0	ok	44	500	0.0	0.0	0.022222222222222223	11.189875600935752	0.001996007984031936	1	add_only	1	0	False	False	False	R	False
e_coli_dh10b__trivial__C__dir	trivial	e_coli_dh10b	C	True	LASER:Record1449641331.14:M1	Record1449641331.14	MNXM1363773	all-trans-retinol	up	titer		0.0	ok	33	500	0.0	0.0	1.0			9-16	add_only	15	0	False	False	False	R	False
e_coli_dh10b__trivial__C__dir	trivial	e_coli_dh10b	C	True	LASER:Record1450073286.05:M1	Record1450073286.05	MNXM1670	isopentanol	up	titer		0.0	ok	47	500	0.0	0.0	1.0	-0.054703029453724704	0.5968063872255489	5-8	add_only	5	0	False	False	False	R	False
e_coli_dh10b__trivial__C__dir	trivial	e_coli_dh10b	C	True	curated:forsberg	gof_forsberg.tsv	MNXM1364111	glucose-6P	unknown	none		0.0	ok	47	500	0.0	0.0	1.0	-0.2516009824351952	0.7245508982035929	5-8	add_only	6	0	False	False	False	R	True
e_coli_k12__denovo_ev__C__dir	denovo_ev	e_coli_k12	C	True	LASER:Record1419612180.15:M1	Record1419612180.15	MNXM3288	Isoprene	up	fold	2.3	0.00022201063276396703	created	35	473	0.0	0.0	0.05555555555555555	9.775092720281542	0.002109704641350211	3-4	add_only	3	0	False	False	False	C	False
e_coli_k12__denovo_ev__C__dir	denovo_ev	e_coli_k12	C	True	LASER:Record1419612292.57:M1	Record1419612292.57	MNXM3288	Isoprene	up	fold	2.3	0.00022201063276396703	created	35	473	0.0	0.0	0.05555555555555555	9.775092720281542	0.002109704641350211	3-4	add_only	3	0	False	False	False	C	False
e_coli_k12__denovo_ev__C__dir	denovo_ev	e_coli_k12	C	True	LASER:Record1419616868.41:M1	Record1419616868.41	MNXM1108092	Ethanol	up	titer	1.6	2.271059062379857e-11	ok	78	473	-1.5658466575229832e-11	5.126115978160351e-08	0.20253164556962025	-0.009522668595410637	0.4810126582278481	5-8	mixed	2	4	False	False	False	R	False
e_coli_k12__denovo_ev__C__dir	denovo_ev	e_coli_k12	C	True	LASER:Record1419618777.21:M1	Record1419618777.21	MNXM3230	n-butanol	up	fold	3.9	1.154197694992927e-09	ok	53	473	-4.9248192720077744e-08	4.93302272902953e-08	0.14814814814814814	1.413262607227575	0.07805907172995781	9-16	mixed	12	4	False	False	False	R	False
e_coli_k12__denovo_ev__C__dir	denovo_ev	e_coli_k12	C	True	LASER:Record1419622531.88:M1	Record1419622531.88	MNXM3085	isopropanol	up	titer		3.248186189745879e-09	ok	41	473	-4.822015197263074e-08	-1.4887364344767784e-13	0.047619047619047616	1.0357917524152613	0.1160337552742616	5-8	add_only	7	0	False	False	False	R	False
e_coli_k12__denovo_ev__C__dir	denovo_ev	e_coli_k12	C	True	LASER:Record1419700122.69:M1	Record1419700122.69	MNXM11527	Ethyl butyrate	up	fold	27.5	2.6246957206396346e-10	ok	31	473	-6.359879349256223e-08	7.148806977295811e-08	0.1875	-0.8415829983481188	0.8649789029535865	17+	mixed	2	16	False	False	False	R	False
e_coli_k12__denovo_ev__C__dir	denovo_ev	e_coli_k12	C	True	LASER:Record1419702544.12:M1	Record1419702544.12	MNXM3230	n-butanol	up	fold	1500.0	-4.8149981081966903e-08	ok	30	473	-9.183729144031946e-08	-8.967885889996752e-11	0.16129032258064516	1.225503101526802	0.09071729957805907	9-16	add_only	16	0	False	False	False	R	False
e_coli_k12__denovo_ev__C__dir	denovo_ev	e_coli_k12	C	True	LASER:Record1419820798.43:M1	Record1419820798.43	MNXM738702	NADPH	up	fold	1.7	4.151536604182944e-11	ok	42	473	-4.953314032419133e-08	1.499982135718081e-07	0.3023255813953488	-3.0847653687919356	0.9936708860759493	17+	del_only	0	44	True	True	False	R	False
e_coli_k12__denovo_ev__C__dir	denovo_ev	e_coli_k12	C	True	LASER:Record1419871302.73:M1	Record1419871302.73	MNXM1997	Abietadiene	up	titer		4.1339042931017794e-12	created	41	473	0.0	4.54096604477921e-12	0.09523809523809523	7.342566965559791	0.016877637130801686	5-8	add_only	6	0	False	False	False	C	False
e_coli_k12__denovo_ev__C__dir	denovo_ev	e_coli_k12	C	True	LASER:Record1419872698.65:M1	Record1419872698.65	MNXM1780	Taxadiene	up	fold	15000.0	0.00022200816110701599	created	41	473	0.0	0.0	0.023809523809523808	12.52380773638175	0.002109704641350211	5-8	add_only	6	0	False	False	False	C	False
e_coli_k12__denovo_ev__C__dir	denovo_ev	e_coli_k12	C	True	LASER:Record1419895893.83:M1	Record1419895893.83	MNXM1364595	1_2-propanediol	up	titer		-1.4778301088988824e-07	ok	53	473	-4.9152686527550744e-08	4.9328850679935306e-08	0.9444444444444444	-2.036974069803719	0.9683544303797469	9-16	mixed	9	3	False	False	False	R	False
e_coli_k12__denovo_ev__C__dir	denovo_ev	e_coli_k12	C	True	LASER:Record1419966947.93:M1	Record1419966947.93	MNXM25	succinate	up	fold	4.0	-1.145831395260935e-12	ok	30	473	-1.0658921661965692e-13	2.7110233101086256e-08	0.6129032258064516	-0.07999817495036907	0.5189873417721519	3-4	mixed	1	3	False	False	False	R	False
e_coli_k12__denovo_ev__C__dir	denovo_ev	e_coli_k12	C	True	LASER:Record1419968290.81:M1	Record1419968290.81	MNXM1108092	H2;ethanol	unknown	endpoint_only		4.1342973424070284e-13	ok	19	473	4.810774270673458e-08	9.870266943753436e-08	0.85	-0.42969604845903187	0.7827004219409283	5-8	del_only	0	6	True	True	False	R	False
e_coli_k12__denovo_ev__C__dir	denovo_ev	e_coli_k12	C	True	LASER:Record1419968290.81:M2	Record1419968290.81	MNXM1108092	H2;ethanol	unknown	endpoint_only		4.1342973424070284e-13	ok	19	473	4.810774270673458e-08	9.870266943753436e-08	0.85	-0.42969604845903187	0.7827004219409283	5-8	del_only	0	6	True	True	False	R	False
e_coli_k12__denovo_ev__C__dir	denovo_ev	e_coli_k12	C	True	LASER:Record1419971010.72:M1	Record1419971010.72	MNXM1108092	ethanol	up	titer		1.0190312824251077e-10	ok	53	473	-4.924902105701563e-08	4.933199839540032e-08	0.14814814814814814	-0.2873942535996511	0.7194092827004219	9-16	mixed	2	8	False	False	False	R	False
e_coli_k12__denovo_ev__C__dir	denovo_ev	e_coli_k12	C	True	LASER:Record1419973694.76:M1	Record1419973694.76	MNXM3085	isopropanol	up	titer		3.248918925693534e-09	ok	35	473	-2.6609920956760427e-08	3.9499241551165894e-14	0.027777777777777776	0.4764888014944119	0.22784810126582278	3-4	add_only	3	0	False	False	False	R	False
e_coli_k12__denovo_ev__C__dir	denovo_ev	e_coli_k12	C	True	LASER:Record1420064034.84:M1	Record1420064034.84	MNXM5188	isobutanol	up	titer		1.59337615264531e-08	ok	31	473	-6.361214037147573e-08	7.209882244192407e-08	0.21875	1.3533641952760473	0.08860759493670886	17+	mixed	11	7	False	False	False	R	False
e_coli_k12__denovo_ev__C__dir	denovo_ev	e_coli_k12	C	True	LASER:Record1420065439.92:M1	Record1420065439.92	MNXM1108092	Ethanol	up	fold	2.5	1.858027813095124e-11	ok	78	473	-1.5658466575229832e-11	5.126115978160351e-08	0.20253164556962025	0.47998059290495954	0.22362869198312235	5-8	mixed	4	1	False	False	False	R	False
e_coli_k12__denovo_ev__C__dir	denovo_ev	e_coli_k12	C	True	LASER:Record1420480571.45:M1	Record1420480571.45	MNXM398	acetone	up	titer		2.1459477768446915e-10	ok	30	473	-7.138869573611317e-14	4.654186175454152e-13	0.03225806451612903	0.13353800952648684	0.35232067510548526	1	add_only	1	0	False	False	False	R	False
e_coli_k12__denovo_ev__C__dir	denovo_ev	e_coli_k12	C	True	LASER:Record1420483083.91:M1	Record1420483083.91	MNXM5188	isobutanol	up	titer		1.597649350494482e-08	ok	53	473	-4.928625340182703e-08	4.932193840518967e-08	0.14814814814814814	0.9410743603140101	0.13291139240506328	9-16	mixed	7	5	False	False	False	R	False
e_coli_k12__denovo_ev__C__dir	denovo_ev	e_coli_k12	C	True	LASER:Record1420483763.95:M1	Record1420483763.95	MNXM1108092	ethanol	up	fold	1.48	6.205185562428717e-13	ok	78	473	-1.5658466575229832e-11	5.126115978160351e-08	0.27848101265822783	0.19987203382118537	0.33122362869198313	5-8	mixed	3	3	True	False	False	R	False
e_coli_k12__denovo_ev__C__dir	denovo_ev	e_coli_k12	C	True	LASER:Record1420484655.86:M1	Record1420484655.86	MNXM1108092	H2;ethanol	up	fold	20.0	0.0	below_floor	24	473	3.5074289935106695e-13	1.5536625317123803e-08	0.8	-0.1501843801482984	0.6518987341772152	2	del_only	0	2	True	True	False	R	False
e_coli_k12__denovo_ev__C__dir	denovo_ev	e_coli_k12	C	True	LASER:Record1420564498.19:M1	Record1420564498.19	MNXM75	acetalaldehyde	up	fold	1.74	1.1768598790797002e-12	ok	78	473	-2.7394104183415396e-11	5.129354497123307e-08	0.27848101265822783	-0.14989683036212897	0.6118143459915611	5-8	mixed	1	4	True	False	False	R	False
e_coli_k12__denovo_ev__C__dir	denovo_ev	e_coli_k12	C	True	LASER:Record1420567233.18:M1	Record1420567233.18	MNXM6396	1-propanol	up	titer		-7.388700312048685e-08	ok	52	473	8.294488143198442e-14	8.430695296747264e-09	1.0	-1.2682844113211102	0.9282700421940928	2	add_only	2	0	False	False	False	R	False
e_coli_k12__denovo_ev__C__dir	denovo_ev	e_coli_k12	C	True	LASER:Record1420574938.8:M1	Record1420574938.8	MNXM2800	Adipic Acid	up	fold	20.0	-1.1956184387809307e-11	ok	53	473	-4.923945515948949e-08	4.9327938691021016e-08	0.2777777777777778	1.0394044784490468	0.1160337552742616	9-16	mixed	9	3	False	False	False	R	False
e_coli_k12__denovo_ev__C__dir	denovo_ev	e_coli_k12	C	True	LASER:Record1420579970.27:M1	Record1420579970.27	MNXM1371363	L-lactate	up	titer		-1.3146871865080904e-09	ok	78	473	-3.026894331698265e-11	5.127102548872358e-08	0.569620253164557	0.033222121063886195	0.4767932489451477	5-8	mixed	3	5	False	False	False	R	False
e_coli_k12__denovo_ev__C__dir	denovo_ev	e_coli_k12	C	True	LASER:Record1420579970.27:M1	Record1420579970.27	MNXM733758	L-lactate	up	titer		-9.112129639428455e-10	ok	78	473	-2.8137079200862142e-11	5.127356718437391e-08	0.569620253164557	0.04139051834855198	0.47468354430379744	5-8	mixed	3	5	False	False	False	R	False
e_coli_k12__denovo_ev__C__dir	denovo_ev	e_coli_k12	C	True	LASER:Record1420580799.33:M1	Record1420580799.33	MNXM25	succinate	up	fold	1.25	-3.581665064360251e-11	ok	19	473	4.8086005309723066e-08	9.869302992475696e-08	0.95	-0.5699997033831635	0.810126582278481	5-8	del_only	0	8	True	True	False	R	False
e_coli_k12__denovo_ev__C__dir	denovo_ev	e_coli_k12	C	True	LASER:Record1420581833.49:M1	Record1420581833.49	MNXM3230	n-butanol	up	titer		1.1829657418839946e-09	ok	53	473	-4.9248192720077744e-08	4.93302272902953e-08	0.14814814814814814	1.4138614483109035	0.0759493670886076	9-16	mixed	12	4	False	False	False	R	False
e_coli_k12__denovo_ev__C__dir	denovo_ev	e_coli_k12	C	True	LASER:Record1420655176.75:M1	Record1420655176.75	MNXM1108092	ethanol	up	fold	3.5	-4.9305236281060394e-08	ok	53	473	-4.924902105701563e-08	4.933199839540032e-08	0.5370370370370371	-0.6165457703969408	0.8227848101265823	9-16	mixed	5	4	True	False	False	R	False
e_coli_k12__denovo_ev__C__dir	denovo_ev	e_coli_k12	C	True	LASER:Record1420655787.75:M1	Record1420655787.75	MNXM737068	xylitol	up	titer		-4.043506153549644e-10	ok	18	473	-4.3750321020077226e-13	7.719994751349418e-09	1.0	0.051333243700645036	0.47468354430379744	2	mixed	1	1	False	False	False	R	False
e_coli_k12__denovo_ev__C__dir	denovo_ev	e_coli_k12	C	True	LASER:Record1420657266.85:M1	Record1420657266.85	MNXM1108092	ethanol	up	fold	1.7	2.294181462641695e-11	ok	78	473	-1.5658466575229832e-11	5.126115978160351e-08	0.20253164556962025	0.34031125698214576	0.270042194092827	5-8	mixed	4	3	False	False	False	R	False
e_coli_k12__denovo_ev__C__dir	denovo_ev	e_coli_k12	C	True	LASER:Record1420661189.03:M1	Record1420661189.03	MNXM1670	3-methyl-1-butanol	up	fold	6.0	5.233316042644416e-09	ok	31	473	-6.361154024052819e-08	7.209866515798884e-08	0.1875	2.33390587415765	0.014767932489451477	17+	mixed	19	6	False	False	False	R	False
e_coli_k12__denovo_ev__C__dir	denovo_ev	e_coli_k12	C	True	LASER:Record1420666912.41:M1	Record1420666912.41	MNXM25	succinate	up	fold	1.1	-3.2872162859364645e-08	ok	78	473	-3.448567749723616e-11	5.126922382589667e-08	0.6329113924050633	0.21519917564389596	0.3270042194092827	5-8	mixed	7	1	True	False	False	R	False
e_coli_k12__denovo_ev__C__dir	denovo_ev	e_coli_k12	C	True	LASER:Record1420666912.41:M2	Record1420666912.41	MNXM25	succinate	up	fold	1.32	-2.7208731144881537e-14	below_floor	18	473	-1.6500621940855609e-12	7.71984451591145e-09	0.42105263157894735	0.05974475311705192	0.4472573839662447	2	mixed	1	1	True	False	False	R	False
e_coli_k12__denovo_ev__C__dir	denovo_ev	e_coli_k12	C	True	LASER:Record1420666912.41:M3	Record1420666912.41	MNXM25	succinate	up	fold	1.18	-2.721293242829992e-14	below_floor	37	473	2.894190963276255e-13	5.897837021004503e-08	0.9210526315789473	-0.08023580298083047	0.580168776371308	1	del_only	0	1	True	True	False	R	False
e_coli_k12__denovo_ev__C__dir	denovo_ev	e_coli_k12	C	True	LASER:Record1420666912.41:M4	Record1420666912.41	MNXM25	succinate	up	fold	1.3	-2.357507635289413e-13	ok	18	473	-1.6500621940855609e-12	7.71984451591145e-09	0.5263157894736842	0.05974041107495985	0.45147679324894513	2	mixed	1	1	True	False	False	R	False
e_coli_k12__denovo_ev__C__dir	denovo_ev	e_coli_k12	C	True	LASER:Record1420666912.41:M5	Record1420666912.41	MNXM25	succinate	up	fold	1.4	-2.5985615569046328e-14	below_floor	18	473	-1.6500621940855609e-12	7.71984451591145e-09	0.42105263157894735	0.0597447785834735	0.4472573839662447	2	mixed	1	1	True	False	False	R	False
e_coli_k12__denovo_ev__C__dir	denovo_ev	e_coli_k12	C	True	LASER:Record1420666912.41:M6	Record1420666912.41	MNXM25	succinate	up	fold	1.42	-2.721293242829992e-14	below_floor	37	473	2.894190963276255e-13	5.897837021004503e-08	0.9210526315789473	-0.08023580298083047	0.580168776371308	1	del_only	0	1	True	True	False	R	False
e_coli_k12__denovo_ev__C__dir	denovo_ev	e_coli_k12	C	True	LASER:Record1420666912.41:M7	Record1420666912.41	MNXM25	succinate	up	fold	1.3	-2.721293242829992e-14	below_floor	18	473	-1.6500621940855609e-12	7.71984451591145e-09	0.42105263157894735	0.05974475302957723	0.4472573839662447	2	mixed	1	1	True	False	False	R	False
e_coli_k12__denovo_ev__C__dir	denovo_ev	e_coli_k12	C	True	LASER:Record1420666912.41:M8	Record1420666912.41	MNXM25	succinate	up	fold	1.35	-2.721293242829992e-14	below_floor	37	473	2.894190963276255e-13	5.897837021004503e-08	0.9210526315789473	-0.08023580298083047	0.580168776371308	1	del_only	0	1	True	True	False	R	False
e_coli_k12__denovo_ev__C__dir	denovo_ev	e_coli_k12	C	True	LASER:Record1420666912.41:M9	Record1420666912.41	MNXM25	succinate	up	fold	1.35	-4.9300098329174615e-08	ok	30	473	-1.0658921661965692e-13	2.7110233101086256e-08	1.0	-0.6867681818424896	0.8544303797468354	3-4	mixed	3	1	True	False	False	R	False
e_coli_k12__denovo_ev__C__dir	denovo_ev	e_coli_k12	C	True	LASER:Record1420735510.26:M1	Record1420735510.26	MNXM1371362	D-lactate	up	yield	2.686	-3.611288430294991e-11	ok	22	473	3.8616209026027387e-13	9.612265741776932e-08	1.0	-0.2905010362330615	0.7383966244725738	3-4	del_only	0	4	True	True	False	R	False
e_coli_k12__denovo_ev__C__dir	denovo_ev	e_coli_k12	C	True	LASER:Record1420735510.26:M2	Record1420735510.26	MNXM1371362	D-lactate	up	yield	3.779	3.4418811117181702e-15	below_floor	24	473	1.6753504508172645e-12	1.5543850419949127e-08	0.8	-0.15044735401903725	0.6561181434599156	2	del_only	0	2	True	True	False	R	False
e_coli_k12__denovo_ev__C__dir	denovo_ev	e_coli_k12	C	True	LASER:Record1420735510.26:M5	Record1420735510.26	MNXM1371362	D-lactate	up	yield	2.429	3.4418811117181702e-15	below_floor	24	473	1.6753504508172645e-12	1.5543850419949127e-08	0.8	-0.15044735401903725	0.6561181434599156	2	del_only	0	2	True	True	False	R	False
e_coli_k12__denovo_ev__C__dir	denovo_ev	e_coli_k12	C	True	LASER:Record1420735510.26:M6	Record1420735510.26	MNXM1371362	D-lactate	up	yield	2.957	-1.3252003796615855e-11	ok	22	473	3.8616209026027387e-13	9.612265741776932e-08	0.9565217391304348	-0.22037418139580106	0.7046413502109705	3-4	del_only	0	3	True	True	False	R	False
e_coli_k12__denovo_ev__C__dir	denovo_ev	e_coli_k12	C	True	LASER:Record1420735510.26:M7	Record1420735510.26	MNXM1371362	D-lactate	up	yield	1.686	-3.610941184733693e-11	ok	19	473	4.809201105155248e-08	9.869452316206431e-08	0.95	-0.42980254514889954	0.7869198312236287	5-8	del_only	0	6	True	True	False	R	False
e_coli_k12__denovo_ev__C__dir	denovo_ev	e_coli_k12	C	True	LASER:Record1420736845.03:M1	Record1420736845.03	MNXM1371363	L-lactate	up	titer		-3.1084914812540623e-10	ok	78	473	-3.026894331698265e-11	5.127102548872358e-08	0.5569620253164557	0.12388966258294905	0.4240506329113924	5-8	mixed	3	4	True	False	False	R	False
e_coli_k12__denovo_ev__C__dir	denovo_ev	e_coli_k12	C	True	LASER:Record1420736845.03:M1	Record1420736845.03	MNXM733758	L-lactate	up	titer		-2.3661380610363013e-10	ok	78	473	-2.8137079200862142e-11	5.127356718437391e-08	0.5569620253164557	0.12525119908998816	0.4240506329113924	5-8	mixed	3	4	True	False	False	R	False
e_coli_k12__denovo_ev__C__dir	denovo_ev	e_coli_k12	C	True	LASER:Record1420741999.5:M1	Record1420741999.5	MNXM872	3-HP	up	fold	7.4	1.218856813438654e-11	ok	22	473	1.6601137917690925e-12	9.612426643489892e-08	0.391304347826087	-0.2197082490324148	0.6877637130801688	3-4	del_only	0	3	True	True	False	R	False
e_coli_k12__denovo_ev__C__dir	denovo_ev	e_coli_k12	C	True	LASER:Record1420743618.36:M1	Record1420743618.36	MNXM1108092	ethanol	up	titer		9.764416598724373e-08	ok	30	473	-4.627781447982815e-15	2.707883384639472e-08	0.03225806451612903	2.1625950782633447	0.014767932489451477	3-4	mixed	2	2	False	False	False	R	False
e_coli_k12__denovo_ev__C__dir	denovo_ev	e_coli_k12	C	True	LASER:Record1420751097.38:M1	Record1420751097.38	MNXM1108092	ethanol	up	titer		3.053819160438523e-12	ok	87	473	-4.9322081419978046e-08	4.9318559763216266e-08	0.17045454545454544	-0.639281285380115	0.8375527426160337	9-16	del_only	0	9	True	True	False	R	False
e_coli_k12__denovo_ev__C__dir	denovo_ev	e_coli_k12	C	True	LASER:Record1420751487.42:M1	Record1420751487.42	MNXM1104965	R-3HB	up	titer		-6.9589593961437435e-12	ok	30	473	-9.178402049569783e-08	-6.849844761227334e-11	0.0967741935483871	1.6691617635123623	0.05063291139240506	9-16	add_only	12	0	True	False	True	R	False
e_coli_k12__denovo_ev__C__dir	denovo_ev	e_coli_k12	C	True	LASER:Record1420751487.42:M2	Record1420751487.42	MNXM1104966	S-3HB	up	titer		1.6448866032268972e-11	ok	30	473	-9.176136870072088e-08	-7.113349321196141e-11	0.03225806451612903	1.6697512137567496	0.04852320675105485	9-16	add_only	12	0	False	False	False	R	False
e_coli_k12__denovo_ev__C__dir	denovo_ev	e_coli_k12	C	True	LASER:Record1420754173.95:M1	Record1420754173.95	MNXM1021	glutaric acid	up	titer		-4.935110167324664e-08	ok	78	473	-3.444007686188074e-11	5.125753509419213e-08	0.7974683544303798	-0.6176972456814922	0.8312236286919831	5-8	mixed	4	2	False	False	False	R	False
e_coli_k12__denovo_ev__C__dir	denovo_ev	e_coli_k12	C	True	LASER:Record1420754551.36:M1	Record1420754551.36	MNXM737340	L-fumarate	up	titer		4.933447491744765e-08	ok	78	473	-3.151052250344958e-11	5.127205872997872e-08	0.08860759493670886	1.2971263359817813	0.08860759493670886	5-8	mixed	3	2	True	False	False	R	False
e_coli_k12__denovo_ev__C__dir	denovo_ev	e_coli_k12	C	True	LASER:Record1420823481.59:M1	Record1420823481.59	MNXM270	riboflavin	up	fold	12.0	-5.558212581597416e-12	ok	53	473	-4.924133699887325e-08	4.9339525478317786e-08	0.2962962962962963	1.1087700205740043	0.10548523206751055	9-16	mixed	10	4	True	False	False	R	False
e_coli_k12__denovo_ev__C__dir	denovo_ev	e_coli_k12	C	True	LASER:Record1420824342.15:M1	Record1420824342.15	MNXM25	succinate	unknown	none		7.571805053611935e-14	ok	30	473	-1.4584690334780437e-13	3.4406074804526066e-12	0.16129032258064516	0.12960671479334673	0.3755274261603376	1	add_only	1	0	True	False	True	R	False
e_coli_k12__denovo_ev__C__dir	denovo_ev	e_coli_k12	C	True	LASER:Record1420827149.96:M1	Record1420827149.96	MNXM81353	sabinene	up	titer		0.00022182905595945904	created	30	473	0.0	0.0	0.03225806451612903	10.758326779163905	0.010548523206751054	9-16	add_only	9	0	False	False	False	C	False
e_coli_k12__denovo_ev__C__dir	denovo_ev	e_coli_k12	C	True	LASER:Record1420828539.55:M1	Record1420828539.55	MNXM1108092	ethanol	up	titer		1.2191305907502392e-13	ok	78	473	-1.5658466575229832e-11	5.126115978160351e-08	0.3037974683544304	0.0598871320085199	0.43670886075949367	5-8	mixed	2	3	True	False	False	R	False
e_coli_k12__denovo_ev__C__dir	denovo_ev	e_coli_k12	C	True	LASER:Record1421181248.73:M1	Record1421181248.73	MNXM1108092	ethanol	up	titer		2.7141347979861563e-14	below_floor	18	473	-1.3830175069409756e-13	7.719534681011743e-09	0.3684210526315789	0.059670775216840194	0.44936708860759494	2	mixed	1	1	True	False	False	R	False
e_coli_k12__denovo_ev__C__dir	denovo_ev	e_coli_k12	C	True	LASER:Record1421181248.73:M2	Record1421181248.73	MNXM6396	1-propanol	up	titer		5.092746970664086e-13	ok	18	473	-1.70897746908788e-13	7.718430876419255e-09	0.2631578947368421	0.05962480010088121	0.4451476793248945	2	mixed	1	1	True	False	False	R	False
e_coli_k12__denovo_ev__C__dir	denovo_ev	e_coli_k12	C	True	LASER:Record1421181891.77:M1	Record1421181891.77	MNXM1107139	ethylene glycol	up	titer		-1.4195919798741996e-07	ok	78	473	-2.908615462740051e-11	5.1262116843847365e-08	0.9620253164556962	-2.6854680168749456	0.9810126582278481	5-8	mixed	4	4	False	False	False	R	False
e_coli_k12__denovo_ev__C__dir	denovo_ev	e_coli_k12	C	True	LASER:Record1421187298.98:M1	Record1421187298.98	MNXM23	pyruvate	up	fold	35.8	5.543377985372383e-13	ok	19	473	4.809129807234339e-08	9.869581793168895e-08	0.9	-0.4294137187376801	0.7848101265822784	5-8	del_only	0	6	True	True	False	R	False
e_coli_k12__denovo_ev__C__dir	denovo_ev	e_coli_k12	C	True	LASER:Record1421339423.18:M1	Record1421339423.18	MNXM1369382	Alanine-Glutamine	up	titer		9.196351254299462e-12	ok	78	473	-3.0214946633556027e-11	5.1264494528636876e-08	0.22784810126582278	-0.2194723653991297	0.6856540084388185	5-8	mixed	1	5	False	False	False	R	False
e_coli_k12__denovo_ev__C__dir	denovo_ev	e_coli_k12	C	True	LASER:Record1421340194.69:M1	Record1421340194.69	MNXM738152	(2S)-naringenin	up	fold	4.31	-6.730257242298842e-14	ok	53	473	0.0	0.0	0.9814814814814815	-0.18948047879530863	0.9852320675105485	9-16	mixed	5	6	False	False	False	R	False
e_coli_k12__denovo_ev__C__dir	denovo_ev	e_coli_k12	C	True	LASER:Record1421341418.21:M1	Record1421341418.21	MNXM25	succinate	up	yield	8.6	-3.876285685662506e-14	below_floor	30	473	-1.4584690334780437e-13	3.4406074804526066e-12	0.3870967741935484	0.1296043311927222	0.39029535864978904	1	add_only	1	0	False	False	False	R	False
e_coli_k12__denovo_ev__C__dir	denovo_ev	e_coli_k12	C	True	LASER:Record1421341942.82:M1	Record1421341942.82	MNXM1371363	L-lactate	up	titer		-1.22207685594386e-12	ok	37	473	6.328417607656678e-14	5.8978266713965056e-08	0.9210526315789473	-0.08038723419937675	0.580168776371308	1	del_only	0	1	True	True	False	R	False
e_coli_k12__denovo_ev__C__dir	denovo_ev	e_coli_k12	C	True	LASER:Record1421341942.82:M1	Record1421341942.82	MNXM733758	L-lactate	up	titer		-8.44339843267955e-13	ok	37	473	8.97266744410985e-15	5.897833695996591e-08	0.8947368421052632	-0.08036563944964943	0.5780590717299579	1	del_only	0	1	True	True	False	R	False
e_coli_k12__denovo_ev__C__dir	denovo_ev	e_coli_k12	C	True	LASER:Record1421341942.82:M2	Record1421341942.82	MNXM1371362	D-lactate	up	titer		-5.769730125528699e-13	ok	24	473	1.6753504508172645e-12	1.5543850419949127e-08	0.88	-0.15045944081357449	0.6603375527426161	2	del_only	0	2	True	True	False	R	False
e_coli_k12__denovo_ev__C__dir	denovo_ev	e_coli_k12	C	True	LASER:Record1421355950.68:M1	Record1421355950.68	MNXM1371362	D-lactate	up	titer		-1.1609672912697017e-12	ok	22	473	3.8616209026027387e-13	9.612265741776932e-08	0.8260869565217391	-0.22012239276050322	0.70042194092827	3-4	del_only	0	3	True	True	False	R	False
e_coli_k12__denovo_ev__C__dir	denovo_ev	e_coli_k12	C	True	LASER:Record1421355950.68:M2	Record1421355950.68	MNXM1371362	D-lactate	up	titer		-5.588047656979872e-13	ok	37	473	9.16096625641627e-15	5.897828950570534e-08	0.8947368421052632	-0.0808082718568233	0.5780590717299579	1	del_only	0	1	True	True	False	R	False
e_coli_k12__denovo_ev__C__dir	denovo_ev	e_coli_k12	C	True	LASER:Record1421355950.68:M3	Record1421355950.68	MNXM1371362	D-lactate	up	titer		2.63304024308679e-12	ok	22	473	3.8616209026027387e-13	9.612265741776932e-08	0.43478260869565216	-0.2896941754266711	0.7257383966244726	3-4	del_only	0	4	True	True	False	R	False
e_coli_k12__denovo_ev__C__dir	denovo_ev	e_coli_k12	C	True	LASER:Record1421358274.81:M1	Record1421358274.81	MNXM25	succinate	up	titer		4.3366140756520566e-13	ok	22	473	8.92052459732038e-12	9.611644424923171e-08	0.6521739130434783	-0.28980566307219713	0.7341772151898734	3-4	del_only	0	4	True	True	False	R	False
e_coli_k12__denovo_ev__C__dir	denovo_ev	e_coli_k12	C	True	LASER:Record1421360315.24:M2	Record1421360315.24	MNXM737751	prenol	up	titer		-1.7922051124546622e-07	ok	41	473	-4.825203794663513e-08	2.633847919495183e-12	0.9761904761904762	-2.6218737704249726	0.9810126582278481	5-8	add_only	8	0	False	False	False	R	False
e_coli_k12__denovo_ev__C__dir	denovo_ev	e_coli_k12	C	True	LASER:Record1421361586.89:M1	Record1421361586.89	MNXM458	butyrate	up	titer		5.303466717708222e-10	ok	53	473	-4.9290310009090675e-08	4.933118974061331e-08	0.14814814814814814	0.6318522693660538	0.1962025316455696	9-16	mixed	7	5	False	False	False	R	False
e_coli_k12__denovo_ev__C__dir	denovo_ev	e_coli_k12	C	True	LASER:Record1421362933.52:M1	Record1421362933.52	MNXM118	Putrescine	up	titer		1.4785893682751731e-07	ok	53	473	-4.92479994085109e-08	4.9338556612287626e-08	0.037037037037037035	3.977995191816426	0.006329113924050633	9-16	mixed	9	5	True	False	False	R	False
e_coli_k12__denovo_ev__C__dir	denovo_ev	e_coli_k12	C	True	LASER:Record1421366778.23:M1	Record1421366778.23	MNXM1108092	ethanol	up	fold	25.7	-4.92921664181059e-08	ok	53	473	-4.924902105701563e-08	4.933199839540032e-08	0.5370370370370371	-0.2662301765195772	0.7088607594936709	9-16	mixed	8	5	True	False	False	R	False
e_coli_k12__denovo_ev__C__dir	denovo_ev	e_coli_k12	C	True	LASER:Record1421436127.08:M1	Record1421436127.08	MNXM872	3-HP	up	titer		-9.866053548527459e-08	ok	52	473	0.0	8.431482509834408e-09	1.0	-1.7845213133487028	0.9556962025316456	2	add_only	2	0	False	False	False	R	False
e_coli_k12__denovo_ev__C__dir	denovo_ev	e_coli_k12	C	True	LASER:Record1421436723.73:M1	Record1421436723.73	MNXM1105732	L-alanine	up	titer		-1.2888638222549424e-10	ok	78	473	-3.0047943679663985e-11	5.126839005048007e-08	0.5569620253164557	-0.15247888063167753	0.6708860759493671	5-8	mixed	1	4	False	False	False	R	False
e_coli_k12__denovo_ev__C__dir	denovo_ev	e_coli_k12	C	True	LASER:Record1423246634.26:M1	Record1423246634.26	MNXM3230	butanol	up	fold	30.0	-1.1826141194798412e-13	ok	52	473	6.362369398688061e-16	8.430626623202767e-09	0.5849056603773585	0.26944902690320843	0.29324894514767935	2	add_only	2	0	True	False	True	R	False
e_coli_k12__denovo_ev__C__dir	denovo_ev	e_coli_k12	C	True	LASER:Record1445327759.27:M1	Record1445327759.27	MNXM1105732	l-alanine	unknown	endpoint_only		-6.819994872661606e-13	ok	22	473	1.5581637271677024e-13	9.612259237885269e-08	0.7391304347826086	-0.289797821588761	0.7278481012658228	3-4	del_only	0	4	True	True	False	R	False
e_coli_k12__denovo_ev__C__dir	denovo_ev	e_coli_k12	C	True	LASER:Record1445330168.98:M1	Record1445330168.98	MNXM1108250	beta-carotene	unknown	endpoint_only		8.34302225146997e-13	created	42	473	0.0	0.0	0.023255813953488372	26.95221325755966	0.002109704641350211	17+	add_only	17	0	False	False	False	C	False
e_coli_k12__denovo_ev__C__dir	denovo_ev	e_coli_k12	C	True	LASER:Record1445848934.32:M1	Record1445848934.32	MNXM1812	penicillin G	up	fold	11.0	0.0	below_floor	78	473	0.0	0.0	1.0			5-8	mixed	2	4	True	False	False	R	False
e_coli_k12__denovo_ev__C__dir	denovo_ev	e_coli_k12	C	True	LASER:Record1445925852.59:M1	Record1445925852.59	MNXM737340	Fumaric acid	up	fold	7.0	4.933447491744765e-08	ok	30	473	-2.976830750216902e-13	2.7110786502453957e-08	0.06451612903225806	1.0171628543249218	0.11814345991561181	3-4	mixed	1	2	True	False	False	R	False
e_coli_k12__denovo_ev__C__dir	denovo_ev	e_coli_k12	C	True	LASER:Record1445926619.88:M1	Record1445926619.88	MNXM737068	xylitol	unknown	endpoint_only		3.089474818552054e-11	ok	22	473	4.786351301194411e-12	9.613263335246624e-08	0.391304347826087	-0.28981009704019084	0.7257383966244726	3-4	del_only	0	4	True	True	False	R	False
e_coli_k12__denovo_ev__C__dir	denovo_ev	e_coli_k12	C	True	LASER:Record1446017475.49:M1	Record1446017475.49	MNXM704	Deoxycytidine	unknown	endpoint_only		-8.744272379746995e-11	ok	31	473	-6.361119558984216e-08	7.212546410977267e-08	0.25	0.2686641082723352	0.3059071729957806	17+	mixed	7	10	True	False	False	R	False
e_coli_k12__denovo_ev__C__dir	denovo_ev	e_coli_k12	C	True	LASER:Record1446177836.98:M1	Record1446177836.98	MNXM1108092	ethanol;h2	unknown	none		-6.0409398566340505e-12	ok	37	473	9.093032858793759e-14	5.897819979848148e-08	0.9473684210526315	-0.08043007617153122	0.5822784810126582	1	del_only	0	1	True	True	False	R	False
e_coli_k12__denovo_ev__C__dir	denovo_ev	e_coli_k12	C	True	LASER:Record1446177836.98:M4	Record1446177836.98	MNXM1108092	ethanol;h2	unknown	none		8.941687180182706e-13	ok	37	473	9.093032858793759e-14	5.897819979848148e-08	0.2894736842105263	-0.08028569581349666	0.5295358649789029	1	del_only	0	1	True	True	False	R	False
e_coli_k12__denovo_ev__C__dir	denovo_ev	e_coli_k12	C	True	LASER:Record1446177836.98:M5	Record1446177836.98	MNXM1108092	ethanol;h2	unknown	none		4.527666897001861e-11	ok	24	473	3.5074289935106695e-13	1.5536625317123803e-08	0.12	-0.1492417760627046	0.6033755274261603	2	del_only	0	2	True	True	False	R	False
e_coli_k12__denovo_ev__C__dir	denovo_ev	e_coli_k12	C	True	LASER:Record1446177836.98:M6	Record1446177836.98	MNXM1108092	ethanol;h2	unknown	none		3.265042045324379e-13	ok	37	473	9.093032858793759e-14	5.897819979848148e-08	0.34210526315789475	-0.08029751388452155	0.5337552742616034	1	del_only	0	1	True	True	False	R	False
e_coli_k12__denovo_ev__C__dir	denovo_ev	e_coli_k12	C	True	LASER:Record1446177836.98:M7	Record1446177836.98	MNXM1108092	ethanol;h2	unknown	none		1.520555870885426e-13	ok	37	473	9.093032858793759e-14	5.897819979848148e-08	0.47368421052631576	-0.08030114568834612	0.5443037974683544	1	del_only	0	1	True	True	False	R	False
e_coli_k12__denovo_ev__C__dir	denovo_ev	e_coli_k12	C	True	LASER:Record1446177836.98:M8	Record1446177836.98	MNXM1108092	ethanol;h2	unknown	none		1.383397980588355e-12	ok	37	473	9.093032858793759e-14	5.897819979848148e-08	0.21052631578947367	-0.0802755106671027	0.5232067510548524	1	del_only	0	1	True	True	False	R	False
e_coli_k12__denovo_ev__C__dir	denovo_ev	e_coli_k12	C	True	LASER:Record1446177836.98:M9	Record1446177836.98	MNXM1108092	ethanol;h2	unknown	none		2.7063041477953798e-15	below_floor	37	473	9.093032858793759e-14	5.897819979848148e-08	0.6052631578947368	-0.08030425495516019	0.5548523206751055	1	del_only	0	1	True	True	False	R	False
e_coli_k12__denovo_ev__C__dir	denovo_ev	e_coli_k12	C	True	LASER:Record1446446685.84:M1	Record1446446685.84	MNXM144	B-ALANINE	up	titer		4.361470223607916e-13	ok	35	473	-2.6611353955065947e-08	4.741838269695763e-13	0.08333333333333333	0.549526362137953	0.2109704641350211	3-4	add_only	4	0	True	False	True	R	False
e_coli_k12__denovo_ev__C__dir	denovo_ev	e_coli_k12	C	True	LASER:Record1446531696.33:M1	Record1446531696.33	MNXM25	succinate	unknown	endpoint_only		3.301583778505396e-11	ok	30	473	-1.0658921661965692e-13	2.7110233101086256e-08	0.12903225806451613	-0.009427078087238997	0.4810126582278481	3-4	mixed	1	2	False	False	False	R	False
e_coli_k12__denovo_ev__C__dir	denovo_ev	e_coli_k12	C	True	LASER:Record1446532566.22:M1	Record1446532566.22	MNXM25	succinate	up	fold	3.23	-2.721293242829992e-14	below_floor	37	473	2.894190963276255e-13	5.897837021004503e-08	0.9210526315789473	-0.08023580298083047	0.580168776371308	1	del_only	0	1	True	True	False	R	False
e_coli_k12__denovo_ev__C__dir	denovo_ev	e_coli_k12	C	True	LASER:Record1446533955.78:M1	Record1446533955.78	MNXM25	succinate	up	fold	3.5	4.1012896204173366e-13	ok	30	473	-1.4584690334780437e-13	3.4406074804526066e-12	0.16129032258064516	0.12961367754439124	0.3755274261603376	1	add_only	1	0	True	False	True	R	False
e_coli_k12__denovo_ev__C__dir	denovo_ev	e_coli_k12	C	True	LASER:Record1446534595.78:M1	Record1446534595.78	MNXM25	succinate	unknown	none		-4.9195051671035e-08	ok	52	473	9.767062375889979e-15	8.431703736927854e-09	1.0	-0.7547017485654043	0.8586497890295358	2	add_only	2	0	True	False	True	R	False
e_coli_k12__denovo_ev__C__dir	denovo_ev	e_coli_k12	C	True	LASER:Record1447396968.96:M1	Record1447396968.96	MNXM1371362	d-lactate	up	yield	1.084	-3.2135107292177723e-13	ok	18	473	-1.669244468127315e-12	7.72035355762431e-09	0.5263157894736842	0.05930402217733678	0.45569620253164556	2	mixed	1	1	True	False	False	R	False
e_coli_k12__denovo_ev__C__dir	denovo_ev	e_coli_k12	C	True	LASER:Record1447398171.48:M1	Record1447398171.48	MNXM1364595	1_2-propanediol	up	titer		-1.1049921990868156e-11	ok	30	473	-9.987875056096523e-14	2.7108657468531055e-08	0.8064516129032258	0.12933434514029424	0.3691983122362869	3-4	mixed	2	2	True	False	False	R	False
e_coli_k12__denovo_ev__C__dir	denovo_ev	e_coli_k12	C	True	LASER:Record1447654226.12:M1	Record1447654226.12	MNXM5188	isobutanol	up	fold	3.05	-3.218653181437034e-12	ok	41	473	-4.82151754158664e-08	7.598860071993813e-12	0.23809523809523808	0.8182376123828338	0.1540084388185654	5-8	add_only	6	0	False	False	False	R	False
e_coli_k12__denovo_ev__C__dir	denovo_ev	e_coli_k12	C	True	LASER:Record1447657780.0:M1	Record1447657780.0	MNXM1108250	beta-carotene	up	fold	3.5	8.34302225146997e-13	created	30	473	0.0	0.0	0.03225806451612903	27.05763580915936	0.002109704641350211	9-16	add_only	12	0	False	False	False	C	False
e_coli_k12__denovo_ev__C__dir	denovo_ev	e_coli_k12	C	True	LASER:Record1447658659.44:M1	Record1447658659.44	MNXM1108092	ethanol	up	fold	2.0	2.2678089874744733e-11	ok	31	473	-6.362241812221279e-08	7.211553681525835e-08	0.21875	-0.7775609512977263	0.8628691983122363	17+	mixed	5	21	False	False	False	R	False
e_coli_k12__denovo_ev__C__dir	denovo_ev	e_coli_k12	C	True	LASER:Record1447749536.66:M1	Record1447749536.66	MNXM25	succinate	up	fold	113.0	-2.721293242829992e-14	below_floor	37	473	2.894190963276255e-13	5.897837021004503e-08	0.9210526315789473	-0.08023580298083047	0.580168776371308	1	del_only	0	1	True	True	False	R	False
e_coli_k12__denovo_ev__C__dir	denovo_ev	e_coli_k12	C	True	LASER:Record1449050713.56:M1	Record1449050713.56	MNXM3230	n-butanol	up	titer		-4.218928190743293e-11	ok	78	473	-7.448368372000181e-11	5.126026023633505e-08	0.5063291139240507	0.618460645148778	0.20253164556962025	5-8	mixed	5	1	False	False	False	R	False
e_coli_k12__denovo_ev__C__dir	denovo_ev	e_coli_k12	C	True	LASER:Record1449201641.39:M1	Record1449201641.39	MNXM872	3-HP	up	titer		-4.930394606407658e-08	ok	35	473	-2.6611088976705513e-08	1.1278664769709738e-12	0.7777777777777778	-0.6169670225574831	0.8312236286919831	3-4	add_only	3	0	False	False	False	R	False
e_coli_k12__denovo_ev__C__dir	denovo_ev	e_coli_k12	C	True	LASER:Record1449210616.38:M1	Record1449210616.38	MNXM738152	Naringenin	up	fold	2.5	-6.730257242298842e-14	ok	41	473	0.0	0.0	1.0	-0.1885331040032567	0.9852320675105485	5-8	add_only	5	0	False	False	False	R	False
e_coli_k12__denovo_ev__C__dir	denovo_ev	e_coli_k12	C	True	LASER:Record1449210616.38:M1	Record1449210616.38	MNXM738153	Naringenin	up	fold	2.5	-6.730142180856775e-14	ok	41	473	0.0	0.0	1.0	-0.18853310400325654	0.9852320675105485	5-8	add_only	5	0	False	False	False	R	False
e_coli_k12__denovo_ev__C__dir	denovo_ev	e_coli_k12	C	True	LASER:Record1449552601.91:M1	Record1449552601.91	MNXM602	shikimate	up	titer		8.904448765790704e-12	ok	41	473	-4.821357097554448e-08	-5.094937059052507e-13	0.047619047619047616	0.6896310519646853	0.1729957805907173	5-8	add_only	5	0	True	False	True	R	False
e_coli_k12__denovo_ev__C__dir	denovo_ev	e_coli_k12	C	True	LASER:Record1449560226.93:M1	Record1449560226.93	MNXM738702	NADPH	up	fold	25.0	1.6168233744028038e-11	ok	35	473	-2.6610561471392862e-08	6.304232607950627e-13	0.027777777777777776	0.5498203571828594	0.2109704641350211	3-4	add_only	4	0	False	False	False	R	False
e_coli_k12__denovo_ev__C__dir	denovo_ev	e_coli_k12	C	True	LASER:Record1449642554.79:M1	Record1449642554.79	MNXM1371362	d-lactate	up	fold	1.44	6.310303254092992e-08	ok	24	473	1.6753504508172645e-12	1.5543850419949127e-08	0.08	1.1636356506087067	0.0949367088607595	2	del_only	0	2	True	True	False	R	False
e_coli_k12__denovo_ev__C__dir	denovo_ev	e_coli_k12	C	True	LASER:Record1449726897.09:M1	Record1449726897.09	MNXM872	3-HP	up	fold	1.7	0.0	below_floor	30	473	-1.230039290908702e-13	8.425064695915549e-13	0.3225806451612903	0.1295975268886409	0.3860759493670886	1	add_only	1	0	True	False	True	R	False
e_coli_k12__denovo_ev__C__dir	denovo_ev	e_coli_k12	C	True	LASER:Record1449731661.54:M1	Record1449731661.54	MNXM1364595	1_2-propanediol	up	titer		-4.9396685761291664e-08	ok	53	473	-4.9152686527550744e-08	4.9328850679935306e-08	0.6296296296296297	-0.4780217183264403	0.79957805907173	9-16	mixed	6	4	False	False	False	R	False
e_coli_k12__denovo_ev__C__dir	denovo_ev	e_coli_k12	C	True	LASER:Record1449738882.59:M1	Record1449738882.59	MNXM1747	itaconate	up	titer		0.00022200718566268112	ok	78	473	0.0	0.0	0.012658227848101266	10.919335459316867	0.006329113924050633	5-8	mixed	4	2	False	False	False	R	False
e_coli_k12__denovo_ev__C__dir	denovo_ev	e_coli_k12	C	True	LASER:Record1449805187.29:M1	Record1449805187.29	MNXM1370996	caffeic acid	up	titer		-9.308160162061646e-08	ok	30	473	-1.4934078550622037e-13	5.452972031165156e-13	0.9354838709677419	-1.8089870880656693	0.9556962025316456	1	add_only	1	0	False	False	False	R	False
e_coli_k12__denovo_ev__C__dir	denovo_ev	e_coli_k12	C	True	LASER:Record1449806335.95:M1	Record1449806335.95	MNXM25	succinate	up	titer		-9.199514712293286e-12	ok	30	473	-1.0658921661965692e-13	2.7110233101086256e-08	0.7741935483870968	-0.08016586024411511	0.5274261603375527	3-4	mixed	1	3	False	False	False	R	False
e_coli_k12__denovo_ev__C__dir	denovo_ev	e_coli_k12	C	True	LASER:Record1449806335.95:M2	Record1449806335.95	MNXM25	succinate	up	titer		1.4520637567783795e-12	ok	87	473	-4.932263624165601e-08	4.931511120790505e-08	0.1590909090909091	-0.7788031894777242	0.8607594936708861	9-16	del_only	0	11	True	True	False	R	False
e_coli_k12__denovo_ev__C__dir	denovo_ev	e_coli_k12	C	True	LASER:Record1450145811.55:M1	Record1450145811.55	MNXM26	acetate	up	fold	1.5	-1.5723560691308092e-14	below_floor	37	473	8.256931379943544e-15	5.8977979572495597e-08	0.7631578947368421	-0.0802288523890698	0.5675105485232067	1	del_only	0	1	True	True	False	R	False
e_coli_k12__denovo_ev__C__dir	denovo_ev	e_coli_k12	C	True	LASER:Record1450145811.55:M2	Record1450145811.55	MNXM1371362	d-lactate	up	fold	3.33	4.573825069771956e-12	ok	37	473	9.16096625641627e-15	5.897828950570534e-08	0.23684210526315788	-0.08070138789685918	0.5253164556962026	1	del_only	0	1	True	True	False	R	False
e_coli_k12__denovo_ev__C__dir	denovo_ev	e_coli_k12	C	True	LASER:Record1450238255.03:M1	Record1450238255.03	MNXM1106823	1_2_4-butanetriol	up	titer		-4.925071195083274e-08	ok	30	473	-4.419115897866255e-14	2.7096982354895044e-08	0.9354838709677419	-1.1056156825070125	0.8987341772151899	3-4	mixed	1	3	False	False	False	R	False
e_coli_k12__denovo_ev__C__dir	denovo_ev	e_coli_k12	C	True	LASER:Record1450238773.81:M1	Record1450238773.81	MNXM1734	D-galactonate	up	titer		-0.0002220806082902846	ok	24	473	2.2540208767388506e-12	1.553892074299846e-08	1.0	-7.291356721537145	0.9978902953586498	2	del_only	0	2	True	True	False	R	False
e_coli_k12__denovo_ev__C__dir	denovo_ev	e_coli_k12	C	True	LASER:Record1450239058.45:M1	Record1450239058.45	MNXM3230	butanol	up	fold	30.0	-1.1826141194798412e-13	ok	52	473	6.362369398688061e-16	8.430626623202767e-09	0.5849056603773585	0.26944902690320843	0.29324894514767935	2	add_only	2	0	True	False	True	R	False
e_coli_k12__denovo_ev__C__dir	denovo_ev	e_coli_k12	C	True	LASER:Record1450240375.41:M1	Record1450240375.41	MNXM3230	n-butanol	up	titer		1.1871467806999405e-09	ok	30	473	-9.183729144031946e-08	-8.967885889996752e-11	0.03225806451612903	1.832867472799131	0.0379746835443038	9-16	add_only	13	0	False	False	False	R	False
e_coli_k12__denovo_ev__C__und	denovo_ev	e_coli_k12	C	False	LASER:Record1419612180.15:M1	Record1419612180.15	MNXM3288	Isoprene	up	fold	2.3	0.00022058146952534988	created	22	146	0.0	0.0	0.043478260869565216	8.612105528411544	0.006802721088435374	3-4	add_only	3	0	False	False	False	C	False
e_coli_k12__denovo_ev__C__und	denovo_ev	e_coli_k12	C	False	LASER:Record1419612292.57:M1	Record1419612292.57	MNXM3288	Isoprene	up	fold	2.3	0.00022058146952534988	created	22	146	0.0	0.0	0.043478260869565216	8.612105528411544	0.006802721088435374	3-4	add_only	3	0	False	False	False	C	False
e_coli_k12__denovo_ev__C__und	denovo_ev	e_coli_k12	C	False	LASER:Record1419616868.41:M1	Record1419616868.41	MNXM1108092	Ethanol	up	titer	1.6	-5.003886031657717e-12	ok	24	146	-1.2491473025226518e-11	1.533844737222646e-08	0.4	-0.05095253150799024	0.4897959183673469	5-8	mixed	2	4	False	False	False	R	False
e_coli_k12__denovo_ev__C__und	denovo_ev	e_coli_k12	C	False	LASER:Record1419618777.21:M1	Record1419618777.21	MNXM3230	n-butanol	up	fold	3.9	7.170679838482737e-10	ok	26	146	-4.8687982972251396e-08	4.2600243614229706e-08	0.14814814814814814	1.5360074155546066	0.08843537414965986	9-16	mixed	12	4	False	False	False	R	False
e_coli_k12__denovo_ev__C__und	denovo_ev	e_coli_k12	C	False	LASER:Record1419622531.88:M1	Record1419622531.88	MNXM3085	isopropanol	up	titer		2.866287431469057e-09	ok	42	146	-6.916425521500888e-12	4.869698609005562e-08	0.13953488372093023	1.158285211383433	0.10884353741496598	5-8	add_only	7	0	False	False	False	R	False
e_coli_k12__denovo_ev__C__und	denovo_ev	e_coli_k12	C	False	LASER:Record1419700122.69:M1	Record1419700122.69	MNXM11527	Ethyl butyrate	up	fold	27.5	2.6305762134012055e-10	ok	146	146	-2.3340683904951934e-12	4.875228972721368e-08	0.1292517006802721	-1.1357901563745993	0.8979591836734694	17+	mixed	2	16	False	False	False	R	False
e_coli_k12__denovo_ev__C__und	denovo_ev	e_coli_k12	C	False	LASER:Record1419702544.12:M1	Record1419702544.12	MNXM3230	n-butanol	up	fold	1500.0	-4.7952832840224714e-08	ok	26	146	-4.8687982972251396e-08	4.2600243614229706e-08	0.3333333333333333	1.4856513023437306	0.08843537414965986	9-16	add_only	16	0	False	False	False	R	False
e_coli_k12__denovo_ev__C__und	denovo_ev	e_coli_k12	C	False	LASER:Record1419820798.43:M1	Record1419820798.43	MNXM738702	NADPH	up	fold	1.7	2.5196420687725873e-11	ok	146	146	-1.2082260105600318e-12	4.8751381747752206e-08	0.14965986394557823	-4.002592002419338	1.0	17+	del_only	0	44	True	True	False	R	False
e_coli_k12__denovo_ev__C__und	denovo_ev	e_coli_k12	C	False	LASER:Record1419871302.73:M1	Record1419871302.73	MNXM1997	Abietadiene	up	titer		0.0	created	42	146	0.0	0.0	1.0			5-8	add_only	6	0	False	False	False	C	False
e_coli_k12__denovo_ev__C__und	denovo_ev	e_coli_k12	C	False	LASER:Record1419872698.65:M1	Record1419872698.65	MNXM1780	Taxadiene	up	fold	15000.0	0.00022058145585092523	created	42	146	0.0	0.0	0.023255813953488372	11.9611800886494	0.006802721088435374	5-8	add_only	6	0	False	False	False	C	False
e_coli_k12__denovo_ev__C__und	denovo_ev	e_coli_k12	C	False	LASER:Record1419895893.83:M1	Record1419895893.83	MNXM1364595	1_2-propanediol	up	titer		-1.4584196653892167e-07	ok	26	146	-4.870047586022822e-08	4.260973266578268e-08	0.8518518518518519	-1.9831531014875374	0.9659863945578231	9-16	mixed	9	3	False	False	False	R	False
e_coli_k12__denovo_ev__C__und	denovo_ev	e_coli_k12	C	False	LASER:Record1419966947.93:M1	Record1419966947.93	MNXM25	succinate	up	fold	4.0	-2.156612464564861e-11	ok	22	146	-6.446109379783238e-13	9.391824253765477e-08	0.6521739130434783	-0.11748274173700558	0.5850340136054422	3-4	mixed	1	3	False	False	False	R	False
e_coli_k12__denovo_ev__C__und	denovo_ev	e_coli_k12	C	False	LASER:Record1419968290.81:M1	Record1419968290.81	MNXM1108092	H2;ethanol	unknown	endpoint_only		-3.5768772384085767e-12	ok	42	146	-6.763602902032893e-12	4.869966962084036e-08	0.4186046511627907	-0.5472236844683427	0.7959183673469388	5-8	del_only	0	6	True	True	False	R	False
e_coli_k12__denovo_ev__C__und	denovo_ev	e_coli_k12	C	False	LASER:Record1419968290.81:M2	Record1419968290.81	MNXM1108092	H2;ethanol	unknown	endpoint_only		-3.5768772384085767e-12	ok	42	146	-6.763602902032893e-12	4.869966962084036e-08	0.4186046511627907	-0.5472236844683427	0.7959183673469388	5-8	del_only	0	6	True	True	False	R	False
e_coli_k12__denovo_ev__C__und	denovo_ev	e_coli_k12	C	False	LASER:Record1419971010.72:M1	Record1419971010.72	MNXM1108092	ethanol	up	titer		-7.157690645699308e-11	ok	26	146	-4.870032103737772e-08	4.26118507057519e-08	0.2962962962962963	-0.4161783338988548	0.7755102040816326	9-16	mixed	2	8	False	False	False	R	False
e_coli_k12__denovo_ev__C__und	denovo_ev	e_coli_k12	C	False	LASER:Record1419973694.76:M1	Record1419973694.76	MNXM3085	isopropanol	up	titer		2.8672630241225947e-09	ok	22	146	-8.83217842395298e-13	9.391647056828341e-08	0.21739130434782608	0.5300809121227623	0.23129251700680273	3-4	add_only	3	0	False	False	False	R	False
e_coli_k12__denovo_ev__C__und	denovo_ev	e_coli_k12	C	False	LASER:Record1420064034.84:M1	Record1420064034.84	MNXM5188	isobutanol	up	titer		1.2093224158074393e-09	ok	146	146	-6.140881260528058e-13	4.8746965685787585e-08	0.14285714285714285	1.114903209264737	0.11564625850340136	17+	mixed	11	7	False	False	False	R	False
e_coli_k12__denovo_ev__C__und	denovo_ev	e_coli_k12	C	False	LASER:Record1420065439.92:M1	Record1420065439.92	MNXM1108092	Ethanol	up	fold	2.5	9.569303411737645e-12	ok	24	146	-1.2491473025226518e-11	1.533844737222646e-08	0.16	0.5366112994891715	0.22448979591836735	5-8	mixed	4	1	False	False	False	R	False
e_coli_k12__denovo_ev__C__und	denovo_ev	e_coli_k12	C	False	LASER:Record1420480571.45:M1	Record1420480571.45	MNXM398	acetone	up	titer		1.3713057536019185e-09	ok	26	146	0.0	3.651715549693143e-08	0.1111111111111111	0.18404648415156388	0.30612244897959184	1	add_only	1	0	False	False	False	R	False
e_coli_k12__denovo_ev__C__und	denovo_ev	e_coli_k12	C	False	LASER:Record1420483083.91:M1	Record1420483083.91	MNXM5188	isobutanol	up	titer		1.3208650322051214e-09	ok	26	146	-4.8694584291840014e-08	4.252631872853302e-08	0.14814814814814814	0.6710044975846075	0.2108843537414966	9-16	mixed	7	5	False	False	False	R	False
e_coli_k12__denovo_ev__C__und	denovo_ev	e_coli_k12	C	False	LASER:Record1420483763.95:M1	Record1420483763.95	MNXM1108092	ethanol	up	fold	1.48	-1.6093474209527558e-13	below_floor	24	146	-1.2491473025226518e-11	1.533844737222646e-08	0.24	0.19730204941482773	0.30612244897959184	5-8	mixed	3	3	True	False	False	R	False
e_coli_k12__denovo_ev__C__und	denovo_ev	e_coli_k12	C	False	LASER:Record1420484655.86:M1	Record1420484655.86	MNXM1108092	H2;ethanol	up	fold	20.0	0.0	below_floor	17	146	0.0	9.746604920444577e-09	0.6111111111111112	-0.18334709123740645	0.6258503401360545	2	del_only	0	2	True	True	False	R	False
e_coli_k12__denovo_ev__C__und	denovo_ev	e_coli_k12	C	False	LASER:Record1420564498.19:M1	Record1420564498.19	MNXM75	acetalaldehyde	up	fold	1.74	-3.0527025677261344e-12	ok	24	146	-2.2453473325426132e-11	1.5332932365457868e-08	0.32	-0.20804652352438519	0.6870748299319728	5-8	mixed	1	4	True	False	False	R	False
e_coli_k12__denovo_ev__C__und	denovo_ev	e_coli_k12	C	False	LASER:Record1420567233.18:M1	Record1420567233.18	MNXM6396	1-propanol	up	titer		-7.299597897788895e-08	ok	17	146	0.0	9.742636225171988e-09	1.0	-1.2501110042508605	0.9047619047619048	2	add_only	2	0	False	False	False	R	False
e_coli_k12__denovo_ev__C__und	denovo_ev	e_coli_k12	C	False	LASER:Record1420574938.8:M1	Record1420574938.8	MNXM2800	Adipic Acid	up	fold	20.0	-5.528655685387365e-12	ok	26	146	-4.868710638051058e-08	4.260491183250204e-08	0.25925925925925924	1.1404566536064027	0.10884353741496598	9-16	mixed	9	3	False	False	False	R	False
e_coli_k12__denovo_ev__C__und	denovo_ev	e_coli_k12	C	False	LASER:Record1420579970.27:M1	Record1420579970.27	MNXM1371363	L-lactate	up	titer		-2.9253280776474905e-10	ok	24	146	-2.4253908424828538e-11	1.5331720043209528e-08	0.56	0.009278908999366281	0.4557823129251701	5-8	mixed	3	5	False	False	False	R	False
e_coli_k12__denovo_ev__C__und	denovo_ev	e_coli_k12	C	False	LASER:Record1420579970.27:M1	Record1420579970.27	MNXM733758	L-lactate	up	titer		-2.568747570880735e-10	ok	24	146	-2.5180891266986076e-11	1.533096145159471e-08	0.56	0.010099773863179319	0.4557823129251701	5-8	mixed	3	5	False	False	False	R	False
e_coli_k12__denovo_ev__C__und	denovo_ev	e_coli_k12	C	False	LASER:Record1420580799.33:M1	Record1420580799.33	MNXM25	succinate	up	fold	1.25	-8.219333872371004e-11	ok	42	146	-2.285740078656652e-11	4.869833260190079e-08	0.6046511627906976	-0.7305769096633769	0.8503401360544217	5-8	del_only	0	8	True	True	False	R	False
e_coli_k12__denovo_ev__C__und	denovo_ev	e_coli_k12	C	False	LASER:Record1420581833.49:M1	Record1420581833.49	MNXM3230	n-butanol	up	titer		6.810417110900829e-10	ok	26	146	-4.8687982972251396e-08	4.2600243614229706e-08	0.14814814814814814	1.535235904181239	0.08843537414965986	9-16	mixed	12	4	False	False	False	R	False
e_coli_k12__denovo_ev__C__und	denovo_ev	e_coli_k12	C	False	LASER:Record1420655176.75:M1	Record1420655176.75	MNXM1108092	ethanol	up	fold	3.5	-4.8647277209638243e-08	ok	26	146	-4.870032103737772e-08	4.26118507057519e-08	0.3333333333333333	-0.621137546084522	0.8231292517006803	9-16	mixed	5	4	True	False	False	R	False
e_coli_k12__denovo_ev__C__und	denovo_ev	e_coli_k12	C	False	LASER:Record1420655787.75:M1	Record1420655787.75	MNXM737068	xylitol	up	titer		-3.3538721062528754e-11	ok	17	146	1.396745403798444e-13	9.747450003595171e-09	1.0	0.0641146255977946	0.4489795918367347	2	mixed	1	1	False	False	False	R	False
e_coli_k12__denovo_ev__C__und	denovo_ev	e_coli_k12	C	False	LASER:Record1420657266.85:M1	Record1420657266.85	MNXM1108092	ethanol	up	fold	1.7	3.9514459954960446e-12	ok	24	146	-1.2491473025226518e-11	1.533844737222646e-08	0.2	0.35459098694928665	0.2789115646258503	5-8	mixed	4	3	False	False	False	R	False
e_coli_k12__denovo_ev__C__und	denovo_ev	e_coli_k12	C	False	LASER:Record1420661189.03:M1	Record1420661189.03	MNXM1670	3-methyl-1-butanol	up	fold	6.0	1.3246473536934669e-09	ok	146	146	-7.466637442880841e-13	4.8828455305893086e-08	0.1292517006802721	2.467406365581922	0.02040816326530612	17+	mixed	19	6	False	False	False	R	False
e_coli_k12__denovo_ev__C__und	denovo_ev	e_coli_k12	C	False	LASER:Record1420666912.41:M1	Record1420666912.41	MNXM25	succinate	up	fold	1.1	-3.245355479898583e-08	ok	24	146	-4.66390409907709e-11	1.5330344738787314e-08	0.6	0.3129806940306434	0.2789115646258503	5-8	mixed	7	1	True	False	False	R	False
e_coli_k12__denovo_ev__C__und	denovo_ev	e_coli_k12	C	False	LASER:Record1420666912.41:M2	Record1420666912.41	MNXM25	succinate	up	fold	1.32	-3.0665574788681094e-12	ok	17	146	2.5910426148384458e-14	9.74273595269532e-09	0.8333333333333334	0.06474997075064155	0.43537414965986393	2	mixed	1	1	True	False	False	R	False
e_coli_k12__denovo_ev__C__und	denovo_ev	e_coli_k12	C	False	LASER:Record1420666912.41:M3	Record1420666912.41	MNXM25	succinate	up	fold	1.18	-3.0645440070135865e-12	ok	26	146	4.546683125480899e-15	3.6517596214157325e-08	0.9629629629629629	-0.09245443116340071	0.5782312925170068	1	del_only	0	1	True	True	False	R	False
e_coli_k12__denovo_ev__C__und	denovo_ev	e_coli_k12	C	False	LASER:Record1420666912.41:M4	Record1420666912.41	MNXM25	succinate	up	fold	1.3	-3.1569624030832605e-12	ok	17	146	2.5910426148384458e-14	9.74273595269532e-09	0.8333333333333334	0.0647480345376809	0.43537414965986393	2	mixed	1	1	True	False	False	R	False
e_coli_k12__denovo_ev__C__und	denovo_ev	e_coli_k12	C	False	LASER:Record1420666912.41:M5	Record1420666912.41	MNXM25	succinate	up	fold	1.4	-3.0471374663949835e-12	ok	17	146	2.5910426148384458e-14	9.74273595269532e-09	0.8333333333333334	0.0647503866713469	0.43537414965986393	2	mixed	1	1	True	False	False	R	False
e_coli_k12__denovo_ev__C__und	denovo_ev	e_coli_k12	C	False	LASER:Record1420666912.41:M6	Record1420666912.41	MNXM25	succinate	up	fold	1.42	-3.0645440070135865e-12	ok	26	146	4.546683125480899e-15	3.6517596214157325e-08	0.9629629629629629	-0.09245443116340071	0.5782312925170068	1	del_only	0	1	True	True	False	R	False
e_coli_k12__denovo_ev__C__und	denovo_ev	e_coli_k12	C	False	LASER:Record1420666912.41:M7	Record1420666912.41	MNXM25	succinate	up	fold	1.3	-3.0645440070135865e-12	ok	17	146	2.5910426148384458e-14	9.74273595269532e-09	0.8333333333333334	0.06475001387340654	0.43537414965986393	2	mixed	1	1	True	False	False	R	False
e_coli_k12__denovo_ev__C__und	denovo_ev	e_coli_k12	C	False	LASER:Record1420666912.41:M8	Record1420666912.41	MNXM25	succinate	up	fold	1.35	-3.0645440070135865e-12	ok	26	146	4.546683125480899e-15	3.6517596214157325e-08	0.9629629629629629	-0.09245443116340071	0.5782312925170068	1	del_only	0	1	True	True	False	R	False
e_coli_k12__denovo_ev__C__und	denovo_ev	e_coli_k12	C	False	LASER:Record1420666912.41:M9	Record1420666912.41	MNXM25	succinate	up	fold	1.35	-4.867270726009189e-08	ok	22	146	-6.446109379783238e-13	9.391824253765477e-08	0.8695652173913043	-0.6632045937914354	0.8299319727891157	3-4	mixed	3	1	True	False	False	R	False
e_coli_k12__denovo_ev__C__und	denovo_ev	e_coli_k12	C	False	LASER:Record1420735510.26:M1	Record1420735510.26	MNXM1371362	D-lactate	up	yield	2.686	-1.812706451956303e-11	ok	22	146	-8.390669615273433e-13	9.391851958316776e-08	0.6521739130434783	-0.36551482995987494	0.7619047619047619	3-4	del_only	0	4	True	True	False	R	False
e_coli_k12__denovo_ev__C__und	denovo_ev	e_coli_k12	C	False	LASER:Record1420735510.26:M2	Record1420735510.26	MNXM1371362	D-lactate	up	yield	3.779	2.147316612716166e-15	below_floor	17	146	1.6640616835872368e-13	9.742780689820564e-09	0.5555555555555556	-0.18355319590722402	0.6326530612244898	2	del_only	0	2	True	True	False	R	False
e_coli_k12__denovo_ev__C__und	denovo_ev	e_coli_k12	C	False	LASER:Record1420735510.26:M5	Record1420735510.26	MNXM1371362	D-lactate	up	yield	2.429	2.147316612716166e-15	below_floor	17	146	1.6640616835872368e-13	9.742780689820564e-09	0.5555555555555556	-0.18355319590722402	0.6326530612244898	2	del_only	0	2	True	True	False	R	False
e_coli_k12__denovo_ev__C__und	denovo_ev	e_coli_k12	C	False	LASER:Record1420735510.26:M6	Record1420735510.26	MNXM1371362	D-lactate	up	yield	2.957	-4.662334212278407e-12	ok	22	146	-8.390669615273433e-13	9.391851958316776e-08	0.5652173913043478	-0.2744397436482832	0.7278911564625851	3-4	del_only	0	3	True	True	False	R	False
e_coli_k12__denovo_ev__C__und	denovo_ev	e_coli_k12	C	False	LASER:Record1420735510.26:M7	Record1420735510.26	MNXM1371362	D-lactate	up	yield	1.686	-1.8138156016207774e-11	ok	42	146	-1.5687855054184914e-11	4.8697697960750664e-08	0.5116279069767442	-0.5470882972009308	0.7959183673469388	5-8	del_only	0	6	True	True	False	R	False
e_coli_k12__denovo_ev__C__und	denovo_ev	e_coli_k12	C	False	LASER:Record1420736845.03:M1	Record1420736845.03	MNXM1371363	L-lactate	up	titer		-7.261270941081796e-11	ok	24	146	-2.4253908424828538e-11	1.5331720043209528e-08	0.56	0.10490883224522961	0.40816326530612246	5-8	mixed	3	4	True	False	False	R	False
e_coli_k12__denovo_ev__C__und	denovo_ev	e_coli_k12	C	False	LASER:Record1420736845.03:M1	Record1420736845.03	MNXM733758	L-lactate	up	titer		-8.143613948875632e-11	ok	24	146	-2.5180891266986076e-11	1.533096145159471e-08	0.56	0.10476481156104173	0.40816326530612246	5-8	mixed	3	4	True	False	False	R	False
e_coli_k12__denovo_ev__C__und	denovo_ev	e_coli_k12	C	False	LASER:Record1420741999.5:M1	Record1420741999.5	MNXM872	3-HP	up	fold	7.4	7.523758878283729e-12	ok	22	146	-8.189154378484415e-13	9.391837327566958e-08	0.2608695652173913	-0.2740965509762696	0.7210884353741497	3-4	del_only	0	3	True	True	False	R	False
e_coli_k12__denovo_ev__C__und	denovo_ev	e_coli_k12	C	False	LASER:Record1420743618.36:M1	Record1420743618.36	MNXM1108092	ethanol	up	titer		9.636419221739287e-08	ok	22	146	-2.0468907601864372e-13	9.391815211063586e-08	0.08695652173913043	2.1949182943432843	0.034013605442176874	3-4	mixed	2	2	False	False	False	R	False
e_coli_k12__denovo_ev__C__und	denovo_ev	e_coli_k12	C	False	LASER:Record1420751097.38:M1	Record1420751097.38	MNXM1108092	ethanol	up	titer		3.723476344960619e-11	ok	26	146	-4.870032103737772e-08	4.26118507057519e-08	0.14814814814814814	-0.8191995976638908	0.8639455782312925	9-16	del_only	0	9	True	True	False	R	False
e_coli_k12__denovo_ev__C__und	denovo_ev	e_coli_k12	C	False	LASER:Record1420751487.42:M1	Record1420751487.42	MNXM1104965	R-3HB	up	titer		-2.964063185433713e-12	ok	26	146	-4.870284738585221e-08	4.260878735695581e-08	0.2222222222222222	1.8849691991488156	0.04081632653061224	9-16	add_only	12	0	True	False	True	R	False
e_coli_k12__denovo_ev__C__und	denovo_ev	e_coli_k12	C	False	LASER:Record1420751487.42:M2	Record1420751487.42	MNXM1104966	S-3HB	up	titer		2.7660310673860433e-11	ok	26	146	-4.8686540840626774e-08	4.2605543071256343e-08	0.14814814814814814	1.8856532460723145	0.04081632653061224	9-16	add_only	12	0	False	False	False	R	False
e_coli_k12__denovo_ev__C__und	denovo_ev	e_coli_k12	C	False	LASER:Record1420754173.95:M1	Record1420754173.95	MNXM1021	glutaric acid	up	titer		-4.8686191864123155e-08	ok	24	146	-2.618706592988785e-11	1.532987538357805e-08	0.84	-0.5972168573544108	0.8231292517006803	5-8	mixed	4	2	False	False	False	R	False
e_coli_k12__denovo_ev__C__und	denovo_ev	e_coli_k12	C	False	LASER:Record1420754551.36:M1	Record1420754551.36	MNXM737340	L-fumarate	up	titer		4.871263224593531e-08	ok	24	146	-8.322244914146966e-11	1.5332753499830588e-08	0.04	1.3316235227938507	0.08843537414965986	5-8	mixed	3	2	True	False	False	R	False
e_coli_k12__denovo_ev__C__und	denovo_ev	e_coli_k12	C	False	LASER:Record1420823481.59:M1	Record1420823481.59	MNXM270	riboflavin	up	fold	12.0	-2.071343105174671e-11	ok	26	146	-4.8682051916406916e-08	4.2609782161156845e-08	0.2222222222222222	1.2058303290460188	0.10884353741496598	9-16	mixed	10	4	True	False	False	R	False
e_coli_k12__denovo_ev__C__und	denovo_ev	e_coli_k12	C	False	LASER:Record1420824342.15:M1	Record1420824342.15	MNXM25	succinate	unknown	none		-5.4378159961010475e-15	below_floor	26	146	4.546683125480899e-15	3.6517596214157325e-08	0.7407407407407407	0.1557337836468973	0.3401360544217687	1	add_only	1	0	True	False	True	R	False
e_coli_k12__denovo_ev__C__und	denovo_ev	e_coli_k12	C	False	LASER:Record1420827149.96:M1	Record1420827149.96	MNXM81353	sabinene	up	titer		0.0002203992156000821	created	26	146	0.0	0.0	0.037037037037037035	8.355178235478686	0.02040816326530612	9-16	add_only	9	0	False	False	False	C	False
e_coli_k12__denovo_ev__C__und	denovo_ev	e_coli_k12	C	False	LASER:Record1420828539.55:M1	Record1420828539.55	MNXM1108092	ethanol	up	titer		-2.2604341358770097e-13	below_floor	24	146	-1.2491473025226518e-11	1.533844737222646e-08	0.24	0.04009979364004575	0.4489795918367347	5-8	mixed	2	3	True	False	False	R	False
e_coli_k12__denovo_ev__C__und	denovo_ev	e_coli_k12	C	False	LASER:Record1421181248.73:M1	Record1421181248.73	MNXM1108092	ethanol	up	titer		-1.864978440777043e-13	below_floor	17	146	0.0	9.746604920444577e-09	0.7777777777777778	0.06479977231578835	0.43537414965986393	2	mixed	1	1	True	False	False	R	False
e_coli_k12__denovo_ev__C__und	denovo_ev	e_coli_k12	C	False	LASER:Record1421181248.73:M2	Record1421181248.73	MNXM6396	1-propanol	up	titer		-6.550231819620056e-14	below_floor	17	146	0.0	9.742636225171988e-09	0.6111111111111112	0.06471623168868279	0.4217687074829932	2	mixed	1	1	True	False	False	R	False
e_coli_k12__denovo_ev__C__und	denovo_ev	e_coli_k12	C	False	LASER:Record1421181891.77:M1	Record1421181891.77	MNXM1107139	ethylene glycol	up	titer		-1.446544603096126e-07	ok	24	146	-2.5342650883646706e-11	1.533187617344251e-08	1.0	-2.8345169862108324	0.9863945578231292	5-8	mixed	4	4	False	False	False	R	False
e_coli_k12__denovo_ev__C__und	denovo_ev	e_coli_k12	C	False	LASER:Record1421187298.98:M1	Record1421187298.98	MNXM23	pyruvate	up	fold	35.8	-2.2744221409671736e-11	ok	42	146	-1.3953970547401703e-11	4.869891371481465e-08	0.5581395348837209	-0.5474539832189268	0.7959183673469388	5-8	del_only	0	6	True	True	False	R	False
e_coli_k12__denovo_ev__C__und	denovo_ev	e_coli_k12	C	False	LASER:Record1421339423.18:M1	Record1421339423.18	MNXM1369382	Alanine-Glutamine	up	titer		2.191183568140201e-12	ok	24	146	-2.9025865830875977e-11	1.533027745983581e-08	0.16	-0.29877298769964006	0.7346938775510204	5-8	mixed	1	5	False	False	False	R	False
e_coli_k12__denovo_ev__C__und	denovo_ev	e_coli_k12	C	False	LASER:Record1421340194.69:M1	Record1421340194.69	MNXM738152	(2S)-naringenin	up	fold	4.31	0.0	below_floor	26	146	0.0	0.0	1.0			9-16	mixed	5	6	False	False	False	R	False
e_coli_k12__denovo_ev__C__und	denovo_ev	e_coli_k12	C	False	LASER:Record1421341418.21:M1	Record1421341418.21	MNXM25	succinate	up	yield	8.6	-9.331185997496494e-14	below_floor	26	146	4.546683125480899e-15	3.6517596214157325e-08	0.8148148148148148	0.1557319016380982	0.35374149659863946	1	add_only	1	0	False	False	False	R	False
e_coli_k12__denovo_ev__C__und	denovo_ev	e_coli_k12	C	False	LASER:Record1421341942.82:M1	Record1421341942.82	MNXM1371363	L-lactate	up	titer		-6.9824350565784316e-12	ok	26	146	3.401223530249964e-15	3.651765083551061e-08	0.9629629629629629	-0.09258825579411625	0.5782312925170068	1	del_only	0	1	True	True	False	R	False
e_coli_k12__denovo_ev__C__und	denovo_ev	e_coli_k12	C	False	LASER:Record1421341942.82:M1	Record1421341942.82	MNXM733758	L-lactate	up	titer		-6.686764016843386e-12	ok	26	146	0.0	3.651758151079022e-08	0.9629629629629629	-0.09257301958837734	0.5782312925170068	1	del_only	0	1	True	True	False	R	False
e_coli_k12__denovo_ev__C__und	denovo_ev	e_coli_k12	C	False	LASER:Record1421341942.82:M2	Record1421341942.82	MNXM1371362	D-lactate	up	titer		2.41622260122986e-11	ok	17	146	1.6640616835872368e-13	9.742780689820564e-09	0.1111111111111111	-0.1830355847787269	0.5850340136054422	2	del_only	0	2	True	True	False	R	False
e_coli_k12__denovo_ev__C__und	denovo_ev	e_coli_k12	C	False	LASER:Record1421355950.68:M1	Record1421355950.68	MNXM1371362	D-lactate	up	titer		-1.3514602902487544e-11	ok	22	146	-8.390669615273433e-13	9.391851958316776e-08	0.6521739130434783	-0.2746293967054695	0.7346938775510204	3-4	del_only	0	3	True	True	False	R	False
e_coli_k12__denovo_ev__C__und	denovo_ev	e_coli_k12	C	False	LASER:Record1421355950.68:M2	Record1421355950.68	MNXM1371362	D-lactate	up	titer		-4.5961845982801786e-12	ok	26	146	2.5569552985355015e-16	3.6517668439592864e-08	0.9629629629629629	-0.09286509682935365	0.5782312925170068	1	del_only	0	1	True	True	False	R	False
e_coli_k12__denovo_ev__C__und	denovo_ev	e_coli_k12	C	False	LASER:Record1421355950.68:M3	Record1421355950.68	MNXM1371362	D-lactate	up	titer		-2.1424454956430958e-11	ok	22	146	-8.390669615273433e-13	9.391851958316776e-08	0.6521739130434783	-0.36558547401723174	0.7619047619047619	3-4	del_only	0	4	True	True	False	R	False
e_coli_k12__denovo_ev__C__und	denovo_ev	e_coli_k12	C	False	LASER:Record1421358274.81:M1	Record1421358274.81	MNXM25	succinate	up	titer		8.377405214844702e-14	below_floor	22	146	-6.446109379783238e-13	9.391824253765477e-08	0.43478260869565216	-0.36514176086547406	0.7551020408163265	3-4	del_only	0	4	True	True	False	R	False
e_coli_k12__denovo_ev__C__und	denovo_ev	e_coli_k12	C	False	LASER:Record1421360315.24:M2	Record1421360315.24	MNXM737751	prenol	up	titer		-1.8108736623740382e-07	ok	42	146	-1.1361430175024605e-11	4.8696329271304756e-08	0.9767441860465116	-2.6216708421767967	0.9863945578231292	5-8	add_only	8	0	False	False	False	R	False
e_coli_k12__denovo_ev__C__und	denovo_ev	e_coli_k12	C	False	LASER:Record1421361586.89:M1	Record1421361586.89	MNXM458	butyrate	up	titer		2.2575113328184016e-11	ok	26	146	-4.8692441478854044e-08	4.260726824439518e-08	0.14814814814814814	0.6450242183980537	0.21768707482993196	9-16	mixed	7	5	False	False	False	R	False
e_coli_k12__denovo_ev__C__und	denovo_ev	e_coli_k12	C	False	LASER:Record1421362933.52:M1	Record1421362933.52	MNXM118	Putrescine	up	titer		1.4599974232536238e-07	ok	26	146	-4.869824788218582e-08	4.2612402320983255e-08	0.037037037037037035	4.085700502902118	0.006802721088435374	9-16	mixed	9	5	True	False	False	R	False
e_coli_k12__denovo_ev__C__und	denovo_ev	e_coli_k12	C	False	LASER:Record1421366778.23:M1	Record1421366778.23	MNXM1108092	ethanol	up	fold	25.7	-4.861563574929881e-08	ok	26	146	-4.870032103737772e-08	4.26118507057519e-08	0.3333333333333333	-0.23980728305588545	0.7006802721088435	9-16	mixed	8	5	True	False	False	R	False
e_coli_k12__denovo_ev__C__und	denovo_ev	e_coli_k12	C	False	LASER:Record1421436127.08:M1	Record1421436127.08	MNXM872	3-HP	up	titer		-9.736239134025288e-08	ok	17	146	3.471105781277517e-14	9.742733578514823e-09	1.0	-1.7723175938363382	0.9659863945578231	2	add_only	2	0	False	False	False	R	False
e_coli_k12__denovo_ev__C__und	denovo_ev	e_coli_k12	C	False	LASER:Record1421436723.73:M1	Record1421436723.73	MNXM1105732	L-alanine	up	titer		-5.947546158368601e-11	ok	24	146	-3.003668296616517e-11	1.5330179472527434e-08	0.56	-0.2091860648198043	0.7006802721088435	5-8	mixed	1	4	False	False	False	R	False
e_coli_k12__denovo_ev__C__und	denovo_ev	e_coli_k12	C	False	LASER:Record1423246634.26:M1	Record1423246634.26	MNXM3230	butanol	up	fold	30.0	-1.855860029455897e-13	below_floor	17	146	0.0	9.741925508063992e-09	0.7777777777777778	0.31287796562719233	0.2789115646258503	2	add_only	2	0	True	False	True	R	False
e_coli_k12__denovo_ev__C__und	denovo_ev	e_coli_k12	C	False	LASER:Record1445327759.27:M1	Record1445327759.27	MNXM1105732	l-alanine	unknown	endpoint_only		-1.3876086803026044e-11	ok	22	146	-2.093449111978396e-12	9.391840335677754e-08	0.6521739130434783	-0.3654253837330242	0.7619047619047619	3-4	del_only	0	4	True	True	False	R	False
e_coli_k12__denovo_ev__C__und	denovo_ev	e_coli_k12	C	False	LASER:Record1445330168.98:M1	Record1445330168.98	MNXM1108250	beta-carotene	unknown	endpoint_only		0.0	created	146	146	0.0	0.0	1.0			17+	add_only	17	0	False	False	False	C	False
e_coli_k12__denovo_ev__C__und	denovo_ev	e_coli_k12	C	False	LASER:Record1445848934.32:M1	Record1445848934.32	MNXM1812	penicillin G	up	fold	11.0	0.0	below_floor	24	146	0.0	0.0	1.0			5-8	mixed	2	4	True	False	False	R	False
e_coli_k12__denovo_ev__C__und	denovo_ev	e_coli_k12	C	False	LASER:Record1445925852.59:M1	Record1445925852.59	MNXM737340	Fumaric acid	up	fold	7.0	4.871263224593531e-08	ok	22	146	-8.248723969497829e-13	9.391868900279067e-08	0.13043478260869565	1.017202400624818	0.12244897959183673	3-4	mixed	1	2	True	False	False	R	False
e_coli_k12__denovo_ev__C__und	denovo_ev	e_coli_k12	C	False	LASER:Record1445926619.88:M1	Record1445926619.88	MNXM737068	xylitol	unknown	endpoint_only		7.163116156000751e-12	ok	22	146	-2.5456134596091307e-13	9.391887245001781e-08	0.2608695652173913	-0.36529516977798593	0.7551020408163265	3-4	del_only	0	4	True	True	False	R	False
e_coli_k12__denovo_ev__C__und	denovo_ev	e_coli_k12	C	False	LASER:Record1446017475.49:M1	Record1446017475.49	MNXM704	Deoxycytidine	unknown	endpoint_only		-3.781388240454552e-10	ok	146	146	-1.8556854322485453e-12	4.872922884548435e-08	0.6598639455782312	0.18147173663603536	0.30612244897959184	17+	mixed	7	10	True	False	False	R	False
e_coli_k12__denovo_ev__C__und	denovo_ev	e_coli_k12	C	False	LASER:Record1446177836.98:M1	Record1446177836.98	MNXM1108092	ethanol;h2	unknown	none		-3.029968355210133e-11	ok	26	146	0.0	3.651744698062652e-08	0.9629629629629629	-0.09304603302766519	0.5782312925170068	1	del_only	0	1	True	True	False	R	False
e_coli_k12__denovo_ev__C__und	denovo_ev	e_coli_k12	C	False	LASER:Record1446177836.98:M4	Record1446177836.98	MNXM1108092	ethanol;h2	unknown	none		3.2380717031321726e-13	below_floor	26	146	0.0	3.651744698062652e-08	0.18518518518518517	-0.09239015963444715	0.5102040816326531	1	del_only	0	1	True	True	False	R	False
e_coli_k12__denovo_ev__C__und	denovo_ev	e_coli_k12	C	False	LASER:Record1446177836.98:M5	Record1446177836.98	MNXM1108092	ethanol;h2	unknown	none		8.027061572943653e-12	ok	17	146	0.0	9.746604920444577e-09	0.16666666666666666	-0.183175173014264	0.5850340136054422	2	del_only	0	2	True	True	False	R	False
e_coli_k12__denovo_ev__C__und	denovo_ev	e_coli_k12	C	False	LASER:Record1446177836.98:M6	Record1446177836.98	MNXM1108092	ethanol;h2	unknown	none		1.7873903583338208e-12	below_floor	26	146	0.0	3.651744698062652e-08	0.18518518518518517	-0.0923588135909642	0.5102040816326531	1	del_only	0	1	True	True	False	R	False
e_coli_k12__denovo_ev__C__und	denovo_ev	e_coli_k12	C	False	LASER:Record1446177836.98:M7	Record1446177836.98	MNXM1108092	ethanol;h2	unknown	none		2.0627271592188468e-13	below_floor	26	146	0.0	3.651744698062652e-08	0.2962962962962963	-0.09239267690859203	0.5238095238095238	1	del_only	0	1	True	True	False	R	False
e_coli_k12__denovo_ev__C__und	denovo_ev	e_coli_k12	C	False	LASER:Record1446177836.98:M8	Record1446177836.98	MNXM1108092	ethanol;h2	unknown	none		1.1040932708025752e-12	below_floor	26	146	0.0	3.651744698062652e-08	0.18518518518518517	-0.09237344798987834	0.5102040816326531	1	del_only	0	1	True	True	False	R	False
e_coli_k12__denovo_ev__C__und	denovo_ev	e_coli_k12	C	False	LASER:Record1446177836.98:M9	Record1446177836.98	MNXM1108092	ethanol;h2	unknown	none		1.2382618801848322e-14	below_floor	26	146	0.0	3.651744698062652e-08	0.37037037037037035	-0.09239682951670135	0.5306122448979592	1	del_only	0	1	True	True	False	R	False
e_coli_k12__denovo_ev__C__und	denovo_ev	e_coli_k12	C	False	LASER:Record1446446685.84:M1	Record1446446685.84	MNXM144	B-ALANINE	up	titer		4.682923157323798e-13	below_floor	22	146	-1.446919664703332e-12	9.391857542761765e-08	0.30434782608695654	0.6273661427145624	0.21768707482993196	3-4	add_only	4	0	True	False	True	R	False
e_coli_k12__denovo_ev__C__und	denovo_ev	e_coli_k12	C	False	LASER:Record1446531696.33:M1	Record1446531696.33	MNXM25	succinate	unknown	endpoint_only		3.067058483271004e-11	ok	22	146	-6.446109379783238e-13	9.391824253765477e-08	0.2608695652173913	-0.02544572941410843	0.46258503401360546	3-4	mixed	1	2	False	False	False	R	False
e_coli_k12__denovo_ev__C__und	denovo_ev	e_coli_k12	C	False	LASER:Record1446532566.22:M1	Record1446532566.22	MNXM25	succinate	up	fold	3.23	-3.0645440070135865e-12	ok	26	146	4.546683125480899e-15	3.6517596214157325e-08	0.9629629629629629	-0.09245443116340071	0.5782312925170068	1	del_only	0	1	True	True	False	R	False
e_coli_k12__denovo_ev__C__und	denovo_ev	e_coli_k12	C	False	LASER:Record1446533955.78:M1	Record1446533955.78	MNXM25	succinate	up	fold	3.5	1.2361306097642688e-13	below_floor	26	146	4.546683125480899e-15	3.6517596214157325e-08	0.4074074074074074	0.15573654754480165	0.3197278911564626	1	add_only	1	0	True	False	True	R	False
e_coli_k12__denovo_ev__C__und	denovo_ev	e_coli_k12	C	False	LASER:Record1446534595.78:M1	Record1446534595.78	MNXM25	succinate	unknown	none		-4.8606599048576235e-08	ok	17	146	2.5910426148384458e-14	9.74273595269532e-09	1.0	-0.7280749389046242	0.8503401360544217	2	add_only	2	0	True	False	True	R	False
e_coli_k12__denovo_ev__C__und	denovo_ev	e_coli_k12	C	False	LASER:Record1447396968.96:M1	Record1447396968.96	MNXM1371362	d-lactate	up	yield	1.084	-4.462048596278259e-12	ok	17	146	1.6640616835872368e-13	9.742780689820564e-09	0.8333333333333334	0.06445495990960887	0.43537414965986393	2	mixed	1	1	True	False	False	R	False
e_coli_k12__denovo_ev__C__und	denovo_ev	e_coli_k12	C	False	LASER:Record1447398171.48:M1	Record1447398171.48	MNXM1364595	1_2-propanediol	up	titer		-2.8487735282724247e-11	ok	22	146	-8.055934391792974e-13	9.391825762438221e-08	0.6521739130434783	0.13042938835707268	0.4013605442176871	3-4	mixed	2	2	True	False	False	R	False
e_coli_k12__denovo_ev__C__und	denovo_ev	e_coli_k12	C	False	LASER:Record1447654226.12:M1	Record1447654226.12	MNXM5188	isobutanol	up	fold	3.05	-1.2734073235980137e-12	below_floor	42	146	-6.475718371907677e-12	4.869670946293218e-08	0.3953488372093023	0.938829746333083	0.16326530612244897	5-8	add_only	6	0	False	False	False	R	False
e_coli_k12__denovo_ev__C__und	denovo_ev	e_coli_k12	C	False	LASER:Record1447657780.0:M1	Record1447657780.0	MNXM1108250	beta-carotene	up	fold	3.5	0.0	created	26	146	0.0	0.0	1.0			9-16	add_only	12	0	False	False	False	C	False
e_coli_k12__denovo_ev__C__und	denovo_ev	e_coli_k12	C	False	LASER:Record1447658659.44:M1	Record1447658659.44	MNXM1108092	ethanol	up	fold	2.0	4.669606579665517e-12	ok	146	146	-1.4420066432162953e-12	4.8764914502150624e-08	0.19047619047619047	-1.1252927079732873	0.8979591836734694	17+	mixed	5	21	False	False	False	R	False
e_coli_k12__denovo_ev__C__und	denovo_ev	e_coli_k12	C	False	LASER:Record1447749536.66:M1	Record1447749536.66	MNXM25	succinate	up	fold	113.0	-3.0645440070135865e-12	ok	26	146	4.546683125480899e-15	3.6517596214157325e-08	0.9629629629629629	-0.09245443116340071	0.5782312925170068	1	del_only	0	1	True	True	False	R	False
e_coli_k12__denovo_ev__C__und	denovo_ev	e_coli_k12	C	False	LASER:Record1449050713.56:M1	Record1449050713.56	MNXM3230	n-butanol	up	titer		3.2149186199488533e-12	ok	24	146	-1.7857961986879507e-10	1.5342591857087555e-08	0.24	0.693453500714407	0.20408163265306123	5-8	mixed	5	1	False	False	False	R	False
e_coli_k12__denovo_ev__C__und	denovo_ev	e_coli_k12	C	False	LASER:Record1449201641.39:M1	Record1449201641.39	MNXM872	3-HP	up	titer		-4.8670597521221744e-08	ok	22	146	-8.189154378484415e-13	9.391837327566958e-08	0.8695652173913043	-0.5722562757303264	0.8163265306122449	3-4	add_only	3	0	False	False	False	R	False
e_coli_k12__denovo_ev__C__und	denovo_ev	e_coli_k12	C	False	LASER:Record1449210616.38:M1	Record1449210616.38	MNXM738152	Naringenin	up	fold	2.5	0.0	below_floor	42	146	0.0	0.0	1.0			5-8	add_only	5	0	False	False	False	R	False
e_coli_k12__denovo_ev__C__und	denovo_ev	e_coli_k12	C	False	LASER:Record1449210616.38:M1	Record1449210616.38	MNXM738153	Naringenin	up	fold	2.5	0.0	below_floor	42	146	0.0	0.0	1.0			5-8	add_only	5	0	False	False	False	R	False
e_coli_k12__denovo_ev__C__und	denovo_ev	e_coli_k12	C	False	LASER:Record1449552601.91:M1	Record1449552601.91	MNXM602	shikimate	up	titer		5.128924872701071e-12	ok	42	146	-1.0330320583326613e-11	4.870192196712483e-08	0.20930232558139536	0.7846711435653217	0.17687074829931973	5-8	add_only	5	0	True	False	True	R	False
e_coli_k12__denovo_ev__C__und	denovo_ev	e_coli_k12	C	False	LASER:Record1449560226.93:M1	Record1449560226.93	MNXM738702	NADPH	up	fold	25.0	1.751901290594597e-11	ok	22	146	-6.618768575751555e-13	9.391874188926599e-08	0.2608695652173913	0.6277141362670459	0.21768707482993196	3-4	add_only	4	0	False	False	False	R	False
e_coli_k12__denovo_ev__C__und	denovo_ev	e_coli_k12	C	False	LASER:Record1449642554.79:M1	Record1449642554.79	MNXM1371362	d-lactate	up	fold	1.44	6.229441757620241e-08	ok	17	146	1.6640616835872368e-13	9.742780689820564e-09	0.05555555555555555	1.1510568057965895	0.10884353741496598	2	del_only	0	2	True	True	False	R	False
e_coli_k12__denovo_ev__C__und	denovo_ev	e_coli_k12	C	False	LASER:Record1449726897.09:M1	Record1449726897.09	MNXM872	3-HP	up	fold	1.7	0.0	below_floor	26	146	0.0	3.651762516213849e-08	0.6666666666666666	0.15574148042722336	0.3333333333333333	1	add_only	1	0	True	False	True	R	False
e_coli_k12__denovo_ev__C__und	denovo_ev	e_coli_k12	C	False	LASER:Record1449731661.54:M1	Record1449731661.54	MNXM1364595	1_2-propanediol	up	titer		-4.8744437711694235e-08	ok	26	146	-4.870047586022822e-08	4.260973266578268e-08	0.5555555555555556	-0.4658381226213664	0.7755102040816326	9-16	mixed	6	4	False	False	False	R	False
e_coli_k12__denovo_ev__C__und	denovo_ev	e_coli_k12	C	False	LASER:Record1449738882.59:M1	Record1449738882.59	MNXM1747	itaconate	up	titer		0.00022057870812749387	ok	24	146	0.0	0.0	0.04	9.06449181085114	0.006802721088435374	5-8	mixed	4	2	False	False	False	R	False
e_coli_k12__denovo_ev__C__und	denovo_ev	e_coli_k12	C	False	LASER:Record1449805187.29:M1	Record1449805187.29	MNXM1370996	caffeic acid	up	titer		-9.191525225901481e-08	ok	26	146	0.0	3.6517612536522877e-08	1.0	-1.81284068267727	0.9659863945578231	1	add_only	1	0	False	False	False	R	False
e_coli_k12__denovo_ev__C__und	denovo_ev	e_coli_k12	C	False	LASER:Record1449806335.95:M1	Record1449806335.95	MNXM25	succinate	up	titer		-8.745417909815367e-12	ok	22	146	-6.446109379783238e-13	9.391824253765477e-08	0.6086956521739131	-0.11720815914360952	0.5850340136054422	3-4	mixed	1	3	False	False	False	R	False
e_coli_k12__denovo_ev__C__und	denovo_ev	e_coli_k12	C	False	LASER:Record1449806335.95:M2	Record1449806335.95	MNXM25	succinate	up	titer		-5.689976837136915e-12	ok	26	146	-4.869449922185456e-08	4.26112149982415e-08	0.25925925925925924	-1.001693185710778	0.8775510204081632	9-16	del_only	0	11	True	True	False	R	False
e_coli_k12__denovo_ev__C__und	denovo_ev	e_coli_k12	C	False	LASER:Record1450145811.55:M1	Record1450145811.55	MNXM26	acetate	up	fold	1.5	-8.632642533755105e-12	ok	26	146	0.0	3.6518959900678344e-08	0.9629629629629629	-0.09258021125880835	0.5782312925170068	1	del_only	0	1	True	True	False	R	False
e_coli_k12__denovo_ev__C__und	denovo_ev	e_coli_k12	C	False	LASER:Record1450145811.55:M2	Record1450145811.55	MNXM1371362	d-lactate	up	fold	3.33	-1.3431535885680829e-12	below_floor	26	146	2.5569552985355015e-16	3.6517668439592864e-08	0.9259259259259259	-0.09279540313865081	0.5782312925170068	1	del_only	0	1	True	True	False	R	False
e_coli_k12__denovo_ev__C__und	denovo_ev	e_coli_k12	C	False	LASER:Record1450238255.03:M1	Record1450238255.03	MNXM1106823	1_2_4-butanetriol	up	titer		-4.907822471892417e-08	ok	22	146	-3.858952003429894e-13	9.390114499280133e-08	0.9130434782608695	-1.168396287667271	0.8979591836734694	3-4	mixed	1	3	False	False	False	R	False
e_coli_k12__denovo_ev__C__und	denovo_ev	e_coli_k12	C	False	LASER:Record1450238773.81:M1	Record1450238773.81	MNXM1734	D-galactonate	up	titer		-0.00022064147012327559	ok	17	146	1.7903785550464624e-13	9.742946743390114e-09	1.0	-6.866723466887245	1.0	2	del_only	0	2	True	True	False	R	False
e_coli_k12__denovo_ev__C__und	denovo_ev	e_coli_k12	C	False	LASER:Record1450239058.45:M1	Record1450239058.45	MNXM3230	butanol	up	fold	30.0	-1.855860029455897e-13	below_floor	17	146	0.0	9.741925508063992e-09	0.7777777777777778	0.31287796562719233	0.2789115646258503	2	add_only	2	0	True	False	True	R	False
e_coli_k12__denovo_ev__C__und	denovo_ev	e_coli_k12	C	False	LASER:Record1450240375.41:M1	Record1450240375.41	MNXM3230	n-butanol	up	titer		7.176915669019571e-10	ok	26	146	-4.8687982972251396e-08	4.2600243614229706e-08	0.14814814814814814	2.056580054351886	0.034013605442176874	9-16	add_only	13	0	False	False	False	R	False
e_coli_k12__denovo_uni__C__dir	denovo_uni	e_coli_k12	C	True	LASER:Record1419612180.15:M1	Record1419612180.15	MNXM3288	Isoprene	up	fold	2.3	0.0002215937989256717	created	35	473	0.0	0.0	0.05555555555555555	9.775088159923998	0.002109704641350211	3-4	add_only	3	0	False	False	False	C	False
e_coli_k12__denovo_uni__C__dir	denovo_uni	e_coli_k12	C	True	LASER:Record1419612292.57:M1	Record1419612292.57	MNXM3288	Isoprene	up	fold	2.3	0.0002215937989256717	created	35	473	0.0	0.0	0.05555555555555555	9.775088159923998	0.002109704641350211	3-4	add_only	3	0	False	False	False	C	False
e_coli_k12__denovo_uni__C__dir	denovo_uni	e_coli_k12	C	True	LASER:Record1419616868.41:M1	Record1419616868.41	MNXM1108092	Ethanol	up	titer	1.6	1.4245831456757146e-11	ok	78	473	-1.4094136556626335e-12	5.104662718589519e-08	0.17721518987341772	-0.0058106738249993324	0.4767932489451477	5-8	mixed	2	4	False	False	False	R	False
e_coli_k12__denovo_uni__C__dir	denovo_uni	e_coli_k12	C	True	LASER:Record1419618777.21:M1	Record1419618777.21	MNXM3230	n-butanol	up	fold	3.9	3.649300081413377e-11	ok	53	473	-4.911418459931549e-08	4.913654525184863e-08	0.14814814814814814	1.4068482814071936	0.0759493670886076	9-16	mixed	12	4	False	False	False	R	False
e_coli_k12__denovo_uni__C__dir	denovo_uni	e_coli_k12	C	True	LASER:Record1419622531.88:M1	Record1419622531.88	MNXM3085	isopropanol	up	titer		6.883665555970642e-11	ok	41	473	-4.906878123676797e-08	2.9265646167304232e-12	0.047619047619047616	0.9815128889424983	0.11814345991561181	5-8	add_only	7	0	False	False	False	R	False
e_coli_k12__denovo_uni__C__dir	denovo_uni	e_coli_k12	C	True	LASER:Record1419700122.69:M1	Record1419700122.69	MNXM11527	Ethyl butyrate	up	fold	27.5	5.3479040586137255e-12	ok	31	473	-6.314573900012142e-08	7.197407406876646e-08	0.1875	-0.8463207552972944	0.8649789029535865	17+	mixed	2	16	False	False	False	R	False
e_coli_k12__denovo_uni__C__dir	denovo_uni	e_coli_k12	C	True	LASER:Record1419702544.12:M1	Record1419702544.12	MNXM3230	n-butanol	up	fold	1500.0	-4.9079341513054214e-08	ok	30	473	-9.546002286771771e-08	-8.102688401419507e-13	0.16129032258064516	1.2355396681663424	0.09071729957805907	9-16	add_only	16	0	False	False	False	R	False
e_coli_k12__denovo_uni__C__dir	denovo_uni	e_coli_k12	C	True	LASER:Record1419820798.43:M1	Record1419820798.43	MNXM738702	NADPH	up	fold	1.7	1.4548190668643712e-13	ok	42	473	-4.911759294296404e-08	1.4974321360245827e-07	0.32558139534883723	-3.089720743548059	0.9936708860759493	17+	del_only	0	44	True	True	False	R	False
e_coli_k12__denovo_uni__C__dir	denovo_uni	e_coli_k12	C	True	LASER:Record1419871302.73:M1	Record1419871302.73	MNXM1997	Abietadiene	up	titer		5.505644365651349e-12	created	41	473	0.0	4.8594048160271095e-12	0.023809523809523808	8.958696464741633	0.002109704641350211	5-8	add_only	6	0	False	False	False	C	False
e_coli_k12__denovo_uni__C__dir	denovo_uni	e_coli_k12	C	True	LASER:Record1419872698.65:M1	Record1419872698.65	MNXM1780	Taxadiene	up	fold	15000.0	0.00022159343759246822	created	41	473	0.0	0.0	0.023809523809523808	12.523907801849603	0.002109704641350211	5-8	add_only	6	0	False	False	False	C	False
e_coli_k12__denovo_uni__C__dir	denovo_uni	e_coli_k12	C	True	LASER:Record1419895893.83:M1	Record1419895893.83	MNXM1364595	1_2-propanediol	up	titer		-1.468309919875645e-07	ok	53	473	-4.909827502745136e-08	4.913613018759288e-08	0.9444444444444444	-1.985721558656904	0.9641350210970464	9-16	mixed	9	3	False	False	False	R	False
e_coli_k12__denovo_uni__C__dir	denovo_uni	e_coli_k12	C	True	LASER:Record1419966947.93:M1	Record1419966947.93	MNXM25	succinate	up	fold	4.0	-2.348920754083328e-13	ok	30	473	-7.222194576324975e-14	2.7029878506909523e-08	0.6774193548387096	-0.07730272831012708	0.5063291139240507	3-4	mixed	1	3	False	False	False	R	False
e_coli_k12__denovo_uni__C__dir	denovo_uni	e_coli_k12	C	True	LASER:Record1419968290.81:M1	Record1419968290.81	MNXM1108092	H2;ethanol	unknown	endpoint_only		7.022198577830152e-14	below_floor	19	473	4.791557592468158e-08	9.829644961561579e-08	0.7	-0.42860159040708645	0.7742616033755274	5-8	del_only	0	6	True	True	False	R	False
e_coli_k12__denovo_uni__C__dir	denovo_uni	e_coli_k12	C	True	LASER:Record1419968290.81:M2	Record1419968290.81	MNXM1108092	H2;ethanol	unknown	endpoint_only		7.022198577830152e-14	below_floor	19	473	4.791557592468158e-08	9.829644961561579e-08	0.7	-0.42860159040708645	0.7742616033755274	5-8	del_only	0	6	True	True	False	R	False
e_coli_k12__denovo_uni__C__dir	denovo_uni	e_coli_k12	C	True	LASER:Record1419971010.72:M1	Record1419971010.72	MNXM1108092	ethanol	up	titer		1.5402335955044463e-11	ok	53	473	-4.91140255034616e-08	4.9136185005873876e-08	0.14814814814814814	-0.28589525750741185	0.7151898734177216	9-16	mixed	2	8	False	False	False	R	False
e_coli_k12__denovo_uni__C__dir	denovo_uni	e_coli_k12	C	True	LASER:Record1419973694.76:M1	Record1419973694.76	MNXM3085	isopropanol	up	titer		6.932534689536862e-11	ok	35	473	-3.274415490161532e-08	2.404898789875104e-13	0.027777777777777776	0.4166393833214599	0.23628691983122363	3-4	add_only	3	0	False	False	False	R	False
e_coli_k12__denovo_uni__C__dir	denovo_uni	e_coli_k12	C	True	LASER:Record1420064034.84:M1	Record1420064034.84	MNXM5188	isobutanol	up	titer		-8.947929013404868e-12	ok	31	473	-6.314750762665355e-08	7.196682797544691e-08	0.28125	1.0545891895883337	0.11181434599156118	17+	mixed	11	7	False	False	False	R	False
e_coli_k12__denovo_uni__C__dir	denovo_uni	e_coli_k12	C	True	LASER:Record1420065439.92:M1	Record1420065439.92	MNXM1108092	Ethanol	up	fold	2.5	1.2820879774499971e-11	ok	78	473	-1.4094136556626335e-12	5.104662718589519e-08	0.17721518987341772	0.4866845669986754	0.22362869198312235	5-8	mixed	4	1	False	False	False	R	False
e_coli_k12__denovo_uni__C__dir	denovo_uni	e_coli_k12	C	True	LASER:Record1420480571.45:M1	Record1420480571.45	MNXM398	acetone	up	titer		-1.6272070496592406e-12	ok	30	473	-5.207341719284941e-15	2.6645945107491e-13	0.8387096774193549	0.13269716403636234	0.4219409282700422	1	add_only	1	0	False	False	False	R	False
e_coli_k12__denovo_uni__C__dir	denovo_uni	e_coli_k12	C	True	LASER:Record1420483083.91:M1	Record1420483083.91	MNXM5188	isobutanol	up	titer		5.2939635910697475e-12	ok	53	473	-4.911406458255312e-08	4.913646009999778e-08	0.16666666666666666	0.6300581936099161	0.1962025316455696	9-16	mixed	7	5	False	False	False	R	False
e_coli_k12__denovo_uni__C__dir	denovo_uni	e_coli_k12	C	True	LASER:Record1420483763.95:M1	Record1420483763.95	MNXM1108092	ethanol	up	fold	1.48	-6.773656071809575e-14	below_floor	78	473	-1.4094136556626335e-12	5.104662718589519e-08	0.3670886075949367	0.20514195080374295	0.3291139240506329	5-8	mixed	3	3	True	False	False	R	False
e_coli_k12__denovo_uni__C__dir	denovo_uni	e_coli_k12	C	True	LASER:Record1420484655.86:M1	Record1420484655.86	MNXM1108092	H2;ethanol	up	fold	20.0	0.0	below_floor	24	473	6.576539985335417e-15	1.5467421242128293e-08	0.68	-0.14849452954674422	0.6476793248945147	2	del_only	0	2	True	True	False	R	False
e_coli_k12__denovo_uni__C__dir	denovo_uni	e_coli_k12	C	True	LASER:Record1420564498.19:M1	Record1420564498.19	MNXM75	acetalaldehyde	up	fold	1.74	-1.379250392282566e-12	ok	78	473	-2.0874680293787168e-12	5.106285987985888e-08	0.4810126582278481	-0.14734954680994983	0.6118143459915611	5-8	mixed	1	4	True	False	False	R	False
e_coli_k12__denovo_uni__C__dir	denovo_uni	e_coli_k12	C	True	LASER:Record1420567233.18:M1	Record1420567233.18	MNXM6396	1-propanol	up	titer		-7.366284950467922e-08	ok	52	473	0.0	8.189377866449668e-09	1.0	-1.2502180131724225	0.9240506329113924	2	add_only	2	0	False	False	False	R	False
e_coli_k12__denovo_uni__C__dir	denovo_uni	e_coli_k12	C	True	LASER:Record1420574938.8:M1	Record1420574938.8	MNXM2800	Adipic Acid	up	fold	20.0	5.3658331033643036e-14	below_floor	53	473	-4.911413866844571e-08	4.9136519364060625e-08	0.25925925925925924	1.0524733041169254	0.11181434599156118	9-16	mixed	9	3	False	False	False	R	False
e_coli_k12__denovo_uni__C__dir	denovo_uni	e_coli_k12	C	True	LASER:Record1420579970.27:M1	Record1420579970.27	MNXM1371363	L-lactate	up	titer		-1.525432107290104e-10	ok	78	473	-1.4261066557264696e-12	5.104732388200853e-08	0.569620253164557	0.061944351675340154	0.47468354430379744	5-8	mixed	3	5	False	False	False	R	False
e_coli_k12__denovo_uni__C__dir	denovo_uni	e_coli_k12	C	True	LASER:Record1420579970.27:M1	Record1420579970.27	MNXM733758	L-lactate	up	titer		-2.1788108670777254e-11	ok	78	473	-1.5902783782753907e-12	5.104998200008911e-08	0.569620253164557	0.06464368789952077	0.43248945147679324	5-8	mixed	3	5	False	False	False	R	False
e_coli_k12__denovo_uni__C__dir	denovo_uni	e_coli_k12	C	True	LASER:Record1420580799.33:M1	Record1420580799.33	MNXM25	succinate	up	fold	1.25	-1.1781236251319493e-13	ok	19	473	4.791553493701476e-08	9.829460985860423e-08	0.8	-0.5686559853419921	0.8037974683544303	5-8	del_only	0	8	True	True	False	R	False
e_coli_k12__denovo_uni__C__dir	denovo_uni	e_coli_k12	C	True	LASER:Record1420581833.49:M1	Record1420581833.49	MNXM3230	n-butanol	up	titer		3.7491016801477484e-11	ok	53	473	-4.911418459931549e-08	4.913654525184863e-08	0.14814814814814814	1.4068689321876902	0.0759493670886076	9-16	mixed	12	4	False	False	False	R	False
e_coli_k12__denovo_uni__C__dir	denovo_uni	e_coli_k12	C	True	LASER:Record1420655176.75:M1	Record1420655176.75	MNXM1108092	ethanol	up	fold	3.5	-4.911334106137526e-08	ok	53	473	-4.91140255034616e-08	4.9136185005873876e-08	0.5	-0.5986855589999552	0.810126582278481	9-16	mixed	5	4	True	False	False	R	False
e_coli_k12__denovo_uni__C__dir	denovo_uni	e_coli_k12	C	True	LASER:Record1420655787.75:M1	Record1420655787.75	MNXM737068	xylitol	up	titer		-5.210437450150606e-10	ok	18	473	3.2046278608185985e-14	7.394978537783858e-09	1.0	0.052068479271492794	0.47468354430379744	2	mixed	1	1	False	False	False	R	False
e_coli_k12__denovo_uni__C__dir	denovo_uni	e_coli_k12	C	True	LASER:Record1420657266.85:M1	Record1420657266.85	MNXM1108092	ethanol	up	fold	1.7	1.5279399598853993e-11	ok	78	473	-1.4094136556626335e-12	5.104662718589519e-08	0.17721518987341772	0.34668118134288295	0.270042194092827	5-8	mixed	4	3	False	False	False	R	False
e_coli_k12__denovo_uni__C__dir	denovo_uni	e_coli_k12	C	True	LASER:Record1420661189.03:M1	Record1420661189.03	MNXM1670	3-methyl-1-butanol	up	fold	6.0	7.390147819868673e-11	ok	31	473	-6.314592068226471e-08	7.19677030005969e-08	0.1875	2.2560511667309084	0.014767932489451477	17+	mixed	19	6	False	False	False	R	False
e_coli_k12__denovo_uni__C__dir	denovo_uni	e_coli_k12	C	True	LASER:Record1420666912.41:M1	Record1420666912.41	MNXM25	succinate	up	fold	1.1	-3.274549743062212e-08	ok	78	473	-2.158680867522453e-12	5.1045199797675906e-08	0.6329113924050633	0.23251662180595736	0.31856540084388185	5-8	mixed	7	1	True	False	False	R	False
e_coli_k12__denovo_uni__C__dir	denovo_uni	e_coli_k12	C	True	LASER:Record1420666912.41:M2	Record1420666912.41	MNXM25	succinate	up	fold	1.32	6.969341011416053e-14	below_floor	18	473	-9.365338365929787e-16	7.370880567410401e-09	0.2631578947368421	0.0627572379089344	0.4451476793248945	2	mixed	1	1	True	False	False	R	False
e_coli_k12__denovo_uni__C__dir	denovo_uni	e_coli_k12	C	True	LASER:Record1420666912.41:M3	Record1420666912.41	MNXM25	succinate	up	fold	1.18	6.969294932823722e-14	below_floor	37	473	5.7472472961284105e-15	5.875876460644296e-08	0.2631578947368421	-0.0784642823641535	0.5253164556962026	1	del_only	0	1	True	True	False	R	False
e_coli_k12__denovo_uni__C__dir	denovo_uni	e_coli_k12	C	True	LASER:Record1420666912.41:M4	Record1420666912.41	MNXM25	succinate	up	fold	1.3	-6.455201499201701e-14	below_floor	18	473	-9.365338365929787e-16	7.370880567410401e-09	0.5789473684210527	0.06275446010890028	0.4578059071729958	2	mixed	1	1	True	False	False	R	False
e_coli_k12__denovo_uni__C__dir	denovo_uni	e_coli_k12	C	True	LASER:Record1420666912.41:M5	Record1420666912.41	MNXM25	succinate	up	fold	1.4	8.46525269587034e-14	ok	18	473	-9.365338365929787e-16	7.370880567410401e-09	0.2631578947368421	0.06275754744227788	0.4451476793248945	2	mixed	1	1	True	False	False	R	False
e_coli_k12__denovo_uni__C__dir	denovo_uni	e_coli_k12	C	True	LASER:Record1420666912.41:M6	Record1420666912.41	MNXM25	succinate	up	fold	1.42	6.969294932823722e-14	below_floor	37	473	5.7472472961284105e-15	5.875876460644296e-08	0.2631578947368421	-0.0784642823641535	0.5253164556962026	1	del_only	0	1	True	True	False	R	False
e_coli_k12__denovo_uni__C__dir	denovo_uni	e_coli_k12	C	True	LASER:Record1420666912.41:M7	Record1420666912.41	MNXM25	succinate	up	fold	1.3	6.969294932823722e-14	below_floor	18	473	-9.365338365929787e-16	7.370880567410401e-09	0.2631578947368421	0.06275723789939984	0.4451476793248945	2	mixed	1	1	True	False	False	R	False
e_coli_k12__denovo_uni__C__dir	denovo_uni	e_coli_k12	C	True	LASER:Record1420666912.41:M8	Record1420666912.41	MNXM25	succinate	up	fold	1.35	6.969294932823722e-14	below_floor	37	473	5.7472472961284105e-15	5.875876460644296e-08	0.2631578947368421	-0.0784642823641535	0.5253164556962026	1	del_only	0	1	True	True	False	R	False
e_coli_k12__denovo_uni__C__dir	denovo_uni	e_coli_k12	C	True	LASER:Record1420666912.41:M9	Record1420666912.41	MNXM25	succinate	up	fold	1.35	-4.911476832373629e-08	ok	30	473	-7.222194576324975e-14	2.7029878506909523e-08	0.967741935483871	-0.6710816441103882	0.8502109704641351	3-4	mixed	3	1	True	False	False	R	False
e_coli_k12__denovo_uni__C__dir	denovo_uni	e_coli_k12	C	True	LASER:Record1420735510.26:M1	Record1420735510.26	MNXM1371362	D-lactate	up	yield	2.686	-5.246085683918711e-13	ok	22	473	3.0012125597222994e-14	9.576447976628925e-08	0.9565217391304348	-0.28856768953785855	0.7341772151898734	3-4	del_only	0	4	True	True	False	R	False
e_coli_k12__denovo_uni__C__dir	denovo_uni	e_coli_k12	C	True	LASER:Record1420735510.26:M2	Record1420735510.26	MNXM1371362	D-lactate	up	yield	3.779	1.5233040523421337e-16	below_floor	24	473	3.678262935121607e-14	1.546760867128577e-08	0.88	-0.14851773943849897	0.6582278481012658	2	del_only	0	2	True	True	False	R	False
e_coli_k12__denovo_uni__C__dir	denovo_uni	e_coli_k12	C	True	LASER:Record1420735510.26:M5	Record1420735510.26	MNXM1371362	D-lactate	up	yield	2.429	1.5233040523421337e-16	below_floor	24	473	3.678262935121607e-14	1.546760867128577e-08	0.88	-0.14851773943849897	0.6582278481012658	2	del_only	0	2	True	True	False	R	False
e_coli_k12__denovo_uni__C__dir	denovo_uni	e_coli_k12	C	True	LASER:Record1420735510.26:M6	Record1420735510.26	MNXM1371362	D-lactate	up	yield	2.957	-3.8991225070721114e-13	ok	22	473	3.0012125597222994e-14	9.576447976628925e-08	0.9130434782608695	-0.21854535653511398	0.6940928270042194	3-4	del_only	0	3	True	True	False	R	False
e_coli_k12__denovo_uni__C__dir	denovo_uni	e_coli_k12	C	True	LASER:Record1420735510.26:M7	Record1420735510.26	MNXM1371362	D-lactate	up	yield	1.686	-5.244572137685921e-13	ok	19	473	4.7915950764136845e-08	9.829464921858543e-08	0.95	-0.42860677812457937	0.7827004219409283	5-8	del_only	0	6	True	True	False	R	False
e_coli_k12__denovo_uni__C__dir	denovo_uni	e_coli_k12	C	True	LASER:Record1420736845.03:M1	Record1420736845.03	MNXM1371363	L-lactate	up	titer		-2.229819993470987e-11	ok	78	473	-1.4261066557264696e-12	5.104732388200853e-08	0.569620253164557	0.13465981897149396	0.35654008438818563	5-8	mixed	3	4	True	False	False	R	False
e_coli_k12__denovo_uni__C__dir	denovo_uni	e_coli_k12	C	True	LASER:Record1420736845.03:M1	Record1420736845.03	MNXM733758	L-lactate	up	titer		-9.804099508148659e-12	ok	78	473	-1.5902783782753907e-12	5.104998200008911e-08	0.569620253164557	0.1349162790952951	0.35654008438818563	5-8	mixed	3	4	True	False	False	R	False
e_coli_k12__denovo_uni__C__dir	denovo_uni	e_coli_k12	C	True	LASER:Record1420741999.5:M1	Record1420741999.5	MNXM872	3-HP	up	fold	7.4	3.015588267377828e-13	ok	22	473	8.869131557648346e-14	9.576453054579653e-08	0.43478260869565216	-0.2185150039077119	0.6835443037974683	3-4	del_only	0	3	True	True	False	R	False
e_coli_k12__denovo_uni__C__dir	denovo_uni	e_coli_k12	C	True	LASER:Record1420743618.36:M1	Record1420743618.36	MNXM1108092	ethanol	up	titer		9.726272269316516e-08	ok	30	473	-2.3823120125915365e-14	2.703034331841451e-08	0.03225806451612903	2.146492968189688	0.014767932489451477	3-4	mixed	2	2	False	False	False	R	False
e_coli_k12__denovo_uni__C__dir	denovo_uni	e_coli_k12	C	True	LASER:Record1420751097.38:M1	Record1420751097.38	MNXM1108092	ethanol	up	titer		-1.5909636889160916e-13	ok	87	473	-4.911584982502564e-08	4.913568409489939e-08	0.20454545454545456	-0.6386877208360565	0.8333333333333334	9-16	del_only	0	9	True	True	False	R	False
e_coli_k12__denovo_uni__C__dir	denovo_uni	e_coli_k12	C	True	LASER:Record1420751487.42:M1	Record1420751487.42	MNXM1104965	R-3HB	up	titer		-3.6656295403572625e-12	ok	30	473	-9.546079691686389e-08	-8.732601501724441e-14	0.12903225806451613	1.6861204570078037	0.04852320675105485	9-16	add_only	12	0	True	False	True	R	False
e_coli_k12__denovo_uni__C__dir	denovo_uni	e_coli_k12	C	True	LASER:Record1420751487.42:M2	Record1420751487.42	MNXM1104966	S-3HB	up	titer		-3.032415898246432e-14	below_floor	30	473	-9.546059770440475e-08	-1.944271173638493e-13	0.06451612903225806	1.6861910340458346	0.046413502109704644	9-16	add_only	12	0	False	False	False	R	False
e_coli_k12__denovo_uni__C__dir	denovo_uni	e_coli_k12	C	True	LASER:Record1420754173.95:M1	Record1420754173.95	MNXM1021	glutaric acid	up	titer		-4.9118051659497765e-08	ok	78	473	-1.9327440445608343e-12	5.1041020980865907e-08	0.8607594936708861	-0.5999516696355663	0.8164556962025317	5-8	mixed	4	2	False	False	False	R	False
e_coli_k12__denovo_uni__C__dir	denovo_uni	e_coli_k12	C	True	LASER:Record1420754551.36:M1	Record1420754551.36	MNXM737340	L-fumarate	up	titer		4.914047073222667e-08	ok	78	473	-2.331920884147097e-12	5.104450128871148e-08	0.0759493670886076	1.2919824029447586	0.09071729957805907	5-8	mixed	3	2	True	False	False	R	False
e_coli_k12__denovo_uni__C__dir	denovo_uni	e_coli_k12	C	True	LASER:Record1420823481.59:M1	Record1420823481.59	MNXM270	riboflavin	up	fold	12.0	8.429445455451073e-12	ok	53	473	-4.91145329507088e-08	4.913753190200366e-08	0.16666666666666666	1.1238265266249572	0.09282700421940929	9-16	mixed	10	4	True	False	False	R	False
e_coli_k12__denovo_uni__C__dir	denovo_uni	e_coli_k12	C	True	LASER:Record1420824342.15:M1	Record1420824342.15	MNXM25	succinate	unknown	none		1.240910043991128e-14	below_floor	30	473	-2.2546648250666712e-14	2.889007338479482e-13	0.25806451612903225	0.13278288445993477	0.38396624472573837	1	add_only	1	0	True	False	True	R	False
e_coli_k12__denovo_uni__C__dir	denovo_uni	e_coli_k12	C	True	LASER:Record1420827149.96:M1	Record1420827149.96	MNXM81353	sabinene	up	titer		0.00022141106692747666	created	30	473	0.0	0.0	0.03225806451612903	10.758312289998472	0.010548523206751054	9-16	add_only	9	0	False	False	False	C	False
e_coli_k12__denovo_uni__C__dir	denovo_uni	e_coli_k12	C	True	LASER:Record1420828539.55:M1	Record1420828539.55	MNXM1108092	ethanol	up	titer		2.3543951619027503e-13	below_floor	78	473	-1.4094136556626335e-12	5.104662718589519e-08	0.26582278481012656	0.0639265539347062	0.4345991561181435	5-8	mixed	2	3	True	False	False	R	False
e_coli_k12__denovo_uni__C__dir	denovo_uni	e_coli_k12	C	True	LASER:Record1421181248.73:M1	Record1421181248.73	MNXM1108092	ethanol	up	titer		-5.6424591561576865e-15	below_floor	18	473	-2.2904651808021426e-14	7.371085300643264e-09	0.5263157894736842	0.06275415230917042	0.45569620253164556	2	mixed	1	1	True	False	False	R	False
e_coli_k12__denovo_uni__C__dir	denovo_uni	e_coli_k12	C	True	LASER:Record1421181248.73:M2	Record1421181248.73	MNXM6396	1-propanol	up	titer		1.1624110961977463e-14	below_floor	18	473	-4.1688305368534073e-14	7.3719093776911836e-09	0.2631578947368421	0.06276276598460631	0.4451476793248945	2	mixed	1	1	True	False	False	R	False
e_coli_k12__denovo_uni__C__dir	denovo_uni	e_coli_k12	C	True	LASER:Record1421181891.77:M1	Record1421181891.77	MNXM1107139	ethylene glycol	up	titer		-1.474642661723378e-07	ok	78	473	-1.8057743885260824e-12	5.10405023697746e-08	0.9873417721518988	-2.7749589649913773	0.9873417721518988	5-8	mixed	4	4	False	False	False	R	False
e_coli_k12__denovo_uni__C__dir	denovo_uni	e_coli_k12	C	True	LASER:Record1421187298.98:M1	Record1421187298.98	MNXM23	pyruvate	up	fold	35.8	1.8022792188775866e-12	ok	19	473	4.791603331450421e-08	9.829415868237948e-08	0.6	-0.4285608531892937	0.770042194092827	5-8	del_only	0	6	True	True	False	R	False
e_coli_k12__denovo_uni__C__dir	denovo_uni	e_coli_k12	C	True	LASER:Record1421339423.18:M1	Record1421339423.18	MNXM1369382	Alanine-Glutamine	up	titer		5.050461649369273e-12	ok	78	473	-1.9177166094268977e-12	5.104514064466518e-08	0.17721518987341772	-0.21724334369600684	0.6772151898734177	5-8	mixed	1	5	False	False	False	R	False
e_coli_k12__denovo_uni__C__dir	denovo_uni	e_coli_k12	C	True	LASER:Record1421340194.69:M1	Record1421340194.69	MNXM738152	(2S)-naringenin	up	fold	4.31	-6.730232165095289e-14	below_floor	53	473	0.0	0.0	0.9814814814814815	-0.12061865938539303	0.9852320675105485	9-16	mixed	5	6	False	False	False	R	False
e_coli_k12__denovo_uni__C__dir	denovo_uni	e_coli_k12	C	True	LASER:Record1421341418.21:M1	Record1421341418.21	MNXM25	succinate	up	yield	8.6	3.2814679792880774e-14	below_floor	30	473	-2.2546648250666712e-14	2.889007338479482e-13	0.25806451612903225	0.1327833066912248	0.38396624472573837	1	add_only	1	0	False	False	False	R	False
e_coli_k12__denovo_uni__C__dir	denovo_uni	e_coli_k12	C	True	LASER:Record1421341942.82:M1	Record1421341942.82	MNXM1371363	L-lactate	up	titer		1.8723439682358234e-14	below_floor	37	473	5.199562568697358e-15	5.8758741452774306e-08	0.3157894736842105	-0.07849896848313136	0.5295358649789029	1	del_only	0	1	True	True	False	R	False
e_coli_k12__denovo_uni__C__dir	denovo_uni	e_coli_k12	C	True	LASER:Record1421341942.82:M1	Record1421341942.82	MNXM733758	L-lactate	up	titer		4.5625504242752246e-14	below_floor	37	473	8.547307826789474e-16	5.8758603338043067e-08	0.23684210526315788	-0.07847410852005936	0.5232067510548524	1	del_only	0	1	True	True	False	R	False
e_coli_k12__denovo_uni__C__dir	denovo_uni	e_coli_k12	C	True	LASER:Record1421341942.82:M2	Record1421341942.82	MNXM1371362	D-lactate	up	titer		3.8159579662799814e-14	below_floor	24	473	3.678262935121607e-14	1.546760867128577e-08	0.52	-0.14851695299044887	0.6392405063291139	2	del_only	0	2	True	True	False	R	False
e_coli_k12__denovo_uni__C__dir	denovo_uni	e_coli_k12	C	True	LASER:Record1421355950.68:M1	Record1421355950.68	MNXM1371362	D-lactate	up	titer		3.163945884801511e-14	below_floor	22	473	3.0012125597222994e-14	9.576447976628925e-08	0.5217391304347826	-0.21853663376441962	0.6835443037974683	3-4	del_only	0	3	True	True	False	R	False
e_coli_k12__denovo_uni__C__dir	denovo_uni	e_coli_k12	C	True	LASER:Record1421355950.68:M2	Record1421355950.68	MNXM1371362	D-lactate	up	titer		3.5735899916317093e-14	below_floor	37	473	4.815917629963362e-15	5.8758727420677424e-08	0.2631578947368421	-0.0784974572820814	0.5253164556962026	1	del_only	0	1	True	True	False	R	False
e_coli_k12__denovo_uni__C__dir	denovo_uni	e_coli_k12	C	True	LASER:Record1421355950.68:M3	Record1421355950.68	MNXM1371362	D-lactate	up	titer		4.556754821562203e-13	ok	22	473	3.0012125597222994e-14	9.576447976628925e-08	0.30434782608695654	-0.28854740544745056	0.7194092827004219	3-4	del_only	0	4	True	True	False	R	False
e_coli_k12__denovo_uni__C__dir	denovo_uni	e_coli_k12	C	True	LASER:Record1421358274.81:M1	Record1421358274.81	MNXM25	succinate	up	titer		1.5676733999478443e-13	ok	22	473	4.116192250328693e-13	9.576421272910208e-08	0.6086956521739131	-0.2885429762506903	0.7278481012658228	3-4	del_only	0	4	True	True	False	R	False
e_coli_k12__denovo_uni__C__dir	denovo_uni	e_coli_k12	C	True	LASER:Record1421360315.24:M2	Record1421360315.24	MNXM737751	prenol	up	titer		-1.824966320795559e-07	ok	41	473	-4.905149153319071e-08	2.947627846016168e-12	0.9761904761904762	-2.654897474136697	0.9831223628691983	5-8	add_only	8	0	False	False	False	R	False
e_coli_k12__denovo_uni__C__dir	denovo_uni	e_coli_k12	C	True	LASER:Record1421361586.89:M1	Record1421361586.89	MNXM458	butyrate	up	titer		-1.1497644199567891e-13	ok	53	473	-4.911421962866796e-08	4.913666853628251e-08	0.2962962962962963	0.6299660691559535	0.1962025316455696	9-16	mixed	7	5	False	False	False	R	False
e_coli_k12__denovo_uni__C__dir	denovo_uni	e_coli_k12	C	True	LASER:Record1421362933.52:M1	Record1421362933.52	MNXM118	Putrescine	up	titer		1.475124633838862e-07	ok	53	473	-4.911477940024384e-08	4.913899805756975e-08	0.037037037037037035	3.9647322144528667	0.006329113924050633	9-16	mixed	9	5	True	False	False	R	False
e_coli_k12__denovo_uni__C__dir	denovo_uni	e_coli_k12	C	True	LASER:Record1421366778.23:M1	Record1421366778.23	MNXM1108092	ethanol	up	fold	25.7	-4.910401510887586e-08	ok	53	473	-4.91140255034616e-08	4.9136185005873876e-08	0.5	-0.24485470599043235	0.7046413502109705	9-16	mixed	8	5	True	False	False	R	False
e_coli_k12__denovo_uni__C__dir	denovo_uni	e_coli_k12	C	True	LASER:Record1421436127.08:M1	Record1421436127.08	MNXM872	3-HP	up	titer		-9.823250905012428e-08	ok	52	473	6.7571003046357214e-15	8.193380160987662e-09	1.0	-1.7586301514070704	0.9535864978902954	2	add_only	2	0	False	False	False	R	False
e_coli_k12__denovo_uni__C__dir	denovo_uni	e_coli_k12	C	True	LASER:Record1421436723.73:M1	Record1421436723.73	MNXM1105732	L-alanine	up	titer		1.5641764061291932e-11	ok	78	473	-2.2394034597614937e-12	5.104864508420159e-08	0.17721518987341772	-0.14699734179937868	0.5949367088607594	5-8	mixed	1	4	False	False	False	R	False
e_coli_k12__denovo_uni__C__dir	denovo_uni	e_coli_k12	C	True	LASER:Record1423246634.26:M1	Record1423246634.26	MNXM3230	butanol	up	fold	30.0	-3.901854967597318e-13	ok	52	473	3.947851160562843e-15	8.193839073381155e-09	0.8301886792452831	0.27399834556387537	0.29957805907172996	2	add_only	2	0	True	False	True	R	False
e_coli_k12__denovo_uni__C__dir	denovo_uni	e_coli_k12	C	True	LASER:Record1445327759.27:M1	Record1445327759.27	MNXM1105732	l-alanine	unknown	endpoint_only		5.858944514443298e-14	below_floor	22	473	2.5676672159996583e-14	9.576433840149124e-08	0.4782608695652174	-0.28853866655076177	0.7236286919831224	3-4	del_only	0	4	True	True	False	R	False
e_coli_k12__denovo_uni__C__dir	denovo_uni	e_coli_k12	C	True	LASER:Record1445330168.98:M1	Record1445330168.98	MNXM1108250	beta-carotene	unknown	endpoint_only		8.343031356252785e-13	created	42	473	0.0	0.0	0.023255813953488372	26.952226133351726	0.002109704641350211	17+	add_only	17	0	False	False	False	C	False
e_coli_k12__denovo_uni__C__dir	denovo_uni	e_coli_k12	C	True	LASER:Record1445848934.32:M1	Record1445848934.32	MNXM1812	penicillin G	up	fold	11.0	0.0	below_floor	78	473	0.0	0.0	1.0			5-8	mixed	2	4	True	False	False	R	False
e_coli_k12__denovo_uni__C__dir	denovo_uni	e_coli_k12	C	True	LASER:Record1445925852.59:M1	Record1445925852.59	MNXM737340	Fumaric acid	up	fold	7.0	4.914047073222667e-08	ok	30	473	-7.480542335742968e-14	2.7029847125532806e-08	0.03225806451612903	1.0095391941058236	0.1160337552742616	3-4	mixed	1	2	True	False	False	R	False
e_coli_k12__denovo_uni__C__dir	denovo_uni	e_coli_k12	C	True	LASER:Record1445926619.88:M1	Record1445926619.88	MNXM737068	xylitol	unknown	endpoint_only		4.757216322259783e-11	ok	22	473	2.554990724198958e-13	9.57662514719542e-08	0.2608695652173913	-0.2875825533388479	0.7172995780590717	3-4	del_only	0	4	True	True	False	R	False
e_coli_k12__denovo_uni__C__dir	denovo_uni	e_coli_k12	C	True	LASER:Record1446017475.49:M1	Record1446017475.49	MNXM704	Deoxycytidine	unknown	endpoint_only		1.6469341867922718e-11	ok	31	473	-6.314557525325705e-08	7.197244062950587e-08	0.21875	0.2801525649163141	0.28270042194092826	17+	mixed	7	10	True	False	False	R	False
e_coli_k12__denovo_uni__C__dir	denovo_uni	e_coli_k12	C	True	LASER:Record1446177836.98:M1	Record1446177836.98	MNXM1108092	ethanol;h2	unknown	none		-6.24411221512855e-13	ok	37	473	6.047950768667265e-15	5.875873306242643e-08	0.9736842105263158	-0.07848032128986515	0.5822784810126582	1	del_only	0	1	True	True	False	R	False
e_coli_k12__denovo_uni__C__dir	denovo_uni	e_coli_k12	C	True	LASER:Record1446177836.98:M4	Record1446177836.98	MNXM1108092	ethanol;h2	unknown	none		9.120772171376801e-14	ok	37	473	6.047950768667265e-15	5.875873306242643e-08	0.2631578947368421	-0.07846551382115279	0.5253164556962026	1	del_only	0	1	True	True	False	R	False
e_coli_k12__denovo_uni__C__dir	denovo_uni	e_coli_k12	C	True	LASER:Record1446177836.98:M5	Record1446177836.98	MNXM1108092	ethanol;h2	unknown	none		-7.030283473430377e-13	ok	24	473	6.576539985335417e-15	1.5467421242128293e-08	0.88	-0.14850907649293074	0.6582278481012658	2	del_only	0	2	True	True	False	R	False
e_coli_k12__denovo_uni__C__dir	denovo_uni	e_coli_k12	C	True	LASER:Record1446177836.98:M6	Record1446177836.98	MNXM1108092	ethanol;h2	unknown	none		3.983993039982647e-14	below_floor	37	473	6.047950768667265e-15	5.875873306242643e-08	0.3684210526315789	-0.07846657671498741	0.5337552742616034	1	del_only	0	1	True	True	False	R	False
e_coli_k12__denovo_uni__C__dir	denovo_uni	e_coli_k12	C	True	LASER:Record1446177836.98:M7	Record1446177836.98	MNXM1108092	ethanol;h2	unknown	none		4.6364116972757996e-14	below_floor	37	473	6.047950768667265e-15	5.875873306242643e-08	0.3684210526315789	-0.07846644171759884	0.5337552742616034	1	del_only	0	1	True	True	False	R	False
e_coli_k12__denovo_uni__C__dir	denovo_uni	e_coli_k12	C	True	LASER:Record1446177836.98:M8	Record1446177836.98	MNXM1108092	ethanol;h2	unknown	none		6.077666039709662e-14	below_floor	37	473	6.047950768667265e-15	5.875873306242643e-08	0.3684210526315789	-0.0784661434956361	0.5337552742616034	1	del_only	0	1	True	True	False	R	False
e_coli_k12__denovo_uni__C__dir	denovo_uni	e_coli_k12	C	True	LASER:Record1446177836.98:M9	Record1446177836.98	MNXM1108092	ethanol;h2	unknown	none		4.92824097503286e-16	below_floor	37	473	6.047950768667265e-15	5.875873306242643e-08	0.6052631578947368	-0.07846739087879766	0.5527426160337553	1	del_only	0	1	True	True	False	R	False
e_coli_k12__denovo_uni__C__dir	denovo_uni	e_coli_k12	C	True	LASER:Record1446446685.84:M1	Record1446446685.84	MNXM144	B-ALANINE	up	titer		7.889777427303596e-13	ok	35	473	-3.274411164785754e-08	4.210136254380322e-13	0.027777777777777776	0.5564637489223231	0.2109704641350211	3-4	add_only	4	0	True	False	True	R	False
e_coli_k12__denovo_uni__C__dir	denovo_uni	e_coli_k12	C	True	LASER:Record1446531696.33:M1	Record1446531696.33	MNXM25	succinate	unknown	endpoint_only		9.66172942432758e-13	ok	30	473	-7.222194576324975e-14	2.7029878506909523e-08	0.25806451612903225	-0.007251044053915183	0.4810126582278481	3-4	mixed	1	2	False	False	False	R	False
e_coli_k12__denovo_uni__C__dir	denovo_uni	e_coli_k12	C	True	LASER:Record1446532566.22:M1	Record1446532566.22	MNXM25	succinate	up	fold	3.23	6.969294932823722e-14	below_floor	37	473	5.7472472961284105e-15	5.875876460644296e-08	0.2631578947368421	-0.0784642823641535	0.5253164556962026	1	del_only	0	1	True	True	False	R	False
e_coli_k12__denovo_uni__C__dir	denovo_uni	e_coli_k12	C	True	LASER:Record1446533955.78:M1	Record1446533955.78	MNXM25	succinate	up	fold	3.5	7.366161717051178e-14	below_floor	30	473	-2.2546648250666712e-14	2.889007338479482e-13	0.0967741935483871	0.13278415189413545	0.37341772151898733	1	add_only	1	0	True	False	True	R	False
e_coli_k12__denovo_uni__C__dir	denovo_uni	e_coli_k12	C	True	LASER:Record1446534595.78:M1	Record1446534595.78	MNXM25	succinate	unknown	none		-4.897509035342866e-08	ok	52	473	5.4616413388414164e-15	8.193823867353528e-09	1.0	-0.7393861224942951	0.8523206751054853	2	add_only	2	0	True	False	True	R	False
e_coli_k12__denovo_uni__C__dir	denovo_uni	e_coli_k12	C	True	LASER:Record1447396968.96:M1	Record1447396968.96	MNXM1371362	d-lactate	up	yield	1.084	1.3210255372236857e-13	ok	18	473	-1.2612578082632497e-14	7.3710778573866404e-09	0.21052631578947367	0.0627319895970911	0.4430379746835443	2	mixed	1	1	True	False	False	R	False
e_coli_k12__denovo_uni__C__dir	denovo_uni	e_coli_k12	C	True	LASER:Record1447398171.48:M1	Record1447398171.48	MNXM1364595	1_2-propanediol	up	titer		-1.1298156209421997e-10	ok	30	473	-3.4048542522750747e-14	2.7027744596669443e-08	0.8387096774193549	0.13157326513017656	0.4240506329113924	3-4	mixed	2	2	True	False	False	R	False
e_coli_k12__denovo_uni__C__dir	denovo_uni	e_coli_k12	C	True	LASER:Record1447654226.12:M1	Record1447654226.12	MNXM5188	isobutanol	up	fold	3.05	-3.270684206324939e-12	ok	41	473	-4.9068658153990276e-08	3.849014043686566e-12	0.42857142857142855	0.8387800586646298	0.1540084388185654	5-8	add_only	6	0	False	False	False	R	False
e_coli_k12__denovo_uni__C__dir	denovo_uni	e_coli_k12	C	True	LASER:Record1447657780.0:M1	Record1447657780.0	MNXM1108250	beta-carotene	up	fold	3.5	8.343031356252785e-13	created	30	473	0.0	0.0	0.03225806451612903	27.057648684951427	0.002109704641350211	9-16	add_only	12	0	False	False	False	C	False
e_coli_k12__denovo_uni__C__dir	denovo_uni	e_coli_k12	C	True	LASER:Record1447658659.44:M1	Record1447658659.44	MNXM1108092	ethanol	up	fold	2.0	1.483509441593117e-11	ok	31	473	-6.314599525371724e-08	7.196980174889608e-08	0.1875	-0.7725946544773944	0.8565400843881856	17+	mixed	5	21	False	False	False	R	False
e_coli_k12__denovo_uni__C__dir	denovo_uni	e_coli_k12	C	True	LASER:Record1447749536.66:M1	Record1447749536.66	MNXM25	succinate	up	fold	113.0	6.969294932823722e-14	below_floor	37	473	5.7472472961284105e-15	5.875876460644296e-08	0.2631578947368421	-0.0784642823641535	0.5253164556962026	1	del_only	0	1	True	True	False	R	False
e_coli_k12__denovo_uni__C__dir	denovo_uni	e_coli_k12	C	True	LASER:Record1449050713.56:M1	Record1449050713.56	MNXM3230	n-butanol	up	titer		-2.1748459424434513e-12	ok	78	473	-1.059892584397322e-12	5.1040387078263455e-08	0.5316455696202531	0.6275929208972332	0.20253164556962025	5-8	mixed	5	1	False	False	False	R	False
e_coli_k12__denovo_uni__C__dir	denovo_uni	e_coli_k12	C	True	LASER:Record1449201641.39:M1	Record1449201641.39	MNXM872	3-HP	up	titer		-4.9114940717953246e-08	ok	35	473	-3.274435549755709e-08	5.697417743751736e-13	0.6944444444444444	-0.6010708356660275	0.8248945147679325	3-4	add_only	3	0	False	False	False	R	False
e_coli_k12__denovo_uni__C__dir	denovo_uni	e_coli_k12	C	True	LASER:Record1449210616.38:M1	Record1449210616.38	MNXM738152	Naringenin	up	fold	2.5	-6.73023216509529e-14	below_floor	41	473	0.0	0.0	1.0	-0.12180008723210053	0.9852320675105485	5-8	add_only	5	0	False	False	False	R	False
e_coli_k12__denovo_uni__C__dir	denovo_uni	e_coli_k12	C	True	LASER:Record1449210616.38:M1	Record1449210616.38	MNXM738153	Naringenin	up	fold	2.5	-6.730230947243949e-14	below_floor	41	473	0.0	0.0	1.0	-0.12180008723210038	0.9852320675105485	5-8	add_only	5	0	False	False	False	R	False
e_coli_k12__denovo_uni__C__dir	denovo_uni	e_coli_k12	C	True	LASER:Record1449552601.91:M1	Record1449552601.91	MNXM602	shikimate	up	titer		1.4473348788988233e-11	ok	41	473	-4.906088232753945e-08	2.4705048662192197e-12	0.023809523809523808	0.697963521038714	0.17721518987341772	5-8	add_only	5	0	True	False	True	R	False
e_coli_k12__denovo_uni__C__dir	denovo_uni	e_coli_k12	C	True	LASER:Record1449560226.93:M1	Record1449560226.93	MNXM738702	NADPH	up	fold	25.0	1.280252623749381e-12	ok	35	473	-3.274404190232441e-08	6.590296071449347e-14	0.027777777777777776	0.5564779839703584	0.2109704641350211	3-4	add_only	4	0	False	False	False	R	False
e_coli_k12__denovo_uni__C__dir	denovo_uni	e_coli_k12	C	True	LASER:Record1449642554.79:M1	Record1449642554.79	MNXM1371362	d-lactate	up	fold	1.44	6.286757672983151e-08	ok	24	473	3.678262935121607e-14	1.546760867128577e-08	0.08	1.1523415434568545	0.09282700421940929	2	del_only	0	2	True	True	False	R	False
e_coli_k12__denovo_uni__C__dir	denovo_uni	e_coli_k12	C	True	LASER:Record1449726897.09:M1	Record1449726897.09	MNXM872	3-HP	up	fold	1.7	0.0	below_floor	30	473	-1.58481897310353e-15	4.815130282345685e-13	0.4838709677419355	0.1327772924655446	0.3987341772151899	1	add_only	1	0	True	False	True	R	False
e_coli_k12__denovo_uni__C__dir	denovo_uni	e_coli_k12	C	True	LASER:Record1449731661.54:M1	Record1449731661.54	MNXM1364595	1_2-propanediol	up	titer		-4.913208170132877e-08	ok	53	473	-4.909827502745136e-08	4.913613018759288e-08	0.6481481481481481	-0.45782422240663734	0.7848101265822784	9-16	mixed	6	4	False	False	False	R	False
e_coli_k12__denovo_uni__C__dir	denovo_uni	e_coli_k12	C	True	LASER:Record1449738882.59:M1	Record1449738882.59	MNXM1747	itaconate	up	titer		0.00022158505823089534	ok	78	473	0.0	1.262177448353619e-28	0.012658227848101266	10.919451302016302	0.006329113924050633	5-8	mixed	4	2	False	False	False	R	False
e_coli_k12__denovo_uni__C__dir	denovo_uni	e_coli_k12	C	True	LASER:Record1449805187.29:M1	Record1449805187.29	MNXM1370996	caffeic acid	up	titer		-9.274914301559138e-08	ok	30	473	-1.933516010060171e-14	1.937969411141231e-13	0.9354838709677419	-1.7864871990840692	0.9556962025316456	1	add_only	1	0	False	False	False	R	False
e_coli_k12__denovo_uni__C__dir	denovo_uni	e_coli_k12	C	True	LASER:Record1449806335.95:M1	Record1449806335.95	MNXM25	succinate	up	titer		-4.914707855095679e-12	ok	30	473	-7.222194576324975e-14	2.7029878506909523e-08	0.8387096774193549	-0.07739956283854563	0.5126582278481012	3-4	mixed	1	3	False	False	False	R	False
e_coli_k12__denovo_uni__C__dir	denovo_uni	e_coli_k12	C	True	LASER:Record1449806335.95:M2	Record1449806335.95	MNXM25	succinate	up	titer		5.034692823237263e-13	ok	87	473	-4.9115791813595776e-08	4.913583255217668e-08	0.18181818181818182	-0.7787236254371042	0.8565400843881856	9-16	del_only	0	11	True	True	False	R	False
e_coli_k12__denovo_uni__C__dir	denovo_uni	e_coli_k12	C	True	LASER:Record1450145811.55:M1	Record1450145811.55	MNXM26	acetate	up	fold	1.5	6.984625551542667e-14	below_floor	37	473	4.592192511670978e-15	5.8758690167604624e-08	0.21052631578947367	-0.07846068043035456	0.5210970464135021	1	del_only	0	1	True	True	False	R	False
e_coli_k12__denovo_uni__C__dir	denovo_uni	e_coli_k12	C	True	LASER:Record1450145811.55:M2	Record1450145811.55	MNXM1371362	d-lactate	up	fold	3.33	1.4380712332756618e-12	ok	37	473	4.815917629963362e-15	5.8758727420677424e-08	0.10526315789473684	-0.07846844008378231	0.5126582278481012	1	del_only	0	1	True	True	False	R	False
e_coli_k12__denovo_uni__C__dir	denovo_uni	e_coli_k12	C	True	LASER:Record1450238255.03:M1	Record1450238255.03	MNXM1106823	1_2_4-butanetriol	up	titer		-4.910007272588895e-08	ok	30	473	-7.984425295405606e-14	2.702684258787681e-08	0.9032258064516129	-1.093268243250801	0.8924050632911392	3-4	mixed	1	3	False	False	False	R	False
e_coli_k12__denovo_uni__C__dir	denovo_uni	e_coli_k12	C	True	LASER:Record1450238773.81:M1	Record1450238773.81	MNXM1734	D-galactonate	up	titer		-0.00022164202890492772	ok	24	473	1.745023803191234e-13	1.547071929821786e-08	1.0	-7.2913491137916795	0.9978902953586498	2	del_only	0	2	True	True	False	R	False
e_coli_k12__denovo_uni__C__dir	denovo_uni	e_coli_k12	C	True	LASER:Record1450239058.45:M1	Record1450239058.45	MNXM3230	butanol	up	fold	30.0	-3.901854967597318e-13	ok	52	473	3.947851160562843e-15	8.193839073381155e-09	0.8301886792452831	0.27399834556387537	0.29957805907172996	2	add_only	2	0	True	False	True	R	False
e_coli_k12__denovo_uni__C__dir	denovo_uni	e_coli_k12	C	True	LASER:Record1450240375.41:M1	Record1450240375.41	MNXM3230	n-butanol	up	titer		3.807917785887856e-11	ok	30	473	-9.546002286771771e-08	-8.102688401419507e-13	0.03225806451612903	1.8282102652354606	0.0379746835443038	9-16	add_only	13	0	False	False	False	R	False
e_coli_k12__fba_a0.0__C__dir	fba_a0.0	e_coli_k12	C	True	LASER:Record1419612180.15:M1	Record1419612180.15	MNXM3288	Isoprene	up	fold	2.3	7.549490196078432	ok	35	451	0.0	0.0	0.027777777777777776	1.1572681905858826	0.004424778761061947	3-4	add_only	3	0	False	False	False	R	False
e_coli_k12__fba_a0.0__C__dir	fba_a0.0	e_coli_k12	C	True	LASER:Record1419612292.57:M1	Record1419612292.57	MNXM3288	Isoprene	up	fold	2.3	7.549490196078452	ok	35	451	0.0	0.0	0.027777777777777776	1.1572681905858853	0.004424778761061947	3-4	add_only	3	0	False	False	False	R	False
e_coli_k12__fba_a0.0__C__dir	fba_a0.0	e_coli_k12	C	True	LASER:Record1419616868.41:M1	Record1419616868.41	MNXM1108092	Ethanol	up	titer	1.6	-7.105427357601002e-14	ok	77	451	-5.684341886080801e-13	2.4023449896048997e-12	0.358974358974359	0.1409826175851143	0.16150442477876106	5-8	mixed	2	4	False	False	False	R	False
e_coli_k12__fba_a0.0__C__dir	fba_a0.0	e_coli_k12	C	True	LASER:Record1419618777.21:M1	Record1419618777.21	MNXM3230	n-butanol	up	fold	3.9	0.0	target_zero_both	50	451	0.0	0.0	1.0	0.150366656435464	0.14601769911504425	9-16	mixed	12	4	False	False	False	R	False
e_coli_k12__fba_a0.0__C__dir	fba_a0.0	e_coli_k12	C	True	LASER:Record1419622531.88:M1	Record1419622531.88	MNXM3085	isopropanol	up	titer		0.0	target_zero_both	41	451	0.0	0.0	1.0			5-8	add_only	7	0	False	False	False	R	False
e_coli_k12__fba_a0.0__C__dir	fba_a0.0	e_coli_k12	C	True	LASER:Record1419702544.12:M1	Record1419702544.12	MNXM3230	n-butanol	up	fold	1500.0	0.0	target_zero_both	30	451	0.0	0.0	0.967741935483871	0.2400457803248691	0.05530973451327434	9-16	add_only	16	0	False	False	False	R	False
e_coli_k12__fba_a0.0__C__dir	fba_a0.0	e_coli_k12	C	True	LASER:Record1419795505.77:M1	Record1419795505.77	MNXM1364638	lycopene	up	fold	1.4	0.0	target_zero_both	50	451	0.0	0.0	1.0	-0.031873040549516396	0.1747787610619469	9-16	mixed	11	2	False	False	False	R	False
e_coli_k12__fba_a0.0__C__dir	fba_a0.0	e_coli_k12	C	True	LASER:Record1419820798.43:M1	Record1419820798.43	MNXM738702	NADPH	up	fold	1.7	-0.0038773078690690355	ok	39	451	-3.1530333899354446e-14	0.9443580317368204	0.75	1.4163509327690063	0.01327433628318584	17+	del_only	0	44	True	True	False	R	False
e_coli_k12__fba_a0.0__C__dir	fba_a0.0	e_coli_k12	C	True	LASER:Record1419871302.73:M1	Record1419871302.73	MNXM1997	Abietadiene	up	titer		0.0	target_zero_both	41	451	0.0	0.0	1.0			5-8	add_only	6	0	False	False	False	R	False
e_coli_k12__fba_a0.0__C__dir	fba_a0.0	e_coli_k12	C	True	LASER:Record1419872698.65:M1	Record1419872698.65	MNXM1780	Taxadiene	up	fold	15000.0	38.32837398373993	ok	41	451	0.0	0.0	0.023809523809523808	9.423711765716562e+31	0.0022123893805309734	5-8	add_only	6	0	False	False	False	R	False
e_coli_k12__fba_a0.0__C__dir	fba_a0.0	e_coli_k12	C	True	LASER:Record1419895893.83:M1	Record1419895893.83	MNXM1364595	1_2-propanediol	up	titer		8.967049325292464e-12	ok	50	451	-3.517186542012496e-13	2.6601507575750603	0.2549019607843137	0.04473194851541112	0.3827433628318584	9-16	mixed	9	3	False	False	False	R	False
e_coli_k12__fba_a0.0__C__dir	fba_a0.0	e_coli_k12	C	True	LASER:Record1419966947.93:M1	Record1419966947.93	MNXM25	succinate	up	fold	4.0	-2.3447910280083306e-13	ok	30	451	-6.483702463810914e-13	2.5026736238942128e-11	0.3870967741935484	0.14446037174103943	0.21460176991150443	3-4	mixed	1	3	False	False	False	R	False
e_coli_k12__fba_a0.0__C__dir	fba_a0.0	e_coli_k12	C	True	LASER:Record1419968290.81:M1	Record1419968290.81	MNXM1108092	H2;ethanol	unknown	endpoint_only		9.876544027065393e-13	ok	15	451	-4.050093593832571e-13	2.2236434915612314e-12	0.1875	0.2636172738038755	0.048672566371681415	5-8	del_only	0	6	True	True	False	R	False
e_coli_k12__fba_a0.0__C__dir	fba_a0.0	e_coli_k12	C	True	LASER:Record1419968290.81:M2	Record1419968290.81	MNXM1108092	H2;ethanol	unknown	endpoint_only		9.130474154517287e-13	ok	15	451	-4.050093593832571e-13	2.2236434915612314e-12	0.1875	0.26361727380386063	0.048672566371681415	5-8	del_only	0	6	True	True	False	R	False
e_coli_k12__fba_a0.0__C__dir	fba_a0.0	e_coli_k12	C	True	LASER:Record1419971010.72:M1	Record1419971010.72	MNXM1108092	ethanol	up	titer		-1.8189894035458565e-12	ok	50	451	-5.773159728050814e-13	9.690381830296231e-12	0.6862745098039216	0.31315289812747665	0.03761061946902655	9-16	mixed	2	8	False	False	False	R	False
e_coli_k12__fba_a0.0__C__dir	fba_a0.0	e_coli_k12	C	True	LASER:Record1419973694.76:M1	Record1419973694.76	MNXM3085	isopropanol	up	titer		0.0	target_zero_both	35	451	0.0	0.0	1.0			3-4	add_only	3	0	False	False	False	R	False
e_coli_k12__fba_a0.0__C__dir	fba_a0.0	e_coli_k12	C	True	LASER:Record1420064034.84:M1	Record1420064034.84	MNXM5188	isobutanol	up	titer		0.0	target_zero_both	30	451	0.0	0.0	1.0	-0.1284306432427242	0.838495575221239	17+	mixed	11	7	False	False	False	R	False
e_coli_k12__fba_a0.0__C__dir	fba_a0.0	e_coli_k12	C	True	LASER:Record1420065439.92:M1	Record1420065439.92	MNXM1108092	Ethanol	up	fold	2.5	1.4210854715202004e-14	ok	77	451	-5.684341886080801e-13	2.4023449896048997e-12	0.2692307692307692	-0.024694608769096574	0.5530973451327433	5-8	mixed	4	1	False	False	False	R	False
e_coli_k12__fba_a0.0__C__dir	fba_a0.0	e_coli_k12	C	True	LASER:Record1420070785.47:M1	Record1420070785.47	MNXM1364638	Lycopene	up	fold	1.5	0.0	target_zero_both	30	451	0.0	0.0	1.0	-0.04634675725318746	0.336283185840708	9-16	add_only	11	0	False	False	False	R	False
e_coli_k12__fba_a0.0__C__dir	fba_a0.0	e_coli_k12	C	True	LASER:Record1420480571.45:M1	Record1420480571.45	MNXM398	acetone	up	titer		0.0	target_zero_both	24	451	0.0	0.0	0.96	0.08803237008761523	0.05309734513274336	1	add_only	1	0	False	False	False	R	False
e_coli_k12__fba_a0.0__C__dir	fba_a0.0	e_coli_k12	C	True	LASER:Record1420483083.91:M1	Record1420483083.91	MNXM5188	isobutanol	up	titer		0.0	target_zero_both	50	451	0.0	0.0	1.0	-0.08757048457978302	0.7190265486725663	9-16	mixed	7	5	False	False	False	R	False
e_coli_k12__fba_a0.0__C__dir	fba_a0.0	e_coli_k12	C	True	LASER:Record1420483763.95:M1	Record1420483763.95	MNXM1108092	ethanol	up	fold	1.48	-2.8421709430404007e-13	ok	77	451	-5.684341886080801e-13	2.4023449896048997e-12	0.4230769230769231	0.07966528947579671	0.3008849557522124	5-8	mixed	3	3	True	False	False	R	False
e_coli_k12__fba_a0.0__C__dir	fba_a0.0	e_coli_k12	C	True	LASER:Record1420484655.86:M1	Record1420484655.86	MNXM1108092	H2;ethanol	up	fold	20.0	9.07363073565648e-12	ok	21	451	-4.334310688136611e-13	5.400124791776761e-13	0.09090909090909091	0.09144699326277712	0.24778761061946902	2	del_only	0	2	True	True	False	R	False
e_coli_k12__fba_a0.0__C__dir	fba_a0.0	e_coli_k12	C	True	LASER:Record1420496457.95:M1	Record1420496457.95	MNXM1780	Taxadiene	up	titer		0.0	target_zero_both	41	451	0.0	0.0	1.0	-0.07850026516575473	0.7278761061946902	5-8	add_only	6	0	False	False	False	R	False
e_coli_k12__fba_a0.0__C__dir	fba_a0.0	e_coli_k12	C	True	LASER:Record1420563570.49:M1	Record1420563570.49	MNXM1364638	lycopene	up	fold	1.8	0.0	target_zero_both	50	451	0.0	0.0	1.0	-0.031873040549516396	0.1747787610619469	9-16	mixed	11	2	False	False	False	R	False
e_coli_k12__fba_a0.0__C__dir	fba_a0.0	e_coli_k12	C	True	LASER:Record1420563570.49:M2	Record1420563570.49	MNXM1364638	lycopene	up	fold	1.8	0.0	target_zero_both	50	451	0.0	0.0	1.0	-0.039109898901351935	0.26548672566371684	9-16	mixed	11	1	False	False	False	R	False
e_coli_k12__fba_a0.0__C__dir	fba_a0.0	e_coli_k12	C	True	LASER:Record1420563570.49:M3	Record1420563570.49	MNXM1364638	lycopene	up	fold	1.2	0.0	target_zero_both	50	451	0.0	0.0	1.0	-0.039109898901351935	0.26548672566371684	9-16	mixed	11	1	False	False	False	R	False
e_coli_k12__fba_a0.0__C__dir	fba_a0.0	e_coli_k12	C	True	LASER:Record1420563570.49:M4	Record1420563570.49	MNXM1364638	lycopene	up	fold	1.3	0.0	target_zero_both	50	451	0.0	0.0	1.0	-0.031873040549516396	0.1747787610619469	9-16	mixed	11	2	False	False	False	R	False
e_coli_k12__fba_a0.0__C__dir	fba_a0.0	e_coli_k12	C	True	LASER:Record1420564498.19:M1	Record1420564498.19	MNXM75	acetalaldehyde	up	fold	1.74	1.5347723092418164e-12	ok	77	451	-7.389644451905042e-13	0.2745953654152672	0.20512820512820512	0.16366477348518824	0.12831858407079647	5-8	mixed	1	4	True	False	False	R	False
e_coli_k12__fba_a0.0__C__dir	fba_a0.0	e_coli_k12	C	True	LASER:Record1420579970.27:M1	Record1420579970.27	MNXM1371363	L-lactate	up	titer		2.7836221672062678	ok	77	451	-4.796163466380676e-13	0.3208718752075647	0.038461538461538464	0.2798612951333891	0.05088495575221239	5-8	mixed	3	5	False	False	False	R	False
e_coli_k12__fba_a0.0__C__dir	fba_a0.0	e_coli_k12	C	True	LASER:Record1420579970.27:M1	Record1420579970.27	MNXM733758	L-lactate	up	titer		2.7836221671990273	ok	77	451	-1.0622613899613498e-12	0.3208718752023131	0.038461538461538464	0.27986129513293245	0.05088495575221239	5-8	mixed	3	5	False	False	False	R	False
e_coli_k12__fba_a0.0__C__dir	fba_a0.0	e_coli_k12	C	True	LASER:Record1420580799.33:M1	Record1420580799.33	MNXM25	succinate	up	fold	1.25	4.0095926578942453e-11	ok	15	451	-1.2931877790833823e-12	1.2096990076315702e-12	0.0625	0.4785281925443166	0.035398230088495575	5-8	del_only	0	8	True	True	False	R	False
e_coli_k12__fba_a0.0__C__dir	fba_a0.0	e_coli_k12	C	True	LASER:Record1420581833.49:M1	Record1420581833.49	MNXM3230	n-butanol	up	titer		1.9036870356578575e-13	ok	50	451	0.0	0.0	0.0196078431372549	17.93112579175674	0.0022123893805309734	9-16	mixed	12	4	False	False	False	R	False
e_coli_k12__fba_a0.0__C__dir	fba_a0.0	e_coli_k12	C	True	LASER:Record1420655176.75:M1	Record1420655176.75	MNXM1108092	ethanol	up	fold	3.5	-3.197442310920451e-14	ok	50	451	-5.773159728050814e-13	9.690381830296231e-12	0.35294117647058826	0.0861583436643301	0.2920353982300885	9-16	mixed	5	4	True	False	False	R	False
e_coli_k12__fba_a0.0__C__dir	fba_a0.0	e_coli_k12	C	True	LASER:Record1420655787.75:M1	Record1420655787.75	MNXM737068	xylitol	up	titer		0.0	target_zero_both	18	451	0.0	0.0	1.0			2	mixed	1	1	False	False	False	R	False
e_coli_k12__fba_a0.0__C__dir	fba_a0.0	e_coli_k12	C	True	LASER:Record1420657266.85:M1	Record1420657266.85	MNXM1108092	ethanol	up	fold	1.7	1.0018652574217413e-12	ok	77	451	-5.684341886080801e-13	2.4023449896048997e-12	0.10256410256410256	0.06139053150245587	0.3252212389380531	5-8	mixed	4	3	False	False	False	R	False
e_coli_k12__fba_a0.0__C__dir	fba_a0.0	e_coli_k12	C	True	LASER:Record1420661189.03:M1	Record1420661189.03	MNXM1670	3-methyl-1-butanol	up	fold	6.0	7.676956521744633	ok	30	451	0.0	0.0	0.03225806451612903	2.075703985686201e+31	0.0022123893805309734	17+	mixed	19	6	False	False	False	R	False
e_coli_k12__fba_a0.0__C__dir	fba_a0.0	e_coli_k12	C	True	LASER:Record1420664268.13:M1	Record1420664268.13	MNXM738283	mevalonate_phosphate	unknown	none		0.0	target_zero_both	41	451	0.0	0.0	1.0	-0.1330943442466096	0.7256637168141593	5-8	add_only	6	0	True	False	True	R	False
e_coli_k12__fba_a0.0__C__dir	fba_a0.0	e_coli_k12	C	True	LASER:Record1420666912.41:M1	Record1420666912.41	MNXM25	succinate	up	fold	1.1	1.0587086762825493e-12	ok	77	451	-1.1475265182525618e-12	6.6791017161449466e-12	0.08974358974358974	-0.08759973238521392	0.6969026548672567	5-8	mixed	7	1	True	False	False	R	False
e_coli_k12__fba_a0.0__C__dir	fba_a0.0	e_coli_k12	C	True	LASER:Record1420666912.41:M2	Record1420666912.41	MNXM25	succinate	up	fold	1.32	6.910028105266974e-12	ok	18	451	-6.696865284538944e-13	2.224886941348805e-12	0.10526315789473684	0.017864170268373766	0.44026548672566373	2	mixed	1	1	True	False	False	R	False
e_coli_k12__fba_a0.0__C__dir	fba_a0.0	e_coli_k12	C	True	LASER:Record1420666912.41:M3	Record1420666912.41	MNXM25	succinate	up	fold	1.18	1.4566126083082054e-12	ok	37	451	-4.547473508864641e-13	3.1995739391277033e-12	0.13157894736842105	0.03544148737588016	0.3561946902654867	1	del_only	0	1	True	True	False	R	False
e_coli_k12__fba_a0.0__C__dir	fba_a0.0	e_coli_k12	C	True	LASER:Record1420666912.41:M4	Record1420666912.41	MNXM25	succinate	up	fold	1.3	1.0231815394945443e-12	ok	18	451	-6.696865284538944e-13	2.224886941348805e-12	0.15789473684210525	0.01786417026706897	0.4424778761061947	2	mixed	1	1	True	False	False	R	False
e_coli_k12__fba_a0.0__C__dir	fba_a0.0	e_coli_k12	C	True	LASER:Record1420666912.41:M5	Record1420666912.41	MNXM25	succinate	up	fold	1.4	3.247180302423658e-12	ok	18	451	-6.696865284538944e-13	2.224886941348805e-12	0.10526315789473684	0.01786417026756191	0.44026548672566373	2	mixed	1	1	True	False	False	R	False
e_coli_k12__fba_a0.0__C__dir	fba_a0.0	e_coli_k12	C	True	LASER:Record1420666912.41:M6	Record1420666912.41	MNXM25	succinate	up	fold	1.42	2.4158453015843406e-13	ok	37	451	-4.547473508864641e-13	3.1995739391277033e-12	0.18421052631578946	0.035441487375610856	0.3606194690265487	1	del_only	0	1	True	True	False	R	False
e_coli_k12__fba_a0.0__C__dir	fba_a0.0	e_coli_k12	C	True	LASER:Record1420666912.41:M7	Record1420666912.41	MNXM25	succinate	up	fold	1.3	9.841016890277388e-13	ok	18	451	-6.696865284538944e-13	2.224886941348805e-12	0.15789473684210525	0.017864170267060307	0.4424778761061947	2	mixed	1	1	True	False	False	R	False
e_coli_k12__fba_a0.0__C__dir	fba_a0.0	e_coli_k12	C	True	LASER:Record1420666912.41:M8	Record1420666912.41	MNXM25	succinate	up	fold	1.35	-1.0384582083133864e-11	ok	37	451	-4.547473508864641e-13	3.1995739391277033e-12	0.9736842105263158	0.03544148737325561	0.4269911504424779	1	del_only	0	1	True	True	False	R	False
e_coli_k12__fba_a0.0__C__dir	fba_a0.0	e_coli_k12	C	True	LASER:Record1420666912.41:M9	Record1420666912.41	MNXM25	succinate	up	fold	1.35	1.0551559626037488e-12	ok	30	451	-6.483702463810914e-13	2.5026736238942128e-11	0.16129032258064516	-0.017290463950354197	0.497787610619469	3-4	mixed	3	1	True	False	False	R	False
e_coli_k12__fba_a0.0__C__dir	fba_a0.0	e_coli_k12	C	True	LASER:Record1420735510.26:M1	Record1420735510.26	MNXM1371362	D-lactate	up	yield	2.686	2.673417043297377e-11	ok	20	451	-9.343636975245317e-13	8.430234288425709e-12	0.047619047619047616	0.19877712478878118	0.11504424778761062	3-4	del_only	0	4	True	True	False	R	False
e_coli_k12__fba_a0.0__C__dir	fba_a0.0	e_coli_k12	C	True	LASER:Record1420735510.26:M2	Record1420735510.26	MNXM1371362	D-lactate	up	yield	3.779	-6.288303211476887e-13	ok	21	451	-9.947598300641403e-14	5.46052092431637e-12	0.8181818181818182	0.07709271197158639	0.34513274336283184	2	del_only	0	2	True	True	False	R	False
e_coli_k12__fba_a0.0__C__dir	fba_a0.0	e_coli_k12	C	True	LASER:Record1420735510.26:M5	Record1420735510.26	MNXM1371362	D-lactate	up	yield	2.429	9.414691248821327e-13	ok	21	451	-9.947598300641403e-14	5.46052092431637e-12	0.13636363636363635	0.07709271197183692	0.31194690265486724	2	del_only	0	2	True	True	False	R	False
e_coli_k12__fba_a0.0__C__dir	fba_a0.0	e_coli_k12	C	True	LASER:Record1420735510.26:M6	Record1420735510.26	MNXM1371362	D-lactate	up	yield	2.957	-3.197442310920451e-14	ok	20	451	-9.343636975245317e-13	8.430234288425709e-12	0.38095238095238093	0.13793491837809616	0.22787610619469026	3-4	del_only	0	3	True	True	False	R	False
e_coli_k12__fba_a0.0__C__dir	fba_a0.0	e_coli_k12	C	True	LASER:Record1420735510.26:M7	Record1420735510.26	MNXM1371362	D-lactate	up	yield	1.686	-2.0250467969162855e-13	ok	15	451	-1.0302869668521453e-13	2.475886162756068e-12	0.625	0.32046153759731255	0.06637168141592921	5-8	del_only	0	6	True	True	False	R	False
e_coli_k12__fba_a0.0__C__dir	fba_a0.0	e_coli_k12	C	True	LASER:Record1420736845.03:M1	Record1420736845.03	MNXM1371363	L-lactate	up	titer		-55.810027988803256	ok	77	451	-4.796163466380676e-13	0.3208718752075647	1.0	-3.0910111337449924	0.9933628318584071	5-8	mixed	3	4	True	False	False	R	False
e_coli_k12__fba_a0.0__C__dir	fba_a0.0	e_coli_k12	C	True	LASER:Record1420736845.03:M1	Record1420736845.03	MNXM733758	L-lactate	up	titer		-55.81002798880178	ok	77	451	-1.0622613899613498e-12	0.3208718752023131	1.0	-3.091011133745021	0.9933628318584071	5-8	mixed	3	4	True	False	False	R	False
e_coli_k12__fba_a0.0__C__dir	fba_a0.0	e_coli_k12	C	True	LASER:Record1420741999.5:M1	Record1420741999.5	MNXM872	3-HP	up	fold	7.4	1.9628743075372768e-13	ok	20	451	-2.291500322826323e-13	3.4831693085379814e-12	0.2857142857142857	0.08582786824028918	0.2809734513274336	3-4	del_only	0	3	True	True	False	R	False
e_coli_k12__fba_a0.0__C__dir	fba_a0.0	e_coli_k12	C	True	LASER:Record1420743618.36:M1	Record1420743618.36	MNXM1108092	ethanol	up	titer		6.610889613511972e-11	ok	30	451	-8.810729923425242e-13	2.9572788662335248e-12	0.03225806451612903	0.05489747732695667	0.334070796460177	3-4	mixed	2	2	False	False	False	R	False
e_coli_k12__fba_a0.0__C__dir	fba_a0.0	e_coli_k12	C	True	LASER:Record1420751097.38:M1	Record1420751097.38	MNXM1108092	ethanol	up	titer		-1.5134560271690134e-12	ok	84	451	-5.773159728050814e-13	1.1301892755000124e-11	0.6588235294117647	0.39274498421041	0.030973451327433628	9-16	del_only	0	9	True	True	False	R	False
e_coli_k12__fba_a0.0__C__dir	fba_a0.0	e_coli_k12	C	True	LASER:Record1420754551.36:M1	Record1420754551.36	MNXM737340	L-fumarate	up	titer		5.684341886080802e-14	ok	77	451	-8.348877145181177e-13	3.2699176699679866e-12	0.2564102564102564	0.03566463376506073	0.36283185840707965	5-8	mixed	3	2	True	False	False	R	False
e_coli_k12__fba_a0.0__C__dir	fba_a0.0	e_coli_k12	C	True	LASER:Record1420823481.59:M1	Record1420823481.59	MNXM270	riboflavin	up	fold	12.0	-0.006115779645192276	ok	50	451	-2.1271873151818e-13	1.0111111111110351	0.8823529411764706	0.14296200813470394	0.14380530973451328	9-16	mixed	10	4	True	False	False	R	False
e_coli_k12__fba_a0.0__C__dir	fba_a0.0	e_coli_k12	C	True	LASER:Record1420824342.15:M1	Record1420824342.15	MNXM25	succinate	unknown	none		1.4779288903810084e-12	ok	24	451	-4.956035581926699e-13	1.2445866559573906e-11	0.16	-0.045433930469954836	0.5309734513274337	1	add_only	1	0	True	False	True	R	False
e_coli_k12__fba_a0.0__C__dir	fba_a0.0	e_coli_k12	C	True	LASER:Record1420827149.96:M1	Record1420827149.96	MNXM81353	sabinene	up	titer		3.8414598540146128	ok	30	451	0.0	0.0	0.03225806451612903	1.579273831173043	0.008849557522123894	9-16	add_only	9	0	False	False	False	R	False
e_coli_k12__fba_a0.0__C__dir	fba_a0.0	e_coli_k12	C	True	LASER:Record1420828539.55:M1	Record1420828539.55	MNXM1108092	ethanol	up	titer		-9.592326932761353e-14	ok	77	451	-5.684341886080801e-13	2.4023449896048997e-12	0.358974358974359	0.09794004744943158	0.2345132743362832	5-8	mixed	2	3	True	False	False	R	False
e_coli_k12__fba_a0.0__C__dir	fba_a0.0	e_coli_k12	C	True	LASER:Record1421181248.73:M1	Record1421181248.73	MNXM1108092	ethanol	up	titer		-7.425171588693047e-13	ok	18	451	-4.4231285301066237e-13	5.792877288968153e-12	0.6842105263157895	0.030129665151544485	0.46238938053097345	2	mixed	1	1	True	False	False	R	False
e_coli_k12__fba_a0.0__C__dir	fba_a0.0	e_coli_k12	C	True	LASER:Record1421187298.98:M1	Record1421187298.98	MNXM23	pyruvate	up	fold	35.8	-0.0841071428565705	ok	15	451	-2.3092638912203256e-13	1.7543300145916866e-12	1.0	0.2633537444713407	0.09513274336283185	5-8	del_only	0	6	True	True	False	R	False
e_coli_k12__fba_a0.0__C__dir	fba_a0.0	e_coli_k12	C	True	LASER:Record1421340194.69:M1	Record1421340194.69	MNXM738152	(2S)-naringenin	up	fold	4.31	0.0	target_zero_both	50	451	0.0	0.0	1.0			9-16	mixed	5	6	False	False	False	R	False
e_coli_k12__fba_a0.0__C__dir	fba_a0.0	e_coli_k12	C	True	LASER:Record1421341418.21:M1	Record1421341418.21	MNXM25	succinate	up	yield	8.6	-9.094947017729282e-13	ok	24	451	-4.956035581926699e-13	1.2445866559573906e-11	0.64	-0.045433930470484	0.5575221238938053	1	add_only	1	0	False	False	False	R	False
e_coli_k12__fba_a0.0__C__dir	fba_a0.0	e_coli_k12	C	True	LASER:Record1421341942.82:M1	Record1421341942.82	MNXM1371363	L-lactate	up	titer		1.84385839929746e-12	ok	37	451	-4.689582056016661e-13	5.592681873167748e-12	0.10526315789473684	0.03115161952835469	0.4247787610619469	1	del_only	0	1	True	True	False	R	False
e_coli_k12__fba_a0.0__C__dir	fba_a0.0	e_coli_k12	C	True	LASER:Record1421341942.82:M1	Record1421341942.82	MNXM733758	L-lactate	up	titer		-4.654054919228656e-13	ok	37	451	-9.379164112033322e-13	3.9221959013957103e-13	0.42105263157894735	0.031151619528235232	0.45132743362831856	1	del_only	0	1	True	True	False	R	False
e_coli_k12__fba_a0.0__C__dir	fba_a0.0	e_coli_k12	C	True	LASER:Record1421341942.82:M2	Record1421341942.82	MNXM1371362	D-lactate	up	titer		-2.593207547182903	ok	21	451	-9.947598300641403e-14	5.46052092431637e-12	1.0	-0.3366519887754703	0.9845132743362832	2	del_only	0	2	True	True	False	R	False
e_coli_k12__fba_a0.0__C__dir	fba_a0.0	e_coli_k12	C	True	LASER:Record1421355174.03:M1	Record1421355174.03	MNXM1364638	lycopene	up	titer		0.0	target_zero_both	30	451	0.0	0.0	1.0	-0.04929819566772214	0.37831858407079644	9-16	add_only	10	0	False	False	False	R	False
e_coli_k12__fba_a0.0__C__dir	fba_a0.0	e_coli_k12	C	True	LASER:Record1421355950.68:M1	Record1421355950.68	MNXM1371362	D-lactate	up	titer		-4.654054919228656e-13	ok	20	451	-9.343636975245317e-13	8.430234288425709e-12	0.42857142857142855	0.137934918378027	0.22787610619469026	3-4	del_only	0	3	True	True	False	R	False
e_coli_k12__fba_a0.0__C__dir	fba_a0.0	e_coli_k12	C	True	LASER:Record1421355950.68:M2	Record1421355950.68	MNXM1371362	D-lactate	up	titer		-3.986144747614162e-12	ok	37	451	-1.3500311979441904e-13	7.0492944814759444e-12	0.9473684210526315	0.0162505055646362	0.48008849557522126	1	del_only	0	1	True	True	False	R	False
e_coli_k12__fba_a0.0__C__dir	fba_a0.0	e_coli_k12	C	True	LASER:Record1421355950.68:M3	Record1421355950.68	MNXM1371362	D-lactate	up	titer		-4.654054919228656e-13	ok	20	451	-9.343636975245317e-13	8.430234288425709e-12	0.42857142857142855	0.1987771247844415	0.12389380530973451	3-4	del_only	0	4	True	True	False	R	False
e_coli_k12__fba_a0.0__C__dir	fba_a0.0	e_coli_k12	C	True	LASER:Record1421358274.81:M1	Record1421358274.81	MNXM25	succinate	up	titer		3.197442310920451e-14	ok	20	451	-1.0365042157900461e-12	1.5369927552910804e-13	0.14285714285714285	0.22533578958693817	0.09513274336283185	3-4	del_only	0	4	True	True	False	R	False
e_coli_k12__fba_a0.0__C__dir	fba_a0.0	e_coli_k12	C	True	LASER:Record1421361586.89:M1	Record1421361586.89	MNXM458	butyrate	up	titer		0.0	target_zero_both	50	451	0.0	7.312010241004606e-14	0.7450980392156863	-0.056907824970373624	0.5597345132743363	9-16	mixed	7	5	False	False	False	R	False
e_coli_k12__fba_a0.0__C__dir	fba_a0.0	e_coli_k12	C	True	LASER:Record1421362933.52:M1	Record1421362933.52	MNXM118	Putrescine	up	titer		-2.9025670755800093e-12	ok	50	451	-4.4142467459096224e-13	3.5041206801414497	0.7450980392156863	0.1445242569965344	0.2323008849557522	9-16	mixed	9	5	True	False	False	R	False
e_coli_k12__fba_a0.0__C__dir	fba_a0.0	e_coli_k12	C	True	LASER:Record1421366778.23:M1	Record1421366778.23	MNXM1108092	ethanol	up	fold	25.7	-1.5063505998114124e-12	ok	50	451	-5.773159728050814e-13	9.690381830296231e-12	0.6666666666666666	0.07437663987892183	0.3075221238938053	9-16	mixed	8	5	True	False	False	R	False
e_coli_k12__fba_a0.0__C__dir	fba_a0.0	e_coli_k12	C	True	LASER:Record1421436127.08:M1	Record1421436127.08	MNXM872	3-HP	up	titer		-5.2013504614478734e-11	ok	49	451	-2.291500322826323e-13	5.2295945351943075e-12	0.92	-0.07800462818825676	0.7477876106194691	2	add_only	2	0	False	False	False	R	False
e_coli_k12__fba_a0.0__C__dir	fba_a0.0	e_coli_k12	C	True	LASER:Record1421436723.73:M1	Record1421436723.73	MNXM1105732	L-alanine	up	titer		-5.115907697472721e-13	ok	77	451	-4.725109192804666e-13	0.14037735723954725	0.5128205128205128	0.16287140322619098	0.13938053097345132	5-8	mixed	1	4	False	False	False	R	False
e_coli_k12__fba_a0.0__C__dir	fba_a0.0	e_coli_k12	C	True	LASER:Record1423246634.26:M1	Record1423246634.26	MNXM3230	butanol	up	fold	30.0	0.0	target_zero_both	49	451	0.0	0.0	1.0	0.018868767328099046	0.5176991150442478	2	add_only	2	0	True	False	True	R	False
e_coli_k12__fba_a0.0__C__dir	fba_a0.0	e_coli_k12	C	True	LASER:Record1445327759.27:M1	Record1445327759.27	MNXM1105732	l-alanine	unknown	endpoint_only		-5.9259264162392356e-12	ok	20	451	-6.998845947236987e-13	3.028102213420425e-11	0.8095238095238095	0.18114894431531692	0.11061946902654868	3-4	del_only	0	4	True	True	False	R	False
e_coli_k12__fba_a0.0__C__dir	fba_a0.0	e_coli_k12	C	True	LASER:Record1445330168.98:M1	Record1445330168.98	MNXM1108250	beta-carotene	unknown	endpoint_only		0.0	target_zero_both	39	451	0.0	0.0	1.0			17+	add_only	17	0	False	False	False	R	False
e_coli_k12__fba_a0.0__C__dir	fba_a0.0	e_coli_k12	C	True	LASER:Record1445581702.36:M1	Record1445581702.36	MNXM1364638	lycopene	up	titer	10.85	0.0	target_zero_both	30	451	0.0	0.0	1.0	-0.03454100359504878	0.2013274336283186	9-16	add_only	15	0	False	False	False	R	False
e_coli_k12__fba_a0.0__C__dir	fba_a0.0	e_coli_k12	C	True	LASER:Record1445925852.59:M1	Record1445925852.59	MNXM737340	Fumaric acid	up	fold	7.0	1.7763568394002505e-14	ok	30	451	-2.8421709430404007e-13	2.1822366136348088e-11	0.3870967741935484	0.06703154171244895	0.334070796460177	3-4	mixed	1	2	True	False	False	R	False
e_coli_k12__fba_a0.0__C__dir	fba_a0.0	e_coli_k12	C	True	LASER:Record1445926619.88:M1	Record1445926619.88	MNXM737068	xylitol	unknown	endpoint_only		0.0	target_zero_both	20	451	0.0	0.0	1.0			3-4	del_only	0	4	True	True	False	R	False
e_coli_k12__fba_a0.0__C__dir	fba_a0.0	e_coli_k12	C	True	LASER:Record1446017475.49:M1	Record1446017475.49	MNXM704	Deoxycytidine	unknown	endpoint_only		-0.02379089492911035	ok	30	451	5.218048215738236e-13	1.4591567786054092	0.8064516129032258	0.2917629381560281	0.07743362831858407	17+	mixed	7	10	True	False	False	R	False
e_coli_k12__fba_a0.0__C__dir	fba_a0.0	e_coli_k12	C	True	LASER:Record1446177836.98:M1	Record1446177836.98	MNXM1108092	ethanol;h2	unknown	none		-8.242295734817162e-13	ok	37	451	-7.531752999057062e-13	2.2595258997171181e-13	0.5263157894736842	0.048404423125125516	0.3915929203539823	1	del_only	0	1	True	True	False	R	False
e_coli_k12__fba_a0.0__C__dir	fba_a0.0	e_coli_k12	C	True	LASER:Record1446177836.98:M4	Record1446177836.98	MNXM1108092	ethanol;h2	unknown	none		-1.4388490399142029e-12	ok	37	451	-7.531752999057062e-13	2.2595258997171181e-13	0.7368421052631579	0.04840442312500295	0.4092920353982301	1	del_only	0	1	True	True	False	R	False
e_coli_k12__fba_a0.0__C__dir	fba_a0.0	e_coli_k12	C	True	LASER:Record1446177836.98:M5	Record1446177836.98	MNXM1108092	ethanol;h2	unknown	none		-4.902744876744691e-13	ok	21	451	-4.334310688136611e-13	5.400124791776761e-13	0.5909090909090909	0.09144699326086986	0.2721238938053097	2	del_only	0	2	True	True	False	R	False
e_coli_k12__fba_a0.0__C__dir	fba_a0.0	e_coli_k12	C	True	LASER:Record1446177836.98:M6	Record1446177836.98	MNXM1108092	ethanol;h2	unknown	none		-5.684341886080801e-13	ok	37	451	-7.531752999057062e-13	2.2595258997171181e-13	0.42105263157894735	0.04840442312517653	0.3827433628318584	1	del_only	0	1	True	True	False	R	False
e_coli_k12__fba_a0.0__C__dir	fba_a0.0	e_coli_k12	C	True	LASER:Record1446177836.98:M7	Record1446177836.98	MNXM1108092	ethanol;h2	unknown	none		-4.007461029686965e-12	ok	37	451	-7.531752999057062e-13	2.2595258997171181e-13	0.7894736842105263	0.048404423124490704	0.413716814159292	1	del_only	0	1	True	True	False	R	False
e_coli_k12__fba_a0.0__C__dir	fba_a0.0	e_coli_k12	C	True	LASER:Record1446177836.98:M8	Record1446177836.98	MNXM1108092	ethanol;h2	unknown	none		-2.7711166694643907e-13	ok	37	451	-7.531752999057062e-13	2.2595258997171181e-13	0.3157894736842105	0.04840442312523462	0.37389380530973454	1	del_only	0	1	True	True	False	R	False
e_coli_k12__fba_a0.0__C__dir	fba_a0.0	e_coli_k12	C	True	LASER:Record1446177836.98:M9	Record1446177836.98	MNXM1108092	ethanol;h2	unknown	none		5.688249871127482e-11	ok	37	451	-7.531752999057062e-13	2.2595258997171181e-13	0.02631578947368421	0.04840442313663362	0.3495575221238938	1	del_only	0	1	True	True	False	R	False
e_coli_k12__fba_a0.0__C__dir	fba_a0.0	e_coli_k12	C	True	LASER:Record1446446685.84:M1	Record1446446685.84	MNXM144	B-ALANINE	up	titer		-1.0302869668521453e-13	ok	35	451	8.526512829121202e-13	0.3017007337876397	0.6111111111111112	-0.1425923361334632	0.7610619469026548	3-4	add_only	4	0	True	False	True	R	False
e_coli_k12__fba_a0.0__C__dir	fba_a0.0	e_coli_k12	C	True	LASER:Record1446531696.33:M1	Record1446531696.33	MNXM25	succinate	unknown	endpoint_only		-2.7284841053187847e-12	ok	30	451	-6.483702463810914e-13	2.5026736238942128e-11	0.7741935483870968	0.08116227100336203	0.32079646017699115	3-4	mixed	1	2	False	False	False	R	False
e_coli_k12__fba_a0.0__C__dir	fba_a0.0	e_coli_k12	C	True	LASER:Record1446532566.22:M1	Record1446532566.22	MNXM25	succinate	up	fold	3.23	-3.0802027595200343e-12	ok	37	451	-4.547473508864641e-13	3.1995739391277033e-12	0.8947368421052632	0.0354414873748746	0.42035398230088494	1	del_only	0	1	True	True	False	R	False
e_coli_k12__fba_a0.0__C__dir	fba_a0.0	e_coli_k12	C	True	LASER:Record1446533955.78:M1	Record1446533955.78	MNXM25	succinate	up	fold	3.5	-1.2505552149377763e-12	ok	24	451	-4.956035581926699e-13	1.2445866559573906e-11	0.68	-0.045433930470559596	0.5597345132743363	1	add_only	1	0	True	False	True	R	False
e_coli_k12__fba_a0.0__C__dir	fba_a0.0	e_coli_k12	C	True	LASER:Record1446534595.78:M1	Record1446534595.78	MNXM25	succinate	unknown	none		1.1937117960769683e-12	ok	49	451	-3.872457909892546e-13	5.326228347257681e-12	0.18	-0.06301124757873297	0.6172566371681416	2	add_only	2	0	True	False	True	R	False
e_coli_k12__fba_a0.0__C__dir	fba_a0.0	e_coli_k12	C	True	LASER:Record1447396968.96:M1	Record1447396968.96	MNXM1371362	d-lactate	up	yield	1.084	-1.3276491017677472e-11	ok	18	451	-2.0889956431346945e-12	-3.463895836830496e-14	0.8947368421052632	0.008323150847201826	0.5199115044247787	2	mixed	1	1	True	False	False	R	False
e_coli_k12__fba_a0.0__C__dir	fba_a0.0	e_coli_k12	C	True	LASER:Record1447398171.48:M1	Record1447398171.48	MNXM1364595	1_2-propanediol	up	titer		5.172751116333529e-12	ok	30	451	-3.774758283725532e-13	1.9160584230348794e-11	0.1935483870967742	0.048487804573336	0.36504424778761063	3-4	mixed	2	2	True	False	False	R	False
e_coli_k12__fba_a0.0__C__dir	fba_a0.0	e_coli_k12	C	True	LASER:Record1447654226.12:M1	Record1447654226.12	MNXM5188	isobutanol	up	fold	3.05	0.0	target_zero_both	41	451	0.0	0.0	0.9761904761904762	-0.08119708670269443	0.7079646017699115	5-8	add_only	6	0	False	False	False	R	False
e_coli_k12__fba_a0.0__C__dir	fba_a0.0	e_coli_k12	C	True	LASER:Record1447657780.0:M1	Record1447657780.0	MNXM1108250	beta-carotene	up	fold	3.5	0.0	target_zero_both	30	451	0.0	0.0	1.0			9-16	add_only	12	0	False	False	False	R	False
e_coli_k12__fba_a0.0__C__dir	fba_a0.0	e_coli_k12	C	True	LASER:Record1447658659.44:M1	Record1447658659.44	MNXM1108092	ethanol	up	fold	2.0	7.958078640513122e-13	ok	30	451	-1.4210854715202004e-14	0.01333333332917217	0.3870967741935484	0.8178820359710167	0.015486725663716814	17+	mixed	5	21	False	False	False	R	False
e_coli_k12__fba_a0.0__C__dir	fba_a0.0	e_coli_k12	C	True	LASER:Record1447749536.66:M1	Record1447749536.66	MNXM25	succinate	up	fold	113.0	-5.790923296444817e-13	ok	37	451	-4.547473508864641e-13	3.1995739391277033e-12	0.5263157894736842	0.03544148737542896	0.3893805309734513	1	del_only	0	1	True	True	False	R	False
e_coli_k12__fba_a0.0__C__dir	fba_a0.0	e_coli_k12	C	True	LASER:Record1449050713.56:M1	Record1449050713.56	MNXM3230	n-butanol	up	titer		0.0	target_zero_both	77	451	0.0	0.0	1.0	0.05964241864053922	0.3495575221238938	5-8	mixed	5	1	False	False	False	R	False
e_coli_k12__fba_a0.0__C__dir	fba_a0.0	e_coli_k12	C	True	LASER:Record1449201641.39:M1	Record1449201641.39	MNXM872	3-HP	up	titer		4.416586175416626	ok	35	451	-1.305622276959184e-13	0.13541330647850375	0.027777777777777776	0.7436462409505611	0.04424778761061947	3-4	add_only	3	0	False	False	False	R	False
e_coli_k12__fba_a0.0__C__dir	fba_a0.0	e_coli_k12	C	True	LASER:Record1449210616.38:M1	Record1449210616.38	MNXM738152	Naringenin	up	fold	2.5	0.0	target_zero_both	41	451	0.0	0.0	1.0			5-8	add_only	5	0	False	False	False	R	False
e_coli_k12__fba_a0.0__C__dir	fba_a0.0	e_coli_k12	C	True	LASER:Record1449552601.91:M1	Record1449552601.91	MNXM602	shikimate	up	titer		5.115907697472721e-13	ok	41	451	-5.222489107836736e-13	1.1618261908097338e-11	0.19047619047619047	-0.06608459257502243	0.8230088495575221	5-8	add_only	5	0	True	False	True	R	False
e_coli_k12__fba_a0.0__C__dir	fba_a0.0	e_coli_k12	C	True	LASER:Record1449560226.93:M1	Record1449560226.93	MNXM738702	NADPH	up	fold	25.0	1.0800249583553523e-12	ok	35	451	-1.199040866595169e-14	0.005724999049865377	0.1111111111111111	-0.05331767101322916	0.8163716814159292	3-4	add_only	4	0	False	False	False	R	False
e_coli_k12__fba_a0.0__C__dir	fba_a0.0	e_coli_k12	C	True	LASER:Record1449642554.79:M1	Record1449642554.79	MNXM1371362	d-lactate	up	fold	1.44	-1.1581846592889633e-12	ok	21	451	-9.947598300641403e-14	5.46052092431637e-12	0.8636363636363636	0.07709271197150193	0.3473451327433628	2	del_only	0	2	True	True	False	R	False
e_coli_k12__fba_a0.0__C__dir	fba_a0.0	e_coli_k12	C	True	LASER:Record1449726897.09:M1	Record1449726897.09	MNXM872	3-HP	up	fold	1.7	-9.059419880941277e-14	ok	24	451	5.684341886080802e-14	1.100985969060273e-11	0.6	-0.07459821660189665	0.6946902654867256	1	add_only	1	0	True	False	True	R	False
e_coli_k12__fba_a0.0__C__dir	fba_a0.0	e_coli_k12	C	True	LASER:Record1449727708.82:M1	Record1449727708.82	MNXM1364638	lycopene	up	fold	7.5	0.0	target_zero_both	50	451	0.0	0.0	1.0	-0.039109898901351935	0.26548672566371684	9-16	mixed	11	1	False	False	False	R	False
e_coli_k12__fba_a0.0__C__dir	fba_a0.0	e_coli_k12	C	True	LASER:Record1449727708.82:M2	Record1449727708.82	MNXM1364638	lycopene	up	fold	7.5	0.0	target_zero_both	50	451	0.0	0.0	1.0	-0.039109898901351935	0.26548672566371684	9-16	mixed	11	1	False	False	False	R	False
e_coli_k12__fba_a0.0__C__dir	fba_a0.0	e_coli_k12	C	True	LASER:Record1449727708.82:M3	Record1449727708.82	MNXM1364638	lycopene	up	fold	7.5	0.0	target_zero_both	30	451	0.0	0.0	1.0	-0.04634675725318746	0.336283185840708	9-16	add_only	11	0	False	False	False	R	False
e_coli_k12__fba_a0.0__C__dir	fba_a0.0	e_coli_k12	C	True	LASER:Record1449731661.54:M1	Record1449731661.54	MNXM1364595	1_2-propanediol	up	titer		-5.9566735177870385	ok	50	451	-3.517186542012496e-13	2.6601507575750603	0.9803921568627451	-1.4324643523197194	0.9889380530973452	9-16	mixed	6	4	False	False	False	R	False
e_coli_k12__fba_a0.0__C__dir	fba_a0.0	e_coli_k12	C	True	LASER:Record1449738882.59:M1	Record1449738882.59	MNXM1747	itaconate	up	titer		11.718282208587661	ok	77	451	0.0	0.0	0.01282051282051282	1.0120645258440615	0.00663716814159292	5-8	mixed	4	2	False	False	False	R	False
e_coli_k12__fba_a0.0__C__dir	fba_a0.0	e_coli_k12	C	True	LASER:Record1449805187.29:M1	Record1449805187.29	MNXM1370996	caffeic acid	up	titer		0.0	target_zero_both	24	451	0.0	0.0	0.96	-0.07201142848604644	0.911504424778761	1	add_only	1	0	False	False	False	R	False
e_coli_k12__fba_a0.0__C__dir	fba_a0.0	e_coli_k12	C	True	LASER:Record1449806335.95:M1	Record1449806335.95	MNXM25	succinate	up	titer		0.005402597400781417	ok	30	451	-6.483702463810914e-13	2.5026736238942128e-11	0.06451612903225806	0.14565783538897503	0.21238938053097345	3-4	mixed	1	3	False	False	False	R	False
e_coli_k12__fba_a0.0__C__dir	fba_a0.0	e_coli_k12	C	True	LASER:Record1449806335.95:M2	Record1449806335.95	MNXM25	succinate	up	titer		-3.5301263011774555	ok	84	451	-3.2152058793144533e-13	0.005402597402528642	0.9882352941176471	-0.11401558170259736	0.7787610619469026	9-16	del_only	0	11	True	True	False	R	False
e_coli_k12__fba_a0.0__C__dir	fba_a0.0	e_coli_k12	C	True	LASER:Record1450145811.55:M1	Record1450145811.55	MNXM26	acetate	up	fold	1.5	1.0551559626037488e-12	ok	37	451	-8.206768598029157e-13	1.1556267054402243e-11	0.18421052631578946	0.04524203123491758	0.36283185840707965	1	del_only	0	1	True	True	False	R	False
e_coli_k12__fba_a0.0__C__dir	fba_a0.0	e_coli_k12	C	True	LASER:Record1450145811.55:M2	Record1450145811.55	MNXM1371362	d-lactate	up	fold	3.33	-4.284927968001284e-11	ok	37	451	-1.3500311979441904e-13	7.0492944814759444e-12	1.0	0.016250505558435612	0.48451327433628316	1	del_only	0	1	True	True	False	R	False
e_coli_k12__fba_a0.0__C__dir	fba_a0.0	e_coli_k12	C	True	LASER:Record1450238773.81:M1	Record1450238773.81	MNXM1734	D-galactonate	up	titer		-1.0699276905865097e-27	ok	21	451	0.0	0.0	1.0	0.07575577235681502	0.13053097345132744	2	del_only	0	2	True	True	False	R	False
e_coli_k12__fba_a0.0__C__dir	fba_a0.0	e_coli_k12	C	True	LASER:Record1450239058.45:M1	Record1450239058.45	MNXM3230	butanol	up	fold	30.0	0.0	target_zero_both	49	451	0.0	0.0	1.0	0.018868767328099046	0.5176991150442478	2	add_only	2	0	True	False	True	R	False
e_coli_k12__fba_a0.0__C__dir	fba_a0.0	e_coli_k12	C	True	LASER:Record1450240375.41:M1	Record1450240375.41	MNXM3230	n-butanol	up	titer		0.0	target_zero_both	30	451	0.0	0.0	0.967741935483871	0.19265070611127552	0.08628318584070796	9-16	add_only	13	0	False	False	False	R	False
e_coli_k12__fba_a0.1__C__dir	fba_a0.1	e_coli_k12	C	True	LASER:Record1419612180.15:M1	Record1419612180.15	MNXM3288	Isoprene	up	fold	2.3	6.804040869405341	ok	35	418	0.0	0.0	0.027777777777777776	1.1721391224796243	0.00477326968973747	3-4	add_only	3	0	False	False	False	R	False
e_coli_k12__fba_a0.1__C__dir	fba_a0.1	e_coli_k12	C	True	LASER:Record1419612292.57:M1	Record1419612292.57	MNXM3288	Isoprene	up	fold	2.3	6.804040869405335	ok	35	418	0.0	0.0	0.027777777777777776	1.1721391224796234	0.00477326968973747	3-4	add_only	3	0	False	False	False	R	False
e_coli_k12__fba_a0.1__C__dir	fba_a0.1	e_coli_k12	C	True	LASER:Record1419616868.41:M1	Record1419616868.41	MNXM1108092	Ethanol	up	titer	1.6	-5.3290705182007514e-14	ok	70	418	-5.329070518200751e-15	1.2665424264923786e-12	0.5633802816901409	0.23922679699928165	0.15513126491646778	5-8	mixed	2	4	False	False	False	R	False
e_coli_k12__fba_a0.1__C__dir	fba_a0.1	e_coli_k12	C	True	LASER:Record1419618777.21:M1	Record1419618777.21	MNXM3230	n-butanol	up	fold	3.9	0.0	target_zero_both	46	418	0.0	0.0	1.0			9-16	mixed	12	4	False	False	False	R	False
e_coli_k12__fba_a0.1__C__dir	fba_a0.1	e_coli_k12	C	True	LASER:Record1419622531.88:M1	Record1419622531.88	MNXM3085	isopropanol	up	titer		0.0	target_zero_both	41	418	0.0	0.0	1.0			5-8	add_only	7	0	False	False	False	R	False
e_coli_k12__fba_a0.1__C__dir	fba_a0.1	e_coli_k12	C	True	LASER:Record1419702544.12:M1	Record1419702544.12	MNXM3230	n-butanol	up	fold	1500.0	0.0	target_zero_both	30	418	0.0	0.0	1.0			9-16	add_only	16	0	False	False	False	R	False
e_coli_k12__fba_a0.1__C__dir	fba_a0.1	e_coli_k12	C	True	LASER:Record1419795505.77:M1	Record1419795505.77	MNXM1364638	lycopene	up	fold	1.4	0.0	target_zero_both	46	418	0.0	0.0	1.0			9-16	mixed	11	2	False	False	False	R	False
e_coli_k12__fba_a0.1__C__dir	fba_a0.1	e_coli_k12	C	True	LASER:Record1419820798.43:M1	Record1419820798.43	MNXM738702	NADPH	up	fold	1.7	-0.006287611390164649	ok	32	418	-1.2501111257279263e-13	0.986563465868541	0.7272727272727273	3.987714804048121	0.007159904534606206	17+	del_only	0	44	True	True	False	R	False
e_coli_k12__fba_a0.1__C__dir	fba_a0.1	e_coli_k12	C	True	LASER:Record1419871302.73:M1	Record1419871302.73	MNXM1997	Abietadiene	up	titer		0.0	target_zero_both	41	418	0.0	0.0	1.0			5-8	add_only	6	0	False	False	False	R	False
e_coli_k12__fba_a0.1__C__dir	fba_a0.1	e_coli_k12	C	True	LASER:Record1419872698.65:M1	Record1419872698.65	MNXM1780	Taxadiene	up	fold	15000.0	35.626002099027325	ok	41	418	0.0	0.0	0.023809523809523808			5-8	add_only	6	0	False	False	False	R	False
e_coli_k12__fba_a0.1__C__dir	fba_a0.1	e_coli_k12	C	True	LASER:Record1419895893.83:M1	Record1419895893.83	MNXM1364595	1_2-propanediol	up	titer		-4.796163466380676e-14	ok	46	418	1.2523315717771766e-13	1.591515768130185	0.7021276595744681	0.025898173762932682	0.431980906921241	9-16	mixed	9	3	False	False	False	R	False
e_coli_k12__fba_a0.1__C__dir	fba_a0.1	e_coli_k12	C	True	LASER:Record1419966947.93:M1	Record1419966947.93	MNXM25	succinate	up	fold	4.0	-1.0658141036401503e-14	ok	28	418	5.329070518200751e-15	2.995825809648522e-13	0.5517241379310345	0.23831834219596937	0.2052505966587112	3-4	mixed	1	3	False	False	False	R	False
e_coli_k12__fba_a0.1__C__dir	fba_a0.1	e_coli_k12	C	True	LASER:Record1419968290.81:M1	Record1419968290.81	MNXM1108092	H2;ethanol	unknown	endpoint_only		1.3500311979441904e-13	ok	125	418	1.4210854715202004e-14	1.8701484805205836e-12	0.30952380952380953	0.4398755231528075	0.0405727923627685	5-8	del_only	0	6	True	True	False	R	False
e_coli_k12__fba_a0.1__C__dir	fba_a0.1	e_coli_k12	C	True	LASER:Record1419968290.81:M2	Record1419968290.81	MNXM1108092	H2;ethanol	unknown	endpoint_only		6.039613253960852e-14	ok	125	418	1.4210854715202004e-14	1.8701484805205836e-12	0.373015873015873	0.43987552315279294	0.04295942720763723	5-8	del_only	0	6	True	True	False	R	False
e_coli_k12__fba_a0.1__C__dir	fba_a0.1	e_coli_k12	C	True	LASER:Record1419971010.72:M1	Record1419971010.72	MNXM1108092	ethanol	up	titer		0.0	ok	46	418	-1.7763568394002505e-14	1.2585488207150775e-12	0.48936170212765956	0.5555493497892294	0.03579952267303103	9-16	mixed	2	8	False	False	False	R	False
e_coli_k12__fba_a0.1__C__dir	fba_a0.1	e_coli_k12	C	True	LASER:Record1419973694.76:M1	Record1419973694.76	MNXM3085	isopropanol	up	titer		0.0	target_zero_both	35	418	0.0	0.0	1.0			3-4	add_only	3	0	False	False	False	R	False
e_coli_k12__fba_a0.1__C__dir	fba_a0.1	e_coli_k12	C	True	LASER:Record1420064034.84:M1	Record1420064034.84	MNXM5188	isobutanol	up	titer		0.0	target_zero_both	26	418	0.0	0.0	1.0			17+	mixed	11	7	False	False	False	R	False
e_coli_k12__fba_a0.1__C__dir	fba_a0.1	e_coli_k12	C	True	LASER:Record1420065439.92:M1	Record1420065439.92	MNXM1108092	Ethanol	up	fold	2.5	-3.197442310920451e-14	ok	70	418	-5.329070518200751e-15	1.2665424264923786e-12	0.5352112676056338	-0.04050256735168766	0.4916467780429594	5-8	mixed	4	1	False	False	False	R	False
e_coli_k12__fba_a0.1__C__dir	fba_a0.1	e_coli_k12	C	True	LASER:Record1420070785.47:M1	Record1420070785.47	MNXM1364638	Lycopene	up	fold	1.5	0.0	target_zero_both	30	418	0.0	0.0	1.0			9-16	add_only	11	0	False	False	False	R	False
e_coli_k12__fba_a0.1__C__dir	fba_a0.1	e_coli_k12	C	True	LASER:Record1420480571.45:M1	Record1420480571.45	MNXM398	acetone	up	titer		0.0	target_zero_both	24	418	0.0	0.0	1.0			1	add_only	1	0	False	False	False	R	False
e_coli_k12__fba_a0.1__C__dir	fba_a0.1	e_coli_k12	C	True	LASER:Record1420483083.91:M1	Record1420483083.91	MNXM5188	isobutanol	up	titer		0.0	target_zero_both	46	418	0.0	0.0	1.0			9-16	mixed	7	5	False	False	False	R	False
e_coli_k12__fba_a0.1__C__dir	fba_a0.1	e_coli_k12	C	True	LASER:Record1420483763.95:M1	Record1420483763.95	MNXM1108092	ethanol	up	fold	1.48	2.4442670110147446e-12	ok	70	418	-5.329070518200751e-15	1.2665424264923786e-12	0.04225352112676056	0.1389024339230231	0.2315035799522673	5-8	mixed	3	3	True	False	False	R	False
e_coli_k12__fba_a0.1__C__dir	fba_a0.1	e_coli_k12	C	True	LASER:Record1420484655.86:M1	Record1420484655.86	MNXM1108092	H2;ethanol	up	fold	20.0	-4.810374321095878e-12	ok	17	418	-3.126388037344441e-13	1.072919530997749e-13	1.0	0.12355297036190771	0.27684964200477324	2	del_only	0	2	True	True	False	R	False
e_coli_k12__fba_a0.1__C__dir	fba_a0.1	e_coli_k12	C	True	LASER:Record1420496457.95:M1	Record1420496457.95	MNXM1780	Taxadiene	up	titer		0.0	target_zero_both	41	418	0.0	0.0	1.0			5-8	add_only	6	0	False	False	False	R	False
e_coli_k12__fba_a0.1__C__dir	fba_a0.1	e_coli_k12	C	True	LASER:Record1420563570.49:M1	Record1420563570.49	MNXM1364638	lycopene	up	fold	1.8	0.0	target_zero_both	46	418	0.0	0.0	1.0			9-16	mixed	11	2	False	False	False	R	False
e_coli_k12__fba_a0.1__C__dir	fba_a0.1	e_coli_k12	C	True	LASER:Record1420563570.49:M2	Record1420563570.49	MNXM1364638	lycopene	up	fold	1.8	0.0	target_zero_both	46	418	0.0	0.0	1.0			9-16	mixed	11	1	False	False	False	R	False
e_coli_k12__fba_a0.1__C__dir	fba_a0.1	e_coli_k12	C	True	LASER:Record1420563570.49:M3	Record1420563570.49	MNXM1364638	lycopene	up	fold	1.2	0.0	target_zero_both	46	418	0.0	0.0	1.0			9-16	mixed	11	1	False	False	False	R	False
e_coli_k12__fba_a0.1__C__dir	fba_a0.1	e_coli_k12	C	True	LASER:Record1420563570.49:M4	Record1420563570.49	MNXM1364638	lycopene	up	fold	1.3	0.0	target_zero_both	46	418	0.0	0.0	1.0			9-16	mixed	11	2	False	False	False	R	False
e_coli_k12__fba_a0.1__C__dir	fba_a0.1	e_coli_k12	C	True	LASER:Record1420564498.19:M1	Record1420564498.19	MNXM75	acetalaldehyde	up	fold	1.74	-3.801403636316536e-13	ok	70	418	5.329070518200751e-15	0.2528760292598546	0.7605633802816901	0.27455878678223855	0.1575178997613365	5-8	mixed	1	4	True	False	False	R	False
e_coli_k12__fba_a0.1__C__dir	fba_a0.1	e_coli_k12	C	True	LASER:Record1420579970.27:M1	Record1420579970.27	MNXM1371363	L-lactate	up	titer		2.5458501900055523	ok	70	418	5.329070518200751e-15	0.29792914005609583	0.04225352112676056	0.3401958336638707	0.045346062052505964	5-8	mixed	3	5	False	False	False	R	False
e_coli_k12__fba_a0.1__C__dir	fba_a0.1	e_coli_k12	C	True	LASER:Record1420579970.27:M1	Record1420579970.27	MNXM733758	L-lactate	up	titer		2.5458501900057833	ok	70	418	2.042810365310288e-14	0.2979291400557582	0.04225352112676056	0.34019583366388084	0.045346062052505964	5-8	mixed	3	5	False	False	False	R	False
e_coli_k12__fba_a0.1__C__dir	fba_a0.1	e_coli_k12	C	True	LASER:Record1420580799.33:M1	Record1420580799.33	MNXM25	succinate	up	fold	1.25	-3.730349362740526e-14	ok	125	418	1.0125233984581428e-13	0.018919386216364836	0.7222222222222222	0.8362544784780755	0.028639618138424822	5-8	del_only	0	8	True	True	False	R	False
e_coli_k12__fba_a0.1__C__dir	fba_a0.1	e_coli_k12	C	True	LASER:Record1420581833.49:M1	Record1420581833.49	MNXM3230	n-butanol	up	titer		0.0	target_zero_both	46	418	0.0	0.0	1.0			9-16	mixed	12	4	False	False	False	R	False
e_coli_k12__fba_a0.1__C__dir	fba_a0.1	e_coli_k12	C	True	LASER:Record1420655176.75:M1	Record1420655176.75	MNXM1108092	ethanol	up	fold	3.5	-1.3855583347321954e-12	ok	46	418	-1.7763568394002505e-14	1.2585488207150775e-12	0.9361702127659575	0.1754956223612417	0.21241050119331742	9-16	mixed	5	4	True	False	False	R	False
e_coli_k12__fba_a0.1__C__dir	fba_a0.1	e_coli_k12	C	True	LASER:Record1420655787.75:M1	Record1420655787.75	MNXM737068	xylitol	up	titer		0.0	target_zero_both	18	418	0.0	0.0	1.0			2	mixed	1	1	False	False	False	R	False
e_coli_k12__fba_a0.1__C__dir	fba_a0.1	e_coli_k12	C	True	LASER:Record1420657266.85:M1	Record1420657266.85	MNXM1108092	ethanol	up	fold	1.7	-3.552713678800501e-14	ok	70	418	-5.329070518200751e-15	1.2665424264923786e-12	0.5492957746478874	0.11765870904328031	0.27684964200477324	5-8	mixed	4	3	False	False	False	R	False
e_coli_k12__fba_a0.1__C__dir	fba_a0.1	e_coli_k12	C	True	LASER:Record1420664268.13:M1	Record1420664268.13	MNXM738283	mevalonate_phosphate	unknown	none		0.0	target_zero_both	41	418	0.0	0.0	1.0	-0.13627308593552462	0.7231503579952268	5-8	add_only	6	0	True	False	True	R	False
e_coli_k12__fba_a0.1__C__dir	fba_a0.1	e_coli_k12	C	True	LASER:Record1420666912.41:M1	Record1420666912.41	MNXM25	succinate	up	fold	1.1	1.1546319456101628e-13	ok	70	418	1.0125233984581428e-13	0.014759178901681005	0.4507042253521127	-0.12177575450728874	0.6420047732696897	5-8	mixed	7	1	True	False	False	R	False
e_coli_k12__fba_a0.1__C__dir	fba_a0.1	e_coli_k12	C	True	LASER:Record1420666912.41:M2	Record1420666912.41	MNXM25	succinate	up	fold	1.32	1.5276668818842154e-13	ok	18	418	1.0480505352461478e-13	2.6449953338669705e-13	0.42105263157894735	0.007781004982478329	0.45823389021479716	2	mixed	1	1	True	False	False	R	False
e_coli_k12__fba_a0.1__C__dir	fba_a0.1	e_coli_k12	C	True	LASER:Record1420666912.41:M3	Record1420666912.41	MNXM25	succinate	up	fold	1.18	1.7408297026122455e-13	ok	35	418	1.2967404927621828e-13	2.607691840239565e-13	0.3333333333333333	0.02937379823077622	0.37708830548926014	1	del_only	0	1	True	True	False	R	False
e_coli_k12__fba_a0.1__C__dir	fba_a0.1	e_coli_k12	C	True	LASER:Record1420666912.41:M4	Record1420666912.41	MNXM25	succinate	up	fold	1.3	-2.4868995751603507e-14	ok	18	418	1.0480505352461478e-13	2.6449953338669705e-13	0.7368421052631579	0.0077810049824385856	0.47255369928400953	2	mixed	1	1	True	False	False	R	False
e_coli_k12__fba_a0.1__C__dir	fba_a0.1	e_coli_k12	C	True	LASER:Record1420666912.41:M5	Record1420666912.41	MNXM25	succinate	up	fold	1.4	7.105427357601002e-14	ok	18	418	1.0480505352461478e-13	2.6449953338669705e-13	0.631578947368421	0.007781004982460047	0.4677804295942721	2	mixed	1	1	True	False	False	R	False
e_coli_k12__fba_a0.1__C__dir	fba_a0.1	e_coli_k12	C	True	LASER:Record1420666912.41:M6	Record1420666912.41	MNXM25	succinate	up	fold	1.42	1.0658141036401503e-14	ok	35	418	1.2967404927621828e-13	2.607691840239565e-13	0.7222222222222222	0.029373798230739656	0.4105011933174224	1	del_only	0	1	True	True	False	R	False
e_coli_k12__fba_a0.1__C__dir	fba_a0.1	e_coli_k12	C	True	LASER:Record1420666912.41:M7	Record1420666912.41	MNXM25	succinate	up	fold	1.3	0.0	ok	18	418	1.0480505352461478e-13	2.6449953338669705e-13	0.6842105263157895	0.00778100498244415	0.4701670644391408	2	mixed	1	1	True	False	False	R	False
e_coli_k12__fba_a0.1__C__dir	fba_a0.1	e_coli_k12	C	True	LASER:Record1420666912.41:M8	Record1420666912.41	MNXM25	succinate	up	fold	1.35	5.5067062021407764e-14	ok	35	418	1.2967404927621828e-13	2.607691840239565e-13	0.6666666666666666	0.029373798230749593	0.40572792362768495	1	del_only	0	1	True	True	False	R	False
e_coli_k12__fba_a0.1__C__dir	fba_a0.1	e_coli_k12	C	True	LASER:Record1420666912.41:M9	Record1420666912.41	MNXM25	succinate	up	fold	1.35	3.375077994860476e-14	ok	28	418	5.329070518200751e-15	2.995825809648522e-13	0.4827586206896552	-0.035404581514134524	0.5107398568019093	3-4	mixed	3	1	True	False	False	R	False
e_coli_k12__fba_a0.1__C__dir	fba_a0.1	e_coli_k12	C	True	LASER:Record1420735510.26:M1	Record1420735510.26	MNXM1371362	D-lactate	up	yield	2.686	-0.03195264548057253	ok	17	418	1.2789769243681803e-13	1.0260237104375819e-12	1.0	0.3379683936493853	0.1288782816229117	3-4	del_only	0	4	True	True	False	R	False
e_coli_k12__fba_a0.1__C__dir	fba_a0.1	e_coli_k12	C	True	LASER:Record1420735510.26:M2	Record1420735510.26	MNXM1371362	D-lactate	up	yield	3.779	7.460698725481052e-14	ok	17	418	8.526512829121202e-14	5.343281372915952e-13	0.6111111111111112	0.11370360427810958	0.3031026252983294	2	del_only	0	2	True	True	False	R	False
e_coli_k12__fba_a0.1__C__dir	fba_a0.1	e_coli_k12	C	True	LASER:Record1420735510.26:M5	Record1420735510.26	MNXM1371362	D-lactate	up	yield	2.429	4.618527782440651e-14	ok	17	418	8.526512829121202e-14	5.343281372915952e-13	0.6666666666666666	0.11370360427810543	0.3054892601431981	2	del_only	0	2	True	True	False	R	False
e_coli_k12__fba_a0.1__C__dir	fba_a0.1	e_coli_k12	C	True	LASER:Record1420735510.26:M6	Record1420735510.26	MNXM1371362	D-lactate	up	yield	2.957	-0.0033460435837362468	ok	17	418	1.2789769243681803e-13	1.0260237104375819e-12	1.0	0.22767639508654247	0.22673031026252982	3-4	del_only	0	3	True	True	False	R	False
e_coli_k12__fba_a0.1__C__dir	fba_a0.1	e_coli_k12	C	True	LASER:Record1420735510.26:M7	Record1420735510.26	MNXM1371362	D-lactate	up	yield	1.686	-0.03195264548052279	ok	125	418	1.1368683772161603e-13	0.016012789517219465	0.9365079365079365	0.5668890994993873	0.07159904534606205	5-8	del_only	0	6	True	True	False	R	False
e_coli_k12__fba_a0.1__C__dir	fba_a0.1	e_coli_k12	C	True	LASER:Record1420736845.03:M1	Record1420736845.03	MNXM1371363	L-lactate	up	titer		-51.56380458114222	ok	70	418	5.329070518200751e-15	0.29792914005609583	1.0	-3.0364873210177454	0.9952267303102625	5-8	mixed	3	4	True	False	False	R	False
e_coli_k12__fba_a0.1__C__dir	fba_a0.1	e_coli_k12	C	True	LASER:Record1420736845.03:M1	Record1420736845.03	MNXM733758	L-lactate	up	titer		-51.563804581140914	ok	70	418	2.042810365310288e-14	0.2979291400557582	1.0	-3.036487321017663	0.9952267303102625	5-8	mixed	3	4	True	False	False	R	False
e_coli_k12__fba_a0.1__C__dir	fba_a0.1	e_coli_k12	C	True	LASER:Record1420741999.5:M1	Record1420741999.5	MNXM872	3-HP	up	fold	7.4	-0.0001767233931042611	ok	17	418	-5.329070518200751e-15	1.808331262509454e-13	0.7777777777777778	0.2712373619447458	0.21479713603818615	3-4	del_only	0	3	True	True	False	R	False
e_coli_k12__fba_a0.1__C__dir	fba_a0.1	e_coli_k12	C	True	LASER:Record1420751097.38:M1	Record1420751097.38	MNXM1108092	ethanol	up	titer		-0.00547957564880619	ok	77	418	7.105427357601002e-15	2.5153212845907716e-12	0.9743589743589743	0.676051104054513	0.02386634844868735	9-16	del_only	0	9	True	True	False	R	False
e_coli_k12__fba_a0.1__C__dir	fba_a0.1	e_coli_k12	C	True	LASER:Record1420754551.36:M1	Record1420754551.36	MNXM737340	L-fumarate	up	titer		-2.6290081223123707e-13	ok	70	418	-1.2256862191861728e-13	0.015916761560350746	0.6619718309859155	0.07927117084528937	0.32935560859188545	5-8	mixed	3	2	True	False	False	R	False
e_coli_k12__fba_a0.1__C__dir	fba_a0.1	e_coli_k12	C	True	LASER:Record1420823481.59:M1	Record1420823481.59	MNXM270	riboflavin	up	fold	12.0	-0.008470264564450769	ok	46	418	-1.7763568394002505e-15	1.0467111854346003	0.8936170212765957	-0.014148051966684151	0.47494033412887826	9-16	mixed	10	4	True	False	False	R	False
e_coli_k12__fba_a0.1__C__dir	fba_a0.1	e_coli_k12	C	True	LASER:Record1420824342.15:M1	Record1420824342.15	MNXM25	succinate	unknown	none		-2.2737367544323206e-13	ok	24	418	-2.1316282072803006e-13	3.893774191965348e-13	0.56	-0.10748766362437051	0.594272076372315	1	add_only	1	0	True	False	True	R	False
e_coli_k12__fba_a0.1__C__dir	fba_a0.1	e_coli_k12	C	True	LASER:Record1420827149.96:M1	Record1420827149.96	MNXM81353	sabinene	up	titer		3.4695656706864537	ok	30	418	0.0	0.0	0.03225806451612903	1.4674426846565751	0.00954653937947494	9-16	add_only	9	0	False	False	False	R	False
e_coli_k12__fba_a0.1__C__dir	fba_a0.1	e_coli_k12	C	True	LASER:Record1420828539.55:M1	Record1420828539.55	MNXM1108092	ethanol	up	titer		2.0605739337042905e-13	ok	70	418	-5.329070518200751e-15	1.2665424264923786e-12	0.22535211267605634	0.1601461588018478	0.2171837708830549	5-8	mixed	2	3	True	False	False	R	False
e_coli_k12__fba_a0.1__C__dir	fba_a0.1	e_coli_k12	C	True	LASER:Record1421181248.73:M1	Record1421181248.73	MNXM1108092	ethanol	up	titer		-3.872457909892546e-13	ok	18	418	3.552713678800501e-14	7.169376203819408e-13	0.9473684210526315	0.023228607286023894	0.45584725536992843	2	mixed	1	1	True	False	False	R	False
e_coli_k12__fba_a0.1__C__dir	fba_a0.1	e_coli_k12	C	True	LASER:Record1421187298.98:M1	Record1421187298.98	MNXM23	pyruvate	up	fold	35.8	-0.9293717917260125	ok	125	418	7.105427357601002e-15	0.39667259586815246	0.9761904761904762	0.3269734365541244	0.10023866348448687	5-8	del_only	0	6	True	True	False	R	False
e_coli_k12__fba_a0.1__C__dir	fba_a0.1	e_coli_k12	C	True	LASER:Record1421341418.21:M1	Record1421341418.21	MNXM25	succinate	up	yield	8.6	-3.979039320256561e-13	ok	24	418	-2.1316282072803006e-13	3.893774191965348e-13	0.6	-0.10748766362440867	0.5966587112171837	1	add_only	1	0	False	False	False	R	False
e_coli_k12__fba_a0.1__C__dir	fba_a0.1	e_coli_k12	C	True	LASER:Record1421341942.82:M1	Record1421341942.82	MNXM1371363	L-lactate	up	titer		1.9539925233402755e-14	ok	35	418	7.105427357601002e-14	3.037570195374427e-13	0.6111111111111112	0.05572446644850432	0.38902147971360385	1	del_only	0	1	True	True	False	R	False
e_coli_k12__fba_a0.1__C__dir	fba_a0.1	e_coli_k12	C	True	LASER:Record1421341942.82:M1	Record1421341942.82	MNXM733758	L-lactate	up	titer		-5.1514348342607263e-14	ok	35	418	4.796163466380676e-14	5.467626351673964e-13	0.8611111111111112	0.055724466448516086	0.4105011933174224	1	del_only	0	1	True	True	False	R	False
e_coli_k12__fba_a0.1__C__dir	fba_a0.1	e_coli_k12	C	True	LASER:Record1421341942.82:M2	Record1421341942.82	MNXM1371362	D-lactate	up	titer		-2.949091629985734	ok	17	418	8.526512829121202e-14	5.343281372915952e-13	1.0	-0.31601744419092814	0.9761336515513126	2	del_only	0	2	True	True	False	R	False
e_coli_k12__fba_a0.1__C__dir	fba_a0.1	e_coli_k12	C	True	LASER:Record1421355174.03:M1	Record1421355174.03	MNXM1364638	lycopene	up	titer		0.0	target_zero_both	30	418	0.0	0.0	1.0			9-16	add_only	10	0	False	False	False	R	False
e_coli_k12__fba_a0.1__C__dir	fba_a0.1	e_coli_k12	C	True	LASER:Record1421355950.68:M1	Record1421355950.68	MNXM1371362	D-lactate	up	titer		4.902744876744691e-13	ok	17	418	1.2789769243681803e-13	1.0260237104375819e-12	0.1111111111111111	0.22816395720316748	0.2100238663484487	3-4	del_only	0	3	True	True	False	R	False
e_coli_k12__fba_a0.1__C__dir	fba_a0.1	e_coli_k12	C	True	LASER:Record1421355950.68:M2	Record1421355950.68	MNXM1371362	D-lactate	up	titer		1.5276668818842154e-13	ok	35	418	1.2789769243681803e-13	2.767563955785589e-13	0.4444444444444444	-0.0007567486468763841	0.4224343675417661	1	del_only	0	1	True	True	False	R	False
e_coli_k12__fba_a0.1__C__dir	fba_a0.1	e_coli_k12	C	True	LASER:Record1421355950.68:M3	Record1421355950.68	MNXM1371362	D-lactate	up	titer		9.592326932761353e-14	ok	17	418	1.2789769243681803e-13	1.0260237104375819e-12	0.6666666666666666	0.34262431012810735	0.11933174224343675	3-4	del_only	0	4	True	True	False	R	False
e_coli_k12__fba_a0.1__C__dir	fba_a0.1	e_coli_k12	C	True	LASER:Record1421358274.81:M1	Record1421358274.81	MNXM25	succinate	up	titer		6.572520305780927e-14	ok	17	418	3.197442310920451e-14	3.5349501104064964e-13	0.3888888888888889	0.3751798040510434	0.0954653937947494	3-4	del_only	0	4	True	True	False	R	False
e_coli_k12__fba_a0.1__C__dir	fba_a0.1	e_coli_k12	C	True	LASER:Record1421361586.89:M1	Record1421361586.89	MNXM458	butyrate	up	titer		0.0	target_zero_both	46	418	0.0	0.0	1.0	-0.0446940203196785	0.4343675417661098	9-16	mixed	7	5	False	False	False	R	False
e_coli_k12__fba_a0.1__C__dir	fba_a0.1	e_coli_k12	C	True	LASER:Record1421362933.52:M1	Record1421362933.52	MNXM118	Putrescine	up	titer		-6.394884621840902e-14	ok	46	418	-6.483702463810914e-14	3.239937208298573	0.5106382978723404	0.15503360612937583	0.2935560859188544	9-16	mixed	9	5	True	False	False	R	False
e_coli_k12__fba_a0.1__C__dir	fba_a0.1	e_coli_k12	C	True	LASER:Record1421366778.23:M1	Record1421366778.23	MNXM1108092	ethanol	up	fold	25.7	-3.304023721284466e-13	ok	46	418	-1.7763568394002505e-14	1.2585488207150775e-12	0.723404255319149	0.19084508592115068	0.1957040572792363	9-16	mixed	8	5	True	False	False	R	False
e_coli_k12__fba_a0.1__C__dir	fba_a0.1	e_coli_k12	C	True	LASER:Record1421436127.08:M1	Record1421436127.08	MNXM872	3-HP	up	titer		-9.237055564881302e-14	ok	45	418	5.3290705182007514e-14	3.3359981443936675e-13	0.6739130434782609	-0.1418380314438719	0.6348448687350835	2	add_only	2	0	False	False	False	R	False
e_coli_k12__fba_a0.1__C__dir	fba_a0.1	e_coli_k12	C	True	LASER:Record1421436723.73:M1	Record1421436723.73	MNXM1105732	L-alanine	up	titer		1.9539925233402755e-13	ok	70	418	3.375077994860476e-14	0.7389351582378532	0.18309859154929578	0.27120945700843085	0.1288782816229117	5-8	mixed	1	4	False	False	False	R	False
e_coli_k12__fba_a0.1__C__dir	fba_a0.1	e_coli_k12	C	True	LASER:Record1423246634.26:M1	Record1423246634.26	MNXM3230	butanol	up	fold	30.0	0.0	target_zero_both	45	418	0.0	0.0	1.0			2	add_only	2	0	True	False	True	R	False
e_coli_k12__fba_a0.1__C__dir	fba_a0.1	e_coli_k12	C	True	LASER:Record1445327759.27:M1	Record1445327759.27	MNXM1105732	l-alanine	unknown	endpoint_only		-1.4210854715202004e-14	ok	17	418	1.0658141036401503e-14	1.236344360222574e-13	0.6666666666666666	0.2953623295479038	0.11217183770883055	3-4	del_only	0	4	True	True	False	R	False
e_coli_k12__fba_a0.1__C__dir	fba_a0.1	e_coli_k12	C	True	LASER:Record1445330168.98:M1	Record1445330168.98	MNXM1108250	beta-carotene	unknown	endpoint_only		0.0	target_zero_both	32	418	0.0	0.0	1.0			17+	add_only	17	0	False	False	False	R	False
e_coli_k12__fba_a0.1__C__dir	fba_a0.1	e_coli_k12	C	True	LASER:Record1445581702.36:M1	Record1445581702.36	MNXM1364638	lycopene	up	titer	10.85	0.0	target_zero_both	30	418	0.0	0.0	1.0			9-16	add_only	15	0	False	False	False	R	False
e_coli_k12__fba_a0.1__C__dir	fba_a0.1	e_coli_k12	C	True	LASER:Record1445925852.59:M1	Record1445925852.59	MNXM737340	Fumaric acid	up	fold	7.0	-8.029132914089132e-13	ok	28	418	-1.2789769243681803e-13	1.058708676282549e-12	0.7931034482758621	0.1295637467943677	0.3054892601431981	3-4	mixed	1	2	True	False	False	R	False
e_coli_k12__fba_a0.1__C__dir	fba_a0.1	e_coli_k12	C	True	LASER:Record1445926619.88:M1	Record1445926619.88	MNXM737068	xylitol	unknown	endpoint_only		0.0	target_zero_both	17	418	0.0	0.0	1.0			3-4	del_only	0	4	True	True	False	R	False
e_coli_k12__fba_a0.1__C__dir	fba_a0.1	e_coli_k12	C	True	LASER:Record1446177836.98:M1	Record1446177836.98	MNXM1108092	ethanol;h2	unknown	none		2.8421709430404007e-13	ok	35	418	3.552713678800501e-14	1.0896172852881112e-12	0.25	0.044472332165414796	0.3317422434367542	1	del_only	0	1	True	True	False	R	False
e_coli_k12__fba_a0.1__C__dir	fba_a0.1	e_coli_k12	C	True	LASER:Record1446177836.98:M4	Record1446177836.98	MNXM1108092	ethanol;h2	unknown	none		3.410605131648481e-13	ok	35	418	3.552713678800501e-14	1.0896172852881112e-12	0.25	0.04447233216542586	0.3317422434367542	1	del_only	0	1	True	True	False	R	False
e_coli_k12__fba_a0.1__C__dir	fba_a0.1	e_coli_k12	C	True	LASER:Record1446177836.98:M5	Record1446177836.98	MNXM1108092	ethanol;h2	unknown	none		-4.715230950580462e-06	ok	17	418	-3.126388037344441e-13	1.072919530997749e-13	1.0	0.12355205277178487	0.27684964200477324	2	del_only	0	2	True	True	False	R	False
e_coli_k12__fba_a0.1__C__dir	fba_a0.1	e_coli_k12	C	True	LASER:Record1446177836.98:M6	Record1446177836.98	MNXM1108092	ethanol;h2	unknown	none		-1.9113599591946695e-12	ok	35	418	3.552713678800501e-14	1.0896172852881112e-12	0.9722222222222222	0.044472332164987534	0.3937947494033413	1	del_only	0	1	True	True	False	R	False
e_coli_k12__fba_a0.1__C__dir	fba_a0.1	e_coli_k12	C	True	LASER:Record1446177836.98:M7	Record1446177836.98	MNXM1108092	ethanol;h2	unknown	none		-5.755396159656812e-13	ok	35	418	3.552713678800501e-14	1.0896172852881112e-12	0.8611111111111112	0.044472332165247486	0.38424821002386633	1	del_only	0	1	True	True	False	R	False
e_coli_k12__fba_a0.1__C__dir	fba_a0.1	e_coli_k12	C	True	LASER:Record1446177836.98:M8	Record1446177836.98	MNXM1108092	ethanol;h2	unknown	none		-7.283063041541027e-13	ok	35	418	3.552713678800501e-14	1.0896172852881112e-12	0.8888888888888888	0.04447233216521775	0.38663484486873506	1	del_only	0	1	True	True	False	R	False
e_coli_k12__fba_a0.1__C__dir	fba_a0.1	e_coli_k12	C	True	LASER:Record1446177836.98:M9	Record1446177836.98	MNXM1108092	ethanol;h2	unknown	none		-5.009326287108706e-13	ok	35	418	3.552713678800501e-14	1.0896172852881112e-12	0.8611111111111112	0.044472332165262	0.38424821002386633	1	del_only	0	1	True	True	False	R	False
e_coli_k12__fba_a0.1__C__dir	fba_a0.1	e_coli_k12	C	True	LASER:Record1446446685.84:M1	Record1446446685.84	MNXM144	B-ALANINE	up	titer		-1.0658141036401503e-14	ok	35	418	1.0658141036401503e-14	0.26290062375326356	0.5833333333333334	-0.2213907234108793	0.7637231503579952	3-4	add_only	4	0	True	False	True	R	False
e_coli_k12__fba_a0.1__C__dir	fba_a0.1	e_coli_k12	C	True	LASER:Record1446531696.33:M1	Record1446531696.33	MNXM25	succinate	unknown	endpoint_only		-2.2737367544323206e-13	ok	28	418	5.329070518200751e-15	2.995825809648522e-13	0.6551724137931034	0.12304967358915707	0.2863961813842482	3-4	mixed	1	2	False	False	False	R	False
e_coli_k12__fba_a0.1__C__dir	fba_a0.1	e_coli_k12	C	True	LASER:Record1446532566.22:M1	Record1446532566.22	MNXM25	succinate	up	fold	3.23	3.907985046680551e-14	ok	35	418	1.2967404927621828e-13	2.607691840239565e-13	0.6944444444444444	0.029373798230746016	0.4081145584725537	1	del_only	0	1	True	True	False	R	False
e_coli_k12__fba_a0.1__C__dir	fba_a0.1	e_coli_k12	C	True	LASER:Record1446533955.78:M1	Record1446533955.78	MNXM25	succinate	up	fold	3.5	-7.958078640513122e-13	ok	24	418	-2.1316282072803006e-13	3.893774191965348e-13	0.72	-0.1074876636244977	0.60381861575179	1	add_only	1	0	True	False	True	R	False
e_coli_k12__fba_a0.1__C__dir	fba_a0.1	e_coli_k12	C	True	LASER:Record1446534595.78:M1	Record1446534595.78	MNXM25	succinate	unknown	none		1.5347723092418164e-12	ok	45	418	7.283063041541027e-14	3.669953230200914e-13	0.021739130434782608	-0.12908045687226935	0.6515513126491647	2	add_only	2	0	True	False	True	R	False
e_coli_k12__fba_a0.1__C__dir	fba_a0.1	e_coli_k12	C	True	LASER:Record1447396968.96:M1	Record1447396968.96	MNXM1371362	d-lactate	up	yield	1.084	1.2789769243681803e-13	ok	18	418	1.3145040611561853e-13	3.161915174132444e-13	0.631578947368421	-0.010348833411446434	0.4964200477326969	2	mixed	1	1	True	False	False	R	False
e_coli_k12__fba_a0.1__C__dir	fba_a0.1	e_coli_k12	C	True	LASER:Record1447398171.48:M1	Record1447398171.48	MNXM1364595	1_2-propanediol	up	titer		-7.283063041541027e-14	ok	28	418	6.217248937900877e-14	6.721734280290547e-13	0.6896551724137931	0.09566875732895945	0.3269689737470167	3-4	mixed	2	2	True	False	False	R	False
e_coli_k12__fba_a0.1__C__dir	fba_a0.1	e_coli_k12	C	True	LASER:Record1447654226.12:M1	Record1447654226.12	MNXM5188	isobutanol	up	fold	3.05	0.0	target_zero_both	41	418	0.0	0.0	1.0			5-8	add_only	6	0	False	False	False	R	False
e_coli_k12__fba_a0.1__C__dir	fba_a0.1	e_coli_k12	C	True	LASER:Record1447657780.0:M1	Record1447657780.0	MNXM1108250	beta-carotene	up	fold	3.5	0.0	target_zero_both	30	418	0.0	0.0	1.0			9-16	add_only	12	0	False	False	False	R	False
e_coli_k12__fba_a0.1__C__dir	fba_a0.1	e_coli_k12	C	True	LASER:Record1447658659.44:M1	Record1447658659.44	MNXM1108092	ethanol	up	fold	2.0	3.183231456205249e-12	ok	26	418	-1.5987211554602254e-14	0.5642483589966307	0.2222222222222222	1.5198664717193644	0.011933174224343675	17+	mixed	5	21	False	False	False	R	False
e_coli_k12__fba_a0.1__C__dir	fba_a0.1	e_coli_k12	C	True	LASER:Record1447749536.66:M1	Record1447749536.66	MNXM25	succinate	up	fold	113.0	-1.9539925233402755e-14	ok	35	418	1.2967404927621828e-13	2.607691840239565e-13	0.75	0.0293737982307329	0.4128878281622912	1	del_only	0	1	True	True	False	R	False
e_coli_k12__fba_a0.1__C__dir	fba_a0.1	e_coli_k12	C	True	LASER:Record1449050713.56:M1	Record1449050713.56	MNXM3230	n-butanol	up	titer		0.0	target_zero_both	70	418	0.0	0.0	1.0			5-8	mixed	5	1	False	False	False	R	False
e_coli_k12__fba_a0.1__C__dir	fba_a0.1	e_coli_k12	C	True	LASER:Record1449201641.39:M1	Record1449201641.39	MNXM872	3-HP	up	titer		4.496366292003472	ok	35	418	-1.0658141036401503e-14	0.10563241241635314	0.027777777777777776	0.9896117465939493	0.0405727923627685	3-4	add_only	3	0	False	False	False	R	False
e_coli_k12__fba_a0.1__C__dir	fba_a0.1	e_coli_k12	C	True	LASER:Record1449210616.38:M1	Record1449210616.38	MNXM738152	Naringenin	up	fold	2.5	0.0	target_zero_both	41	418	0.0	0.0	1.0			5-8	add_only	5	0	False	False	False	R	False
e_coli_k12__fba_a0.1__C__dir	fba_a0.1	e_coli_k12	C	True	LASER:Record1449552601.91:M1	Record1449552601.91	MNXM602	shikimate	up	titer		2.842170943040401e-14	ok	41	418	4.440892098500626e-15	0.002145543243911696	0.23809523809523808	-0.17551796801606576	0.7780429594272077	5-8	add_only	5	0	True	False	True	R	False
e_coli_k12__fba_a0.1__C__dir	fba_a0.1	e_coli_k12	C	True	LASER:Record1449560226.93:M1	Record1449560226.93	MNXM738702	NADPH	up	fold	25.0	-9.325873406851315e-15	ok	35	418	2.220446049250313e-15	0.0057203789077221135	0.7222222222222222	-0.1655131801832377	0.7159904534606205	3-4	add_only	4	0	False	False	False	R	False
e_coli_k12__fba_a0.1__C__dir	fba_a0.1	e_coli_k12	C	True	LASER:Record1449642554.79:M1	Record1449642554.79	MNXM1371362	d-lactate	up	fold	1.44	1.8118839761882555e-13	ok	17	418	8.526512829121202e-14	5.343281372915952e-13	0.2777777777777778	0.1137036042781251	0.28878281622911695	2	del_only	0	2	True	True	False	R	False
e_coli_k12__fba_a0.1__C__dir	fba_a0.1	e_coli_k12	C	True	LASER:Record1449726897.09:M1	Record1449726897.09	MNXM872	3-HP	up	fold	1.7	-1.2434497875801753e-14	ok	24	418	3.4638958368304884e-14	1.2335021892795337e-12	0.56	-0.11163078694956716	0.5727923627684964	1	add_only	1	0	True	False	True	R	False
e_coli_k12__fba_a0.1__C__dir	fba_a0.1	e_coli_k12	C	True	LASER:Record1449727708.82:M1	Record1449727708.82	MNXM1364638	lycopene	up	fold	7.5	0.0	target_zero_both	46	418	0.0	0.0	1.0			9-16	mixed	11	1	False	False	False	R	False
e_coli_k12__fba_a0.1__C__dir	fba_a0.1	e_coli_k12	C	True	LASER:Record1449727708.82:M2	Record1449727708.82	MNXM1364638	lycopene	up	fold	7.5	0.0	target_zero_both	46	418	0.0	0.0	1.0			9-16	mixed	11	1	False	False	False	R	False
e_coli_k12__fba_a0.1__C__dir	fba_a0.1	e_coli_k12	C	True	LASER:Record1449727708.82:M3	Record1449727708.82	MNXM1364638	lycopene	up	fold	7.5	0.0	target_zero_both	30	418	0.0	0.0	1.0			9-16	add_only	11	0	False	False	False	R	False
e_coli_k12__fba_a0.1__C__dir	fba_a0.1	e_coli_k12	C	True	LASER:Record1449731661.54:M1	Record1449731661.54	MNXM1364595	1_2-propanediol	up	titer		-5.788901302276912	ok	46	418	1.2523315717771766e-13	1.591515768130185	0.9787234042553191	-1.471773967434865	0.9904534606205251	9-16	mixed	6	4	False	False	False	R	False
e_coli_k12__fba_a0.1__C__dir	fba_a0.1	e_coli_k12	C	True	LASER:Record1449738882.59:M1	Record1449738882.59	MNXM1747	itaconate	up	titer		10.687014861335802	ok	70	418	0.0	0.0	0.014084507042253521	0.9414186189356847	0.007159904534606206	5-8	mixed	4	2	False	False	False	R	False
e_coli_k12__fba_a0.1__C__dir	fba_a0.1	e_coli_k12	C	True	LASER:Record1449805187.29:M1	Record1449805187.29	MNXM1370996	caffeic acid	up	titer		0.0	target_zero_both	24	418	0.0	0.0	1.0			1	add_only	1	0	False	False	False	R	False
e_coli_k12__fba_a0.1__C__dir	fba_a0.1	e_coli_k12	C	True	LASER:Record1449806335.95:M1	Record1449806335.95	MNXM25	succinate	up	titer		0.07443426977996559	ok	28	418	5.329070518200751e-15	2.995825809648522e-13	0.06896551724137931	0.2549719790646918	0.1957040572792363	3-4	mixed	1	3	False	False	False	R	False
e_coli_k12__fba_a0.1__C__dir	fba_a0.1	e_coli_k12	C	True	LASER:Record1449806335.95:M2	Record1449806335.95	MNXM25	succinate	up	titer		-3.018486563142371	ok	77	418	1.1368683772161603e-13	0.6315785929757958	0.9743589743589743	0.5067159250747404	0.06205250596658711	9-16	del_only	0	11	True	True	False	R	False
e_coli_k12__fba_a0.1__C__dir	fba_a0.1	e_coli_k12	C	True	LASER:Record1450145811.55:M1	Record1450145811.55	MNXM26	acetate	up	fold	1.5	-0.005406063127107785	ok	35	418	5.435651928564766e-13	1.490363388256808e-12	0.9722222222222222	0.0485088823258119	0.4224343675417661	1	del_only	0	1	True	True	False	R	False
e_coli_k12__fba_a0.1__C__dir	fba_a0.1	e_coli_k12	C	True	LASER:Record1450145811.55:M2	Record1450145811.55	MNXM1371362	d-lactate	up	fold	3.33	-0.014213892801862471	ok	35	418	1.2789769243681803e-13	2.767563955785589e-13	1.0	-0.002827897896904227	0.4701670644391408	1	del_only	0	1	True	True	False	R	False
e_coli_k12__fba_a0.1__C__dir	fba_a0.1	e_coli_k12	C	True	LASER:Record1450238773.81:M1	Record1450238773.81	MNXM1734	D-galactonate	up	titer		0.0	target_zero_both	17	418	0.0	0.0	1.0			2	del_only	0	2	True	True	False	R	False
e_coli_k12__fba_a0.1__C__dir	fba_a0.1	e_coli_k12	C	True	LASER:Record1450239058.45:M1	Record1450239058.45	MNXM3230	butanol	up	fold	30.0	0.0	target_zero_both	45	418	0.0	0.0	1.0			2	add_only	2	0	True	False	True	R	False
e_coli_k12__fba_a0.1__C__dir	fba_a0.1	e_coli_k12	C	True	LASER:Record1450240375.41:M1	Record1450240375.41	MNXM3230	n-butanol	up	titer		0.0	target_zero_both	30	418	0.0	0.0	1.0			9-16	add_only	13	0	False	False	False	R	False
e_coli_k12__fba_a0.5__C__dir	fba_a0.5	e_coli_k12	C	True	LASER:Record1419612180.15:M1	Record1419612180.15	MNXM3288	Isoprene	up	fold	2.3	3.7908943089430833	ok	35	415	0.0	0.0	0.027777777777777776	0.9739885520104883	0.004807692307692308	3-4	add_only	3	0	False	False	False	R	False
e_coli_k12__fba_a0.5__C__dir	fba_a0.5	e_coli_k12	C	True	LASER:Record1419612292.57:M1	Record1419612292.57	MNXM3288	Isoprene	up	fold	2.3	3.79089430894301	ok	35	415	0.0	0.0	0.027777777777777776	0.9739885520104722	0.004807692307692308	3-4	add_only	3	0	False	False	False	R	False
e_coli_k12__fba_a0.5__C__dir	fba_a0.5	e_coli_k12	C	True	LASER:Record1419616868.41:M1	Record1419616868.41	MNXM1108092	Ethanol	up	titer	1.6	2.4158453015843406e-13	ok	70	415	-2.4868995751603507e-14	0.034842673393325384	0.1267605633802817	0.26962614858520995	0.1658653846153846	5-8	mixed	2	4	False	False	False	R	False
e_coli_k12__fba_a0.5__C__dir	fba_a0.5	e_coli_k12	C	True	LASER:Record1419618777.21:M1	Record1419618777.21	MNXM3230	n-butanol	up	fold	3.9	0.0	target_zero_both	45	415	0.0	0.0	1.0			9-16	mixed	12	4	False	False	False	R	False
e_coli_k12__fba_a0.5__C__dir	fba_a0.5	e_coli_k12	C	True	LASER:Record1419622531.88:M1	Record1419622531.88	MNXM3085	isopropanol	up	titer		0.0	target_zero_both	41	415	0.0	0.0	1.0			5-8	add_only	7	0	False	False	False	R	False
e_coli_k12__fba_a0.5__C__dir	fba_a0.5	e_coli_k12	C	True	LASER:Record1419702544.12:M1	Record1419702544.12	MNXM3230	n-butanol	up	fold	1500.0	0.0	target_zero_both	30	415	0.0	0.0	1.0			9-16	add_only	16	0	False	False	False	R	False
e_coli_k12__fba_a0.5__C__dir	fba_a0.5	e_coli_k12	C	True	LASER:Record1419795505.77:M1	Record1419795505.77	MNXM1364638	lycopene	up	fold	1.4	0.0	target_zero_both	45	415	0.0	0.0	1.0			9-16	mixed	11	2	False	False	False	R	False
e_coli_k12__fba_a0.5__C__dir	fba_a0.5	e_coli_k12	C	True	LASER:Record1419820798.43:M1	Record1419820798.43	MNXM738702	NADPH	up	fold	1.7	-0.01592882547489971	ok	32	415	-3.552713678800501e-15	1.1553852023865367	0.7272727272727273	4.4672352466568	0.002403846153846154	17+	del_only	0	44	True	True	False	R	False
e_coli_k12__fba_a0.5__C__dir	fba_a0.5	e_coli_k12	C	True	LASER:Record1419871302.73:M1	Record1419871302.73	MNXM1997	Abietadiene	up	titer		0.0	target_zero_both	41	415	0.0	0.0	1.0			5-8	add_only	6	0	False	False	False	R	False
e_coli_k12__fba_a0.5__C__dir	fba_a0.5	e_coli_k12	C	True	LASER:Record1419872698.65:M1	Record1419872698.65	MNXM1780	Taxadiene	up	fold	15000.0	24.722190510177633	ok	41	415	0.0	0.0	0.023809523809523808			5-8	add_only	6	0	False	False	False	R	False
e_coli_k12__fba_a0.5__C__dir	fba_a0.5	e_coli_k12	C	True	LASER:Record1419895893.83:M1	Record1419895893.83	MNXM1364595	1_2-propanediol	up	titer		1.829647544582258e-13	ok	45	415	3.375077994860476e-14	3.311964805562515	0.3695652173913043	0.0018684789415095964	0.47115384615384615	9-16	mixed	9	3	False	False	False	R	False
e_coli_k12__fba_a0.5__C__dir	fba_a0.5	e_coli_k12	C	True	LASER:Record1419966947.93:M1	Record1419966947.93	MNXM25	succinate	up	fold	4.0	-3.375077994860476e-13	ok	28	415	9.769962616701378e-15	1.824673745431937e-12	0.6896551724137931	0.20905926020048982	0.22355769230769232	3-4	mixed	1	3	False	False	False	R	False
e_coli_k12__fba_a0.5__C__dir	fba_a0.5	e_coli_k12	C	True	LASER:Record1419968290.81:M1	Record1419968290.81	MNXM1108092	H2;ethanol	unknown	endpoint_only		-3.0375701953744283e-13	ok	124	415	2.4868995751603507e-14	0.0044546191526467025	0.76	0.5095553129344622	0.057692307692307696	5-8	del_only	0	6	True	True	False	R	False
e_coli_k12__fba_a0.5__C__dir	fba_a0.5	e_coli_k12	C	True	LASER:Record1419968290.81:M2	Record1419968290.81	MNXM1108092	H2;ethanol	unknown	endpoint_only		-1.5987211554602254e-14	ok	124	415	2.4868995751603507e-14	0.0044546191526467025	0.56	0.5095553129345158	0.057692307692307696	5-8	del_only	0	6	True	True	False	R	False
e_coli_k12__fba_a0.5__C__dir	fba_a0.5	e_coli_k12	C	True	LASER:Record1419971010.72:M1	Record1419971010.72	MNXM1108092	ethanol	up	titer		-1.4779288903810084e-12	ok	45	415	3.375077994860476e-14	3.066652829510505	0.717391304347826	0.6524768621958	0.04807692307692308	9-16	mixed	2	8	False	False	False	R	False
e_coli_k12__fba_a0.5__C__dir	fba_a0.5	e_coli_k12	C	True	LASER:Record1419973694.76:M1	Record1419973694.76	MNXM3085	isopropanol	up	titer		0.0	target_zero_both	35	415	0.0	0.0	1.0			3-4	add_only	3	0	False	False	False	R	False
e_coli_k12__fba_a0.5__C__dir	fba_a0.5	e_coli_k12	C	True	LASER:Record1420064034.84:M1	Record1420064034.84	MNXM5188	isobutanol	up	titer		0.0	target_zero_both	26	415	0.0	0.0	1.0			17+	mixed	11	7	False	False	False	R	False
e_coli_k12__fba_a0.5__C__dir	fba_a0.5	e_coli_k12	C	True	LASER:Record1420065439.92:M1	Record1420065439.92	MNXM1108092	Ethanol	up	fold	2.5	1.865174681370263e-13	ok	70	415	-2.4868995751603507e-14	0.034842673393325384	0.16901408450704225	-0.06601569416688184	0.5096153846153846	5-8	mixed	4	1	False	False	False	R	False
e_coli_k12__fba_a0.5__C__dir	fba_a0.5	e_coli_k12	C	True	LASER:Record1420070785.47:M1	Record1420070785.47	MNXM1364638	Lycopene	up	fold	1.5	0.0	target_zero_both	30	415	0.0	0.0	1.0			9-16	add_only	11	0	False	False	False	R	False
e_coli_k12__fba_a0.5__C__dir	fba_a0.5	e_coli_k12	C	True	LASER:Record1420480571.45:M1	Record1420480571.45	MNXM398	acetone	up	titer		0.0	target_zero_both	24	415	0.0	0.0	1.0			1	add_only	1	0	False	False	False	R	False
e_coli_k12__fba_a0.5__C__dir	fba_a0.5	e_coli_k12	C	True	LASER:Record1420483083.91:M1	Record1420483083.91	MNXM5188	isobutanol	up	titer		0.0	target_zero_both	45	415	0.0	0.0	1.0			9-16	mixed	7	5	False	False	False	R	False
e_coli_k12__fba_a0.5__C__dir	fba_a0.5	e_coli_k12	C	True	LASER:Record1420483763.95:M1	Record1420483763.95	MNXM1108092	ethanol	up	fold	1.48	-1.5347723092418164e-12	ok	70	415	-2.4868995751603507e-14	0.034842673393325384	0.7464788732394366	0.1496615664102018	0.24519230769230768	5-8	mixed	3	3	True	False	False	R	False
e_coli_k12__fba_a0.5__C__dir	fba_a0.5	e_coli_k12	C	True	LASER:Record1420484655.86:M1	Record1420484655.86	MNXM1108092	H2;ethanol	up	fold	20.0	-1.9184653865522705e-13	ok	17	415	1.2434497875801753e-14	2.458477865729943e-13	0.7222222222222222	0.1267045993235724	0.28365384615384615	2	del_only	0	2	True	True	False	R	False
e_coli_k12__fba_a0.5__C__dir	fba_a0.5	e_coli_k12	C	True	LASER:Record1420496457.95:M1	Record1420496457.95	MNXM1780	Taxadiene	up	titer		0.0	target_zero_both	41	415	0.0	0.0	1.0			5-8	add_only	6	0	False	False	False	R	False
e_coli_k12__fba_a0.5__C__dir	fba_a0.5	e_coli_k12	C	True	LASER:Record1420563570.49:M1	Record1420563570.49	MNXM1364638	lycopene	up	fold	1.8	0.0	target_zero_both	45	415	0.0	0.0	1.0			9-16	mixed	11	2	False	False	False	R	False
e_coli_k12__fba_a0.5__C__dir	fba_a0.5	e_coli_k12	C	True	LASER:Record1420563570.49:M2	Record1420563570.49	MNXM1364638	lycopene	up	fold	1.8	0.0	target_zero_both	45	415	0.0	0.0	1.0			9-16	mixed	11	1	False	False	False	R	False
e_coli_k12__fba_a0.5__C__dir	fba_a0.5	e_coli_k12	C	True	LASER:Record1420563570.49:M3	Record1420563570.49	MNXM1364638	lycopene	up	fold	1.2	0.0	target_zero_both	45	415	0.0	0.0	1.0			9-16	mixed	11	1	False	False	False	R	False
e_coli_k12__fba_a0.5__C__dir	fba_a0.5	e_coli_k12	C	True	LASER:Record1420563570.49:M4	Record1420563570.49	MNXM1364638	lycopene	up	fold	1.3	0.0	target_zero_both	45	415	0.0	0.0	1.0			9-16	mixed	11	2	False	False	False	R	False
e_coli_k12__fba_a0.5__C__dir	fba_a0.5	e_coli_k12	C	True	LASER:Record1420564498.19:M1	Record1420564498.19	MNXM75	acetalaldehyde	up	fold	1.74	4.4586556668946287e-13	ok	70	415	5.417888360170764e-14	0.10609412604417554	0.22535211267605634	0.29025118429940655	0.13701923076923078	5-8	mixed	1	4	True	False	False	R	False
e_coli_k12__fba_a0.5__C__dir	fba_a0.5	e_coli_k12	C	True	LASER:Record1420579970.27:M1	Record1420579970.27	MNXM1371363	L-lactate	up	titer		1.8400445207460372	ok	70	415	-5.417888360170764e-14	0.20615819942746	0.04225352112676056	0.3686999921371228	0.057692307692307696	5-8	mixed	3	5	False	False	False	R	False
e_coli_k12__fba_a0.5__C__dir	fba_a0.5	e_coli_k12	C	True	LASER:Record1420579970.27:M1	Record1420579970.27	MNXM733758	L-lactate	up	titer		1.840044520746531	ok	70	415	3.2862601528904634e-14	0.206158199427604	0.04225352112676056	0.36869999213717886	0.057692307692307696	5-8	mixed	3	5	False	False	False	R	False
e_coli_k12__fba_a0.5__C__dir	fba_a0.5	e_coli_k12	C	True	LASER:Record1420580799.33:M1	Record1420580799.33	MNXM25	succinate	up	fold	1.25	5.1514348342607263e-14	ok	124	415	8.881784197001252e-14	0.04028751508502833	0.624	0.7606159596199564	0.036057692307692304	5-8	del_only	0	8	True	True	False	R	False
e_coli_k12__fba_a0.5__C__dir	fba_a0.5	e_coli_k12	C	True	LASER:Record1420581833.49:M1	Record1420581833.49	MNXM3230	n-butanol	up	titer		0.0	target_zero_both	45	415	0.0	0.0	1.0			9-16	mixed	12	4	False	False	False	R	False
e_coli_k12__fba_a0.5__C__dir	fba_a0.5	e_coli_k12	C	True	LASER:Record1420655176.75:M1	Record1420655176.75	MNXM1108092	ethanol	up	fold	3.5	-6.146194664324867e-13	ok	45	415	3.375077994860476e-14	3.066652829510505	0.6739130434782609	0.1968704372692025	0.2283653846153846	9-16	mixed	5	4	True	False	False	R	False
e_coli_k12__fba_a0.5__C__dir	fba_a0.5	e_coli_k12	C	True	LASER:Record1420655787.75:M1	Record1420655787.75	MNXM737068	xylitol	up	titer		0.0	target_zero_both	17	415	0.0	0.0	1.0			2	mixed	1	1	False	False	False	R	False
e_coli_k12__fba_a0.5__C__dir	fba_a0.5	e_coli_k12	C	True	LASER:Record1420657266.85:M1	Record1420657266.85	MNXM1108092	ethanol	up	fold	1.7	8.704148513061227e-14	ok	70	415	-2.4868995751603507e-14	0.034842673393325384	0.323943661971831	0.12540966263855494	0.2956730769230769	5-8	mixed	4	3	False	False	False	R	False
e_coli_k12__fba_a0.5__C__dir	fba_a0.5	e_coli_k12	C	True	LASER:Record1420664268.13:M1	Record1420664268.13	MNXM738283	mevalonate_phosphate	unknown	none		0.0	target_zero_both	41	415	0.0	0.0	1.0	-0.13750834611301943	0.7235576923076923	5-8	add_only	6	0	True	False	True	R	False
e_coli_k12__fba_a0.5__C__dir	fba_a0.5	e_coli_k12	C	True	LASER:Record1420666912.41:M1	Record1420666912.41	MNXM25	succinate	up	fold	1.1	4.263256414560601e-14	ok	70	415	7.283063041541027e-14	0.030153158469011163	0.6056338028169014	-0.16701227527182144	0.7331730769230769	5-8	mixed	7	1	True	False	False	R	False
e_coli_k12__fba_a0.5__C__dir	fba_a0.5	e_coli_k12	C	True	LASER:Record1420666912.41:M2	Record1420666912.41	MNXM25	succinate	up	fold	1.32	1.2256862191861728e-13	ok	17	415	1.0302869668521453e-13	2.255973186038318e-13	0.4444444444444444	-0.00045992987396852985	0.4519230769230769	2	mixed	1	1	True	False	False	R	False
e_coli_k12__fba_a0.5__C__dir	fba_a0.5	e_coli_k12	C	True	LASER:Record1420666912.41:M3	Record1420666912.41	MNXM25	succinate	up	fold	1.18	9.414691248821327e-14	ok	35	415	3.730349362740526e-14	1.6839862837514366e-13	0.25	0.02729879435899751	0.3557692307692308	1	del_only	0	1	True	True	False	R	False
e_coli_k12__fba_a0.5__C__dir	fba_a0.5	e_coli_k12	C	True	LASER:Record1420666912.41:M4	Record1420666912.41	MNXM25	succinate	up	fold	1.3	-2.842170943040401e-14	ok	17	415	1.0302869668521453e-13	2.255973186038318e-13	0.7777777777777778	-0.0004599298740026887	0.46634615384615385	2	mixed	1	1	True	False	False	R	False
e_coli_k12__fba_a0.5__C__dir	fba_a0.5	e_coli_k12	C	True	LASER:Record1420666912.41:M5	Record1420666912.41	MNXM25	succinate	up	fold	1.4	4.796163466380676e-14	ok	17	415	1.0302869668521453e-13	2.255973186038318e-13	0.7777777777777778	-0.00045992987398540833	0.46634615384615385	2	mixed	1	1	True	False	False	R	False
e_coli_k12__fba_a0.5__C__dir	fba_a0.5	e_coli_k12	C	True	LASER:Record1420666912.41:M6	Record1420666912.41	MNXM25	succinate	up	fold	1.42	7.283063041541027e-14	ok	35	415	3.730349362740526e-14	1.6839862837514366e-13	0.4444444444444444	0.027298794358992687	0.37259615384615385	1	del_only	0	1	True	True	False	R	False
e_coli_k12__fba_a0.5__C__dir	fba_a0.5	e_coli_k12	C	True	LASER:Record1420666912.41:M7	Record1420666912.41	MNXM25	succinate	up	fold	1.3	9.414691248821327e-14	ok	17	415	1.0302869668521453e-13	2.255973186038318e-13	0.5555555555555556	-0.00045992987397495977	0.4567307692307692	2	mixed	1	1	True	False	False	R	False
e_coli_k12__fba_a0.5__C__dir	fba_a0.5	e_coli_k12	C	True	LASER:Record1420666912.41:M8	Record1420666912.41	MNXM25	succinate	up	fold	1.35	-2.842170943040401e-14	ok	35	415	3.730349362740526e-14	1.6839862837514366e-13	0.7222222222222222	0.02729879435896978	0.39663461538461536	1	del_only	0	1	True	True	False	R	False
e_coli_k12__fba_a0.5__C__dir	fba_a0.5	e_coli_k12	C	True	LASER:Record1420666912.41:M9	Record1420666912.41	MNXM25	succinate	up	fold	1.35	4.796163466380676e-14	ok	28	415	9.769962616701378e-15	1.824673745431937e-12	0.4482758620689655	-0.05597737833993034	0.49759615384615385	3-4	mixed	3	1	True	False	False	R	False
e_coli_k12__fba_a0.5__C__dir	fba_a0.5	e_coli_k12	C	True	LASER:Record1420735510.26:M1	Record1420735510.26	MNXM1371362	D-lactate	up	yield	2.686	-0.23124374602562803	ok	17	415	1.2434497875801753e-13	2.9665159217984183e-13	1.0	0.3308077667104613	0.1778846153846154	3-4	del_only	0	4	True	True	False	R	False
e_coli_k12__fba_a0.5__C__dir	fba_a0.5	e_coli_k12	C	True	LASER:Record1420735510.26:M2	Record1420735510.26	MNXM1371362	D-lactate	up	yield	3.779	3.3928415632544784e-13	ok	17	415	2.113864638886298e-13	4.831690603168679e-13	0.2777777777777778	0.12131471565694757	0.3004807692307692	2	del_only	0	2	True	True	False	R	False
e_coli_k12__fba_a0.5__C__dir	fba_a0.5	e_coli_k12	C	True	LASER:Record1420735510.26:M5	Record1420735510.26	MNXM1371362	D-lactate	up	yield	2.429	3.2862601528904634e-13	ok	17	415	2.113864638886298e-13	4.831690603168679e-13	0.2777777777777778	0.1213147156569459	0.3004807692307692	2	del_only	0	2	True	True	False	R	False
e_coli_k12__fba_a0.5__C__dir	fba_a0.5	e_coli_k12	C	True	LASER:Record1420735510.26:M6	Record1420735510.26	MNXM1371362	D-lactate	up	yield	2.957	-0.01896091364157293	ok	17	415	1.2434497875801753e-13	2.9665159217984183e-13	0.8888888888888888	0.2412711093743702	0.21875	3-4	del_only	0	3	True	True	False	R	False
e_coli_k12__fba_a0.5__C__dir	fba_a0.5	e_coli_k12	C	True	LASER:Record1420735510.26:M7	Record1420735510.26	MNXM1371362	D-lactate	up	yield	1.686	-0.23124374602577724	ok	124	415	1.8118839761882555e-13	0.004355627616067174	0.952	0.576687658116618	0.07451923076923077	5-8	del_only	0	6	True	True	False	R	False
e_coli_k12__fba_a0.5__C__dir	fba_a0.5	e_coli_k12	C	True	LASER:Record1420736845.03:M1	Record1420736845.03	MNXM1371363	L-lactate	up	titer		-33.52994289632011	ok	70	415	-5.417888360170764e-14	0.20615819942746	1.0	-2.6661264167700214	0.9951923076923077	5-8	mixed	3	4	True	False	False	R	False
e_coli_k12__fba_a0.5__C__dir	fba_a0.5	e_coli_k12	C	True	LASER:Record1420736845.03:M1	Record1420736845.03	MNXM733758	L-lactate	up	titer		-33.529942896322495	ok	70	415	3.2862601528904634e-14	0.206158199427604	1.0	-2.6661264167702403	0.9951923076923077	5-8	mixed	3	4	True	False	False	R	False
e_coli_k12__fba_a0.5__C__dir	fba_a0.5	e_coli_k12	C	True	LASER:Record1420741999.5:M1	Record1420741999.5	MNXM872	3-HP	up	fold	7.4	-0.002057738139606524	ok	17	415	-1.865174681370263e-14	8.82849349181924e-14	0.7777777777777778	0.26074614178125316	0.22596153846153846	3-4	del_only	0	3	True	True	False	R	False
e_coli_k12__fba_a0.5__C__dir	fba_a0.5	e_coli_k12	C	True	LASER:Record1420751097.38:M1	Record1420751097.38	MNXM1108092	ethanol	up	titer		-0.04641189698064352	ok	76	415	6.750155989720952e-14	3.066652829510583	0.9090909090909091	0.7880394527344085	0.03365384615384615	9-16	del_only	0	9	True	True	False	R	False
e_coli_k12__fba_a0.5__C__dir	fba_a0.5	e_coli_k12	C	True	LASER:Record1420754551.36:M1	Record1420754551.36	MNXM737340	L-fumarate	up	titer		-2.6645352591003757e-13	ok	70	415	-2.9665159217984183e-13	0.05976365906663822	0.4647887323943662	0.04999522481663839	0.3293269230769231	5-8	mixed	3	2	True	False	False	R	False
e_coli_k12__fba_a0.5__C__dir	fba_a0.5	e_coli_k12	C	True	LASER:Record1420823481.59:M1	Record1420823481.59	MNXM270	riboflavin	up	fold	12.0	-0.017888204241434114	ok	45	415	3.574918139293004e-14	1.1891114827285103	0.8913043478260869	0.025839883805803515	0.3389423076923077	9-16	mixed	10	4	True	False	False	R	False
e_coli_k12__fba_a0.5__C__dir	fba_a0.5	e_coli_k12	C	True	LASER:Record1420824342.15:M1	Record1420824342.15	MNXM25	succinate	unknown	none		1.5063505998114124e-12	ok	24	415	-3.055333763768431e-13	1.9904078385479793e-13	0.04	-0.1052195249109367	0.5288461538461539	1	add_only	1	0	True	False	True	R	False
e_coli_k12__fba_a0.5__C__dir	fba_a0.5	e_coli_k12	C	True	LASER:Record1420827149.96:M1	Record1420827149.96	MNXM81353	sabinene	up	titer		1.9509776841259772	ok	30	415	0.0	0.0	0.03225806451612903	1.4326365919404178	0.009615384615384616	9-16	add_only	9	0	False	False	False	R	False
e_coli_k12__fba_a0.5__C__dir	fba_a0.5	e_coli_k12	C	True	LASER:Record1420828539.55:M1	Record1420828539.55	MNXM1108092	ethanol	up	titer		2.4868995751603507e-13	ok	70	415	-2.4868995751603507e-14	0.034842673393325384	0.1267605633802817	0.17391347018248365	0.23317307692307693	5-8	mixed	2	3	True	False	False	R	False
e_coli_k12__fba_a0.5__C__dir	fba_a0.5	e_coli_k12	C	True	LASER:Record1421181248.73:M1	Record1421181248.73	MNXM1108092	ethanol	up	titer		-2.0961010704922955e-13	ok	17	415	-1.5987211554602254e-14	9.059419880941277e-14	0.8333333333333334	0.006740017148892145	0.46634615384615385	2	mixed	1	1	True	False	False	R	False
e_coli_k12__fba_a0.5__C__dir	fba_a0.5	e_coli_k12	C	True	LASER:Record1421341418.21:M1	Record1421341418.21	MNXM25	succinate	up	yield	8.6	1.4210854715202004e-13	ok	24	415	-3.055333763768431e-13	1.9904078385479793e-13	0.16	-0.10521952491124532	0.5360576923076923	1	add_only	1	0	False	False	False	R	False
e_coli_k12__fba_a0.5__C__dir	fba_a0.5	e_coli_k12	C	True	LASER:Record1421341942.82:M1	Record1421341942.82	MNXM1371363	L-lactate	up	titer		3.730349362740526e-14	ok	35	415	-1.4210854715202004e-14	2.4122925879055393e-13	0.4166666666666667	0.05016716816203509	0.3918269230769231	1	del_only	0	1	True	True	False	R	False
e_coli_k12__fba_a0.5__C__dir	fba_a0.5	e_coli_k12	C	True	LASER:Record1421341942.82:M1	Record1421341942.82	MNXM733758	L-lactate	up	titer		1.474376176702208e-13	ok	35	415	4.263256414560601e-14	1.8935963908006654e-13	0.16666666666666666	0.05016716816204359	0.3701923076923077	1	del_only	0	1	True	True	False	R	False
e_coli_k12__fba_a0.5__C__dir	fba_a0.5	e_coli_k12	C	True	LASER:Record1421341942.82:M2	Record1421341942.82	MNXM1371362	D-lactate	up	titer		-1.608623010941546	ok	17	415	2.113864638886298e-13	4.831690603168679e-13	1.0	-0.1318065457508965	0.6177884615384616	2	del_only	0	2	True	True	False	R	False
e_coli_k12__fba_a0.5__C__dir	fba_a0.5	e_coli_k12	C	True	LASER:Record1421355174.03:M1	Record1421355174.03	MNXM1364638	lycopene	up	titer		0.0	target_zero_both	30	415	0.0	0.0	1.0			9-16	add_only	10	0	False	False	False	R	False
e_coli_k12__fba_a0.5__C__dir	fba_a0.5	e_coli_k12	C	True	LASER:Record1421355950.68:M1	Record1421355950.68	MNXM1371362	D-lactate	up	titer		3.730349362740526e-13	ok	17	415	1.2434497875801753e-13	2.9665159217984183e-13	0.05555555555555555	0.24425466136004298	0.20192307692307693	3-4	del_only	0	3	True	True	False	R	False
e_coli_k12__fba_a0.5__C__dir	fba_a0.5	e_coli_k12	C	True	LASER:Record1421355950.68:M2	Record1421355950.68	MNXM1371362	D-lactate	up	titer		5.044853423896711e-13	ok	35	415	1.4921397450962104e-13	3.444355911597085e-13	0.027777777777777776	-0.0016252300461165295	0.37740384615384615	1	del_only	0	1	True	True	False	R	False
e_coli_k12__fba_a0.5__C__dir	fba_a0.5	e_coli_k12	C	True	LASER:Record1421355950.68:M3	Record1421355950.68	MNXM1371362	D-lactate	up	titer		2.7000623958883807e-13	ok	17	415	1.2434497875801753e-13	2.9665159217984183e-13	0.2222222222222222	0.36719460706311685	0.11538461538461539	3-4	del_only	0	4	True	True	False	R	False
e_coli_k12__fba_a0.5__C__dir	fba_a0.5	e_coli_k12	C	True	LASER:Record1421358274.81:M1	Record1421358274.81	MNXM25	succinate	up	titer		1.5276668818842154e-13	ok	17	415	4.085620730620576e-14	1.2114753644709706e-13	0.05555555555555555	0.34157757947085443	0.10817307692307693	3-4	del_only	0	4	True	True	False	R	False
e_coli_k12__fba_a0.5__C__dir	fba_a0.5	e_coli_k12	C	True	LASER:Record1421361586.89:M1	Record1421361586.89	MNXM458	butyrate	up	titer		0.0	target_zero_both	45	415	0.0	0.0	1.0	-0.04383745986331819	0.4326923076923077	9-16	mixed	7	5	False	False	False	R	False
e_coli_k12__fba_a0.5__C__dir	fba_a0.5	e_coli_k12	C	True	LASER:Record1421362933.52:M1	Record1421362933.52	MNXM118	Putrescine	up	titer		2.433608869978343e-13	ok	45	415	3.552713678800501e-14	3.1887389435225386	0.2608695652173913	0.12998081804294898	0.3076923076923077	9-16	mixed	9	5	True	False	False	R	False
e_coli_k12__fba_a0.5__C__dir	fba_a0.5	e_coli_k12	C	True	LASER:Record1421366778.23:M1	Record1421366778.23	MNXM1108092	ethanol	up	fold	25.7	-2.753353101070388e-13	ok	45	415	3.375077994860476e-14	3.066652829510505	0.6521739130434783	0.21982740435614562	0.20673076923076922	9-16	mixed	8	5	True	False	False	R	False
e_coli_k12__fba_a0.5__C__dir	fba_a0.5	e_coli_k12	C	True	LASER:Record1421436127.08:M1	Record1421436127.08	MNXM872	3-HP	up	titer		-1.5187850976872141e-13	ok	44	415	-3.1086244689504383e-15	1.566302643141171e-13	0.7777777777777778	-0.15435963254371457	0.6586538461538461	2	add_only	2	0	False	False	False	R	False
e_coli_k12__fba_a0.5__C__dir	fba_a0.5	e_coli_k12	C	True	LASER:Record1421436723.73:M1	Record1421436723.73	MNXM1105732	L-alanine	up	titer		-1.9539925233402755e-13	ok	70	415	-1.056932319443149e-13	0.24895966542254405	0.704225352112676	0.2877999978279096	0.15384615384615385	5-8	mixed	1	4	False	False	False	R	False
e_coli_k12__fba_a0.5__C__dir	fba_a0.5	e_coli_k12	C	True	LASER:Record1423246634.26:M1	Record1423246634.26	MNXM3230	butanol	up	fold	30.0	0.0	target_zero_both	44	415	0.0	0.0	1.0			2	add_only	2	0	True	False	True	R	False
e_coli_k12__fba_a0.5__C__dir	fba_a0.5	e_coli_k12	C	True	LASER:Record1445327759.27:M1	Record1445327759.27	MNXM1105732	l-alanine	unknown	endpoint_only		-2.842170943040401e-14	ok	17	415	-1.3855583347321954e-13	3.5527136788004662e-15	0.2222222222222222	0.3161639576269166	0.11298076923076923	3-4	del_only	0	4	True	True	False	R	False
e_coli_k12__fba_a0.5__C__dir	fba_a0.5	e_coli_k12	C	True	LASER:Record1445330168.98:M1	Record1445330168.98	MNXM1108250	beta-carotene	unknown	endpoint_only		0.0	target_zero_both	32	415	0.0	0.0	1.0			17+	add_only	17	0	False	False	False	R	False
e_coli_k12__fba_a0.5__C__dir	fba_a0.5	e_coli_k12	C	True	LASER:Record1445581702.36:M1	Record1445581702.36	MNXM1364638	lycopene	up	titer	10.85	0.0	target_zero_both	30	415	0.0	0.0	1.0			9-16	add_only	15	0	False	False	False	R	False
e_coli_k12__fba_a0.5__C__dir	fba_a0.5	e_coli_k12	C	True	LASER:Record1445925852.59:M1	Record1445925852.59	MNXM737340	Fumaric acid	up	fold	7.0	-3.090860900556436e-13	ok	28	415	-2.922107000813412e-13	8.569145393266804e-13	0.5862068965517241	0.10777427573918937	0.3076923076923077	3-4	mixed	1	2	True	False	False	R	False
e_coli_k12__fba_a0.5__C__dir	fba_a0.5	e_coli_k12	C	True	LASER:Record1445926619.88:M1	Record1445926619.88	MNXM737068	xylitol	unknown	endpoint_only		0.0	target_zero_both	17	415	0.0	0.0	1.0			3-4	del_only	0	4	True	True	False	R	False
e_coli_k12__fba_a0.5__C__dir	fba_a0.5	e_coli_k12	C	True	LASER:Record1446177836.98:M1	Record1446177836.98	MNXM1108092	ethanol;h2	unknown	none		-2.682298827494378e-13	ok	35	415	3.552713678800501e-14	1.929123527588671e-13	0.8888888888888888	0.030991920920830498	0.40384615384615385	1	del_only	0	1	True	True	False	R	False
e_coli_k12__fba_a0.5__C__dir	fba_a0.5	e_coli_k12	C	True	LASER:Record1446177836.98:M4	Record1446177836.98	MNXM1108092	ethanol;h2	unknown	none		-1.3145040611561853e-13	ok	35	415	3.552713678800501e-14	1.929123527588671e-13	0.8611111111111112	0.030991920920856002	0.4014423076923077	1	del_only	0	1	True	True	False	R	False
e_coli_k12__fba_a0.5__C__dir	fba_a0.5	e_coli_k12	C	True	LASER:Record1446177836.98:M5	Record1446177836.98	MNXM1108092	ethanol;h2	unknown	none		-3.180039485961572e-05	ok	17	415	1.2434497875801753e-14	2.458477865729943e-13	1.0	0.1266986698678229	0.2956730769230769	2	del_only	0	2	True	True	False	R	False
e_coli_k12__fba_a0.5__C__dir	fba_a0.5	e_coli_k12	C	True	LASER:Record1446177836.98:M6	Record1446177836.98	MNXM1108092	ethanol;h2	unknown	none		-2.6645352591003757e-13	ok	35	415	3.552713678800501e-14	1.929123527588671e-13	0.8888888888888888	0.030991920920830827	0.40384615384615385	1	del_only	0	1	True	True	False	R	False
e_coli_k12__fba_a0.5__C__dir	fba_a0.5	e_coli_k12	C	True	LASER:Record1446177836.98:M7	Record1446177836.98	MNXM1108092	ethanol;h2	unknown	none		-2.4158453015843406e-13	ok	35	415	3.552713678800501e-14	1.929123527588671e-13	0.8888888888888888	0.030991920920835466	0.40384615384615385	1	del_only	0	1	True	True	False	R	False
e_coli_k12__fba_a0.5__C__dir	fba_a0.5	e_coli_k12	C	True	LASER:Record1446177836.98:M8	Record1446177836.98	MNXM1108092	ethanol;h2	unknown	none		-1.5987211554602254e-13	ok	35	415	3.552713678800501e-14	1.929123527588671e-13	0.8611111111111112	0.0309919209208507	0.4014423076923077	1	del_only	0	1	True	True	False	R	False
e_coli_k12__fba_a0.5__C__dir	fba_a0.5	e_coli_k12	C	True	LASER:Record1446177836.98:M9	Record1446177836.98	MNXM1108092	ethanol;h2	unknown	none		-2.4158453015843406e-13	ok	35	415	3.552713678800501e-14	1.929123527588671e-13	0.8888888888888888	0.030991920920835466	0.40384615384615385	1	del_only	0	1	True	True	False	R	False
e_coli_k12__fba_a0.5__C__dir	fba_a0.5	e_coli_k12	C	True	LASER:Record1446446685.84:M1	Record1446446685.84	MNXM144	B-ALANINE	up	titer		-1.5987211554602254e-13	ok	35	415	2.842170943040401e-14	0.09504142182237876	0.9722222222222222	-0.20810533799821468	0.78125	3-4	add_only	4	0	True	False	True	R	False
e_coli_k12__fba_a0.5__C__dir	fba_a0.5	e_coli_k12	C	True	LASER:Record1446531696.33:M1	Record1446531696.33	MNXM25	succinate	unknown	endpoint_only		-9.094947017729282e-13	ok	28	415	9.769962616701378e-15	1.824673745431937e-12	0.7931034482758621	0.1042996651630792	0.30528846153846156	3-4	mixed	1	2	False	False	False	R	False
e_coli_k12__fba_a0.5__C__dir	fba_a0.5	e_coli_k12	C	True	LASER:Record1446532566.22:M1	Record1446532566.22	MNXM25	succinate	up	fold	3.23	1.2612133559741778e-13	ok	35	415	3.730349362740526e-14	1.6839862837514366e-13	0.1111111111111111	0.027298794359004744	0.34375	1	del_only	0	1	True	True	False	R	False
e_coli_k12__fba_a0.5__C__dir	fba_a0.5	e_coli_k12	C	True	LASER:Record1446533955.78:M1	Record1446533955.78	MNXM25	succinate	up	fold	3.5	8.810729923425242e-13	ok	24	415	-3.055333763768431e-13	1.9904078385479793e-13	0.04	-0.10521952491107815	0.5288461538461539	1	add_only	1	0	True	False	True	R	False
e_coli_k12__fba_a0.5__C__dir	fba_a0.5	e_coli_k12	C	True	LASER:Record1446534595.78:M1	Record1446534595.78	MNXM25	succinate	unknown	none		5.684341886080802e-14	ok	44	415	6.483702463810914e-14	2.255973186038318e-13	0.5777777777777777	-0.1329782491442371	0.6322115384615384	2	add_only	2	0	True	False	True	R	False
e_coli_k12__fba_a0.5__C__dir	fba_a0.5	e_coli_k12	C	True	LASER:Record1447396968.96:M1	Record1447396968.96	MNXM1371362	d-lactate	up	yield	1.084	1.509903313490213e-13	ok	17	415	2.0961010704922955e-13	3.236522161387256e-13	0.6111111111111112	-0.017530009003286072	0.4831730769230769	2	mixed	1	1	True	False	False	R	False
e_coli_k12__fba_a0.5__C__dir	fba_a0.5	e_coli_k12	C	True	LASER:Record1447398171.48:M1	Record1447398171.48	MNXM1364595	1_2-propanediol	up	titer		7.123190925995004e-13	ok	28	415	-4.218847493575595e-14	2.35189645536593e-12	0.1724137931034483	0.08160958910221137	0.3125	3-4	mixed	2	2	True	False	False	R	False
e_coli_k12__fba_a0.5__C__dir	fba_a0.5	e_coli_k12	C	True	LASER:Record1447654226.12:M1	Record1447654226.12	MNXM5188	isobutanol	up	fold	3.05	0.0	target_zero_both	41	415	0.0	0.0	1.0			5-8	add_only	6	0	False	False	False	R	False
e_coli_k12__fba_a0.5__C__dir	fba_a0.5	e_coli_k12	C	True	LASER:Record1447657780.0:M1	Record1447657780.0	MNXM1108250	beta-carotene	up	fold	3.5	0.0	target_zero_both	30	415	0.0	0.0	1.0			9-16	add_only	12	0	False	False	False	R	False
e_coli_k12__fba_a0.5__C__dir	fba_a0.5	e_coli_k12	C	True	LASER:Record1447658659.44:M1	Record1447658659.44	MNXM1108092	ethanol	up	fold	2.0	-0.23255813953119286	ok	26	415	-0.001838658184278863	2.854444992439523	0.7037037037037037	1.780623514651099	0.014423076923076924	17+	mixed	5	21	False	False	False	R	False
e_coli_k12__fba_a0.5__C__dir	fba_a0.5	e_coli_k12	C	True	LASER:Record1447749536.66:M1	Record1447749536.66	MNXM25	succinate	up	fold	113.0	4.263256414560601e-14	ok	35	415	3.730349362740526e-14	1.6839862837514366e-13	0.4722222222222222	0.027298794358985856	0.375	1	del_only	0	1	True	True	False	R	False
e_coli_k12__fba_a0.5__C__dir	fba_a0.5	e_coli_k12	C	True	LASER:Record1449050713.56:M1	Record1449050713.56	MNXM3230	n-butanol	up	titer		0.0	target_zero_both	70	415	0.0	0.0	1.0			5-8	mixed	5	1	False	False	False	R	False
e_coli_k12__fba_a0.5__C__dir	fba_a0.5	e_coli_k12	C	True	LASER:Record1449201641.39:M1	Record1449201641.39	MNXM872	3-HP	up	titer		2.3326744761266696	ok	35	415	9.325873406851315e-15	0.04117809722029696	0.027777777777777776	0.43973765909129525	0.10817307692307693	3-4	add_only	3	0	False	False	False	R	False
e_coli_k12__fba_a0.5__C__dir	fba_a0.5	e_coli_k12	C	True	LASER:Record1449210616.38:M1	Record1449210616.38	MNXM738152	Naringenin	up	fold	2.5	0.0	target_zero_both	41	415	0.0	0.0	1.0			5-8	add_only	5	0	False	False	False	R	False
e_coli_k12__fba_a0.5__C__dir	fba_a0.5	e_coli_k12	C	True	LASER:Record1449552601.91:M1	Record1449552601.91	MNXM602	shikimate	up	titer		-1.1368683772161603e-13	ok	41	415	4.574118861455645e-14	0.010727716219431471	0.9523809523809523	-0.19963381887013762	0.8197115384615384	5-8	add_only	5	0	True	False	True	R	False
e_coli_k12__fba_a0.5__C__dir	fba_a0.5	e_coli_k12	C	True	LASER:Record1449560226.93:M1	Record1449560226.93	MNXM738702	NADPH	up	fold	25.0	2.398081733190338e-14	ok	35	415	1.8207657603852567e-14	0.0050323691655940386	0.3333333333333333	-0.1921118995160313	0.7644230769230769	3-4	add_only	4	0	False	False	False	R	False
e_coli_k12__fba_a0.5__C__dir	fba_a0.5	e_coli_k12	C	True	LASER:Record1449642554.79:M1	Record1449642554.79	MNXM1371362	d-lactate	up	fold	1.44	3.588240815588506e-13	ok	17	415	2.113864638886298e-13	4.831690603168679e-13	0.2222222222222222	0.12131471565695065	0.2980769230769231	2	del_only	0	2	True	True	False	R	False
e_coli_k12__fba_a0.5__C__dir	fba_a0.5	e_coli_k12	C	True	LASER:Record1449726897.09:M1	Record1449726897.09	MNXM872	3-HP	up	fold	1.7	-2.6645352591003757e-13	ok	24	415	-4.884981308350689e-14	8.702816245431663e-13	0.64	-0.12606519214041792	0.6033653846153846	1	add_only	1	0	True	False	True	R	False
e_coli_k12__fba_a0.5__C__dir	fba_a0.5	e_coli_k12	C	True	LASER:Record1449727708.82:M1	Record1449727708.82	MNXM1364638	lycopene	up	fold	7.5	0.0	target_zero_both	45	415	0.0	0.0	1.0			9-16	mixed	11	1	False	False	False	R	False
e_coli_k12__fba_a0.5__C__dir	fba_a0.5	e_coli_k12	C	True	LASER:Record1449727708.82:M2	Record1449727708.82	MNXM1364638	lycopene	up	fold	7.5	0.0	target_zero_both	45	415	0.0	0.0	1.0			9-16	mixed	11	1	False	False	False	R	False
e_coli_k12__fba_a0.5__C__dir	fba_a0.5	e_coli_k12	C	True	LASER:Record1449727708.82:M3	Record1449727708.82	MNXM1364638	lycopene	up	fold	7.5	0.0	target_zero_both	30	415	0.0	0.0	1.0			9-16	add_only	11	0	False	False	False	R	False
e_coli_k12__fba_a0.5__C__dir	fba_a0.5	e_coli_k12	C	True	LASER:Record1449731661.54:M1	Record1449731661.54	MNXM1364595	1_2-propanediol	up	titer		-2.4965829089627505	ok	45	415	3.375077994860476e-14	3.311964805562515	0.9782608695652174	-0.5415355764946613	0.9831730769230769	9-16	mixed	6	4	False	False	False	R	False
e_coli_k12__fba_a0.5__C__dir	fba_a0.5	e_coli_k12	C	True	LASER:Record1449738882.59:M1	Record1449738882.59	MNXM1747	itaconate	up	titer		6.361971108242821	ok	70	415	0.0	0.0	0.014084507042253521	0.750451223595919	0.007211538461538462	5-8	mixed	4	2	False	False	False	R	False
e_coli_k12__fba_a0.5__C__dir	fba_a0.5	e_coli_k12	C	True	LASER:Record1449805187.29:M1	Record1449805187.29	MNXM1370996	caffeic acid	up	titer		0.0	target_zero_both	24	415	0.0	0.0	1.0			1	add_only	1	0	False	False	False	R	False
e_coli_k12__fba_a0.5__C__dir	fba_a0.5	e_coli_k12	C	True	LASER:Record1449806335.95:M1	Record1449806335.95	MNXM25	succinate	up	titer		0.04028751508493933	ok	28	415	9.769962616701378e-15	1.824673745431937e-12	0.06896551724137931	0.21817360037035113	0.20673076923076922	3-4	mixed	1	3	False	False	False	R	False
e_coli_k12__fba_a0.5__C__dir	fba_a0.5	e_coli_k12	C	True	LASER:Record1449806335.95:M2	Record1449806335.95	MNXM25	succinate	up	titer		-1.150485639890154	ok	76	415	3.730349362740526e-14	3.1383092388422895	0.987012987012987	0.8146176474647118	0.03125	9-16	del_only	0	11	True	True	False	R	False
e_coli_k12__fba_a0.5__C__dir	fba_a0.5	e_coli_k12	C	True	LASER:Record1450145811.55:M1	Record1450145811.55	MNXM26	acetate	up	fold	1.5	-0.020322792871164452	ok	35	415	3.694822225952521e-13	6.345146630337691e-13	0.9722222222222222	0.035230905788497136	0.42788461538461536	1	del_only	0	1	True	True	False	R	False
e_coli_k12__fba_a0.5__C__dir	fba_a0.5	e_coli_k12	C	True	LASER:Record1450145811.55:M2	Record1450145811.55	MNXM1371362	d-lactate	up	fold	3.33	-0.2070629649808442	ok	35	415	1.4921397450962104e-13	3.444355911597085e-13	1.0	-0.03420715790020012	0.5192307692307693	1	del_only	0	1	True	True	False	R	False
e_coli_k12__fba_a0.5__C__dir	fba_a0.5	e_coli_k12	C	True	LASER:Record1450238773.81:M1	Record1450238773.81	MNXM1734	D-galactonate	up	titer		0.0	target_zero_both	17	415	0.0	0.0	1.0			2	del_only	0	2	True	True	False	R	False
e_coli_k12__fba_a0.5__C__dir	fba_a0.5	e_coli_k12	C	True	LASER:Record1450239058.45:M1	Record1450239058.45	MNXM3230	butanol	up	fold	30.0	0.0	target_zero_both	44	415	0.0	0.0	1.0			2	add_only	2	0	True	False	True	R	False
e_coli_k12__fba_a0.5__C__dir	fba_a0.5	e_coli_k12	C	True	LASER:Record1450240375.41:M1	Record1450240375.41	MNXM3230	n-butanol	up	titer		0.0	target_zero_both	30	415	0.0	0.0	1.0			9-16	add_only	13	0	False	False	False	R	False
e_coli_k12__gem__C__dir	gem	e_coli_k12	C	True	LASER:Record1419612180.15:M1	Record1419612180.15	MNXM3288	Isoprene	up	fold	2.3	0.0010776458985712722	created	35	473	0.0	0.0	0.05555555555555555	9.76381138414311	0.002109704641350211	3-4	add_only	3	0	False	False	False	C	False
e_coli_k12__gem__C__dir	gem	e_coli_k12	C	True	LASER:Record1419612292.57:M1	Record1419612292.57	MNXM3288	Isoprene	up	fold	2.3	0.0010776458985712722	created	35	473	0.0	0.0	0.05555555555555555	9.76381138414311	0.002109704641350211	3-4	add_only	3	0	False	False	False	C	False
e_coli_k12__gem__C__dir	gem	e_coli_k12	C	True	LASER:Record1419616868.41:M1	Record1419616868.41	MNXM1108092	Ethanol	up	titer	1.6	5.37737914092784e-10	ok	78	473	7.295528113918093e-12	2.8130021220048834e-06	0.4050632911392405	-0.5282073034760721	0.7869198312236287	5-8	mixed	2	4	False	False	False	R	False
e_coli_k12__gem__C__dir	gem	e_coli_k12	C	True	LASER:Record1419618777.21:M1	Record1419618777.21	MNXM3230	n-butanol	up	fold	3.9	0.001074188032983695	created	53	473	0.0	0.0	0.018518518518518517	15.270304724470915	0.002109704641350211	9-16	mixed	12	4	False	False	False	C	False
e_coli_k12__gem__C__dir	gem	e_coli_k12	C	True	LASER:Record1419622531.88:M1	Record1419622531.88	MNXM3085	isopropanol	up	titer		0.0010776454339165762	created	41	473	0.0	0.0	0.023809523809523808	10.82791338766133	0.004219409282700422	5-8	add_only	7	0	False	False	False	C	False
e_coli_k12__gem__C__dir	gem	e_coli_k12	C	True	LASER:Record1419702544.12:M1	Record1419702544.12	MNXM3230	n-butanol	up	fold	1500.0	0.001073035046293538	created	30	473	0.0	0.0	0.06451612903225806	15.144653052981944	0.004219409282700422	9-16	add_only	16	0	False	False	False	C	False
e_coli_k12__gem__C__dir	gem	e_coli_k12	C	True	LASER:Record1419820798.43:M1	Record1419820798.43	MNXM738702	NADPH	up	fold	1.7	5.885516531599355e-11	ok	42	473	-1.9562511018223925e-06	7.618363023074217e-06	0.3953488372093023	-7.732786502516811	1.0	17+	del_only	0	44	True	True	False	R	False
e_coli_k12__gem__C__dir	gem	e_coli_k12	C	True	LASER:Record1419871302.73:M1	Record1419871302.73	MNXM1997	Abietadiene	up	titer		3.2805718358705353e-12	created	41	473	0.0	3.3992465422275255e-12	0.09523809523809523	7.651893582780762	0.016877637130801686	5-8	add_only	6	0	False	False	False	C	False
e_coli_k12__gem__C__dir	gem	e_coli_k12	C	True	LASER:Record1419872698.65:M1	Record1419872698.65	MNXM1780	Taxadiene	up	fold	15000.0	0.0006178647770914028	created	41	473	0.0	0.0	0.023809523809523808	2599601531.2113185	0.002109704641350211	5-8	add_only	6	0	False	False	False	C	False
e_coli_k12__gem__C__dir	gem	e_coli_k12	C	True	LASER:Record1419966947.93:M1	Record1419966947.93	MNXM25	succinate	up	fold	4.0	-9.588005736582694e-12	ok	30	473	1.7818928949552004e-11	2.9780216971729577e-06	0.7741935483870968	-0.5019216501506534	0.7784810126582279	3-4	mixed	1	3	False	False	False	R	False
e_coli_k12__gem__C__dir	gem	e_coli_k12	C	True	LASER:Record1419968290.81:M1	Record1419968290.81	MNXM1108092	H2;ethanol	unknown	endpoint_only		9.773144059831151e-08	ok	19	473	1.830201770214009e-06	4.800832854468838e-06	0.85	-1.0956416286855233	0.9008438818565401	5-8	del_only	0	6	True	True	False	R	False
e_coli_k12__gem__C__dir	gem	e_coli_k12	C	True	LASER:Record1419968290.81:M2	Record1419968290.81	MNXM1108092	H2;ethanol	unknown	endpoint_only		9.773144059831151e-08	ok	19	473	1.830201770214009e-06	4.800832854468838e-06	0.85	-1.0956416286855233	0.9008438818565401	5-8	del_only	0	6	True	True	False	R	False
e_coli_k12__gem__C__dir	gem	e_coli_k12	C	True	LASER:Record1419971010.72:M1	Record1419971010.72	MNXM1108092	ethanol	up	titer		6.447844242037093e-10	ok	53	473	-9.800023574764449e-11	3.7881080236490646e-06	0.42592592592592593	-1.2193260816621154	0.9156118143459916	9-16	mixed	2	8	False	False	False	R	False
e_coli_k12__gem__C__dir	gem	e_coli_k12	C	True	LASER:Record1419973694.76:M1	Record1419973694.76	MNXM3085	isopropanol	up	titer		0.0010776454365964748	created	35	473	0.0	0.0	0.027777777777777776	10.916485293875466	0.002109704641350211	3-4	add_only	3	0	False	False	False	C	False
e_coli_k12__gem__C__dir	gem	e_coli_k12	C	True	LASER:Record1420065439.92:M1	Record1420065439.92	MNXM1108092	Ethanol	up	fold	2.5	-1.1645704838217537e-06	ok	78	473	7.295528113918093e-12	2.8130021220048834e-06	0.8481012658227848	-0.5617001759303858	0.8037974683544303	5-8	mixed	4	1	False	False	False	R	False
e_coli_k12__gem__C__dir	gem	e_coli_k12	C	True	LASER:Record1420480571.45:M1	Record1420480571.45	MNXM398	acetone	up	titer		0.0010749435149953097	created	30	473	0.0	0.0	0.03225806451612903	7.828799722746893	0.002109704641350211	1	add_only	1	0	False	False	False	C	False
e_coli_k12__gem__C__dir	gem	e_coli_k12	C	True	LASER:Record1420483763.95:M1	Record1420483763.95	MNXM1108092	ethanol	up	fold	1.48	1.3142543477118185e-11	ok	78	473	7.295528113918093e-12	2.8130021220048834e-06	0.4810126582278481	-0.20966079152197464	0.5738396624472574	5-8	mixed	3	3	True	False	False	R	False
e_coli_k12__gem__C__dir	gem	e_coli_k12	C	True	LASER:Record1420484655.86:M1	Record1420484655.86	MNXM1108092	H2;ethanol	up	fold	20.0	-1.621267117953018e-11	ok	24	473	1.4542142772085154e-10	2.022692609650213e-06	0.96	-0.4752655010113199	0.7658227848101266	2	del_only	0	2	True	True	False	R	False
e_coli_k12__gem__C__dir	gem	e_coli_k12	C	True	LASER:Record1420564498.19:M1	Record1420564498.19	MNXM75	acetalaldehyde	up	fold	1.74	-2.3447842192186874e-11	ok	78	473	1.2845989788394518e-11	2.812994142732866e-06	0.6582278481012658	-0.6747353570232827	0.8354430379746836	5-8	mixed	1	4	True	False	False	R	False
e_coli_k12__gem__C__dir	gem	e_coli_k12	C	True	LASER:Record1420579970.27:M1	Record1420579970.27	MNXM1371363	L-lactate	up	titer		-1.0694381543524534e-09	ok	78	473	9.924057018870225e-12	2.812996435350351e-06	0.7088607594936709	-0.5560131362857477	0.8037974683544303	5-8	mixed	3	5	False	False	False	R	False
e_coli_k12__gem__C__dir	gem	e_coli_k12	C	True	LASER:Record1420580799.33:M1	Record1420580799.33	MNXM25	succinate	up	fold	1.25	2.334227531534082e-06	ok	19	473	1.8301739089889631e-06	4.800827697420417e-06	0.45	0.1791761932602609	0.37130801687763715	5-8	del_only	0	8	True	True	False	R	False
e_coli_k12__gem__C__dir	gem	e_coli_k12	C	True	LASER:Record1420581833.49:M1	Record1420581833.49	MNXM3230	n-butanol	up	titer		0.0010735910111513613	created	53	473	0.0	0.0	0.018518518518518517	15.261662903123858	0.002109704641350211	9-16	mixed	12	4	False	False	False	C	False
e_coli_k12__gem__C__dir	gem	e_coli_k12	C	True	LASER:Record1420655176.75:M1	Record1420655176.75	MNXM1108092	ethanol	up	fold	3.5	1.6624267067111287e-11	ok	53	473	-9.800023574764449e-11	3.7881080236490646e-06	0.46296296296296297	-0.09020233622441817	0.5210970464135021	9-16	mixed	5	4	True	False	False	R	False
e_coli_k12__gem__C__dir	gem	e_coli_k12	C	True	LASER:Record1420655787.75:M1	Record1420655787.75	MNXM737068	xylitol	up	titer		7.96587353455636e-14	created	18	473	0.0	0.0	0.05263157894736842	8.851942708470618	0.002109704641350211	2	mixed	1	1	False	False	False	C	False
e_coli_k12__gem__C__dir	gem	e_coli_k12	C	True	LASER:Record1420657266.85:M1	Record1420657266.85	MNXM1108092	ethanol	up	fold	1.7	5.475443562094617e-10	ok	78	473	7.295528113918093e-12	2.8130021220048834e-06	0.4050632911392405	-0.06314609798380191	0.5147679324894515	5-8	mixed	4	3	False	False	False	R	False
e_coli_k12__gem__C__dir	gem	e_coli_k12	C	True	LASER:Record1420661189.03:M1	Record1420661189.03	MNXM1670	3-methyl-1-butanol	up	fold	6.0	0.0010672817559163024	created	31	473	0.0	0.0	0.03125	18.75878831848164	0.002109704641350211	17+	mixed	19	6	False	False	False	C	False
e_coli_k12__gem__C__dir	gem	e_coli_k12	C	True	LASER:Record1420666912.41:M1	Record1420666912.41	MNXM25	succinate	up	fold	1.1	-6.473675762119768e-13	ok	78	473	7.682444415867129e-12	2.8129976528044183e-06	0.5822784810126582	0.7204375023877063	0.18143459915611815	5-8	mixed	7	1	True	False	False	R	False
e_coli_k12__gem__C__dir	gem	e_coli_k12	C	True	LASER:Record1420666912.41:M2	Record1420666912.41	MNXM25	succinate	up	fold	1.32	-3.014342248031099e-14	below_floor	18	473	-3.703807659877212e-12	1.1260229367276499e-06	0.47368421052631576	-0.15631827721961278	0.5506329113924051	2	mixed	1	1	True	False	False	R	False
e_coli_k12__gem__C__dir	gem	e_coli_k12	C	True	LASER:Record1420666912.41:M3	Record1420666912.41	MNXM25	succinate	up	fold	1.18	-3.0730843217363635e-14	below_floor	37	473	1.10529098894252e-12	1.1676070044052983e-06	0.7105263157894737	-0.3024443154455707	0.6371308016877637	1	del_only	0	1	True	True	False	R	False
e_coli_k12__gem__C__dir	gem	e_coli_k12	C	True	LASER:Record1420666912.41:M4	Record1420666912.41	MNXM25	succinate	up	fold	1.3	-1.2427680412541164e-12	ok	18	473	-3.703807659877212e-12	1.1260229367276499e-06	0.47368421052631576	-0.15631915579742692	0.5506329113924051	2	mixed	1	1	True	False	False	R	False
e_coli_k12__gem__C__dir	gem	e_coli_k12	C	True	LASER:Record1420666912.41:M5	Record1420666912.41	MNXM25	succinate	up	fold	1.4	-2.3214720076825124e-14	below_floor	18	473	-3.703807659877212e-12	1.1260229367276499e-06	0.47368421052631576	-0.1563182721995892	0.5506329113924051	2	mixed	1	1	True	False	False	R	False
e_coli_k12__gem__C__dir	gem	e_coli_k12	C	True	LASER:Record1420666912.41:M6	Record1420666912.41	MNXM25	succinate	up	fold	1.42	-3.0730843217363635e-14	below_floor	37	473	1.10529098894252e-12	1.1676070044052983e-06	0.7105263157894737	-0.3024443154455707	0.6371308016877637	1	del_only	0	1	True	True	False	R	False
e_coli_k12__gem__C__dir	gem	e_coli_k12	C	True	LASER:Record1420666912.41:M7	Record1420666912.41	MNXM25	succinate	up	fold	1.3	-3.0730843217363635e-14	below_floor	18	473	-3.703807659877212e-12	1.1260229367276499e-06	0.47368421052631576	-0.15631827764521425	0.5506329113924051	2	mixed	1	1	True	False	False	R	False
e_coli_k12__gem__C__dir	gem	e_coli_k12	C	True	LASER:Record1420666912.41:M8	Record1420666912.41	MNXM25	succinate	up	fold	1.35	-3.0730843217363635e-14	below_floor	37	473	1.10529098894252e-12	1.1676070044052983e-06	0.7105263157894737	-0.3024443154455707	0.6371308016877637	1	del_only	0	1	True	True	False	R	False
e_coli_k12__gem__C__dir	gem	e_coli_k12	C	True	LASER:Record1420666912.41:M9	Record1420666912.41	MNXM25	succinate	up	fold	1.35	1.1444133835025738e-11	ok	30	473	1.7818928949552004e-11	2.9780216971729577e-06	0.5483870967741935	0.13594211179093496	0.4008438818565401	3-4	mixed	3	1	True	False	False	R	False
e_coli_k12__gem__C__dir	gem	e_coli_k12	C	True	LASER:Record1420735510.26:M1	Record1420735510.26	MNXM1371362	D-lactate	up	yield	2.686	2.3318623092849055e-06	ok	22	473	1.119716899231223e-06	2.337717333970087e-06	0.17391304347826086	0.868663183135252	0.15822784810126583	3-4	del_only	0	4	True	True	False	R	False
e_coli_k12__gem__C__dir	gem	e_coli_k12	C	True	LASER:Record1420735510.26:M2	Record1420735510.26	MNXM1371362	D-lactate	up	yield	3.779	5.604128272551634e-13	ok	24	473	5.044787829665276e-11	2.0227162919023574e-06	0.64	-0.4752539792500173	0.7489451476793249	2	del_only	0	2	True	True	False	R	False
e_coli_k12__gem__C__dir	gem	e_coli_k12	C	True	LASER:Record1420735510.26:M5	Record1420735510.26	MNXM1371362	D-lactate	up	yield	2.429	5.604128272551634e-13	ok	24	473	5.044787829665276e-11	2.0227162919023574e-06	0.64	-0.4752539792500173	0.7489451476793249	2	del_only	0	2	True	True	False	R	False
e_coli_k12__gem__C__dir	gem	e_coli_k12	C	True	LASER:Record1420735510.26:M6	Record1420735510.26	MNXM1371362	D-lactate	up	yield	2.957	-5.614690548431944e-11	ok	22	473	1.119716899231223e-06	2.337717333970087e-06	1.0	-0.6480844339869547	0.8312236286919831	3-4	del_only	0	3	True	True	False	R	False
e_coli_k12__gem__C__dir	gem	e_coli_k12	C	True	LASER:Record1420735510.26:M7	Record1420735510.26	MNXM1371362	D-lactate	up	yield	1.686	2.331862870567046e-06	ok	19	473	1.8301868487870677e-06	4.800852486859538e-06	0.45	0.5230848522480093	0.2468354430379747	5-8	del_only	0	6	True	True	False	R	False
e_coli_k12__gem__C__dir	gem	e_coli_k12	C	True	LASER:Record1420736845.03:M1	Record1420736845.03	MNXM1371363	L-lactate	up	titer		-4.962437899838634e-10	ok	78	473	9.924057018870225e-12	2.812996435350351e-06	0.7088607594936709	-0.38280578472838406	0.6940928270042194	5-8	mixed	3	4	True	False	False	R	False
e_coli_k12__gem__C__dir	gem	e_coli_k12	C	True	LASER:Record1420741999.5:M1	Record1420741999.5	MNXM872	3-HP	up	fold	7.4	1.1683739420489427e-06	ok	22	473	1.11971746208524e-06	2.3376973287210674e-06	0.2608695652173913	0.19839246128415308	0.3649789029535865	3-4	del_only	0	3	True	True	False	R	False
e_coli_k12__gem__C__dir	gem	e_coli_k12	C	True	LASER:Record1420743618.36:M1	Record1420743618.36	MNXM1108092	ethanol	up	titer		8.314753928775898e-10	ok	30	473	7.840040791053104e-12	2.978046036476545e-06	0.41935483870967744	-0.18239631675839527	0.5675105485232067	3-4	mixed	2	2	False	False	False	R	False
e_coli_k12__gem__C__dir	gem	e_coli_k12	C	True	LASER:Record1420751097.38:M1	Record1420751097.38	MNXM1108092	ethanol	up	titer		2.0330114761796247e-11	ok	87	473	-9.156676575368828e-07	3.768047968356263e-06	0.32954545454545453	-1.684832612318876	0.9514767932489452	9-16	del_only	0	9	True	True	False	R	False
e_coli_k12__gem__C__dir	gem	e_coli_k12	C	True	LASER:Record1420754551.36:M1	Record1420754551.36	MNXM737340	L-fumarate	up	titer		1.167642038475171e-06	ok	78	473	9.473640621981971e-12	2.812997503555359e-06	0.189873417721519	0.8091215554782507	0.16455696202531644	5-8	mixed	3	2	True	False	False	R	False
e_coli_k12__gem__C__dir	gem	e_coli_k12	C	True	LASER:Record1420823481.59:M1	Record1420823481.59	MNXM270	riboflavin	up	fold	12.0	3.08375304024916e-10	ok	53	473	-6.345924935709235e-11	3.7881543759534815e-06	0.4444444444444444	0.6406482794530329	0.20042194092827004	9-16	mixed	10	4	True	False	False	R	False
e_coli_k12__gem__C__dir	gem	e_coli_k12	C	True	LASER:Record1420824342.15:M1	Record1420824342.15	MNXM25	succinate	unknown	none		1.7214086059369471e-12	ok	30	473	-8.225862131338254e-17	1.0593037178766703e-11	0.1935483870967742	0.01648121583164214	0.43248945147679324	1	add_only	1	0	True	False	True	R	False
e_coli_k12__gem__C__dir	gem	e_coli_k12	C	True	LASER:Record1420827149.96:M1	Record1420827149.96	MNXM81353	sabinene	up	titer		0.0010741704262514943	created	30	473	0.0	0.0	0.03225806451612903	10.728048314970989	0.010548523206751054	9-16	add_only	9	0	False	False	False	C	False
e_coli_k12__gem__C__dir	gem	e_coli_k12	C	True	LASER:Record1420828539.55:M1	Record1420828539.55	MNXM1108092	ethanol	up	titer		9.306680209472673e-12	ok	78	473	7.295528113918093e-12	2.8130021220048834e-06	0.4936708860759494	-0.35579107899404255	0.6814345991561181	5-8	mixed	2	3	True	False	False	R	False
e_coli_k12__gem__C__dir	gem	e_coli_k12	C	True	LASER:Record1421181248.73:M1	Record1421181248.73	MNXM1108092	ethanol	up	titer		1.3643123089601694e-13	below_floor	18	473	-2.481792982927944e-13	1.1260207962398735e-06	0.5263157894736842	-0.15632706353492512	0.5527426160337553	2	mixed	1	1	True	False	False	R	False
e_coli_k12__gem__C__dir	gem	e_coli_k12	C	True	LASER:Record1421187298.98:M1	Record1421187298.98	MNXM23	pyruvate	up	fold	35.8	-4.953473742297376e-11	ok	19	473	1.8301961244629981e-06	4.800843328868853e-06	1.0	-1.1664628683185854	0.9113924050632911	5-8	del_only	0	6	True	True	False	R	False
e_coli_k12__gem__C__dir	gem	e_coli_k12	C	True	LASER:Record1421340194.69:M1	Record1421340194.69	MNXM738152	(2S)-naringenin	up	fold	4.31	-1.2499001940410192e-13	created	53	473	0.0	0.0	0.9814814814814815	-0.28918652238647796	0.9852320675105485	9-16	mixed	5	6	False	False	False	C	False
e_coli_k12__gem__C__dir	gem	e_coli_k12	C	True	LASER:Record1421341418.21:M1	Record1421341418.21	MNXM25	succinate	up	yield	8.6	-3.82458019247689e-12	ok	30	473	-8.225862131338254e-17	1.0593037178766703e-11	0.8709677419354839	0.016477197619707246	0.4767932489451477	1	add_only	1	0	False	False	False	R	False
e_coli_k12__gem__C__dir	gem	e_coli_k12	C	True	LASER:Record1421341942.82:M1	Record1421341942.82	MNXM1371363	L-lactate	up	titer		1.290337845252787e-12	ok	37	473	3.1519231669108194e-13	1.1676071104626488e-06	0.42105263157894735	-0.30244923439890714	0.6139240506329114	1	del_only	0	1	True	True	False	R	False
e_coli_k12__gem__C__dir	gem	e_coli_k12	C	True	LASER:Record1421341942.82:M2	Record1421341942.82	MNXM1371362	D-lactate	up	titer		1.7836550379041194e-12	ok	24	473	5.044787829665276e-11	2.0227162919023574e-06	0.64	-0.4752530929784789	0.7489451476793249	2	del_only	0	2	True	True	False	R	False
e_coli_k12__gem__C__dir	gem	e_coli_k12	C	True	LASER:Record1421355950.68:M1	Record1421355950.68	MNXM1371362	D-lactate	up	titer		9.769228026860165e-08	ok	22	473	1.119716899231223e-06	2.337717333970087e-06	0.6956521739130435	-0.577263096909091	0.8037974683544303	3-4	del_only	0	3	True	True	False	R	False
e_coli_k12__gem__C__dir	gem	e_coli_k12	C	True	LASER:Record1421355950.68:M2	Record1421355950.68	MNXM1371362	D-lactate	up	titer		1.6038806567586494e-12	ok	37	473	7.143055678199284e-13	1.167607033315853e-06	0.42105263157894735	-0.3024638544542566	0.6139240506329114	1	del_only	0	1	True	True	False	R	False
e_coli_k12__gem__C__dir	gem	e_coli_k12	C	True	LASER:Record1421355950.68:M3	Record1421355950.68	MNXM1371362	D-lactate	up	titer		9.769510035131067e-08	ok	22	473	1.119716899231223e-06	2.337717333970087e-06	0.6956521739130435	-0.7500504224596576	0.8459915611814346	3-4	del_only	0	4	True	True	False	R	False
e_coli_k12__gem__C__dir	gem	e_coli_k12	C	True	LASER:Record1421358274.81:M1	Record1421358274.81	MNXM25	succinate	up	titer		1.0882614254192902e-13	below_floor	22	473	1.1197117289706276e-06	2.3377628708005568e-06	0.9565217391304348	-0.8208388863528299	0.8544303797468354	3-4	del_only	0	4	True	True	False	R	False
e_coli_k12__gem__C__dir	gem	e_coli_k12	C	True	LASER:Record1421361586.89:M1	Record1421361586.89	MNXM458	butyrate	up	titer		-6.531697196293911e-07	ok	53	473	-9.617461102680303e-11	3.788109858204966e-06	0.6296296296296297	-0.4439697009700449	0.7194092827004219	9-16	mixed	7	5	False	False	False	R	False
e_coli_k12__gem__C__dir	gem	e_coli_k12	C	True	LASER:Record1421362933.52:M1	Record1421362933.52	MNXM118	Putrescine	up	titer		6.993453883274775e-06	ok	53	473	-4.0330617751688225e-11	3.788090334396398e-06	0.018518518518518517	5.388490576030224	0.002109704641350211	9-16	mixed	9	5	True	False	False	R	False
e_coli_k12__gem__C__dir	gem	e_coli_k12	C	True	LASER:Record1421366778.23:M1	Record1421366778.23	MNXM1108092	ethanol	up	fold	25.7	1.0795727007663347e-10	ok	53	473	-9.800023574764449e-11	3.7881080236490646e-06	0.46296296296296297	0.17544727746172048	0.37130801687763715	9-16	mixed	8	5	True	False	False	R	False
e_coli_k12__gem__C__dir	gem	e_coli_k12	C	True	LASER:Record1421436127.08:M1	Record1421436127.08	MNXM872	3-HP	up	titer		-1.135620779636878e-06	ok	52	473	3.518881150008091e-13	1.296082347463928e-06	0.9433962264150944	-0.6602643873335521	0.8312236286919831	2	add_only	2	0	False	False	False	R	False
e_coli_k12__gem__C__dir	gem	e_coli_k12	C	True	LASER:Record1421436723.73:M1	Record1421436723.73	MNXM1105732	L-alanine	up	titer		-5.512229344847852e-12	ok	78	473	1.1840526714483601e-11	2.8129901150661675e-06	0.6455696202531646	-0.6747159363505456	0.8354430379746836	5-8	mixed	1	4	False	False	False	R	False
e_coli_k12__gem__C__dir	gem	e_coli_k12	C	True	LASER:Record1445327759.27:M1	Record1445327759.27	MNXM1105732	l-alanine	unknown	endpoint_only		-2.15281340931045e-11	ok	22	473	1.1197170300730665e-06	2.3377422279474615e-06	0.9565217391304348	-0.8208532491289865	0.8544303797468354	3-4	del_only	0	4	True	True	False	R	False
e_coli_k12__gem__C__dir	gem	e_coli_k12	C	True	LASER:Record1445330168.98:M1	Record1445330168.98	MNXM1108250	beta-carotene	unknown	endpoint_only		8.343031356252785e-13	created	42	473	0.0	0.0	0.023255813953488372	26.952226133351736	0.002109704641350211	17+	add_only	17	0	False	False	False	C	False
e_coli_k12__gem__C__dir	gem	e_coli_k12	C	True	LASER:Record1445925852.59:M1	Record1445925852.59	MNXM737340	Fumaric acid	up	fold	7.0	1.167642038475171e-06	ok	30	473	1.3100197033925898e-11	2.9780303759260297e-06	0.16129032258064516	0.5168694055001142	0.2468354430379747	3-4	mixed	1	2	True	False	False	R	False
e_coli_k12__gem__C__dir	gem	e_coli_k12	C	True	LASER:Record1446017475.49:M1	Record1446017475.49	MNXM704	Deoxycytidine	unknown	endpoint_only		5.683672274444697e-06	ok	31	473	-2.0786988175235718e-06	5.1795393456972394e-06	0.0625	3.2831256675673997	0.004219409282700422	17+	mixed	7	10	True	False	False	R	False
e_coli_k12__gem__C__dir	gem	e_coli_k12	C	True	LASER:Record1446177836.98:M1	Record1446177836.98	MNXM1108092	ethanol;h2	unknown	none		-7.904998877705793e-11	ok	37	473	1.4996680113010807e-12	1.1675632564126132e-06	1.0	-0.3025119440526353	0.6603375527426161	1	del_only	0	1	True	True	False	R	False
e_coli_k12__gem__C__dir	gem	e_coli_k12	C	True	LASER:Record1446177836.98:M4	Record1446177836.98	MNXM1108092	ethanol;h2	unknown	none		1.7000347874232546e-10	ok	37	473	1.4996680113010807e-12	1.1675632564126132e-06	0.2894736842105263	-0.3023314996351308	0.6033755274261603	1	del_only	0	1	True	True	False	R	False
e_coli_k12__gem__C__dir	gem	e_coli_k12	C	True	LASER:Record1446177836.98:M5	Record1446177836.98	MNXM1108092	ethanol;h2	unknown	none		-9.370056380103575e-12	ok	24	473	1.4542142772085154e-10	2.022692609650213e-06	0.96	-0.475260543394572	0.7658227848101266	2	del_only	0	2	True	True	False	R	False
e_coli_k12__gem__C__dir	gem	e_coli_k12	C	True	LASER:Record1446177836.98:M6	Record1446177836.98	MNXM1108092	ethanol;h2	unknown	none		1.5269881713242395e-12	ok	37	473	1.4996680113010807e-12	1.1675632564126132e-06	0.5	-0.3024535643568433	0.620253164556962	1	del_only	0	1	True	True	False	R	False
e_coli_k12__gem__C__dir	gem	e_coli_k12	C	True	LASER:Record1446177836.98:M7	Record1446177836.98	MNXM1108092	ethanol;h2	unknown	none		6.216776225753673e-13	ok	37	473	1.4996680113010807e-12	1.1675632564126132e-06	0.5789473684210527	-0.3024542202731662	0.6265822784810127	1	del_only	0	1	True	True	False	R	False
e_coli_k12__gem__C__dir	gem	e_coli_k12	C	True	LASER:Record1446177836.98:M8	Record1446177836.98	MNXM1108092	ethanol;h2	unknown	none		2.932267751464858e-06	ok	37	473	1.4996680113010807e-12	1.1675632564126132e-06	0.02631578947368421	1.8220343061151285	0.04430379746835443	1	del_only	0	1	True	True	False	R	False
e_coli_k12__gem__C__dir	gem	e_coli_k12	C	True	LASER:Record1446177836.98:M9	Record1446177836.98	MNXM1108092	ethanol;h2	unknown	none		1.1676120457511548e-06	ok	37	473	1.4996680113010807e-12	1.1675632564126132e-06	0.07894736842105263	0.5435045426667255	0.23839662447257384	1	del_only	0	1	True	True	False	R	False
e_coli_k12__gem__C__dir	gem	e_coli_k12	C	True	LASER:Record1446446685.84:M1	Record1446446685.84	MNXM144	B-ALANINE	up	titer		9.867867807600295e-12	ok	35	473	-1.0601504368389775e-07	1.9888016537447633e-11	0.1388888888888889	0.45486072965548346	0.2552742616033755	3-4	add_only	4	0	True	False	True	R	False
e_coli_k12__gem__C__dir	gem	e_coli_k12	C	True	LASER:Record1446531696.33:M1	Record1446531696.33	MNXM25	succinate	unknown	endpoint_only		5.999191681621552e-11	ok	30	473	1.7818928949552004e-11	2.9780216971729577e-06	0.45161290322580644	-0.3290730136954227	0.6687763713080169	3-4	mixed	1	2	False	False	False	R	False
e_coli_k12__gem__C__dir	gem	e_coli_k12	C	True	LASER:Record1446532566.22:M1	Record1446532566.22	MNXM25	succinate	up	fold	3.23	-3.0730843217363635e-14	below_floor	37	473	1.10529098894252e-12	1.1676070044052983e-06	0.7105263157894737	-0.3024443154455707	0.6371308016877637	1	del_only	0	1	True	True	False	R	False
e_coli_k12__gem__C__dir	gem	e_coli_k12	C	True	LASER:Record1446533955.78:M1	Record1446533955.78	MNXM25	succinate	up	fold	3.5	-1.479621937125475e-11	ok	30	473	-8.225862131338254e-17	1.0593037178766703e-11	0.8709677419354839	0.01646924838412528	0.4767932489451477	1	add_only	1	0	True	False	True	R	False
e_coli_k12__gem__C__dir	gem	e_coli_k12	C	True	LASER:Record1446534595.78:M1	Record1446534595.78	MNXM25	succinate	unknown	none		9.750914097429036e-10	ok	52	473	4.944730605874192e-13	1.2960812698359022e-06	0.2641509433962264	0.16331248530443843	0.37763713080168776	2	add_only	2	0	True	False	True	R	False
e_coli_k12__gem__C__dir	gem	e_coli_k12	C	True	LASER:Record1447396968.96:M1	Record1447396968.96	MNXM1371362	d-lactate	up	yield	1.084	1.9121334290245207e-12	ok	18	473	-1.0779583605943777e-12	1.126023243407017e-06	0.3684210526315789	-0.15633524401500878	0.5464135021097046	2	mixed	1	1	True	False	False	R	False
e_coli_k12__gem__C__dir	gem	e_coli_k12	C	True	LASER:Record1447657780.0:M1	Record1447657780.0	MNXM1108250	beta-carotene	up	fold	3.5	8.343031356252784e-13	created	30	473	0.0	0.0	0.03225806451612903	27.057648684951435	0.002109704641350211	9-16	add_only	12	0	False	False	False	C	False
e_coli_k12__gem__C__dir	gem	e_coli_k12	C	True	LASER:Record1447658659.44:M1	Record1447658659.44	MNXM1108092	ethanol	up	fold	2.0	9.859166517978309e-06	ok	31	473	-2.0787375880539777e-06	5.179583706363964e-06	0.03125	4.115372404743326	0.002109704641350211	17+	mixed	5	21	False	False	False	R	False
e_coli_k12__gem__C__dir	gem	e_coli_k12	C	True	LASER:Record1447749536.66:M1	Record1447749536.66	MNXM25	succinate	up	fold	113.0	-3.0730843217363635e-14	below_floor	37	473	1.10529098894252e-12	1.1676070044052983e-06	0.7105263157894737	-0.3024443154455707	0.6371308016877637	1	del_only	0	1	True	True	False	R	False
e_coli_k12__gem__C__dir	gem	e_coli_k12	C	True	LASER:Record1449201641.39:M1	Record1449201641.39	MNXM872	3-HP	up	titer		-1.161645980238225e-06	ok	35	473	-1.0602643788285016e-07	1.1756505708185299e-11	0.5277777777777778	-0.532993194989795	0.7869198312236287	3-4	add_only	3	0	False	False	False	R	False
e_coli_k12__gem__C__dir	gem	e_coli_k12	C	True	LASER:Record1449210616.38:M1	Record1449210616.38	MNXM738152	Naringenin	up	fold	2.5	-1.2499001940410192e-13	created	41	473	0.0	0.0	1.0	-0.28776519697990705	0.9852320675105485	5-8	add_only	5	0	False	False	False	C	False
e_coli_k12__gem__C__dir	gem	e_coli_k12	C	True	LASER:Record1449552601.91:M1	Record1449552601.91	MNXM602	shikimate	up	titer		6.620591295244255e-10	ok	41	473	-1.165114061954563e-06	2.414705588260624e-12	0.023809523809523808	0.6014579123792064	0.21308016877637131	5-8	add_only	5	0	True	False	True	R	False
e_coli_k12__gem__C__dir	gem	e_coli_k12	C	True	LASER:Record1449560226.93:M1	Record1449560226.93	MNXM738702	NADPH	up	fold	25.0	-2.32746314568987e-06	ok	35	473	-1.0602445805790901e-07	3.0722364496166215e-11	0.9722222222222222	-1.2314477426512227	0.9219409282700421	3-4	add_only	4	0	False	False	False	R	False
e_coli_k12__gem__C__dir	gem	e_coli_k12	C	True	LASER:Record1449642554.79:M1	Record1449642554.79	MNXM1371362	d-lactate	up	fold	1.44	1.9076819366885354e-06	ok	24	473	5.044787829665276e-11	2.0227162919023574e-06	0.12	0.9069119511108799	0.14978902953586498	2	del_only	0	2	True	True	False	R	False
e_coli_k12__gem__C__dir	gem	e_coli_k12	C	True	LASER:Record1449726897.09:M1	Record1449726897.09	MNXM872	3-HP	up	fold	1.7	0.0	below_floor	30	473	0.0	1.4463269275809246e-11	0.5483870967741935	0.016376822555854705	0.45569620253164556	1	add_only	1	0	True	False	True	R	False
e_coli_k12__gem__C__dir	gem	e_coli_k12	C	True	LASER:Record1449738882.59:M1	Record1449738882.59	MNXM1747	itaconate	up	titer		0.0010776443925724637	created	78	473	0.0	0.0	0.012658227848101266	10.907721559039263	0.006329113924050633	5-8	mixed	4	2	False	False	False	C	False
e_coli_k12__gem__C__dir	gem	e_coli_k12	C	True	LASER:Record1449805187.29:M1	Record1449805187.29	MNXM1370996	caffeic acid	up	titer		-9.072741083929626e-07	ok	30	473	-3.3347890421309145e-14	5.719183237889651e-12	0.967741935483871	-0.8276525382937129	0.8586497890295358	1	add_only	1	0	False	False	False	R	False
e_coli_k12__gem__C__dir	gem	e_coli_k12	C	True	LASER:Record1449806335.95:M1	Record1449806335.95	MNXM25	succinate	up	titer		3.3030365261497996e-09	ok	30	473	1.7818928949552004e-11	2.9780216971729577e-06	0.41935483870967744	-0.4995215682331312	0.7742616033755274	3-4	mixed	1	3	False	False	False	R	False
e_coli_k12__gem__C__dir	gem	e_coli_k12	C	True	LASER:Record1449806335.95:M2	Record1449806335.95	MNXM25	succinate	up	titer		3.4892393991161653e-06	ok	87	473	-9.156145861543077e-07	3.767866550979721e-06	0.07954545454545454	0.49761741109857394	0.2489451476793249	9-16	del_only	0	11	True	True	False	R	False
e_coli_k12__gem__C__dir	gem	e_coli_k12	C	True	LASER:Record1450145811.55:M1	Record1450145811.55	MNXM26	acetate	up	fold	1.5	3.689756833402669e-15	below_floor	37	473	1.8214726602017173e-13	1.1676022066342638e-06	0.5526315789473685	-0.30244434875276205	0.6244725738396625	1	del_only	0	1	True	True	False	R	False
e_coli_k12__gem__C__dir	gem	e_coli_k12	C	True	LASER:Record1450145811.55:M2	Record1450145811.55	MNXM1371362	d-lactate	up	fold	3.33	1.858480600316903e-12	ok	37	473	7.143055678199284e-13	1.167607033315853e-06	0.42105263157894735	-0.30246366998982127	0.6139240506329114	1	del_only	0	1	True	True	False	R	False
e_coli_k12__gem__C__dir	gem	e_coli_k12	C	True	LASER:Record1450238773.81:M1	Record1450238773.81	MNXM1734	D-galactonate	up	titer		-0.001079957668467573	ok	24	473	4.2594031275135225e-11	2.022674183640309e-06	1.0	-7.285033503160093	0.9978902953586498	2	del_only	0	2	True	True	False	R	False
e_coli_k12__gem__C__dir	gem	e_coli_k12	C	True	LASER:Record1450240375.41:M1	Record1450240375.41	MNXM3230	n-butanol	up	titer		0.0010748354251737234	created	30	473	0.0	0.0	0.06451612903225806	15.256656375287866	0.002109704641350211	9-16	add_only	13	0	False	False	False	C	False
e_coli_k12__gem__C__und	gem	e_coli_k12	C	False	LASER:Record1419612180.15:M1	Record1419612180.15	MNXM3288	Isoprene	up	fold	2.3	0.0010712557886110746	created	35	473	0.0	0.0	0.05555555555555555	9.764168776379423	0.002109704641350211	3-4	add_only	3	0	False	False	False	C	False
e_coli_k12__gem__C__und	gem	e_coli_k12	C	False	LASER:Record1419612292.57:M1	Record1419612292.57	MNXM3288	Isoprene	up	fold	2.3	0.0010712557886110746	created	35	473	0.0	0.0	0.05555555555555555	9.764168776379423	0.002109704641350211	3-4	add_only	3	0	False	False	False	C	False
e_coli_k12__gem__C__und	gem	e_coli_k12	C	False	LASER:Record1419616868.41:M1	Record1419616868.41	MNXM1108092	Ethanol	up	titer	1.6	2.658204093040212e-10	ok	78	473	4.458373232228696e-12	2.8200346982751154e-06	0.31645569620253167	-0.5041631793398111	0.7848101265822784	5-8	mixed	2	4	False	False	False	R	False
e_coli_k12__gem__C__und	gem	e_coli_k12	C	False	LASER:Record1419618777.21:M1	Record1419618777.21	MNXM3230	n-butanol	up	fold	3.9	0.0010678393873929724	created	53	473	0.0	0.0	0.018518518518518517	15.270317777477413	0.002109704641350211	9-16	mixed	12	4	False	False	False	C	False
e_coli_k12__gem__C__und	gem	e_coli_k12	C	False	LASER:Record1419622531.88:M1	Record1419622531.88	MNXM3085	isopropanol	up	titer		0.0010712579630365046	created	41	473	0.0	0.0	0.023809523809523808	10.827819223976565	0.004219409282700422	5-8	add_only	7	0	False	False	False	C	False
e_coli_k12__gem__C__und	gem	e_coli_k12	C	False	LASER:Record1419702544.12:M1	Record1419702544.12	MNXM3230	n-butanol	up	fold	1500.0	0.0010667003052803165	created	30	473	0.0	0.0	0.06451612903225806	15.144769415304397	0.004219409282700422	9-16	add_only	16	0	False	False	False	C	False
e_coli_k12__gem__C__und	gem	e_coli_k12	C	False	LASER:Record1419820798.43:M1	Record1419820798.43	MNXM738702	NADPH	up	fold	1.7	6.93506771107244e-11	ok	42	473	-1.8029492059271502e-06	6.421353613294783e-06	0.3953488372093023	-7.45726383444419	1.0	17+	del_only	0	44	True	True	False	R	False
e_coli_k12__gem__C__und	gem	e_coli_k12	C	False	LASER:Record1419871302.73:M1	Record1419871302.73	MNXM1997	Abietadiene	up	titer		0.0	created	41	473	0.0	0.0	1.0			5-8	add_only	6	0	False	False	False	C	False
e_coli_k12__gem__C__und	gem	e_coli_k12	C	False	LASER:Record1419872698.65:M1	Record1419872698.65	MNXM1780	Taxadiene	up	fold	15000.0	0.0006429812888856217	created	41	473	0.0	0.0	0.023809523809523808			5-8	add_only	6	0	False	False	False	C	False
e_coli_k12__gem__C__und	gem	e_coli_k12	C	False	LASER:Record1419966947.93:M1	Record1419966947.93	MNXM25	succinate	up	fold	4.0	-4.823971539065497e-11	ok	30	473	6.857657454048538e-12	2.9426020861971433e-06	0.8387096774193549	-0.4817006181660958	0.7742616033755274	3-4	mixed	1	3	False	False	False	R	False
e_coli_k12__gem__C__und	gem	e_coli_k12	C	False	LASER:Record1419968290.81:M1	Record1419968290.81	MNXM1108092	H2;ethanol	unknown	endpoint_only		4.710779943212229e-12	ok	19	473	1.8084813120141773e-06	4.790879653093034e-06	0.95	-1.1254913324916203	0.9071729957805907	5-8	del_only	0	6	True	True	False	R	False
e_coli_k12__gem__C__und	gem	e_coli_k12	C	False	LASER:Record1419968290.81:M2	Record1419968290.81	MNXM1108092	H2;ethanol	unknown	endpoint_only		4.710779943212229e-12	ok	19	473	1.8084813120141773e-06	4.790879653093034e-06	0.95	-1.1254913324916203	0.9071729957805907	5-8	del_only	0	6	True	True	False	R	False
e_coli_k12__gem__C__und	gem	e_coli_k12	C	False	LASER:Record1419971010.72:M1	Record1419971010.72	MNXM1108092	ethanol	up	titer		1.8835045784322546e-10	ok	53	473	-5.436748273801584e-12	3.740134948136599e-06	0.37037037037037035	-1.1707234884669644	0.9135021097046413	9-16	mixed	2	8	False	False	False	R	False
e_coli_k12__gem__C__und	gem	e_coli_k12	C	False	LASER:Record1419973694.76:M1	Record1419973694.76	MNXM3085	isopropanol	up	titer		0.0010712579742522188	created	35	473	0.0	0.0	0.027777777777777776	10.916391562038903	0.002109704641350211	3-4	add_only	3	0	False	False	False	C	False
e_coli_k12__gem__C__und	gem	e_coli_k12	C	False	LASER:Record1420065439.92:M1	Record1420065439.92	MNXM1108092	Ethanol	up	fold	2.5	-1.1510199061238579e-06	ok	78	473	4.458373232228696e-12	2.8200346982751154e-06	0.8354430379746836	-0.5522724444395605	0.8016877637130801	5-8	mixed	4	1	False	False	False	R	False
e_coli_k12__gem__C__und	gem	e_coli_k12	C	False	LASER:Record1420480571.45:M1	Record1420480571.45	MNXM398	acetone	up	titer		0.001072404548273825	created	30	473	0.0	0.0	0.03225806451612903	7.842928254322682	0.002109704641350211	1	add_only	1	0	False	False	False	C	False
e_coli_k12__gem__C__und	gem	e_coli_k12	C	False	LASER:Record1420483763.95:M1	Record1420483763.95	MNXM1108092	ethanol	up	fold	1.48	7.823322068292726e-12	ok	78	473	4.458373232228696e-12	2.8200346982751154e-06	0.4810126582278481	-0.1937812050868204	0.5717299578059072	5-8	mixed	3	3	True	False	False	R	False
e_coli_k12__gem__C__und	gem	e_coli_k12	C	False	LASER:Record1420484655.86:M1	Record1420484655.86	MNXM1108092	H2;ethanol	up	fold	20.0	5.163000235675064e-12	below_floor	24	473	5.070378904063755e-12	2.215326185451508e-06	0.52	-0.45898694094140097	0.7383966244725738	2	del_only	0	2	True	True	False	R	False
e_coli_k12__gem__C__und	gem	e_coli_k12	C	False	LASER:Record1420564498.19:M1	Record1420564498.19	MNXM75	acetalaldehyde	up	fold	1.74	5.3588706822732535e-12	ok	78	473	4.0083615680114315e-12	2.8200357552164554e-06	0.4810126582278481	-0.648291324187102	0.8291139240506329	5-8	mixed	1	4	True	False	False	R	False
e_coli_k12__gem__C__und	gem	e_coli_k12	C	False	LASER:Record1420579970.27:M1	Record1420579970.27	MNXM1371363	L-lactate	up	titer		-3.6148872306976387e-10	ok	78	473	3.4499970155005277e-12	2.8200369492147303e-06	0.7088607594936709	-0.5272912787521706	0.7911392405063291	5-8	mixed	3	5	False	False	False	R	False
e_coli_k12__gem__C__und	gem	e_coli_k12	C	False	LASER:Record1420580799.33:M1	Record1420580799.33	MNXM25	succinate	up	fold	1.25	1.1536868293785755e-06	ok	19	473	1.8084695584904588e-06	4.7908741440729714e-06	0.7	-0.6211098589213886	0.8143459915611815	5-8	del_only	0	8	True	True	False	R	False
e_coli_k12__gem__C__und	gem	e_coli_k12	C	False	LASER:Record1420581833.49:M1	Record1420581833.49	MNXM3230	n-butanol	up	titer		0.0010672502691240955	created	53	473	0.0	0.0	0.018518518518518517	15.261739653667512	0.002109704641350211	9-16	mixed	12	4	False	False	False	C	False
e_coli_k12__gem__C__und	gem	e_coli_k12	C	False	LASER:Record1420655176.75:M1	Record1420655176.75	MNXM1108092	ethanol	up	fold	3.5	9.174664673816668e-11	ok	53	473	-5.436748273801584e-12	3.740134948136599e-06	0.37037037037037035	-0.07245974283006493	0.5084388185654009	9-16	mixed	5	4	True	False	False	R	False
e_coli_k12__gem__C__und	gem	e_coli_k12	C	False	LASER:Record1420655787.75:M1	Record1420655787.75	MNXM737068	xylitol	up	titer		0.0	created	18	473	0.0	0.0	1.0			2	mixed	1	1	False	False	False	C	False
e_coli_k12__gem__C__und	gem	e_coli_k12	C	False	LASER:Record1420657266.85:M1	Record1420657266.85	MNXM1108092	ethanol	up	fold	1.7	2.9108722160095524e-10	ok	78	473	4.458373232228696e-12	2.8200346982751154e-06	0.31645569620253167	-0.04963227215927374	0.5021097046413502	5-8	mixed	4	3	False	False	False	R	False
e_coli_k12__gem__C__und	gem	e_coli_k12	C	False	LASER:Record1420661189.03:M1	Record1420661189.03	MNXM1670	3-methyl-1-butanol	up	fold	6.0	0.001061027500808733	created	31	473	0.0	0.0	0.03125	18.769494724212326	0.002109704641350211	17+	mixed	19	6	False	False	False	C	False
e_coli_k12__gem__C__und	gem	e_coli_k12	C	False	LASER:Record1420666912.41:M1	Record1420666912.41	MNXM25	succinate	up	fold	1.1	-3.107855335929277e-12	ok	78	473	7.60854703893421e-12	2.8200331923379325e-06	0.5822784810126582	0.7152314028208668	0.18354430379746836	5-8	mixed	7	1	True	False	False	R	False
e_coli_k12__gem__C__und	gem	e_coli_k12	C	False	LASER:Record1420666912.41:M2	Record1420666912.41	MNXM25	succinate	up	fold	1.32	-4.683935531102357e-13	below_floor	18	473	-4.393936278192234e-12	6.618133907568737e-07	0.3684210526315789	-0.14841746019603047	0.5421940928270043	2	mixed	1	1	True	False	False	R	False
e_coli_k12__gem__C__und	gem	e_coli_k12	C	False	LASER:Record1420666912.41:M3	Record1420666912.41	MNXM25	succinate	up	fold	1.18	-1.0874302760338628e-12	below_floor	37	473	2.0174725605393018e-13	1.1537664864689177e-06	0.8421052631578947	-0.2923597061996739	0.6518987341772152	1	del_only	0	1	True	True	False	R	False
e_coli_k12__gem__C__und	gem	e_coli_k12	C	False	LASER:Record1420666912.41:M4	Record1420666912.41	MNXM25	succinate	up	fold	1.3	-2.2395048055595668e-12	ok	18	473	-4.393936278192234e-12	6.618133907568737e-07	0.47368421052631576	-0.14841874608739913	0.5464135021097046	2	mixed	1	1	True	False	False	R	False
e_coli_k12__gem__C__und	gem	e_coli_k12	C	False	LASER:Record1420666912.41:M5	Record1420666912.41	MNXM25	succinate	up	fold	1.4	-1.0059706973680749e-12	below_floor	18	473	-4.393936278192234e-12	6.618133907568737e-07	0.3684210526315789	-0.14841785049664474	0.5421940928270043	2	mixed	1	1	True	False	False	R	False
e_coli_k12__gem__C__und	gem	e_coli_k12	C	False	LASER:Record1420666912.41:M6	Record1420666912.41	MNXM25	succinate	up	fold	1.42	-1.0874302760338628e-12	below_floor	37	473	2.0174725605393018e-13	1.1537664864689177e-06	0.8421052631578947	-0.2923597061996739	0.6518987341772152	1	del_only	0	1	True	True	False	R	False
e_coli_k12__gem__C__und	gem	e_coli_k12	C	False	LASER:Record1420666912.41:M7	Record1420666912.41	MNXM25	succinate	up	fold	1.3	-1.0874302760338628e-12	below_floor	18	473	-4.393936278192234e-12	6.618133907568737e-07	0.3684210526315789	-0.14841790963927	0.5421940928270043	2	mixed	1	1	True	False	False	R	False
e_coli_k12__gem__C__und	gem	e_coli_k12	C	False	LASER:Record1420666912.41:M8	Record1420666912.41	MNXM25	succinate	up	fold	1.35	-1.0874302760338628e-12	below_floor	37	473	2.0174725605393018e-13	1.1537664864689177e-06	0.8421052631578947	-0.2923597061996739	0.6518987341772152	1	del_only	0	1	True	True	False	R	False
e_coli_k12__gem__C__und	gem	e_coli_k12	C	False	LASER:Record1420666912.41:M9	Record1420666912.41	MNXM25	succinate	up	fold	1.35	9.296386794047096e-12	ok	30	473	6.857657454048538e-12	2.9426020861971433e-06	0.4838709677419355	0.13947322251146932	0.3924050632911392	3-4	mixed	3	1	True	False	False	R	False
e_coli_k12__gem__C__und	gem	e_coli_k12	C	False	LASER:Record1420735510.26:M1	Record1420735510.26	MNXM1371362	D-lactate	up	yield	2.686	1.1537439418322307e-06	ok	22	473	1.1537612043181593e-06	2.310001528872457e-06	0.5652173913043478	0.04543089689781933	0.4177215189873418	3-4	del_only	0	4	True	True	False	R	False
e_coli_k12__gem__C__und	gem	e_coli_k12	C	False	LASER:Record1420735510.26:M2	Record1420735510.26	MNXM1371362	D-lactate	up	yield	3.779	-8.680057540788599e-14	below_floor	24	473	3.3702454889372735e-12	2.2153301705514317e-06	0.72	-0.45898585218312854	0.7489451476793249	2	del_only	0	2	True	True	False	R	False
e_coli_k12__gem__C__und	gem	e_coli_k12	C	False	LASER:Record1420735510.26:M5	Record1420735510.26	MNXM1371362	D-lactate	up	yield	2.429	-8.680057540788599e-14	below_floor	24	473	3.3702454889372735e-12	2.2153301705514317e-06	0.72	-0.45898585218312854	0.7489451476793249	2	del_only	0	2	True	True	False	R	False
e_coli_k12__gem__C__und	gem	e_coli_k12	C	False	LASER:Record1420735510.26:M6	Record1420735510.26	MNXM1371362	D-lactate	up	yield	2.957	-1.1431444549639402e-11	ok	22	473	1.1537612043181593e-06	2.310001528872457e-06	0.9130434782608695	-0.6256165444009244	0.8248945147679325	3-4	del_only	0	3	True	True	False	R	False
e_coli_k12__gem__C__und	gem	e_coli_k12	C	False	LASER:Record1420735510.26:M7	Record1420735510.26	MNXM1371362	D-lactate	up	yield	1.686	1.1537441014675565e-06	ok	19	473	1.8084768456344373e-06	4.790855132472301e-06	0.7	-0.2878138983580847	0.5949367088607594	5-8	del_only	0	6	True	True	False	R	False
e_coli_k12__gem__C__und	gem	e_coli_k12	C	False	LASER:Record1420736845.03:M1	Record1420736845.03	MNXM1371363	L-lactate	up	titer		-5.005686360207151e-11	ok	78	473	3.4499970155005277e-12	2.8200369492147303e-06	0.7088607594936709	-0.36044112227560887	0.6919831223628692	5-8	mixed	3	4	True	False	False	R	False
e_coli_k12__gem__C__und	gem	e_coli_k12	C	False	LASER:Record1420741999.5:M1	Record1420741999.5	MNXM872	3-HP	up	fold	7.4	1.1537064916944048e-06	ok	22	473	1.1533996129190838e-06	2.310026328089488e-06	0.5217391304347826	0.2119984347677059	0.36075949367088606	3-4	del_only	0	3	True	True	False	R	False
e_coli_k12__gem__C__und	gem	e_coli_k12	C	False	LASER:Record1420743618.36:M1	Record1420743618.36	MNXM1108092	ethanol	up	titer		4.055921950293223e-10	ok	30	473	2.6682672998185053e-12	2.942619666310409e-06	0.3870967741935484	-0.17080966850475895	0.5654008438818565	3-4	mixed	2	2	False	False	False	R	False
e_coli_k12__gem__C__und	gem	e_coli_k12	C	False	LASER:Record1420751097.38:M1	Record1420751097.38	MNXM1108092	ethanol	up	titer		1.6862203690640176e-11	ok	87	473	-9.987706860135892e-07	3.5001662937740513e-06	0.29545454545454547	-1.6253605575481485	0.9493670886075949	9-16	del_only	0	9	True	True	False	R	False
e_coli_k12__gem__C__und	gem	e_coli_k12	C	False	LASER:Record1420754551.36:M1	Record1420754551.36	MNXM737340	L-fumarate	up	titer		1.153795608552395e-06	ok	78	473	7.56918562116321e-12	2.820033871342886e-06	0.13924050632911392	0.8105393947541014	0.16244725738396623	5-8	mixed	3	2	True	False	False	R	False
e_coli_k12__gem__C__und	gem	e_coli_k12	C	False	LASER:Record1420823481.59:M1	Record1420823481.59	MNXM270	riboflavin	up	fold	12.0	2.843855910310278e-10	ok	53	473	2.3292208006092663e-12	3.740128430920492e-06	0.37037037037037035	0.6473903517478085	0.1940928270042194	9-16	mixed	10	4	True	False	False	R	False
e_coli_k12__gem__C__und	gem	e_coli_k12	C	False	LASER:Record1420824342.15:M1	Record1420824342.15	MNXM25	succinate	unknown	none		-2.6358190803599246e-13	below_floor	30	473	0.0	1.648773617635154e-11	0.7096774193548387	0.018206925628695646	0.46835443037974683	1	add_only	1	0	True	False	True	R	False
e_coli_k12__gem__C__und	gem	e_coli_k12	C	False	LASER:Record1420827149.96:M1	Record1420827149.96	MNXM81353	sabinene	up	titer		0.0010678237374355376	created	30	473	0.0	0.0	0.03225806451612903	10.728257074493573	0.010548523206751054	9-16	add_only	9	0	False	False	False	C	False
e_coli_k12__gem__C__und	gem	e_coli_k12	C	False	LASER:Record1420828539.55:M1	Record1420828539.55	MNXM1108092	ethanol	up	titer		1.6996879381378505e-11	ok	78	473	4.458373232228696e-12	2.8200346982751154e-06	0.4177215189873418	-0.33771781815316865	0.6814345991561181	5-8	mixed	2	3	True	False	False	R	False
e_coli_k12__gem__C__und	gem	e_coli_k12	C	False	LASER:Record1421181248.73:M1	Record1421181248.73	MNXM1108092	ethanol	up	titer		1.3615844562941959e-12	below_floor	18	473	-1.3918619945832433e-12	6.618094923347938e-07	0.3157894736842105	-0.14842041170608009	0.540084388185654	2	mixed	1	1	True	False	False	R	False
e_coli_k12__gem__C__und	gem	e_coli_k12	C	False	LASER:Record1421187298.98:M1	Record1421187298.98	MNXM23	pyruvate	up	fold	35.8	-2.4139439796025397e-11	ok	19	473	1.8084749840966037e-06	4.790881504818621e-06	1.0	-1.1254966505657578	0.9092827004219409	5-8	del_only	0	6	True	True	False	R	False
e_coli_k12__gem__C__und	gem	e_coli_k12	C	False	LASER:Record1421340194.69:M1	Record1421340194.69	MNXM738152	(2S)-naringenin	up	fold	4.31	0.0	created	53	473	0.0	0.0	1.0			9-16	mixed	5	6	False	False	False	C	False
e_coli_k12__gem__C__und	gem	e_coli_k12	C	False	LASER:Record1421341418.21:M1	Record1421341418.21	MNXM25	succinate	up	yield	8.6	-2.5646483634705897e-12	ok	30	473	0.0	1.648773617635154e-11	0.8387096774193549	0.018205254970520043	0.4767932489451477	1	add_only	1	0	False	False	False	R	False
e_coli_k12__gem__C__und	gem	e_coli_k12	C	False	LASER:Record1421341942.82:M1	Record1421341942.82	MNXM1371363	L-lactate	up	titer		-2.62150587695964e-12	ok	37	473	2.979411422437961e-13	1.1537685171546935e-06	0.9473684210526315	-0.2923639190059617	0.6603375527426161	1	del_only	0	1	True	True	False	R	False
e_coli_k12__gem__C__und	gem	e_coli_k12	C	False	LASER:Record1421341942.82:M2	Record1421341942.82	MNXM1371362	D-lactate	up	titer		2.665247644979829e-11	ok	24	473	3.3702454889372735e-12	2.2153301705514317e-06	0.36	-0.4589664384599537	0.729957805907173	2	del_only	0	2	True	True	False	R	False
e_coli_k12__gem__C__und	gem	e_coli_k12	C	False	LASER:Record1421355950.68:M1	Record1421355950.68	MNXM1371362	D-lactate	up	titer		-1.4685766274932788e-11	ok	22	473	1.1537612043181593e-06	2.310001528872457e-06	0.9130434782608695	-0.625618907161183	0.8248945147679325	3-4	del_only	0	3	True	True	False	R	False
e_coli_k12__gem__C__und	gem	e_coli_k12	C	False	LASER:Record1421355950.68:M2	Record1421355950.68	MNXM1371362	D-lactate	up	titer		-4.803190180660555e-12	ok	37	473	-4.5748344348894854e-14	1.1537666856778396e-06	0.9473684210526315	-0.2923668208812027	0.6603375527426161	1	del_only	0	1	True	True	False	R	False
e_coli_k12__gem__C__und	gem	e_coli_k12	C	False	LASER:Record1421355950.68:M3	Record1421355950.68	MNXM1371362	D-lactate	up	titer		-1.8373234140708905e-11	ok	22	473	1.1537612043181593e-06	2.310001528872457e-06	0.9130434782608695	-0.7922440399804531	0.8481012658227848	3-4	del_only	0	4	True	True	False	R	False
e_coli_k12__gem__C__und	gem	e_coli_k12	C	False	LASER:Record1421358274.81:M1	Record1421358274.81	MNXM25	succinate	up	titer		2.1934408499582614e-11	ok	22	473	1.1537542025549493e-06	2.3100303672122246e-06	0.6956521739130435	-0.7922157028770301	0.8438818565400844	3-4	del_only	0	4	True	True	False	R	False
e_coli_k12__gem__C__und	gem	e_coli_k12	C	False	LASER:Record1421361586.89:M1	Record1421361586.89	MNXM458	butyrate	up	titer		-6.448687607685678e-07	ok	53	473	-7.046626303297554e-12	3.740143190727367e-06	0.6296296296296297	-0.419458173069023	0.7215189873417721	9-16	mixed	7	5	False	False	False	R	False
e_coli_k12__gem__C__und	gem	e_coli_k12	C	False	LASER:Record1421362933.52:M1	Record1421362933.52	MNXM118	Putrescine	up	titer		6.909900765489797e-06	ok	53	473	-8.924205558563658e-12	3.7401187152606615e-06	0.018518518518518517	5.353523978480648	0.002109704641350211	9-16	mixed	9	5	True	False	False	R	False
e_coli_k12__gem__C__und	gem	e_coli_k12	C	False	LASER:Record1421366778.23:M1	Record1421366778.23	MNXM1108092	ethanol	up	fold	25.7	4.116674154341915e-10	ok	53	473	-5.436748273801584e-12	3.740134948136599e-06	0.37037037037037035	0.19297633524800614	0.36075949367088606	9-16	mixed	8	5	True	False	False	R	False
e_coli_k12__gem__C__und	gem	e_coli_k12	C	False	LASER:Record1421436127.08:M1	Record1421436127.08	MNXM872	3-HP	up	titer		-1.1404346464255737e-06	ok	52	473	1.0357025567037104e-13	1.5786058294826121e-06	0.9433962264150944	-0.6658753122290182	0.8375527426160337	2	add_only	2	0	False	False	False	R	False
e_coli_k12__gem__C__und	gem	e_coli_k12	C	False	LASER:Record1421436723.73:M1	Record1421436723.73	MNXM1105732	L-alanine	up	titer		7.114514077692646e-11	ok	78	473	2.2229090313255484e-12	2.820032328039586e-06	0.34177215189873417	-0.6482401318395871	0.8291139240506329	5-8	mixed	1	4	False	False	False	R	False
e_coli_k12__gem__C__und	gem	e_coli_k12	C	False	LASER:Record1445327759.27:M1	Record1445327759.27	MNXM1105732	l-alanine	unknown	endpoint_only		-2.1560659724598197e-11	ok	22	473	1.1537662995720222e-06	2.3100127590562753e-06	0.9565217391304348	-0.7922491284480715	0.8481012658227848	3-4	del_only	0	4	True	True	False	R	False
e_coli_k12__gem__C__und	gem	e_coli_k12	C	False	LASER:Record1445330168.98:M1	Record1445330168.98	MNXM1108250	beta-carotene	unknown	endpoint_only		0.0	created	42	473	0.0	0.0	1.0			17+	add_only	17	0	False	False	False	C	False
e_coli_k12__gem__C__und	gem	e_coli_k12	C	False	LASER:Record1445925852.59:M1	Record1445925852.59	MNXM737340	Fumaric acid	up	fold	7.0	1.153795608552395e-06	ok	30	473	6.311032425820873e-12	2.9426064742689287e-06	0.16129032258064516	0.5226560189993535	0.23628691983122363	3-4	mixed	1	2	True	False	False	R	False
e_coli_k12__gem__C__und	gem	e_coli_k12	C	False	LASER:Record1446017475.49:M1	Record1446017475.49	MNXM704	Deoxycytidine	unknown	endpoint_only		5.60804399874458e-06	ok	31	473	-2.0541446908342153e-06	5.547324604497747e-06	0.09375	3.2872305368875137	0.004219409282700422	17+	mixed	7	10	True	False	False	R	False
e_coli_k12__gem__C__und	gem	e_coli_k12	C	False	LASER:Record1446177836.98:M1	Record1446177836.98	MNXM1108092	ethanol;h2	unknown	none		-8.722444142829355e-11	ok	37	473	3.334383550518405e-13	1.1537668668912607e-06	1.0	-0.2924280016621853	0.6645569620253164	1	del_only	0	1	True	True	False	R	False
e_coli_k12__gem__C__und	gem	e_coli_k12	C	False	LASER:Record1446177836.98:M4	Record1446177836.98	MNXM1108092	ethanol;h2	unknown	none		7.624575883852236e-13	below_floor	37	473	3.334383550518405e-13	1.1537668668912607e-06	0.42105263157894735	-0.2923641200842643	0.6181434599156118	1	del_only	0	1	True	True	False	R	False
e_coli_k12__gem__C__und	gem	e_coli_k12	C	False	LASER:Record1446177836.98:M5	Record1446177836.98	MNXM1108092	ethanol;h2	unknown	none		8.645458481060242e-12	ok	24	473	5.070378904063755e-12	2.215326185451508e-06	0.44	-0.4589844125544451	0.7341772151898734	2	del_only	0	2	True	True	False	R	False
e_coli_k12__gem__C__und	gem	e_coli_k12	C	False	LASER:Record1446177836.98:M6	Record1446177836.98	MNXM1108092	ethanol;h2	unknown	none		-2.57596895203438e-12	below_floor	37	473	3.334383550518405e-13	1.1537668668912607e-06	0.868421052631579	-0.2923665438991454	0.6540084388185654	1	del_only	0	1	True	True	False	R	False
e_coli_k12__gem__C__und	gem	e_coli_k12	C	False	LASER:Record1446177836.98:M7	Record1446177836.98	MNXM1108092	ethanol;h2	unknown	none		3.863420000582707e-13	below_floor	37	473	3.334383550518405e-13	1.1537668668912607e-06	0.47368421052631576	-0.29236439315738694	0.6223628691983122	1	del_only	0	1	True	True	False	R	False
e_coli_k12__gem__C__und	gem	e_coli_k12	C	False	LASER:Record1446177836.98:M8	Record1446177836.98	MNXM1108092	ethanol;h2	unknown	none		2.8978244037696117e-06	ok	37	473	3.334383550518405e-13	1.1537668668912607e-06	0.02631578947368421	1.8115575865838796	0.05063291139240506	1	del_only	0	1	True	True	False	R	False
e_coli_k12__gem__C__und	gem	e_coli_k12	C	False	LASER:Record1446177836.98:M9	Record1446177836.98	MNXM1108092	ethanol;h2	unknown	none		1.153766732720548e-06	ok	37	473	3.334383550518405e-13	1.1537668668912607e-06	0.10526315789473684	0.5453104832439852	0.23417721518987342	1	del_only	0	1	True	True	False	R	False
e_coli_k12__gem__C__und	gem	e_coli_k12	C	False	LASER:Record1446446685.84:M1	Record1446446685.84	MNXM144	B-ALANINE	up	titer		2.0540083089243266e-11	ok	35	473	-1.0476256602585249e-07	1.5281957470303344e-11	0.05555555555555555	0.45004077944534293	0.24472573839662448	3-4	add_only	4	0	True	False	True	R	False
e_coli_k12__gem__C__und	gem	e_coli_k12	C	False	LASER:Record1446531696.33:M1	Record1446531696.33	MNXM25	succinate	unknown	endpoint_only		3.256979234922408e-11	ok	30	473	6.857657454048538e-12	2.9426020861971433e-06	0.45161290322580644	-0.3150177103920341	0.6687763713080169	3-4	mixed	1	2	False	False	False	R	False
e_coli_k12__gem__C__und	gem	e_coli_k12	C	False	LASER:Record1446532566.22:M1	Record1446532566.22	MNXM25	succinate	up	fold	3.23	-1.0874302760338628e-12	below_floor	37	473	2.0174725605393018e-13	1.1537664864689177e-06	0.8421052631578947	-0.2923597061996739	0.6518987341772152	1	del_only	0	1	True	True	False	R	False
e_coli_k12__gem__C__und	gem	e_coli_k12	C	False	LASER:Record1446533955.78:M1	Record1446533955.78	MNXM25	succinate	up	fold	3.5	2.0833742717107917e-12	ok	30	473	0.0	1.648773617635154e-11	0.1935483870967742	0.018208629604484883	0.4345991561181435	1	add_only	1	0	True	False	True	R	False
e_coli_k12__gem__C__und	gem	e_coli_k12	C	False	LASER:Record1446534595.78:M1	Record1446534595.78	MNXM25	succinate	unknown	none		6.114454016888093e-10	ok	52	473	-8.763009849005465e-14	1.5786070439779892e-06	0.18867924528301888	0.16259284522262715	0.37130801687763715	2	add_only	2	0	True	False	True	R	False
e_coli_k12__gem__C__und	gem	e_coli_k12	C	False	LASER:Record1447396968.96:M1	Record1447396968.96	MNXM1371362	d-lactate	up	yield	1.084	-4.399437411595208e-12	ok	18	473	-3.4097299636548506e-12	6.618135691155362e-07	0.5789473684210527	-0.14842395664446406	0.5506329113924051	2	mixed	1	1	True	False	False	R	False
e_coli_k12__gem__C__und	gem	e_coli_k12	C	False	LASER:Record1447657780.0:M1	Record1447657780.0	MNXM1108250	beta-carotene	up	fold	3.5	0.0	created	30	473	0.0	0.0	1.0			9-16	add_only	12	0	False	False	False	C	False
e_coli_k12__gem__C__und	gem	e_coli_k12	C	False	LASER:Record1447658659.44:M1	Record1447658659.44	MNXM1108092	ethanol	up	fold	2.0	1.1797944890975381e-05	ok	31	473	-2.054122457266364e-06	5.5473460702628935e-06	0.03125	5.660553595866215	0.002109704641350211	17+	mixed	5	21	False	False	False	R	False
e_coli_k12__gem__C__und	gem	e_coli_k12	C	False	LASER:Record1447749536.66:M1	Record1447749536.66	MNXM25	succinate	up	fold	113.0	-1.0874302760338628e-12	below_floor	37	473	2.0174725605393018e-13	1.1537664864689177e-06	0.8421052631578947	-0.2923597061996739	0.6518987341772152	1	del_only	0	1	True	True	False	R	False
e_coli_k12__gem__C__und	gem	e_coli_k12	C	False	LASER:Record1449201641.39:M1	Record1449201641.39	MNXM872	3-HP	up	titer		-1.1507319210954554e-06	ok	35	473	-1.0476317614674727e-07	1.65612953472588e-11	0.5277777777777778	-0.52940885331958	0.7932489451476793	3-4	add_only	3	0	False	False	False	R	False
e_coli_k12__gem__C__und	gem	e_coli_k12	C	False	LASER:Record1449210616.38:M1	Record1449210616.38	MNXM738152	Naringenin	up	fold	2.5	0.0	created	41	473	0.0	0.0	1.0			5-8	add_only	5	0	False	False	False	C	False
e_coli_k12__gem__C__und	gem	e_coli_k12	C	False	LASER:Record1449552601.91:M1	Record1449552601.91	MNXM602	shikimate	up	titer		5.723657403068627e-10	ok	41	473	-1.1512982144704954e-06	1.7425199737991504e-12	0.023809523809523808	0.5943949312691783	0.20675105485232068	5-8	add_only	5	0	True	False	True	R	False
e_coli_k12__gem__C__und	gem	e_coli_k12	C	False	LASER:Record1449560226.93:M1	Record1449560226.93	MNXM738702	NADPH	up	fold	25.0	-2.2999776437828637e-06	ok	35	473	-1.0476385790413219e-07	2.4524476980453065e-11	0.9444444444444444	-1.2198330854013901	0.9177215189873418	3-4	add_only	4	0	False	False	False	R	False
e_coli_k12__gem__C__und	gem	e_coli_k12	C	False	LASER:Record1449642554.79:M1	Record1449642554.79	MNXM1371362	d-lactate	up	fold	1.44	1.8850110940511061e-06	ok	24	473	3.3702454889372735e-12	2.2153301705514317e-06	0.16	0.9096033288943751	0.14345991561181434	2	del_only	0	2	True	True	False	R	False
e_coli_k12__gem__C__und	gem	e_coli_k12	C	False	LASER:Record1449726897.09:M1	Record1449726897.09	MNXM872	3-HP	up	fold	1.7	0.0	below_floor	30	473	0.0	3.1692704233546284e-12	0.6129032258064516	0.01817699645374186	0.4620253164556962	1	add_only	1	0	True	False	True	R	False
e_coli_k12__gem__C__und	gem	e_coli_k12	C	False	LASER:Record1449738882.59:M1	Record1449738882.59	MNXM1747	itaconate	up	titer		0.001071256196950844	created	78	473	0.0	0.0	0.012658227848101266	10.908007235541605	0.006329113924050633	5-8	mixed	4	2	False	False	False	C	False
e_coli_k12__gem__C__und	gem	e_coli_k12	C	False	LASER:Record1449805187.29:M1	Record1449805187.29	MNXM1370996	caffeic acid	up	titer		-1.151289750144684e-06	ok	30	473	0.0	3.3837636035163853e-12	0.967741935483871	-0.817671140011551	0.8586497890295358	1	add_only	1	0	False	False	False	R	False
e_coli_k12__gem__C__und	gem	e_coli_k12	C	False	LASER:Record1449806335.95:M1	Record1449806335.95	MNXM25	succinate	up	titer		5.738569341939836e-13	below_floor	30	473	6.857657454048538e-12	2.9426020861971433e-06	0.6451612903225806	-0.48166517773216466	0.770042194092827	3-4	mixed	1	3	False	False	False	R	False
e_coli_k12__gem__C__und	gem	e_coli_k12	C	False	LASER:Record1449806335.95:M2	Record1449806335.95	MNXM25	succinate	up	titer		3.468784504662148e-06	ok	87	473	-9.987460614173903e-07	3.5001426828297317e-06	0.06818181818181818	0.5598627826946043	0.22151898734177214	9-16	del_only	0	11	True	True	False	R	False
e_coli_k12__gem__C__und	gem	e_coli_k12	C	False	LASER:Record1450145811.55:M1	Record1450145811.55	MNXM26	acetate	up	fold	1.5	-7.20998954983898e-12	ok	37	473	-6.929352924789356e-14	1.1537663420547496e-06	0.9210526315789473	-0.2923648167460129	0.6582278481012658	1	del_only	0	1	True	True	False	R	False
e_coli_k12__gem__C__und	gem	e_coli_k12	C	False	LASER:Record1450145811.55:M2	Record1450145811.55	MNXM1371362	d-lactate	up	fold	3.33	-4.349785505744497e-12	ok	37	473	-4.5748344348894854e-14	1.1537666856778396e-06	0.9473684210526315	-0.2923664916923156	0.6603375527426161	1	del_only	0	1	True	True	False	R	False
e_coli_k12__gem__C__und	gem	e_coli_k12	C	False	LASER:Record1450238773.81:M1	Record1450238773.81	MNXM1734	D-galactonate	up	titer		-0.0010735595082452367	ok	24	473	3.3717517710155076e-12	2.2153282112801343e-06	1.0	-7.285399763376624	0.9978902953586498	2	del_only	0	2	True	True	False	R	False
e_coli_k12__gem__C__und	gem	e_coli_k12	C	False	LASER:Record1450240375.41:M1	Record1450240375.41	MNXM3230	n-butanol	up	titer		0.0010684783414212674	created	30	473	0.0	0.0	0.06451612903225806	15.256602478686332	0.002109704641350211	9-16	add_only	13	0	False	False	False	C	False
e_coli_k12__trivial__C__dir	trivial	e_coli_k12	C	True	LASER:Record1419612180.15:M1	Record1419612180.15	MNXM3288	Isoprene	up	fold	2.3	0.0	ok	35	500	0.0	0.0	1.0			3-4	add_only	3	0	False	False	False	R	False
e_coli_k12__trivial__C__dir	trivial	e_coli_k12	C	True	LASER:Record1419612292.57:M1	Record1419612292.57	MNXM3288	Isoprene	up	fold	2.3	0.0	ok	35	500	0.0	0.0	1.0			3-4	add_only	3	0	False	False	False	R	False
e_coli_k12__trivial__C__dir	trivial	e_coli_k12	C	True	LASER:Record1419616868.41:M1	Record1419616868.41	MNXM1108092	Ethanol	up	titer	1.6	1.0	ok	78	500	0.0	0.0	0.012658227848101266	15.75585945049396	0.001996007984031936	5-8	mixed	2	4	False	False	False	R	False
e_coli_k12__trivial__C__dir	trivial	e_coli_k12	C	True	LASER:Record1419618777.21:M1	Record1419618777.21	MNXM3230	n-butanol	up	fold	3.9	1.0	ok	53	500	0.0	0.0	0.018518518518518517	12.771714285529566	0.003992015968063872	9-16	mixed	12	4	False	False	False	R	False
e_coli_k12__trivial__C__dir	trivial	e_coli_k12	C	True	LASER:Record1419619800.99:M1	Record1419619800.99	MNXM2757	rr-2_3-BDO	up	fold	2.17	0.0	ok	78	500	0.0	0.0	1.0			5-8	mixed	1	4	False	False	False	R	False
e_coli_k12__trivial__C__dir	trivial	e_coli_k12	C	True	LASER:Record1419619800.99:M2	Record1419619800.99	MNXM2757	rr-2_3-BDO	up	fold	2.22	0.0	ok	78	500	0.0	0.0	1.0			5-8	mixed	1	4	False	False	False	R	False
e_coli_k12__trivial__C__dir	trivial	e_coli_k12	C	True	LASER:Record1419622531.88:M1	Record1419622531.88	MNXM3085	isopropanol	up	titer		1.0	ok	47	500	0.0	0.0	0.041666666666666664	11.121167234126649	0.003992015968063872	5-8	add_only	7	0	False	False	False	R	False
e_coli_k12__trivial__C__dir	trivial	e_coli_k12	C	True	LASER:Record1419700122.69:M1	Record1419700122.69	MNXM11527	Ethyl butyrate	up	fold	27.5	0.0	ok	31	500	0.0	0.0	1.0			17+	mixed	2	16	False	False	False	R	False
e_coli_k12__trivial__C__dir	trivial	e_coli_k12	C	True	LASER:Record1419702544.12:M1	Record1419702544.12	MNXM3230	n-butanol	up	fold	1500.0	1.0	ok	33	500	0.0	0.3999999999999986	0.08823529411764706	12.652778930246926	0.005988023952095809	9-16	add_only	16	0	False	False	False	R	False
e_coli_k12__trivial__C__dir	trivial	e_coli_k12	C	True	LASER:Record1419795505.77:M1	Record1419795505.77	MNXM1364638	lycopene	up	fold	1.4	0.0	ok	53	500	0.0	0.0	1.0	-0.1383061984890869	0.8762475049900199	9-16	mixed	11	2	False	False	False	R	False
e_coli_k12__trivial__C__dir	trivial	e_coli_k12	C	True	LASER:Record1419820798.43:M1	Record1419820798.43	MNXM738702	NADPH	up	fold	1.7	0.0	ok	42	500	1.0	1.0	1.0	0.10560774083399341	0.23353293413173654	17+	del_only	0	44	True	True	False	R	False
e_coli_k12__trivial__C__dir	trivial	e_coli_k12	C	True	LASER:Record1419821789.3:M1	Record1419821789.3	MNXM55106	Glucaric Acid	up	fold	9.15	0.0	ok	78	500	0.0	0.0	1.0			5-8	mixed	3	4	False	False	False	R	False
e_coli_k12__trivial__C__dir	trivial	e_coli_k12	C	True	LASER:Record1419871302.73:M1	Record1419871302.73	MNXM1997	Abietadiene	up	titer		0.0	ok	47	500	0.0	0.0	1.0			5-8	add_only	6	0	False	False	False	R	False
e_coli_k12__trivial__C__dir	trivial	e_coli_k12	C	True	LASER:Record1419872698.65:M1	Record1419872698.65	MNXM1780	Taxadiene	up	fold	15000.0	0.0	ok	47	500	0.0	0.0	1.0			5-8	add_only	6	0	False	False	False	R	False
e_coli_k12__trivial__C__dir	trivial	e_coli_k12	C	True	LASER:Record1419895893.83:M1	Record1419895893.83	MNXM1364595	1_2-propanediol	up	titer		0.0	ok	53	500	0.0	0.0	1.0			9-16	mixed	9	3	False	False	False	R	False
e_coli_k12__trivial__C__dir	trivial	e_coli_k12	C	True	LASER:Record1419966947.93:M1	Record1419966947.93	MNXM25	succinate	up	fold	4.0	0.0	ok	30	500	0.0	0.0	1.0	-0.0690253751270434	0.4251497005988024	3-4	mixed	1	3	False	False	False	R	False
e_coli_k12__trivial__C__dir	trivial	e_coli_k12	C	True	LASER:Record1419968290.81:M1	Record1419968290.81	MNXM1108092	H2;ethanol	unknown	endpoint_only		0.0	ok	19	500	0.0	0.0	1.0	-0.03368942120952228	0.11177644710578842	5-8	del_only	0	6	True	True	False	R	False
e_coli_k12__trivial__C__dir	trivial	e_coli_k12	C	True	LASER:Record1419968290.81:M2	Record1419968290.81	MNXM1108092	H2;ethanol	unknown	endpoint_only		0.0	ok	19	500	0.0	0.0	1.0	-0.03368942120952228	0.11177644710578842	5-8	del_only	0	6	True	True	False	R	False
e_coli_k12__trivial__C__dir	trivial	e_coli_k12	C	True	LASER:Record1419971010.72:M1	Record1419971010.72	MNXM1108092	ethanol	up	titer		1.0	ok	53	500	0.0	0.0	0.018518518518518517	15.79135307153786	0.001996007984031936	9-16	mixed	2	8	False	False	False	R	False
e_coli_k12__trivial__C__dir	trivial	e_coli_k12	C	True	LASER:Record1419973694.76:M1	Record1419973694.76	MNXM3085	isopropanol	up	titer		1.0	ok	35	500	0.0	0.0	0.027777777777777776	11.211354173658284	0.001996007984031936	3-4	add_only	3	0	False	False	False	R	False
e_coli_k12__trivial__C__dir	trivial	e_coli_k12	C	True	LASER:Record1420064034.84:M1	Record1420064034.84	MNXM5188	isobutanol	up	titer		0.0	ok	31	500	0.0	0.0	1.0	-0.12155378711784406	0.6966067864271457	17+	mixed	11	7	False	False	False	R	False
e_coli_k12__trivial__C__dir	trivial	e_coli_k12	C	True	LASER:Record1420065439.92:M1	Record1420065439.92	MNXM1108092	Ethanol	up	fold	2.5	1.0	ok	78	500	0.0	0.0	0.012658227848101266	15.730113280585872	0.001996007984031936	5-8	mixed	4	1	False	False	False	R	False
e_coli_k12__trivial__C__dir	trivial	e_coli_k12	C	True	LASER:Record1420070785.47:M1	Record1420070785.47	MNXM1364638	Lycopene	up	fold	1.5	0.0	ok	33	500	0.0	0.0	1.0	-0.13699721774500134	0.844311377245509	9-16	add_only	11	0	False	False	False	R	False
e_coli_k12__trivial__C__dir	trivial	e_coli_k12	C	True	LASER:Record1420480571.45:M1	Record1420480571.45	MNXM398	acetone	up	titer		0.0	ok	44	500	0.0	0.0	1.0			1	add_only	1	0	False	False	False	R	False
e_coli_k12__trivial__C__dir	trivial	e_coli_k12	C	True	LASER:Record1420483083.91:M1	Record1420483083.91	MNXM5188	isobutanol	up	titer		0.0	ok	53	500	0.0	0.0	1.0	-0.10088539135558024	0.5828343313373253	9-16	mixed	7	5	False	False	False	R	False
e_coli_k12__trivial__C__dir	trivial	e_coli_k12	C	True	LASER:Record1420483763.95:M1	Record1420483763.95	MNXM1108092	ethanol	up	fold	1.48	0.0	ok	78	500	0.0	0.0	1.0	-0.05899856818019309	0.27944111776447106	5-8	mixed	3	3	True	False	False	R	False
e_coli_k12__trivial__C__dir	trivial	e_coli_k12	C	True	LASER:Record1420484655.86:M1	Record1420484655.86	MNXM1108092	H2;ethanol	up	fold	20.0	0.0	ok	24	500	0.0	0.0	1.0	-0.06918304225342208	0.4291417165668663	2	del_only	0	2	True	True	False	R	False
e_coli_k12__trivial__C__dir	trivial	e_coli_k12	C	True	LASER:Record1420496457.95:M1	Record1420496457.95	MNXM1780	Taxadiene	up	titer		0.0	ok	47	500	0.0	0.0	1.0			5-8	add_only	6	0	False	False	False	R	False
e_coli_k12__trivial__C__dir	trivial	e_coli_k12	C	True	LASER:Record1420563570.49:M1	Record1420563570.49	MNXM1364638	lycopene	up	fold	1.8	0.0	ok	53	500	0.0	0.0	1.0	-0.1383061984890869	0.8762475049900199	9-16	mixed	11	2	False	False	False	R	False
e_coli_k12__trivial__C__dir	trivial	e_coli_k12	C	True	LASER:Record1420563570.49:M2	Record1420563570.49	MNXM1364638	lycopene	up	fold	1.8	0.0	ok	53	500	0.0	0.0	1.0	-0.1376517081170441	0.8502994011976048	9-16	mixed	11	1	False	False	False	R	False
e_coli_k12__trivial__C__dir	trivial	e_coli_k12	C	True	LASER:Record1420563570.49:M3	Record1420563570.49	MNXM1364638	lycopene	up	fold	1.2	0.0	ok	53	500	0.0	0.0	1.0	-0.1376517081170441	0.8502994011976048	9-16	mixed	11	1	False	False	False	R	False
e_coli_k12__trivial__C__dir	trivial	e_coli_k12	C	True	LASER:Record1420563570.49:M4	Record1420563570.49	MNXM1364638	lycopene	up	fold	1.3	0.0	ok	53	500	0.0	0.0	1.0	-0.1383061984890869	0.8762475049900199	9-16	mixed	11	2	False	False	False	R	False
e_coli_k12__trivial__C__dir	trivial	e_coli_k12	C	True	LASER:Record1420564498.19:M1	Record1420564498.19	MNXM75	acetalaldehyde	up	fold	1.74	1.0	ok	78	500	0.0	0.0	0.0379746835443038	5.649903093620217	0.001996007984031936	5-8	mixed	1	4	True	False	False	R	False
e_coli_k12__trivial__C__dir	trivial	e_coli_k12	C	True	LASER:Record1420567233.18:M1	Record1420567233.18	MNXM6396	1-propanol	up	titer		0.0	ok	56	500	0.0	0.0	1.0			2	add_only	2	0	False	False	False	R	False
e_coli_k12__trivial__C__dir	trivial	e_coli_k12	C	True	LASER:Record1420574938.8:M1	Record1420574938.8	MNXM2800	Adipic Acid	up	fold	20.0	0.0	ok	53	500	0.0	0.0	1.0			9-16	mixed	9	3	False	False	False	R	False
e_coli_k12__trivial__C__dir	trivial	e_coli_k12	C	True	LASER:Record1420579970.27:M1	Record1420579970.27	MNXM1371363	L-lactate	up	titer		1.0	ok	78	500	0.0	0.0	0.012658227848101266	10.06210080609248	0.001996007984031936	5-8	mixed	3	5	False	False	False	R	False
e_coli_k12__trivial__C__dir	trivial	e_coli_k12	C	True	LASER:Record1420579970.27:M1	Record1420579970.27	MNXM733758	L-lactate	up	titer		0.0	ok	78	500	0.0	0.0	1.0			5-8	mixed	3	5	False	False	False	R	False
e_coli_k12__trivial__C__dir	trivial	e_coli_k12	C	True	LASER:Record1420580799.33:M1	Record1420580799.33	MNXM25	succinate	up	fold	1.25	0.0	ok	19	500	0.0	0.0	1.0	-0.06481475215046237	0.4111776447105788	5-8	del_only	0	8	True	True	False	R	False
e_coli_k12__trivial__C__dir	trivial	e_coli_k12	C	True	LASER:Record1420581833.49:M1	Record1420581833.49	MNXM3230	n-butanol	up	titer		1.0	ok	53	500	0.0	0.0	0.018518518518518517	12.771714285529566	0.003992015968063872	9-16	mixed	12	4	False	False	False	R	False
e_coli_k12__trivial__C__dir	trivial	e_coli_k12	C	True	LASER:Record1420655176.75:M1	Record1420655176.75	MNXM1108092	ethanol	up	fold	3.5	0.0	ok	53	500	0.0	0.0	1.0	-0.049251117044382106	0.18962075848303392	9-16	mixed	5	4	True	False	False	R	False
e_coli_k12__trivial__C__dir	trivial	e_coli_k12	C	True	LASER:Record1420655787.75:M1	Record1420655787.75	MNXM737068	xylitol	up	titer		0.0	ok	18	500	0.0	0.0	1.0			2	mixed	1	1	False	False	False	R	False
e_coli_k12__trivial__C__dir	trivial	e_coli_k12	C	True	LASER:Record1420657266.85:M1	Record1420657266.85	MNXM1108092	ethanol	up	fold	1.7	1.0	ok	78	500	0.0	0.0	0.012658227848101266	15.747860091107821	0.001996007984031936	5-8	mixed	4	3	False	False	False	R	False
e_coli_k12__trivial__C__dir	trivial	e_coli_k12	C	True	LASER:Record1420661189.03:M1	Record1420661189.03	MNXM1670	3-methyl-1-butanol	up	fold	6.0	1.0	ok	31	500	0.0	0.0	0.03125	15.535693557984853	0.005988023952095809	17+	mixed	19	6	False	False	False	R	False
e_coli_k12__trivial__C__dir	trivial	e_coli_k12	C	True	LASER:Record1420664268.13:M1	Record1420664268.13	MNXM738283	mevalonate_phosphate	unknown	none		0.0	ok	47	500	0.0	0.0	1.0	-0.13069759384805543	0.7345309381237525	5-8	add_only	6	0	True	False	True	R	False
e_coli_k12__trivial__C__dir	trivial	e_coli_k12	C	True	LASER:Record1420666912.41:M1	Record1420666912.41	MNXM25	succinate	up	fold	1.1	0.0	ok	78	500	0.0	0.0	1.0	-0.4254744283409345	0.8143712574850299	5-8	mixed	7	1	True	False	False	R	False
e_coli_k12__trivial__C__dir	trivial	e_coli_k12	C	True	LASER:Record1420666912.41:M2	Record1420666912.41	MNXM25	succinate	up	fold	1.32	0.0	ok	18	500	0.0	0.0	1.0	-0.045369281173157326	0.38922155688622756	2	mixed	1	1	True	False	False	R	False
e_coli_k12__trivial__C__dir	trivial	e_coli_k12	C	True	LASER:Record1420666912.41:M3	Record1420666912.41	MNXM25	succinate	up	fold	1.18	0.0	ok	37	500	0.0	0.0	1.0	0.017981576688138864	0.14570858283433133	1	del_only	0	1	True	True	False	R	False
e_coli_k12__trivial__C__dir	trivial	e_coli_k12	C	True	LASER:Record1420666912.41:M4	Record1420666912.41	MNXM25	succinate	up	fold	1.3	0.0	ok	18	500	0.0	0.0	1.0	-0.045369281173157326	0.38922155688622756	2	mixed	1	1	True	False	False	R	False
e_coli_k12__trivial__C__dir	trivial	e_coli_k12	C	True	LASER:Record1420666912.41:M5	Record1420666912.41	MNXM25	succinate	up	fold	1.4	0.0	ok	18	500	0.0	0.0	1.0	-0.045369281173157326	0.38922155688622756	2	mixed	1	1	True	False	False	R	False
e_coli_k12__trivial__C__dir	trivial	e_coli_k12	C	True	LASER:Record1420666912.41:M6	Record1420666912.41	MNXM25	succinate	up	fold	1.42	0.0	ok	37	500	0.0	0.0	1.0	0.017981576688138864	0.14570858283433133	1	del_only	0	1	True	True	False	R	False
e_coli_k12__trivial__C__dir	trivial	e_coli_k12	C	True	LASER:Record1420666912.41:M7	Record1420666912.41	MNXM25	succinate	up	fold	1.3	0.0	ok	18	500	0.0	0.0	1.0	-0.045369281173157326	0.38922155688622756	2	mixed	1	1	True	False	False	R	False
e_coli_k12__trivial__C__dir	trivial	e_coli_k12	C	True	LASER:Record1420666912.41:M8	Record1420666912.41	MNXM25	succinate	up	fold	1.35	0.0	ok	37	500	0.0	0.0	1.0	0.017981576688138864	0.14570858283433133	1	del_only	0	1	True	True	False	R	False
e_coli_k12__trivial__C__dir	trivial	e_coli_k12	C	True	LASER:Record1420666912.41:M9	Record1420666912.41	MNXM25	succinate	up	fold	1.35	0.0	ok	30	500	0.0	0.0	1.0	-0.17207099689574967	0.5948103792415169	3-4	mixed	3	1	True	False	False	R	False
e_coli_k12__trivial__C__dir	trivial	e_coli_k12	C	True	LASER:Record1420735510.26:M1	Record1420735510.26	MNXM1371362	D-lactate	up	yield	2.686	0.0	ok	22	500	0.0	0.0	1.0			3-4	del_only	0	4	True	True	False	R	False
e_coli_k12__trivial__C__dir	trivial	e_coli_k12	C	True	LASER:Record1420735510.26:M2	Record1420735510.26	MNXM1371362	D-lactate	up	yield	3.779	0.0	ok	24	500	0.0	0.0	1.0			2	del_only	0	2	True	True	False	R	False
e_coli_k12__trivial__C__dir	trivial	e_coli_k12	C	True	LASER:Record1420735510.26:M5	Record1420735510.26	MNXM1371362	D-lactate	up	yield	2.429	0.0	ok	24	500	0.0	0.0	1.0			2	del_only	0	2	True	True	False	R	False
e_coli_k12__trivial__C__dir	trivial	e_coli_k12	C	True	LASER:Record1420735510.26:M6	Record1420735510.26	MNXM1371362	D-lactate	up	yield	2.957	0.0	ok	22	500	0.0	0.0	1.0			3-4	del_only	0	3	True	True	False	R	False
e_coli_k12__trivial__C__dir	trivial	e_coli_k12	C	True	LASER:Record1420735510.26:M7	Record1420735510.26	MNXM1371362	D-lactate	up	yield	1.686	0.0	ok	19	500	0.0	0.0	1.0			5-8	del_only	0	6	True	True	False	R	False
e_coli_k12__trivial__C__dir	trivial	e_coli_k12	C	True	LASER:Record1420736845.03:M1	Record1420736845.03	MNXM1371363	L-lactate	up	titer		0.0	ok	78	500	0.0	0.0	1.0	-0.0793634479172081	0.6167664670658682	5-8	mixed	3	4	True	False	False	R	False
e_coli_k12__trivial__C__dir	trivial	e_coli_k12	C	True	LASER:Record1420736845.03:M1	Record1420736845.03	MNXM733758	L-lactate	up	titer		0.0	ok	78	500	0.0	0.0	1.0			5-8	mixed	3	4	True	False	False	R	False
e_coli_k12__trivial__C__dir	trivial	e_coli_k12	C	True	LASER:Record1420741999.5:M1	Record1420741999.5	MNXM872	3-HP	up	fold	7.4	0.0	ok	22	500	0.0	0.0	1.0			3-4	del_only	0	3	True	True	False	R	False
e_coli_k12__trivial__C__dir	trivial	e_coli_k12	C	True	LASER:Record1420743618.36:M1	Record1420743618.36	MNXM1108092	ethanol	up	titer		1.0	ok	30	500	0.0	0.0	0.03225806451612903	15.73811263997201	0.001996007984031936	3-4	mixed	2	2	False	False	False	R	False
e_coli_k12__trivial__C__dir	trivial	e_coli_k12	C	True	LASER:Record1420747725.42:M1	Record1420747725.42	MNXM1510545	isoprenol	up	titer		0.0	ok	30	500	0.0	0.0	1.0			3-4	mixed	2	1	True	False	False	R	False
e_coli_k12__trivial__C__dir	trivial	e_coli_k12	C	True	LASER:Record1420747725.42:M1	Record1420747725.42	MNXM737752	isoprenol	up	titer		0.0	ok	30	500	0.0	0.0	1.0			3-4	mixed	2	1	True	False	False	R	False
e_coli_k12__trivial__C__dir	trivial	e_coli_k12	C	True	LASER:Record1420751097.38:M1	Record1420751097.38	MNXM1108092	ethanol	up	titer		0.0	ok	90	500	0.0	0.0	1.0	-0.007069205426597427	0.043912175648702596	9-16	del_only	0	9	True	True	False	R	False
e_coli_k12__trivial__C__dir	trivial	e_coli_k12	C	True	LASER:Record1420751487.42:M1	Record1420751487.42	MNXM1104965	R-3HB	up	titer		0.0	ok	33	500	0.0	0.0	1.0			9-16	add_only	12	0	True	False	True	R	False
e_coli_k12__trivial__C__dir	trivial	e_coli_k12	C	True	LASER:Record1420751487.42:M2	Record1420751487.42	MNXM1104966	S-3HB	up	titer		0.0	ok	33	500	0.0	0.0	1.0			9-16	add_only	12	0	False	False	False	R	False
e_coli_k12__trivial__C__dir	trivial	e_coli_k12	C	True	LASER:Record1420754173.95:M1	Record1420754173.95	MNXM1021	glutaric acid	up	titer		0.0	ok	78	500	0.0	0.0	1.0			5-8	mixed	4	2	False	False	False	R	False
e_coli_k12__trivial__C__dir	trivial	e_coli_k12	C	True	LASER:Record1420754551.36:M1	Record1420754551.36	MNXM737340	L-fumarate	up	titer		0.0	ok	78	500	0.0	0.0	1.0	-0.1306961036509337	0.562874251497006	5-8	mixed	3	2	True	False	False	R	False
e_coli_k12__trivial__C__dir	trivial	e_coli_k12	C	True	LASER:Record1420823481.59:M1	Record1420823481.59	MNXM270	riboflavin	up	fold	12.0	1.0	ok	53	500	0.0	0.0	0.05555555555555555	6.2918052530935356	0.015968063872255488	9-16	mixed	10	4	True	False	False	R	False
e_coli_k12__trivial__C__dir	trivial	e_coli_k12	C	True	LASER:Record1420824342.15:M1	Record1420824342.15	MNXM25	succinate	unknown	none		0.0	ok	44	500	0.0	0.0	1.0	-0.03354123419621429	0.32934131736526945	1	add_only	1	0	True	False	True	R	False
e_coli_k12__trivial__C__dir	trivial	e_coli_k12	C	True	LASER:Record1420827149.96:M1	Record1420827149.96	MNXM81353	sabinene	up	titer		1.0	ok	33	500	0.0	0.0	0.029411764705882353	11.074622570967644	0.00998003992015968	9-16	add_only	9	0	False	False	False	R	False
e_coli_k12__trivial__C__dir	trivial	e_coli_k12	C	True	LASER:Record1420828539.55:M1	Record1420828539.55	MNXM1108092	ethanol	up	titer		0.0	ok	78	500	0.0	0.0	1.0	-0.0594355911176111	0.2894211576846307	5-8	mixed	2	3	True	False	False	R	False
e_coli_k12__trivial__C__dir	trivial	e_coli_k12	C	True	LASER:Record1420832581.12:M1	Record1420832581.12	MNXM2496	6-Deoxyerythronolide B	up	fold	385.0	0.0	ok	53	500	0.0	0.0	1.0			9-16	mixed	4	5	False	False	False	R	False
e_coli_k12__trivial__C__dir	trivial	e_coli_k12	C	True	LASER:Record1421080561.57:M1	Record1421080561.57	MNXM1371610	astragalin	up	titer		0.0	ok	53	500	0.0	0.0	1.0			9-16	mixed	5	7	False	False	False	R	False
e_coli_k12__trivial__C__dir	trivial	e_coli_k12	C	True	LASER:Record1421181248.73:M1	Record1421181248.73	MNXM1108092	ethanol	up	titer		0.0	ok	18	500	0.0	0.0	1.0	-0.07761942457697903	0.5788423153692615	2	mixed	1	1	True	False	False	R	False
e_coli_k12__trivial__C__dir	trivial	e_coli_k12	C	True	LASER:Record1421181248.73:M2	Record1421181248.73	MNXM6396	1-propanol	up	titer		0.0	ok	18	500	0.0	0.0	1.0			2	mixed	1	1	True	False	False	R	False
e_coli_k12__trivial__C__dir	trivial	e_coli_k12	C	True	LASER:Record1421181891.77:M1	Record1421181891.77	MNXM1107139	ethylene glycol	up	titer		0.0	ok	78	500	0.0	0.0	1.0			5-8	mixed	4	4	False	False	False	R	False
e_coli_k12__trivial__C__dir	trivial	e_coli_k12	C	True	LASER:Record1421187298.98:M1	Record1421187298.98	MNXM23	pyruvate	up	fold	35.8	0.0	ok	19	500	0.0	0.0	1.0	-0.0056209664004407975	0.21357285429141717	5-8	del_only	0	6	True	True	False	R	False
e_coli_k12__trivial__C__dir	trivial	e_coli_k12	C	True	LASER:Record1421339423.18:M1	Record1421339423.18	MNXM1369382	Alanine-Glutamine	up	titer		0.0	ok	78	500	0.0	0.0	1.0			5-8	mixed	1	5	False	False	False	R	False
e_coli_k12__trivial__C__dir	trivial	e_coli_k12	C	True	LASER:Record1421340194.69:M1	Record1421340194.69	MNXM738152	(2S)-naringenin	up	fold	4.31	1.0	ok	53	500	0.0	0.0	0.05555555555555555	5.848835918133942	0.007984031936127744	9-16	mixed	5	6	False	False	False	R	False
e_coli_k12__trivial__C__dir	trivial	e_coli_k12	C	True	LASER:Record1421341418.21:M1	Record1421341418.21	MNXM25	succinate	up	yield	8.6	0.0	ok	44	500	0.0	0.0	1.0	-0.03354123419621429	0.32934131736526945	1	add_only	1	0	False	False	False	R	False
e_coli_k12__trivial__C__dir	trivial	e_coli_k12	C	True	LASER:Record1421341942.82:M1	Record1421341942.82	MNXM1371363	L-lactate	up	titer		0.0	ok	37	500	0.0	0.0	1.0	0.052987651192580656	0.08582834331337326	1	del_only	0	1	True	True	False	R	False
e_coli_k12__trivial__C__dir	trivial	e_coli_k12	C	True	LASER:Record1421341942.82:M1	Record1421341942.82	MNXM733758	L-lactate	up	titer		0.0	ok	37	500	0.0	0.0	1.0			1	del_only	0	1	True	True	False	R	False
e_coli_k12__trivial__C__dir	trivial	e_coli_k12	C	True	LASER:Record1421341942.82:M2	Record1421341942.82	MNXM1371362	D-lactate	up	titer		0.0	ok	24	500	0.0	0.0	1.0			2	del_only	0	2	True	True	False	R	False
e_coli_k12__trivial__C__dir	trivial	e_coli_k12	C	True	LASER:Record1421355174.03:M1	Record1421355174.03	MNXM1364638	lycopene	up	titer		0.0	ok	33	500	0.0	0.0	1.0	-0.12937104245036887	0.844311377245509	9-16	add_only	10	0	False	False	False	R	False
e_coli_k12__trivial__C__dir	trivial	e_coli_k12	C	True	LASER:Record1421355950.68:M1	Record1421355950.68	MNXM1371362	D-lactate	up	titer		0.0	ok	22	500	0.0	0.0	1.0			3-4	del_only	0	3	True	True	False	R	False
e_coli_k12__trivial__C__dir	trivial	e_coli_k12	C	True	LASER:Record1421355950.68:M2	Record1421355950.68	MNXM1371362	D-lactate	up	titer		0.0	ok	37	500	0.0	0.0	1.0			1	del_only	0	1	True	True	False	R	False
e_coli_k12__trivial__C__dir	trivial	e_coli_k12	C	True	LASER:Record1421355950.68:M3	Record1421355950.68	MNXM1371362	D-lactate	up	titer		0.0	ok	22	500	0.0	0.0	1.0			3-4	del_only	0	4	True	True	False	R	False
e_coli_k12__trivial__C__dir	trivial	e_coli_k12	C	True	LASER:Record1421358274.81:M1	Record1421358274.81	MNXM25	succinate	up	titer		0.0	ok	22	500	0.0	0.0	1.0	-0.017502564242690234	0.2375249500998004	3-4	del_only	0	4	True	True	False	R	False
e_coli_k12__trivial__C__dir	trivial	e_coli_k12	C	True	LASER:Record1421360315.24:M1	Record1421360315.24	MNXM1510545	isoprenol	up	titer		0.0	ok	47	500	0.0	0.0	1.0			5-8	add_only	7	0	False	False	False	R	False
e_coli_k12__trivial__C__dir	trivial	e_coli_k12	C	True	LASER:Record1421360315.24:M1	Record1421360315.24	MNXM737752	isoprenol	up	titer		0.0	ok	47	500	0.0	0.0	1.0			5-8	add_only	7	0	False	False	False	R	False
e_coli_k12__trivial__C__dir	trivial	e_coli_k12	C	True	LASER:Record1421360315.24:M2	Record1421360315.24	MNXM737751	prenol	up	titer		0.0	ok	47	500	0.0	0.0	1.0			5-8	add_only	8	0	False	False	False	R	False
e_coli_k12__trivial__C__dir	trivial	e_coli_k12	C	True	LASER:Record1421361586.89:M1	Record1421361586.89	MNXM458	butyrate	up	titer		0.0	ok	53	500	0.0	0.0	1.0	-0.26562119012395186	0.8043912175648703	9-16	mixed	7	5	False	False	False	R	False
e_coli_k12__trivial__C__dir	trivial	e_coli_k12	C	True	LASER:Record1421362283.55:M1	Record1421362283.55	MNXM1364660	alpha-pinene	up	titer		0.0	ok	33	500	0.0	0.0	1.0			9-16	add_only	9	0	False	False	False	R	False
e_coli_k12__trivial__C__dir	trivial	e_coli_k12	C	True	LASER:Record1421362933.52:M1	Record1421362933.52	MNXM118	Putrescine	up	titer		1.0	ok	53	500	0.0	0.0	0.05555555555555555	8.345217805540889	0.007984031936127744	9-16	mixed	9	5	True	False	False	R	False
e_coli_k12__trivial__C__dir	trivial	e_coli_k12	C	True	LASER:Record1421366778.23:M1	Record1421366778.23	MNXM1108092	ethanol	up	fold	25.7	1.0	ok	53	500	0.0	0.0	0.018518518518518517	15.767354993379444	0.001996007984031936	9-16	mixed	8	5	True	False	False	R	False
e_coli_k12__trivial__C__dir	trivial	e_coli_k12	C	True	LASER:Record1421436127.08:M1	Record1421436127.08	MNXM872	3-HP	up	titer		0.0	ok	56	500	0.0	0.0	1.0			2	add_only	2	0	False	False	False	R	False
e_coli_k12__trivial__C__dir	trivial	e_coli_k12	C	True	LASER:Record1421436723.73:M1	Record1421436723.73	MNXM1105732	L-alanine	up	titer		1.0	ok	78	500	0.0	0.0	0.02531645569620253	9.36859619151801	0.001996007984031936	5-8	mixed	1	4	False	False	False	R	False
e_coli_k12__trivial__C__dir	trivial	e_coli_k12	C	True	LASER:Record1423246634.26:M1	Record1423246634.26	MNXM3230	butanol	up	fold	30.0	0.0	ok	56	500	0.0	0.0	1.0	-0.012394945129421362	0.5029940119760479	2	add_only	2	0	True	False	True	R	False
e_coli_k12__trivial__C__dir	trivial	e_coli_k12	C	True	LASER:Record1445327759.27:M1	Record1445327759.27	MNXM1105732	l-alanine	unknown	endpoint_only		0.0	ok	22	500	0.0	0.0	1.0	0.05852368982855951	0.17964071856287425	3-4	del_only	0	4	True	True	False	R	False
e_coli_k12__trivial__C__dir	trivial	e_coli_k12	C	True	LASER:Record1445330168.98:M1	Record1445330168.98	MNXM1108250	beta-carotene	unknown	endpoint_only		1.0	ok	42	500	0.0	0.0	0.046511627906976744	15.606909652961015	0.003992015968063872	17+	add_only	17	0	False	False	False	R	False
e_coli_k12__trivial__C__dir	trivial	e_coli_k12	C	True	LASER:Record1445581702.36:M1	Record1445581702.36	MNXM1364638	lycopene	up	titer	10.85	0.0	ok	33	500	0.0	0.0	1.0	-0.16750191892353125	0.9321357285429142	9-16	add_only	15	0	False	False	False	R	False
e_coli_k12__trivial__C__dir	trivial	e_coli_k12	C	True	LASER:Record1445848934.32:M1	Record1445848934.32	MNXM1812	penicillin G	up	fold	11.0	0.0	ok	78	500	0.0	0.0	1.0			5-8	mixed	2	4	True	False	False	R	False
e_coli_k12__trivial__C__dir	trivial	e_coli_k12	C	True	LASER:Record1445925852.59:M1	Record1445925852.59	MNXM737340	Fumaric acid	up	fold	7.0	0.0	ok	30	500	0.0	0.0	1.0	-0.031604686923961435	0.34930139720558884	3-4	mixed	1	2	True	False	False	R	False
e_coli_k12__trivial__C__dir	trivial	e_coli_k12	C	True	LASER:Record1445926619.88:M1	Record1445926619.88	MNXM737068	xylitol	unknown	endpoint_only		0.0	ok	22	500	0.0	0.0	1.0			3-4	del_only	0	4	True	True	False	R	False
e_coli_k12__trivial__C__dir	trivial	e_coli_k12	C	True	LASER:Record1446017475.49:M1	Record1446017475.49	MNXM704	Deoxycytidine	unknown	endpoint_only		1.0	ok	31	500	0.0	0.0	0.0625	8.401536778487019	0.005988023952095809	17+	mixed	7	10	True	False	False	R	False
e_coli_k12__trivial__C__dir	trivial	e_coli_k12	C	True	LASER:Record1446177836.98:M1	Record1446177836.98	MNXM1108092	ethanol;h2	unknown	none		0.0	ok	37	500	0.0	0.0	1.0	-0.07805644751439703	0.656686626746507	1	del_only	0	1	True	True	False	R	False
e_coli_k12__trivial__C__dir	trivial	e_coli_k12	C	True	LASER:Record1446177836.98:M4	Record1446177836.98	MNXM1108092	ethanol;h2	unknown	none		0.0	ok	37	500	0.0	0.0	1.0	-0.07805644751439703	0.656686626746507	1	del_only	0	1	True	True	False	R	False
e_coli_k12__trivial__C__dir	trivial	e_coli_k12	C	True	LASER:Record1446177836.98:M5	Record1446177836.98	MNXM1108092	ethanol;h2	unknown	none		0.0	ok	24	500	0.0	0.0	1.0	-0.06918304225342208	0.4291417165668663	2	del_only	0	2	True	True	False	R	False
e_coli_k12__trivial__C__dir	trivial	e_coli_k12	C	True	LASER:Record1446177836.98:M6	Record1446177836.98	MNXM1108092	ethanol;h2	unknown	none		0.0	ok	37	500	0.0	0.0	1.0	-0.07805644751439703	0.656686626746507	1	del_only	0	1	True	True	False	R	False
e_coli_k12__trivial__C__dir	trivial	e_coli_k12	C	True	LASER:Record1446177836.98:M7	Record1446177836.98	MNXM1108092	ethanol;h2	unknown	none		0.0	ok	37	500	0.0	0.0	1.0	-0.07805644751439703	0.656686626746507	1	del_only	0	1	True	True	False	R	False
e_coli_k12__trivial__C__dir	trivial	e_coli_k12	C	True	LASER:Record1446177836.98:M8	Record1446177836.98	MNXM1108092	ethanol;h2	unknown	none		0.0	ok	37	500	0.0	0.0	1.0	-0.07805644751439703	0.656686626746507	1	del_only	0	1	True	True	False	R	False
e_coli_k12__trivial__C__dir	trivial	e_coli_k12	C	True	LASER:Record1446177836.98:M9	Record1446177836.98	MNXM1108092	ethanol;h2	unknown	none		0.0	ok	37	500	0.0	0.0	1.0	-0.07805644751439703	0.656686626746507	1	del_only	0	1	True	True	False	R	False
e_coli_k12__trivial__C__dir	trivial	e_coli_k12	C	True	LASER:Record1446179017.02:M1	Record1446179017.02	MNXM731508	rosmarinate	unknown	none		0.0	ok	56	500	0.0	0.0	1.0			2	add_only	2	0	False	False	False	R	False
e_coli_k12__trivial__C__dir	trivial	e_coli_k12	C	True	LASER:Record1446186204.92:M2	Record1446186204.92	MNXM1371012	CIS-CIS-MUCONATE	up	titer		0.0	ok	30	500	0.0	0.0	1.0			3-4	mixed	1	2	True	False	False	R	False
e_coli_k12__trivial__C__dir	trivial	e_coli_k12	C	True	LASER:Record1446188933.12:M1	Record1446188933.12	MNXM156781	indigoidine	up	titer		0.0	ok	44	500	0.0	0.0	1.0			1	add_only	1	0	True	False	True	R	False
e_coli_k12__trivial__C__dir	trivial	e_coli_k12	C	True	LASER:Record1446446685.84:M1	Record1446446685.84	MNXM144	B-ALANINE	up	titer		0.0	ok	35	500	0.0	0.0	1.0	-0.1506105027636663	0.6626746506986028	3-4	add_only	4	0	True	False	True	R	False
e_coli_k12__trivial__C__dir	trivial	e_coli_k12	C	True	LASER:Record1446531696.33:M1	Record1446531696.33	MNXM25	succinate	unknown	endpoint_only		0.0	ok	30	500	0.0	0.0	1.0	-0.057197328150100354	0.405189620758483	3-4	mixed	1	2	False	False	False	R	False
e_coli_k12__trivial__C__dir	trivial	e_coli_k12	C	True	LASER:Record1446532566.22:M1	Record1446532566.22	MNXM25	succinate	up	fold	3.23	0.0	ok	37	500	0.0	0.0	1.0	0.017981576688138864	0.14570858283433133	1	del_only	0	1	True	True	False	R	False
e_coli_k12__trivial__C__dir	trivial	e_coli_k12	C	True	LASER:Record1446533955.78:M1	Record1446533955.78	MNXM25	succinate	up	fold	3.5	0.0	ok	44	500	0.0	0.0	1.0	-0.03354123419621429	0.32934131736526945	1	add_only	1	0	True	False	True	R	False
e_coli_k12__trivial__C__dir	trivial	e_coli_k12	C	True	LASER:Record1446534595.78:M1	Record1446534595.78	MNXM25	succinate	unknown	none		1.0	ok	56	500	0.0	0.0	0.017543859649122806	4.031897976711233	0.005988023952095809	2	add_only	2	0	True	False	True	R	False
e_coli_k12__trivial__C__dir	trivial	e_coli_k12	C	True	LASER:Record1446616153.28:M1	Record1446616153.28	MNXM5188	isobutanol	unknown	endpoint_only		0.0	ok	56	500	0.0	0.0	1.0	-0.09750541036998847	0.5588822355289421	2	add_only	2	0	True	False	True	R	False
e_coli_k12__trivial__C__dir	trivial	e_coli_k12	C	True	LASER:Record1446986791.92:M1	Record1446986791.92	MNXM16407	1_4-butanediol	up	fold	2.0	0.0	ok	24	500	0.0	0.0	1.0			2	del_only	0	2	True	True	False	R	False
e_coli_k12__trivial__C__dir	trivial	e_coli_k12	C	True	LASER:Record1447396968.96:M1	Record1447396968.96	MNXM1371362	d-lactate	up	yield	1.084	0.0	ok	18	500	0.0	0.0	1.0			2	mixed	1	1	True	False	False	R	False
e_coli_k12__trivial__C__dir	trivial	e_coli_k12	C	True	LASER:Record1447398171.48:M1	Record1447398171.48	MNXM1364595	1_2-propanediol	up	titer		0.0	ok	30	500	0.0	0.0	1.0			3-4	mixed	2	2	True	False	False	R	False
e_coli_k12__trivial__C__dir	trivial	e_coli_k12	C	True	LASER:Record1447654226.12:M1	Record1447654226.12	MNXM5188	isobutanol	up	fold	3.05	0.0	ok	47	500	0.0	0.0	1.0	-0.13613821710604268	0.7584830339321357	5-8	add_only	6	0	False	False	False	R	False
e_coli_k12__trivial__C__dir	trivial	e_coli_k12	C	True	LASER:Record1447657780.0:M1	Record1447657780.0	MNXM1108250	beta-carotene	up	fold	3.5	1.0	ok	33	500	0.0	0.0	0.029411764705882353	15.713489560887089	0.003992015968063872	9-16	add_only	12	0	False	False	False	R	False
e_coli_k12__trivial__C__dir	trivial	e_coli_k12	C	True	LASER:Record1447658659.44:M1	Record1447658659.44	MNXM1108092	ethanol	up	fold	2.0	1.0	ok	31	500	0.0	0.0	0.03125	15.90801840874279	0.001996007984031936	17+	mixed	5	21	False	False	False	R	False
e_coli_k12__trivial__C__dir	trivial	e_coli_k12	C	True	LASER:Record1447749536.66:M1	Record1447749536.66	MNXM25	succinate	up	fold	113.0	0.0	ok	37	500	0.0	0.0	1.0	0.017981576688138864	0.14570858283433133	1	del_only	0	1	True	True	False	R	False
e_coli_k12__trivial__C__dir	trivial	e_coli_k12	C	True	LASER:Record1449036887.89:M1	Record1449036887.89	MNXM729045	4-hydroxycoumarin	up	fold	1.86	0.0	ok	30	500	0.0	0.0	1.0			3-4	mixed	1	3	True	False	False	R	False
e_coli_k12__trivial__C__dir	trivial	e_coli_k12	C	True	LASER:Record1449036887.89:M2	Record1449036887.89	MNXM729045	4-hydroxycoumarin	up	fold	1.62	0.0	ok	18	500	0.0	0.0	1.0			2	mixed	1	1	True	False	False	R	False
e_coli_k12__trivial__C__dir	trivial	e_coli_k12	C	True	LASER:Record1449036887.89:M3	Record1449036887.89	MNXM729045	4-hydroxycoumarin	up	fold	1.09	0.0	ok	78	500	0.0	0.0	1.0			5-8	mixed	1	5	True	False	False	R	False
e_coli_k12__trivial__C__dir	trivial	e_coli_k12	C	True	LASER:Record1449036887.89:M4	Record1449036887.89	MNXM729045	4-hydroxycoumarin	up	fold	2.53	0.0	ok	18	500	0.0	0.0	1.0			2	mixed	1	1	True	False	False	R	False
e_coli_k12__trivial__C__dir	trivial	e_coli_k12	C	True	LASER:Record1449036887.89:M5	Record1449036887.89	MNXM729045	4-hydroxycoumarin	up	fold	2.2	0.0	ok	78	500	0.0	0.0	1.0			5-8	mixed	1	4	True	False	False	R	False
e_coli_k12__trivial__C__dir	trivial	e_coli_k12	C	True	LASER:Record1449050713.56:M1	Record1449050713.56	MNXM3230	n-butanol	up	titer		0.0	ok	78	500	0.0	0.0	1.0	-0.0930904849059024	0.6626746506986028	5-8	mixed	5	1	False	False	False	R	False
e_coli_k12__trivial__C__dir	trivial	e_coli_k12	C	True	LASER:Record1449201641.39:M1	Record1449201641.39	MNXM872	3-HP	up	titer		0.0	ok	35	500	0.0	0.0	1.0			3-4	add_only	3	0	False	False	False	R	False
e_coli_k12__trivial__C__dir	trivial	e_coli_k12	C	True	LASER:Record1449210616.38:M1	Record1449210616.38	MNXM738152	Naringenin	up	fold	2.5	1.0	ok	47	500	0.0	0.0	0.0625	5.818600687530777	0.007984031936127744	5-8	add_only	5	0	False	False	False	R	False
e_coli_k12__trivial__C__dir	trivial	e_coli_k12	C	True	LASER:Record1449210616.38:M1	Record1449210616.38	MNXM738153	Naringenin	up	fold	2.5	0.0	ok	47	500	0.0	0.0	1.0			5-8	add_only	5	0	False	False	False	R	False
e_coli_k12__trivial__C__dir	trivial	e_coli_k12	C	True	LASER:Record1449552601.91:M1	Record1449552601.91	MNXM602	shikimate	up	titer		1.0	ok	47	500	0.0	0.0	0.0625	7.431096798001986	0.005988023952095809	5-8	add_only	5	0	True	False	True	R	False
e_coli_k12__trivial__C__dir	trivial	e_coli_k12	C	True	LASER:Record1449560226.93:M1	Record1449560226.93	MNXM738702	NADPH	up	fold	25.0	0.0	ok	35	500	0.0	1.0	1.0	-0.6108014108375626	0.8063872255489022	3-4	add_only	4	0	False	False	False	R	False
e_coli_k12__trivial__C__dir	trivial	e_coli_k12	C	True	LASER:Record1449642554.79:M1	Record1449642554.79	MNXM1371362	d-lactate	up	fold	1.44	0.0	ok	24	500	0.0	0.0	1.0			2	del_only	0	2	True	True	False	R	False
e_coli_k12__trivial__C__dir	trivial	e_coli_k12	C	True	LASER:Record1449726897.09:M1	Record1449726897.09	MNXM872	3-HP	up	fold	1.7	0.0	ok	44	500	0.0	0.0	1.0			1	add_only	1	0	True	False	True	R	False
e_coli_k12__trivial__C__dir	trivial	e_coli_k12	C	True	LASER:Record1449727708.82:M1	Record1449727708.82	MNXM1364638	lycopene	up	fold	7.5	0.0	ok	53	500	0.0	0.0	1.0	-0.1376517081170441	0.8502994011976048	9-16	mixed	11	1	False	False	False	R	False
e_coli_k12__trivial__C__dir	trivial	e_coli_k12	C	True	LASER:Record1449727708.82:M2	Record1449727708.82	MNXM1364638	lycopene	up	fold	7.5	0.0	ok	53	500	0.0	0.0	1.0	-0.1376517081170441	0.8502994011976048	9-16	mixed	11	1	False	False	False	R	False
e_coli_k12__trivial__C__dir	trivial	e_coli_k12	C	True	LASER:Record1449727708.82:M3	Record1449727708.82	MNXM1364638	lycopene	up	fold	7.5	0.0	ok	33	500	0.0	0.0	1.0	-0.13699721774500134	0.844311377245509	9-16	add_only	11	0	False	False	False	R	False
e_coli_k12__trivial__C__dir	trivial	e_coli_k12	C	True	LASER:Record1449731661.54:M1	Record1449731661.54	MNXM1364595	1_2-propanediol	up	titer		0.0	ok	53	500	0.0	0.0	1.0			9-16	mixed	6	4	False	False	False	R	False
e_coli_k12__trivial__C__dir	trivial	e_coli_k12	C	True	LASER:Record1449738882.59:M1	Record1449738882.59	MNXM1747	itaconate	up	titer		1.0	ok	78	500	0.0	0.0	0.012658227848101266	10.014918477468562	0.005988023952095809	5-8	mixed	4	2	False	False	False	R	False
e_coli_k12__trivial__C__dir	trivial	e_coli_k12	C	True	LASER:Record1449805187.29:M1	Record1449805187.29	MNXM1370996	caffeic acid	up	titer		0.0	ok	44	500	0.0	0.0	1.0			1	add_only	1	0	False	False	False	R	False
e_coli_k12__trivial__C__dir	trivial	e_coli_k12	C	True	LASER:Record1449806335.95:M1	Record1449806335.95	MNXM25	succinate	up	titer		0.0	ok	30	500	0.0	0.0	1.0	-0.0690253751270434	0.4251497005988024	3-4	mixed	1	3	False	False	False	R	False
e_coli_k12__trivial__C__dir	trivial	e_coli_k12	C	True	LASER:Record1449806335.95:M2	Record1449806335.95	MNXM25	succinate	up	titer		0.0	ok	90	500	0.0	1.0	1.0	-0.10029889308129147	0.499001996007984	9-16	del_only	0	11	True	True	False	R	False
e_coli_k12__trivial__C__dir	trivial	e_coli_k12	C	True	LASER:Record1450145811.55:M1	Record1450145811.55	MNXM26	acetate	up	fold	1.5	0.0	ok	37	500	0.0	0.0	1.0	-0.011522017249284524	0.2714570858283433	1	del_only	0	1	True	True	False	R	False
e_coli_k12__trivial__C__dir	trivial	e_coli_k12	C	True	LASER:Record1450145811.55:M2	Record1450145811.55	MNXM1371362	d-lactate	up	fold	3.33	0.0	ok	37	500	0.0	0.0	1.0			1	del_only	0	1	True	True	False	R	False
e_coli_k12__trivial__C__dir	trivial	e_coli_k12	C	True	LASER:Record1450151363.01:M1	Record1450151363.01	MNXM734430	(+)-catechin	up	titer		0.0	ok	24	500	0.0	0.0	1.0			2	del_only	0	2	True	True	False	R	False
e_coli_k12__trivial__C__dir	trivial	e_coli_k12	C	True	LASER:Record1450152197.59:M1	Record1450152197.59	MNXM108399	quercetin 3-O-xyloside	up	titer		0.0	ok	30	500	0.0	0.0	1.0			3-4	mixed	1	2	True	False	False	R	False
e_coli_k12__trivial__C__dir	trivial	e_coli_k12	C	True	LASER:Record1450238255.03:M1	Record1450238255.03	MNXM1106823	1_2_4-butanetriol	up	titer		0.0	ok	30	500	0.0	0.0	1.0			3-4	mixed	1	3	False	False	False	R	False
e_coli_k12__trivial__C__dir	trivial	e_coli_k12	C	True	LASER:Record1450238773.81:M1	Record1450238773.81	MNXM1734	D-galactonate	up	titer		0.0	ok	24	500	0.0	0.0	1.0			2	del_only	0	2	True	True	False	R	False
e_coli_k12__trivial__C__dir	trivial	e_coli_k12	C	True	LASER:Record1450239058.45:M1	Record1450239058.45	MNXM3230	butanol	up	fold	30.0	0.0	ok	56	500	0.0	0.0	1.0	-0.012394945129421362	0.5029940119760479	2	add_only	2	0	True	False	True	R	False
e_coli_k12__trivial__C__dir	trivial	e_coli_k12	C	True	LASER:Record1450240375.41:M1	Record1450240375.41	MNXM3230	n-butanol	up	titer		1.0	ok	33	500	0.0	0.3999999999999986	0.08823529411764706	12.735600964194782	0.003992015968063872	9-16	add_only	13	0	False	False	False	R	False
e_coli_k12__trivial__C__dir	trivial	e_coli_k12	C	True	LASER:Record1450246570.66:M1	Record1450246570.66	MNXM1106145	L-erythro-5,6,7,8-tetrahydrobiopterin	up	titer		0.0	ok	35	500	0.0	0.0	1.0			3-4	add_only	3	0	True	False	True	R	False
e_coli_k12__trivial__C__dir	trivial	e_coli_k12	C	True	curated:aromatic	gof_aromatic.tsv	MNXM1104266	succinyl-CoA; acetyl-CoA	unknown	none		0.0	ok	47	500	0.0	0.6999999999999957	1.0	-0.287448431716587	0.7844311377245509	5-8	add_only	7	0	False	False	False	R	True
e_coli_k12__trivial__C__dir	trivial	e_coli_k12	C	True	curated:aromatic	gof_aromatic.tsv	MNXM1104774	succinyl-CoA; acetyl-CoA	unknown	none		0.0	ok	47	500	0.0	0.0	1.0			5-8	add_only	7	0	False	False	False	R	True
e_coli_k12__trivial__C__dir	trivial	e_coli_k12	C	True	curated:fa_supply	gof_fa_supply.tsv	MNXM1093691	acetyl-CoA; palmitoyl-ACP C16:0; hexadec-2-enoyl-ACP C16:1; octadec-2-enoyl-ACP C18:1	unknown	none		0.0	ok	44	500	0.0	0.0	1.0			1	add_only	1	0	False	False	False	R	True
e_coli_k12__trivial__C__dir	trivial	e_coli_k12	C	True	curated:fa_supply	gof_fa_supply.tsv	MNXM1104266	acetyl-CoA; palmitoyl-ACP C16:0; hexadec-2-enoyl-ACP C16:1; octadec-2-enoyl-ACP C18:1	unknown	none		0.0	ok	44	500	0.0	0.0	1.0	-0.04532988242177728	0.469061876247505	1	add_only	1	0	False	False	False	R	True
e_coli_k12__trivial__C__dir	trivial	e_coli_k12	C	True	curated:fa_supply	gof_fa_supply.tsv	MNXM728712	acetyl-CoA; palmitoyl-ACP C16:0; hexadec-2-enoyl-ACP C16:1; octadec-2-enoyl-ACP C18:1	unknown	none		0.0	ok	44	500	0.0	0.0	1.0			1	add_only	1	0	False	False	False	R	True
e_coli_k12__trivial__C__dir	trivial	e_coli_k12	C	True	curated:latent:aspC_tyrB	gof_latent.tsv	MNXM1364497	L-aspartate	unknown	none		0.0	ok	56	500	0.0	0.0	1.0	-0.08419721456146229	0.5109780439121756	2	add_only	2	0	False	False	False	R	True
e_coli_k12__trivial__C__dir	trivial	e_coli_k12	C	True	curated:latent:gltA_prpC	gof_latent.tsv	MNXM1368744	2-oxoglutarate	unknown	none		0.0	ok	44	500	0.0	0.0	1.0	0.028833543380801085	0.24151696606786427	1	add_only	1	0	True	False	True	R	True
e_coli_k12__trivial__C__dir	trivial	e_coli_k12	C	True	curated:latent:purK_anmK	gof_latent.tsv	MNXM1101868	IMP	unknown	none		0.0	ok	44	500	0.0	0.0	1.0	-0.06638884075728461	0.4351297405189621	1	add_only	1	0	True	False	True	R	True
e_coli_k12__trivial__C__dir	trivial	e_coli_k12	C	True	curated:latent:serB_gph	gof_latent.tsv	MNXM737787	L-serine	up	growth_rescue		0.0	ok	44	500	0.0	0.0	1.0	-0.03626324759344937	0.47105788423153694	1	add_only	1	0	True	False	True	R	True
e_coli_k12__trivial__C__dir	trivial	e_coli_k12	C	True	curated:latent:serB_hisB	gof_latent.tsv	MNXM737787	L-serine	unknown	none		0.0	ok	56	500	0.0	0.0	1.0	-0.09008364741506912	0.5489021956087824	2	add_only	2	0	True	False	True	R	True
e_coli_k12__trivial__C__dir	trivial	e_coli_k12	C	True	curated:mmc	gof_mmc.tsv	MNXM1106093	malonyl-CoA; phosphatidylglycerol; phosphatidylethanolamine; PG(16:0) dipalmitoyl; PG(16:1) palmitoleoyl; PE(16:1)	up	fold	1.44	1.0	ok	44	500	0.0	0.0	0.022222222222222223	7.603511579699803	0.003992015968063872	1	add_only	1	0	False	False	False	R	True
e_coli_k12__trivial__C__dir	trivial	e_coli_k12	C	True	curated:mmc	gof_mmc.tsv	MNXM611798	malonyl-CoA; phosphatidylglycerol; phosphatidylethanolamine; PG(16:0) dipalmitoyl; PG(16:1) palmitoleoyl; PE(16:1)	up	fold	1.44	0.0	ok	44	500	0.0	0.0	1.0			1	add_only	1	0	False	False	False	R	True
e_coli_k12__trivial__C__dir	trivial	e_coli_k12	C	True	curated:mmc	gof_mmc.tsv	MNXM622492	malonyl-CoA; phosphatidylglycerol; phosphatidylethanolamine; PG(16:0) dipalmitoyl; PG(16:1) palmitoleoyl; PE(16:1)	up	fold	1.44	0.0	ok	44	500	0.0	0.0	1.0			1	add_only	1	0	False	False	False	R	True
e_coli_k12__trivial__C__dir	trivial	e_coli_k12	C	True	curated:mmc	gof_mmc.tsv	MNXM622611	malonyl-CoA; phosphatidylglycerol; phosphatidylethanolamine; PG(16:0) dipalmitoyl; PG(16:1) palmitoleoyl; PE(16:1)	up	fold	1.44	0.0	ok	44	500	0.0	0.0	1.0			1	add_only	1	0	False	False	False	R	True
e_coli_k12__trivial__C__dir	trivial	e_coli_k12	C	True	curated:pg_anionic	gof_pg_anionic.tsv	MNXM622492	phosphatidylglycerol C16:0; cardiolipin C16:0	unknown	none		0.0	ok	33	500	0.0	0.0	1.0			9-16	add_only	9	0	True	False	True	R	True
